{"type":"FeatureCollection","metadata":{"description":"수관 아래(CHM > 2 m) — 시각 무관. 구간 회랑 ±200 m 절단","source":"위성 기반 추정 — Copernicus GLO-30 지형(30 m) + Meta/WRI 수관 높이(1 m CHM, 2019 촬영). 그늘 = 수관(CHM > 2 m) ∪ 나무·지형 그림자 ∪ 원거리 지형 마스크. 현장과 다를 수 있음.","datasetVersion":"2026-09-06.0","collectedAt":"2026-09-06","coordinateOrder":"[longitude, latitude]","crs":"EPSG:4326","representativeDate":"2026-08-01","hours":["10:00","11:00","12:00","13:00","14:00","15:00","16:00","17:00","18:00"],"chmAcquisition":["2019-03"],"assets":{"glo30":{"dataset":"Copernicus DEM GLO-30 (COG, s3://copernicus-dem-30m)","tiles":["Copernicus_DSM_COG_10_N37_00_E126_00_DEM","Copernicus_DSM_COG_10_N37_00_E127_00_DEM"]},"chm":{"dataset":"Meta/WRI Global Canopy Height Map v1 (alsgedi_global_v6_float, 1 m, CC-BY 4.0)","quadkeys":["132110302","132110320"],"acquisition":["2019-03"]}},"method":{"gridResM":2,"canopyThresholdM":2,"bufferHalfM":25,"corridorHalfM":200,"simplifyTolM":2,"minAreaM2":25,"coordDecimals":5},"generator":"scripts/shade 0.1.0","builtAt":"2026-09-06T06:05:22Z","layer":"canopy"},"features":[{"type":"Feature","properties":{"valleyId":"angol","layer":"canopy","date":"2026-08-01"},"geometry":{"type":"Polygon","coordinates":[[[127.02253,37.74637],[127.02253,37.74632],[127.02259,37.74632],[127.02259,37.74637],[127.02253,37.74637]]]}},{"type":"Feature","properties":{"valleyId":"angol","layer":"canopy","date":"2026-08-01"},"geometry":{"type":"Polygon","coordinates":[[[127.02262,37.74636],[127.02262,37.7463],[127.02269,37.7463],[127.02268,37.74636],[127.02262,37.74636]]]}},{"type":"Feature","properties":{"valleyId":"angol","layer":"canopy","date":"2026-08-01"},"geometry":{"type":"Polygon","coordinates":[[[127.02271,37.74625],[127.02271,37.7462],[127.02278,37.7462],[127.02278,37.74625],[127.02271,37.74625]]]}},{"type":"Feature","properties":{"valleyId":"angol","layer":"canopy","date":"2026-08-01"},"geometry":{"type":"Polygon","coordinates":[[[127.02337,37.74617],[127.02324,37.74613],[127.02294,37.74613],[127.02292,37.746],[127.02315,37.74599],[127.02331,37.74601],[127.02333,37.74606],[127.02358,37.74607],[127.02358,37.74612],[127.02348,37.74614],[127.02346,37.74617],[127.02337,37.74617]]]}},{"type":"Feature","properties":{"valleyId":"angol","layer":"canopy","date":"2026-08-01"},"geometry":{"type":"Polygon","coordinates":[[[127.02362,37.74599],[127.0236,37.74589],[127.02374,37.74589],[127.02381,37.74593],[127.02381,37.74598],[127.02362,37.74599]]]}},{"type":"Feature","properties":{"valleyId":"angol","layer":"canopy","date":"2026-08-01"},"geometry":{"type":"Polygon","coordinates":[[[127.02354,37.74576],[127.02354,37.74567],[127.02359,37.74567],[127.02363,37.74562],[127.02375,37.74562],[127.02386,37.74553],[127.02398,37.74553],[127.02407,37.74564],[127.02413,37.74564],[127.02411,37.74573],[127.02363,37.74572],[127.02361,37.74576],[127.02354,37.74576]]]}},{"type":"Feature","properties":{"valleyId":"angol","layer":"canopy","date":"2026-08-01"},"geometry":{"type":"Polygon","coordinates":[[[127.02484,37.74547],[127.02484,37.74542],[127.02489,37.74542],[127.02498,37.74533],[127.02507,37.74535],[127.02507,37.74542],[127.02502,37.74546],[127.02484,37.74547]]]}},{"type":"Feature","properties":{"valleyId":"angol","layer":"canopy","date":"2026-08-01"},"geometry":{"type":"Polygon","coordinates":[[[127.0273,37.74505],[127.02731,37.74499],[127.02737,37.74499],[127.02737,37.74505],[127.0273,37.74505]]]}},{"type":"Feature","properties":{"valleyId":"angol","layer":"canopy","date":"2026-08-01"},"geometry":{"type":"Polygon","coordinates":[[[127.02531,37.74483],[127.02525,37.74476],[127.02507,37.74474],[127.02502,37.7447],[127.02502,37.74465],[127.02518,37.74465],[127.02529,37.74472],[127.02538,37.74473],[127.02543,37.74483],[127.02531,37.74483]]]}},{"type":"Feature","properties":{"valleyId":"angol","layer":"canopy","date":"2026-08-01"},"geometry":{"type":"Polygon","coordinates":[[[127.02983,37.74466],[127.02981,37.74458],[127.0299,37.74459],[127.02992,37.74466],[127.02983,37.74466]]]}},{"type":"Feature","properties":{"valleyId":"angol","layer":"canopy","date":"2026-08-01"},"geometry":{"type":"Polygon","coordinates":[[[127.0235,37.7448],[127.0235,37.74475],[127.02366,37.74468],[127.02366,37.74462],[127.02373,37.74457],[127.02373,37.74446],[127.02378,37.74443],[127.02389,37.74443],[127.02391,37.7447],[127.02386,37.7447],[127.02384,37.74474],[127.02373,37.74473],[127.0237,37.74479],[127.0235,37.7448]]]}},{"type":"Feature","properties":{"valleyId":"angol","layer":"canopy","date":"2026-08-01"},"geometry":{"type":"Polygon","coordinates":[[[127.02484,37.74464],[127.02477,37.74459],[127.02468,37.74459],[127.02469,37.74444],[127.02478,37.74445],[127.0248,37.7445],[127.02489,37.74454],[127.02491,37.74465],[127.02484,37.74464]]]}},{"type":"Feature","properties":{"valleyId":"angol","layer":"canopy","date":"2026-08-01"},"geometry":{"type":"Polygon","coordinates":[[[127.02494,37.74439],[127.02492,37.74425],[127.02497,37.74421],[127.02508,37.74422],[127.0251,37.74432],[127.02501,37.7444],[127.02494,37.74439]]]}},{"type":"Feature","properties":{"valleyId":"angol","layer":"canopy","date":"2026-08-01"},"geometry":{"type":"Polygon","coordinates":[[[127.0234,37.74433],[127.02335,37.74422],[127.02336,37.7441],[127.02363,37.74414],[127.02369,37.7443],[127.02365,37.74434],[127.0234,37.74433]]]}},{"type":"Feature","properties":{"valleyId":"angol","layer":"canopy","date":"2026-08-01"},"geometry":{"type":"Polygon","coordinates":[[[127.02787,37.74414],[127.02788,37.74401],[127.02797,37.74401],[127.02796,37.74412],[127.02787,37.74414]]]}},{"type":"Feature","properties":{"valleyId":"angol","layer":"canopy","date":"2026-08-01"},"geometry":{"type":"Polygon","coordinates":[[[127.02756,37.74402],[127.02754,37.74395],[127.02765,37.74393],[127.02765,37.74402],[127.02756,37.74402]]]}},{"type":"Feature","properties":{"valleyId":"angol","layer":"canopy","date":"2026-08-01"},"geometry":{"type":"Polygon","coordinates":[[[127.02317,37.7442],[127.02302,37.74415],[127.02297,37.74405],[127.02288,37.74404],[127.02284,37.74398],[127.02263,37.74399],[127.02261,37.74392],[127.02252,37.74392],[127.02246,37.74388],[127.02246,37.74381],[127.02273,37.74385],[127.02282,37.74393],[127.02302,37.74395],[127.02318,37.74404],[127.02331,37.74404],[127.02333,37.74413],[127.02327,37.74413],[127.02324,37.7442],[127.02317,37.7442]]]}},{"type":"Feature","properties":{"valleyId":"angol","layer":"canopy","date":"2026-08-01"},"geometry":{"type":"Polygon","coordinates":[[[127.02307,37.74386],[127.02302,37.74384],[127.02303,37.74377],[127.02316,37.74377],[127.02318,37.74384],[127.02307,37.74386]]]}},{"type":"Feature","properties":{"valleyId":"angol","layer":"canopy","date":"2026-08-01"},"geometry":{"type":"Polygon","coordinates":[[[127.02754,37.74384],[127.02754,37.74379],[127.02761,37.74379],[127.02761,37.74384],[127.02754,37.74384]]]}},{"type":"Feature","properties":{"valleyId":"angol","layer":"canopy","date":"2026-08-01"},"geometry":{"type":"Polygon","coordinates":[[[127.0245,37.74379],[127.0245,37.74372],[127.02457,37.74367],[127.02468,37.74369],[127.02466,37.74379],[127.0245,37.74379]]]}},{"type":"Feature","properties":{"valleyId":"angol","layer":"canopy","date":"2026-08-01"},"geometry":{"type":"Polygon","coordinates":[[[127.02385,37.74367],[127.02385,37.7436],[127.02392,37.7436],[127.02391,37.74367],[127.02385,37.74367]]]}},{"type":"Feature","properties":{"valleyId":"angol","layer":"canopy","date":"2026-08-01"},"geometry":{"type":"Polygon","coordinates":[[[127.03027,37.7436],[127.03027,37.74355],[127.03036,37.74353],[127.03036,37.74358],[127.03027,37.7436]]]}},{"type":"Feature","properties":{"valleyId":"angol","layer":"canopy","date":"2026-08-01"},"geometry":{"type":"Polygon","coordinates":[[[127.02392,37.74342],[127.02392,37.74337],[127.02401,37.74337],[127.02401,37.74342],[127.02392,37.74342]]]}},{"type":"Feature","properties":{"valleyId":"angol","layer":"canopy","date":"2026-08-01"},"geometry":{"type":"Polygon","coordinates":[[[127.03223,37.74342],[127.03225,37.74329],[127.03237,37.74331],[127.03237,37.74336],[127.0323,37.74342],[127.03223,37.74342]]]}},{"type":"Feature","properties":{"valleyId":"angol","layer":"canopy","date":"2026-08-01"},"geometry":{"type":"Polygon","coordinates":[[[127.02012,37.74309],[127.02012,37.74303],[127.02019,37.74303],[127.02018,37.74309],[127.02012,37.74309]]]}},{"type":"Feature","properties":{"valleyId":"angol","layer":"canopy","date":"2026-08-01"},"geometry":{"type":"Polygon","coordinates":[[[127.01994,37.74303],[127.01994,37.74296],[127.02005,37.74298],[127.02005,37.74303],[127.01994,37.74303]]]}},{"type":"Feature","properties":{"valleyId":"angol","layer":"canopy","date":"2026-08-01"},"geometry":{"type":"Polygon","coordinates":[[[127.02761,37.74307],[127.02761,37.743],[127.02774,37.74302],[127.02774,37.74307],[127.02761,37.74307]]]}},{"type":"Feature","properties":{"valleyId":"angol","layer":"canopy","date":"2026-08-01"},"geometry":{"type":"Polygon","coordinates":[[[127.02393,37.74292],[127.02394,37.74283],[127.02407,37.74285],[127.02407,37.74292],[127.02393,37.74292]]]}},{"type":"Feature","properties":{"valleyId":"angol","layer":"canopy","date":"2026-08-01"},"geometry":{"type":"Polygon","coordinates":[[[127.03235,37.74302],[127.03235,37.74297],[127.03244,37.74295],[127.03244,37.74302],[127.03235,37.74302]]]}},{"type":"Feature","properties":{"valleyId":"angol","layer":"canopy","date":"2026-08-01"},"geometry":{"type":"Polygon","coordinates":[[[127.0245,37.74305],[127.02448,37.74294],[127.02421,37.74294],[127.02421,37.74289],[127.02435,37.7428],[127.02464,37.7428],[127.02471,37.74288],[127.02468,37.74298],[127.02463,37.74306],[127.0245,37.74305]]]}},{"type":"Feature","properties":{"valleyId":"angol","layer":"canopy","date":"2026-08-01"},"geometry":{"type":"Polygon","coordinates":[[[127.0197,37.74268],[127.01967,37.74261],[127.01977,37.74261],[127.01976,37.74269],[127.0197,37.74268]]]}},{"type":"Feature","properties":{"valleyId":"angol","layer":"canopy","date":"2026-08-01"},"geometry":{"type":"Polygon","coordinates":[[[127.02176,37.74631],[127.02117,37.7461],[127.02115,37.74606],[127.02097,37.74599],[127.02068,37.74576],[127.02068,37.74573],[127.02057,37.74565],[127.02057,37.74562],[127.0205,37.74558],[127.02044,37.74545],[127.02039,37.74544],[127.02026,37.74522],[127.02016,37.74489],[127.01927,37.74488],[127.01882,37.74476],[127.01855,37.74465],[127.01853,37.74461],[127.01835,37.74454],[127.01831,37.74448],[127.01826,37.74448],[127.01797,37.74424],[127.01798,37.74421],[127.01784,37.74409],[127.01784,37.74406],[127.0178,37.74404],[127.01778,37.74397],[127.01769,37.74388],[127.01752,37.74346],[127.01749,37.74301],[127.01771,37.74303],[127.01778,37.74296],[127.01778,37.74287],[127.0179,37.74289],[127.01794,37.74294],[127.01808,37.74295],[127.01808,37.74289],[127.01817,37.74284],[127.01844,37.74284],[127.01844,37.74279],[127.01833,37.74275],[127.01836,37.74263],[127.01843,37.74257],[127.0187,37.74256],[127.01872,37.74261],[127.01902,37.74264],[127.01902,37.74256],[127.01913,37.74255],[127.01915,37.74258],[127.01931,37.74261],[127.01944,37.74273],[127.01954,37.74274],[127.01956,37.74281],[127.01947,37.74281],[127.01931,37.74273],[127.01915,37.74271],[127.01912,37.74294],[127.01919,37.74304],[127.01917,37.74356],[127.01922,37.7436],[127.01933,37.74362],[127.01933,37.74365],[127.01946,37.74373],[127.01946,37.74387],[127.01969,37.74384],[127.02,37.74395],[127.02018,37.74412],[127.02018,37.74415],[127.02033,37.74424],[127.02035,37.74437],[127.02056,37.74443],[127.02062,37.74456],[127.02071,37.74459],[127.02071,37.74465],[127.0208,37.74465],[127.02089,37.7447],[127.02091,37.74483],[127.0208,37.74485],[127.02077,37.74492],[127.02068,37.74497],[127.02065,37.7453],[127.02073,37.74542],[127.02087,37.74541],[127.0209,37.74534],[127.02099,37.74525],[127.02126,37.7452],[127.02135,37.74525],[127.02142,37.74542],[127.0215,37.74547],[127.02162,37.74549],[127.02171,37.74557],[127.0217,37.74564],[127.02184,37.74571],[127.02186,37.74578],[127.02195,37.74584],[127.02195,37.74591],[127.02199,37.74593],[127.02199,37.74607],[127.02192,37.74611],[127.02182,37.74631],[127.02176,37.74631]],[[127.01925,37.74392],[127.01932,37.74392],[127.01937,37.74381],[127.01928,37.74378],[127.01917,37.74377],[127.01919,37.74388],[127.01925,37.74392]]]}},{"type":"Feature","properties":{"valleyId":"angol","layer":"canopy","date":"2026-08-01"},"geometry":{"type":"Polygon","coordinates":[[[127.01947,37.74254],[127.01948,37.74243],[127.01957,37.74243],[127.01954,37.74254],[127.01947,37.74254]]]}},{"type":"Feature","properties":{"valleyId":"angol","layer":"canopy","date":"2026-08-01"},"geometry":{"type":"Polygon","coordinates":[[[127.01803,37.74228],[127.01803,37.74222],[127.0181,37.74222],[127.01809,37.74228],[127.01803,37.74228]]]}},{"type":"Feature","properties":{"valleyId":"angol","layer":"canopy","date":"2026-08-01"},"geometry":{"type":"Polygon","coordinates":[[[127.02025,37.74217],[127.02026,37.74212],[127.02039,37.74212],[127.02039,37.74217],[127.02025,37.74217]]]}},{"type":"Feature","properties":{"valleyId":"angol","layer":"canopy","date":"2026-08-01"},"geometry":{"type":"Polygon","coordinates":[[[127.01976,37.74213],[127.01971,37.74207],[127.01974,37.74198],[127.0198,37.74198],[127.01983,37.74202],[127.02005,37.74204],[127.02003,37.74211],[127.01976,37.74213]]]}},{"type":"Feature","properties":{"valleyId":"angol","layer":"canopy","date":"2026-08-01"},"geometry":{"type":"Polygon","coordinates":[[[127.02702,37.74225],[127.02688,37.74217],[127.02688,37.7421],[127.0272,37.74207],[127.02729,37.74213],[127.02729,37.74218],[127.02708,37.7422],[127.02708,37.74225],[127.02702,37.74225]]]}},{"type":"Feature","properties":{"valleyId":"angol","layer":"canopy","date":"2026-08-01"},"geometry":{"type":"Polygon","coordinates":[[[127.02389,37.74203],[127.02387,37.74194],[127.02398,37.74194],[127.02398,37.74203],[127.02389,37.74203]]]}},{"type":"Feature","properties":{"valleyId":"angol","layer":"canopy","date":"2026-08-01"},"geometry":{"type":"Polygon","coordinates":[[[127.02205,37.74202],[127.02196,37.74191],[127.02196,37.74184],[127.02206,37.74184],[127.02214,37.74197],[127.02214,37.74202],[127.02205,37.74202]]]}},{"type":"Feature","properties":{"valleyId":"angol","layer":"canopy","date":"2026-08-01"},"geometry":{"type":"Polygon","coordinates":[[[127.02014,37.74201],[127.02019,37.74185],[127.02026,37.74179],[127.02033,37.74179],[127.02037,37.74194],[127.02026,37.74201],[127.02014,37.74201]]]}},{"type":"Feature","properties":{"valleyId":"angol","layer":"canopy","date":"2026-08-01"},"geometry":{"type":"Polygon","coordinates":[[[127.02244,37.74195],[127.0223,37.74188],[127.02231,37.74181],[127.0224,37.74181],[127.02246,37.74187],[127.02253,37.74187],[127.02253,37.74196],[127.02244,37.74195]]]}},{"type":"Feature","properties":{"valleyId":"angol","layer":"canopy","date":"2026-08-01"},"geometry":{"type":"Polygon","coordinates":[[[127.02714,37.74191],[127.02712,37.7418],[127.02721,37.7418],[127.02723,37.74189],[127.02714,37.74191]]]}},{"type":"Feature","properties":{"valleyId":"angol","layer":"canopy","date":"2026-08-01"},"geometry":{"type":"Polygon","coordinates":[[[127.03267,37.74195],[127.03263,37.74189],[127.03263,37.74184],[127.03275,37.74186],[127.03274,37.74195],[127.03267,37.74195]]]}},{"type":"Feature","properties":{"valleyId":"angol","layer":"canopy","date":"2026-08-01"},"geometry":{"type":"Polygon","coordinates":[[[127.02866,37.74179],[127.02866,37.74173],[127.02875,37.74172],[127.02875,37.74179],[127.02866,37.74179]]]}},{"type":"Feature","properties":{"valleyId":"angol","layer":"canopy","date":"2026-08-01"},"geometry":{"type":"Polygon","coordinates":[[[127.02896,37.74183],[127.02896,37.74172],[127.02907,37.74171],[127.02907,37.74181],[127.02896,37.74183]]]}},{"type":"Feature","properties":{"valleyId":"angol","layer":"canopy","date":"2026-08-01"},"geometry":{"type":"Polygon","coordinates":[[[127.02485,37.7416],[127.02486,37.74154],[127.02492,37.74155],[127.02492,37.7416],[127.02485,37.7416]]]}},{"type":"Feature","properties":{"valleyId":"angol","layer":"canopy","date":"2026-08-01"},"geometry":{"type":"Polygon","coordinates":[[[127.02274,37.74185],[127.02272,37.74169],[127.02277,37.74147],[127.02284,37.74148],[127.02285,37.74182],[127.02283,37.74185],[127.02274,37.74185]]]}},{"type":"Feature","properties":{"valleyId":"angol","layer":"canopy","date":"2026-08-01"},"geometry":{"type":"Polygon","coordinates":[[[127.02668,37.74199],[127.02646,37.74193],[127.02646,37.74186],[127.02653,37.74186],[127.02655,37.74175],[127.02651,37.74161],[127.02688,37.74152],[127.02708,37.74153],[127.02708,37.74169],[127.02712,37.74171],[127.02712,37.74176],[127.02705,37.74176],[127.02698,37.74169],[127.02692,37.74169],[127.02689,37.74192],[127.02677,37.74196],[127.02675,37.74199],[127.02668,37.74199]]]}},{"type":"Feature","properties":{"valleyId":"angol","layer":"canopy","date":"2026-08-01"},"geometry":{"type":"Polygon","coordinates":[[[127.02951,37.74157],[127.02951,37.74151],[127.02958,37.74152],[127.02958,37.74157],[127.02951,37.74157]]]}},{"type":"Feature","properties":{"valleyId":"angol","layer":"canopy","date":"2026-08-01"},"geometry":{"type":"Polygon","coordinates":[[[127.02385,37.74183],[127.02385,37.74174],[127.02372,37.74174],[127.02372,37.74163],[127.0236,37.74163],[127.02358,37.74158],[127.02347,37.7415],[127.0235,37.74143],[127.02368,37.74142],[127.02372,37.74149],[127.02379,37.74149],[127.02382,37.74137],[127.02393,37.74137],[127.02393,37.74153],[127.02397,37.74157],[127.02399,37.74173],[127.02392,37.74176],[127.02392,37.74184],[127.02385,37.74183]]]}},{"type":"Feature","properties":{"valleyId":"angol","layer":"canopy","date":"2026-08-01"},"geometry":{"type":"Polygon","coordinates":[[[127.02366,37.7414],[127.02366,37.74134],[127.02379,37.74133],[127.02379,37.74138],[127.02366,37.7414]]]}},{"type":"Feature","properties":{"valleyId":"angol","layer":"canopy","date":"2026-08-01"},"geometry":{"type":"Polygon","coordinates":[[[127.02277,37.74135],[127.02277,37.74129],[127.02284,37.74129],[127.02284,37.74135],[127.02277,37.74135]]]}},{"type":"Feature","properties":{"valleyId":"angol","layer":"canopy","date":"2026-08-01"},"geometry":{"type":"Polygon","coordinates":[[[127.02031,37.74172],[127.02029,37.74168],[127.02015,37.74168],[127.02015,37.74163],[127.0202,37.74163],[127.02027,37.74156],[127.02028,37.74123],[127.02019,37.74116],[127.02021,37.74109],[127.02031,37.74109],[127.0203,37.74113],[127.02039,37.7412],[127.02048,37.7412],[127.02051,37.74126],[127.02055,37.74126],[127.02073,37.74142],[127.02072,37.74153],[127.02063,37.74165],[127.02054,37.74167],[127.02049,37.74172],[127.02031,37.74172]]]}},{"type":"Feature","properties":{"valleyId":"angol","layer":"canopy","date":"2026-08-01"},"geometry":{"type":"Polygon","coordinates":[[[127.02319,37.74114],[127.02319,37.74107],[127.02326,37.74107],[127.02328,37.74114],[127.02319,37.74114]]]}},{"type":"Feature","properties":{"valleyId":"angol","layer":"canopy","date":"2026-08-01"},"geometry":{"type":"Polygon","coordinates":[[[127.02203,37.74108],[127.02203,37.74099],[127.0221,37.74094],[127.02224,37.74094],[127.02221,37.74101],[127.02217,37.74101],[127.0221,37.74108],[127.02203,37.74108]]]}},{"type":"Feature","properties":{"valleyId":"angol","layer":"canopy","date":"2026-08-01"},"geometry":{"type":"Polygon","coordinates":[[[127.0302,37.74111],[127.0302,37.74104],[127.03027,37.74104],[127.03027,37.74111],[127.0302,37.74111]]]}},{"type":"Feature","properties":{"valleyId":"angol","layer":"canopy","date":"2026-08-01"},"geometry":{"type":"Polygon","coordinates":[[[127.02242,37.74095],[127.0224,37.74085],[127.02256,37.74088],[127.02253,37.74095],[127.02242,37.74095]]]}},{"type":"Feature","properties":{"valleyId":"angol","layer":"canopy","date":"2026-08-01"},"geometry":{"type":"Polygon","coordinates":[[[127.02158,37.74095],[127.02161,37.74081],[127.02172,37.74079],[127.02174,37.7409],[127.02169,37.7409],[127.02165,37.74095],[127.02158,37.74095]]]}},{"type":"Feature","properties":{"valleyId":"angol","layer":"canopy","date":"2026-08-01"},"geometry":{"type":"Polygon","coordinates":[[[127.0219,37.7409],[127.02185,37.74086],[127.02186,37.74081],[127.0219,37.74077],[127.02197,37.74078],[127.02199,37.74088],[127.0219,37.7409]]]}},{"type":"Feature","properties":{"valleyId":"angol","layer":"canopy","date":"2026-08-01"},"geometry":{"type":"Polygon","coordinates":[[[127.03036,37.74095],[127.03036,37.7409],[127.03052,37.74088],[127.0305,37.74095],[127.03036,37.74095]]]}},{"type":"Feature","properties":{"valleyId":"angol","layer":"canopy","date":"2026-08-01"},"geometry":{"type":"Polygon","coordinates":[[[127.02916,37.74095],[127.02909,37.74091],[127.0291,37.74086],[127.02928,37.74086],[127.02935,37.74085],[127.02937,37.74079],[127.02951,37.74079],[127.0295,37.74085],[127.02939,37.74088],[127.02937,37.74094],[127.02916,37.74095]]]}},{"type":"Feature","properties":{"valleyId":"angol","layer":"canopy","date":"2026-08-01"},"geometry":{"type":"Polygon","coordinates":[[[127.02864,37.74085],[127.0286,37.74083],[127.0286,37.74074],[127.02869,37.74073],[127.02869,37.74078],[127.02876,37.7408],[127.02875,37.74085],[127.02864,37.74085]]]}},{"type":"Feature","properties":{"valleyId":"angol","layer":"canopy","date":"2026-08-01"},"geometry":{"type":"Polygon","coordinates":[[[127.02594,37.74077],[127.02592,37.74064],[127.02601,37.74061],[127.02613,37.74061],[127.02615,37.74077],[127.02594,37.74077]]]}},{"type":"Feature","properties":{"valleyId":"angol","layer":"canopy","date":"2026-08-01"},"geometry":{"type":"Polygon","coordinates":[[[127.03132,37.74082],[127.0313,37.74077],[127.03123,37.74073],[127.03123,37.74068],[127.0313,37.74068],[127.03139,37.74075],[127.03139,37.74083],[127.03132,37.74082]]]}},{"type":"Feature","properties":{"valleyId":"angol","layer":"canopy","date":"2026-08-01"},"geometry":{"type":"Polygon","coordinates":[[[127.01703,37.74049],[127.01692,37.74046],[127.01687,37.7404],[127.01674,37.74038],[127.01674,37.74031],[127.01683,37.7402],[127.01692,37.7402],[127.01697,37.74026],[127.01706,37.7403],[127.01706,37.74035],[127.01712,37.74041],[127.01712,37.7405],[127.01703,37.74049]]]}},{"type":"Feature","properties":{"valleyId":"angol","layer":"canopy","date":"2026-08-01"},"geometry":{"type":"Polygon","coordinates":[[[127.0297,37.74047],[127.02967,37.7404],[127.02981,37.7404],[127.02981,37.74047],[127.0297,37.74047]]]}},{"type":"Feature","properties":{"valleyId":"angol","layer":"canopy","date":"2026-08-01"},"geometry":{"type":"Polygon","coordinates":[[[127.02827,37.74099],[127.02818,37.74095],[127.0281,37.74081],[127.02803,37.74079],[127.02806,37.7405],[127.02815,37.7405],[127.02817,37.74047],[127.02831,37.74045],[127.02831,37.74041],[127.0284,37.74036],[127.02843,37.74029],[127.02859,37.74029],[127.02859,37.74024],[127.02852,37.74024],[127.02852,37.74018],[127.02866,37.74017],[127.02866,37.74022],[127.02873,37.74022],[127.02872,37.74031],[127.02863,37.74036],[127.02865,37.74058],[127.02869,37.74058],[127.02869,37.74065],[127.02862,37.74065],[127.02863,37.7406],[127.02842,37.74061],[127.02841,37.74099],[127.02827,37.74099]],[[127.02826,37.74061],[127.0284,37.74059],[127.0284,37.74054],[127.02824,37.74054],[127.02826,37.74061]]]}},{"type":"Feature","properties":{"valleyId":"angol","layer":"canopy","date":"2026-08-01"},"geometry":{"type":"Polygon","coordinates":[[[127.02156,37.74066],[127.02148,37.74057],[127.02134,37.74057],[127.02132,37.74046],[127.02128,37.74046],[127.02121,37.74033],[127.02117,37.74033],[127.02105,37.74024],[127.02106,37.74018],[127.02088,37.74011],[127.02088,37.73998],[127.02099,37.73998],[127.02101,37.74007],[127.0211,37.74009],[127.02112,37.74018],[127.02126,37.7402],[127.02133,37.74026],[127.02137,37.74026],[127.02144,37.74033],[127.02144,37.74039],[127.02152,37.74046],[127.02157,37.74046],[127.02159,37.7405],[127.02168,37.7405],[127.02175,37.74056],[127.02172,37.74063],[127.02163,37.74063],[127.02163,37.74066],[127.02156,37.74066]]]}},{"type":"Feature","properties":{"valleyId":"angol","layer":"canopy","date":"2026-08-01"},"geometry":{"type":"Polygon","coordinates":[[[127.0207,37.74003],[127.02068,37.73996],[127.02077,37.73996],[127.02079,37.74003],[127.0207,37.74003]]]}},{"type":"Feature","properties":{"valleyId":"angol","layer":"canopy","date":"2026-08-01"},"geometry":{"type":"Polygon","coordinates":[[[127.03347,37.74205],[127.03338,37.74199],[127.03299,37.74199],[127.03283,37.74195],[127.03284,37.74189],[127.0329,37.74186],[127.03289,37.7417],[127.03295,37.74166],[127.03296,37.74161],[127.03282,37.74161],[127.03275,37.74151],[127.03269,37.74151],[127.03264,37.74146],[127.03253,37.74146],[127.03256,37.74126],[127.03244,37.74126],[127.0324,37.74122],[127.0324,37.74109],[127.03249,37.74104],[127.03254,37.7409],[127.03289,37.74054],[127.03292,37.7404],[127.03315,37.74031],[127.03338,37.74032],[127.03342,37.74035],[127.03349,37.74036],[127.03351,37.74032],[127.03358,37.74032],[127.03358,37.74028],[127.03363,37.74029],[127.03367,37.74023],[127.03385,37.74027],[127.0339,37.74022],[127.03401,37.74022],[127.03404,37.74017],[127.03438,37.74019],[127.0344,37.74024],[127.03449,37.74025],[127.03444,37.74052],[127.03437,37.74051],[127.03433,37.74048],[127.03433,37.74041],[127.0341,37.7404],[127.03403,37.74058],[127.03412,37.74058],[127.03414,37.74062],[127.03414,37.74067],[127.03409,37.74071],[127.03409,37.74083],[127.0342,37.74082],[127.03421,37.74073],[127.03428,37.74066],[127.03428,37.74057],[127.03435,37.74057],[127.03437,37.74066],[127.03443,37.7407],[127.03439,37.74131],[127.03428,37.74131],[127.03419,37.74139],[127.03414,37.7415],[127.03393,37.74153],[127.03395,37.74168],[127.03382,37.74173],[127.03379,37.74191],[127.03388,37.74191],[127.03388,37.74188],[127.03395,37.74182],[127.03406,37.74181],[127.03406,37.74177],[127.03413,37.74174],[127.03418,37.74163],[127.03425,37.74158],[127.03428,37.74145],[127.03437,37.74147],[127.03434,37.74176],[127.03424,37.74185],[127.03415,37.74186],[127.03413,37.74195],[127.03404,37.74195],[127.03399,37.74199],[127.03381,37.74198],[127.03378,37.74204],[127.03372,37.74205],[127.03347,37.74205]],[[127.03302,37.74163],[127.03309,37.74163],[127.03316,37.74156],[127.03316,37.7415],[127.03321,37.74149],[127.03321,37.74143],[127.03317,37.7414],[127.0331,37.74139],[127.03296,37.74152],[127.03296,37.74161],[127.03302,37.74163]],[[127.03397,37.74105],[127.03404,37.74105],[127.03404,37.74098],[127.03397,37.74098],[127.03397,37.74105]]]}},{"type":"Feature","properties":{"valleyId":"angol","layer":"canopy","date":"2026-08-01"},"geometry":{"type":"Polygon","coordinates":[[[127.03179,37.74015],[127.03179,37.74009],[127.03186,37.74009],[127.03186,37.74015],[127.03179,37.74015]]]}},{"type":"Feature","properties":{"valleyId":"angol","layer":"canopy","date":"2026-08-01"},"geometry":{"type":"Polygon","coordinates":[[[127.01503,37.73985],[127.01503,37.73979],[127.0151,37.73979],[127.0151,37.73985],[127.01503,37.73985]]]}},{"type":"Feature","properties":{"valleyId":"angol","layer":"canopy","date":"2026-08-01"},"geometry":{"type":"Polygon","coordinates":[[[127.03209,37.74093],[127.03207,37.74087],[127.032,37.74087],[127.03193,37.7408],[127.03184,37.7408],[127.03185,37.74069],[127.0318,37.74069],[127.03173,37.74061],[127.03174,37.74043],[127.03178,37.74042],[127.03181,37.74031],[127.03186,37.74027],[127.03197,37.74028],[127.03199,37.74024],[127.03206,37.74024],[127.03206,37.74031],[127.0319,37.74038],[127.0319,37.74047],[127.03203,37.74048],[127.03206,37.74044],[127.03222,37.74042],[127.0322,37.74028],[127.03208,37.74026],[127.03209,37.74012],[127.03234,37.74012],[127.03238,37.74007],[127.03245,37.74007],[127.03245,37.74014],[127.03252,37.74018],[127.03252,37.74023],[127.0324,37.74025],[127.0324,37.74048],[127.03233,37.74053],[127.03228,37.74053],[127.03223,37.7406],[127.03217,37.74062],[127.03209,37.74073],[127.03205,37.74073],[127.03207,37.74085],[127.03216,37.74087],[127.03216,37.74093],[127.03209,37.74093]]]}},{"type":"Feature","properties":{"valleyId":"angol","layer":"canopy","date":"2026-08-01"},"geometry":{"type":"Polygon","coordinates":[[[127.017,37.7399],[127.01693,37.73986],[127.01693,37.73981],[127.01703,37.73981],[127.01707,37.73985],[127.01707,37.7399],[127.017,37.7399]]]}},{"type":"Feature","properties":{"valleyId":"angol","layer":"canopy","date":"2026-08-01"},"geometry":{"type":"Polygon","coordinates":[[[127.03039,37.74066],[127.03035,37.74059],[127.03031,37.74059],[127.03031,37.74054],[127.03037,37.74054],[127.0304,37.7405],[127.03036,37.74025],[127.03041,37.74003],[127.03052,37.74004],[127.03062,37.73997],[127.03073,37.73997],[127.0308,37.74],[127.03079,37.74015],[127.03075,37.74017],[127.03077,37.74029],[127.03065,37.74029],[127.03063,37.74033],[127.03056,37.74032],[127.03056,37.74038],[127.03061,37.7404],[127.0306,37.74047],[127.03056,37.74047],[127.03056,37.74052],[127.03085,37.74053],[127.03085,37.74058],[127.03071,37.74058],[127.03053,37.74067],[127.03039,37.74066]]]}},{"type":"Feature","properties":{"valleyId":"angol","layer":"canopy","date":"2026-08-01"},"geometry":{"type":"Polygon","coordinates":[[[127.01943,37.7398],[127.01937,37.73974],[127.01937,37.73969],[127.0195,37.73967],[127.01952,37.7398],[127.01943,37.7398]]]}},{"type":"Feature","properties":{"valleyId":"angol","layer":"canopy","date":"2026-08-01"},"geometry":{"type":"Polygon","coordinates":[[[127.03429,37.73997],[127.03429,37.73992],[127.03436,37.73992],[127.03436,37.73997],[127.03429,37.73997]]]}},{"type":"Feature","properties":{"valleyId":"angol","layer":"canopy","date":"2026-08-01"},"geometry":{"type":"Polygon","coordinates":[[[127.01637,37.73967],[127.01633,37.73965],[127.01633,37.7396],[127.01644,37.73958],[127.01644,37.73953],[127.01653,37.73953],[127.01655,37.73962],[127.01646,37.73962],[127.01646,37.73967],[127.01637,37.73967]]]}},{"type":"Feature","properties":{"valleyId":"angol","layer":"canopy","date":"2026-08-01"},"geometry":{"type":"Polygon","coordinates":[[[127.01919,37.73959],[127.01919,37.73954],[127.01926,37.73954],[127.01926,37.73959],[127.01919,37.73959]]]}},{"type":"Feature","properties":{"valleyId":"angol","layer":"canopy","date":"2026-08-01"},"geometry":{"type":"Polygon","coordinates":[[[127.01799,37.73956],[127.01794,37.73954],[127.01794,37.73948],[127.01806,37.73948],[127.01808,37.73956],[127.01799,37.73956]]]}},{"type":"Feature","properties":{"valleyId":"angol","layer":"canopy","date":"2026-08-01"},"geometry":{"type":"Polygon","coordinates":[[[127.01774,37.73946],[127.01772,37.73939],[127.01785,37.73941],[127.01785,37.73946],[127.01774,37.73946]]]}},{"type":"Feature","properties":{"valleyId":"angol","layer":"canopy","date":"2026-08-01"},"geometry":{"type":"Polygon","coordinates":[[[127.01865,37.7394],[127.01865,37.73935],[127.01872,37.73935],[127.01872,37.73941],[127.01865,37.7394]]]}},{"type":"Feature","properties":{"valleyId":"angol","layer":"canopy","date":"2026-08-01"},"geometry":{"type":"Polygon","coordinates":[[[127.01595,37.73941],[127.01588,37.73939],[127.01584,37.7393],[127.01577,37.73928],[127.01577,37.73923],[127.01588,37.73923],[127.01602,37.73932],[127.01604,37.73941],[127.01595,37.73941]]]}},{"type":"Feature","properties":{"valleyId":"angol","layer":"canopy","date":"2026-08-01"},"geometry":{"type":"Polygon","coordinates":[[[127.03256,37.73958],[127.03256,37.73953],[127.0326,37.73949],[127.03267,37.73949],[127.03267,37.73957],[127.03256,37.73958]]]}},{"type":"Feature","properties":{"valleyId":"angol","layer":"canopy","date":"2026-08-01"},"geometry":{"type":"Polygon","coordinates":[[[127.01742,37.73931],[127.0174,37.73924],[127.01749,37.73924],[127.01752,37.73931],[127.01742,37.73931]]]}},{"type":"Feature","properties":{"valleyId":"angol","layer":"canopy","date":"2026-08-01"},"geometry":{"type":"Polygon","coordinates":[[[127.03587,37.73957],[127.03587,37.73949],[127.03599,37.73948],[127.03598,37.73955],[127.03587,37.73957]]]}},{"type":"Feature","properties":{"valleyId":"angol","layer":"canopy","date":"2026-08-01"},"geometry":{"type":"Polygon","coordinates":[[[127.01938,37.73927],[127.0194,37.7392],[127.01949,37.7392],[127.01947,37.73927],[127.01938,37.73927]]]}},{"type":"Feature","properties":{"valleyId":"angol","layer":"canopy","date":"2026-08-01"},"geometry":{"type":"Polygon","coordinates":[[[127.03501,37.7395],[127.03499,37.73937],[127.03508,37.73937],[127.0351,37.73948],[127.03501,37.7395]]]}},{"type":"Feature","properties":{"valleyId":"angol","layer":"canopy","date":"2026-08-01"},"geometry":{"type":"Polygon","coordinates":[[[127.01557,37.7391],[127.01557,37.73905],[127.01566,37.73905],[127.01566,37.7391],[127.01557,37.7391]]]}},{"type":"Feature","properties":{"valleyId":"angol","layer":"canopy","date":"2026-08-01"},"geometry":{"type":"Polygon","coordinates":[[[127.01972,37.73933],[127.01974,37.73924],[127.01986,37.73923],[127.01993,37.73914],[127.01999,37.73914],[127.02009,37.73909],[127.02024,37.73911],[127.02024,37.7392],[127.02013,37.73923],[127.02013,37.73927],[127.01985,37.73926],[127.01981,37.73933],[127.01972,37.73933]]]}},{"type":"Feature","properties":{"valleyId":"angol","layer":"canopy","date":"2026-08-01"},"geometry":{"type":"Polygon","coordinates":[[[127.03193,37.73934],[127.03191,37.73927],[127.03197,37.73927],[127.032,37.73934],[127.03193,37.73934]]]}},{"type":"Feature","properties":{"valleyId":"angol","layer":"canopy","date":"2026-08-01"},"geometry":{"type":"Polygon","coordinates":[[[127.01197,37.73889],[127.01197,37.73884],[127.01204,37.73884],[127.01203,37.7389],[127.01197,37.73889]]]}},{"type":"Feature","properties":{"valleyId":"angol","layer":"canopy","date":"2026-08-01"},"geometry":{"type":"Polygon","coordinates":[[[127.01925,37.73902],[127.01925,37.73898],[127.0192,37.73898],[127.01921,37.73891],[127.01932,37.73889],[127.01932,37.73902],[127.01925,37.73902]]]}},{"type":"Feature","properties":{"valleyId":"angol","layer":"canopy","date":"2026-08-01"},"geometry":{"type":"Polygon","coordinates":[[[127.01825,37.73893],[127.01825,37.73887],[127.01832,37.73888],[127.01832,37.73893],[127.01825,37.73893]]]}},{"type":"Feature","properties":{"valleyId":"angol","layer":"canopy","date":"2026-08-01"},"geometry":{"type":"Polygon","coordinates":[[[127.03454,37.73911],[127.03454,37.73906],[127.03461,37.73906],[127.03461,37.73911],[127.03454,37.73911]]]}},{"type":"Feature","properties":{"valleyId":"angol","layer":"canopy","date":"2026-08-01"},"geometry":{"type":"Polygon","coordinates":[[[127.01877,37.73894],[127.01875,37.73885],[127.01857,37.73877],[127.01858,37.73872],[127.01867,37.73872],[127.01871,37.73877],[127.01896,37.7388],[127.01896,37.73889],[127.01886,37.73894],[127.01877,37.73894]]]}},{"type":"Feature","properties":{"valleyId":"angol","layer":"canopy","date":"2026-08-01"},"geometry":{"type":"Polygon","coordinates":[[[127.02464,37.74113],[127.02455,37.74104],[127.02416,37.74105],[127.02408,37.74097],[127.02374,37.74097],[127.02362,37.74093],[127.02358,37.74087],[127.02338,37.74082],[127.02329,37.74067],[127.02322,37.74065],[127.0232,37.74047],[127.02325,37.74045],[127.02328,37.74036],[127.02325,37.74027],[127.02321,37.74024],[127.02312,37.74024],[127.0231,37.74015],[127.02294,37.74012],[127.0229,37.74003],[127.02263,37.74001],[127.0226,37.74005],[127.02244,37.74004],[127.02245,37.73992],[127.02254,37.73983],[127.02254,37.73976],[127.02268,37.73976],[127.02279,37.73969],[127.02288,37.73969],[127.02298,37.73962],[127.02294,37.73933],[127.02285,37.73931],[127.02282,37.7394],[127.02276,37.7394],[127.02271,37.73927],[127.02258,37.73913],[127.0224,37.73912],[127.0222,37.73901],[127.02199,37.73901],[127.02195,37.73892],[127.02186,37.73888],[127.0215,37.73888],[127.02148,37.7388],[127.02198,37.73876],[127.0225,37.7388],[127.02288,37.7389],[127.02306,37.73897],[127.02306,37.73903],[127.0232,37.73903],[127.02351,37.73923],[127.02437,37.73925],[127.02478,37.73934],[127.02491,37.73942],[127.02502,37.73944],[127.02505,37.73948],[127.02514,37.73949],[127.02516,37.73953],[127.02534,37.73961],[127.02538,37.73964],[127.02533,37.7398],[127.02524,37.73982],[127.02522,37.73986],[127.02513,37.73986],[127.0251,37.74003],[127.02505,37.74005],[127.025,37.7402],[127.02491,37.74019],[127.02491,37.74027],[127.02498,37.74034],[127.02495,37.74045],[127.02484,37.74045],[127.02484,37.74041],[127.02479,37.74041],[127.02477,37.74037],[127.02478,37.74028],[127.02462,37.74024],[127.02455,37.7403],[127.02455,37.74035],[127.02461,37.74039],[127.02461,37.74044],[127.02448,37.74042],[127.02441,37.74046],[127.0244,37.74058],[127.02456,37.7406],[127.02465,37.74071],[127.02465,37.7408],[127.0246,37.7408],[127.02462,37.741],[127.02471,37.74104],[127.02471,37.74113],[127.02464,37.74113]],[[127.02292,37.73928],[127.02299,37.73928],[127.02301,37.73917],[127.02294,37.73917],[127.02292,37.73928]]]}},{"type":"Feature","properties":{"valleyId":"angol","layer":"canopy","date":"2026-08-01"},"geometry":{"type":"Polygon","coordinates":[[[127.02824,37.73886],[127.02824,37.73881],[127.02831,37.73881],[127.02831,37.73886],[127.02824,37.73886]]]}},{"type":"Feature","properties":{"valleyId":"angol","layer":"canopy","date":"2026-08-01"},"geometry":{"type":"Polygon","coordinates":[[[127.03505,37.73896],[127.03505,37.7389],[127.03512,37.7389],[127.03511,37.73896],[127.03505,37.73896]]]}},{"type":"Feature","properties":{"valleyId":"angol","layer":"canopy","date":"2026-08-01"},"geometry":{"type":"Polygon","coordinates":[[[127.03582,37.73897],[127.03582,37.73892],[127.03591,37.73892],[127.03591,37.73897],[127.03582,37.73897]]]}},{"type":"Feature","properties":{"valleyId":"angol","layer":"canopy","date":"2026-08-01"},"geometry":{"type":"Polygon","coordinates":[[[127.0355,37.73897],[127.0355,37.73889],[127.03557,37.73889],[127.03559,37.73897],[127.0355,37.73897]]]}},{"type":"Feature","properties":{"valleyId":"angol","layer":"canopy","date":"2026-08-01"},"geometry":{"type":"Polygon","coordinates":[[[127.01867,37.73854],[127.01867,37.73847],[127.01874,37.73847],[127.01874,37.73854],[127.01867,37.73854]]]}},{"type":"Feature","properties":{"valleyId":"angol","layer":"canopy","date":"2026-08-01"},"geometry":{"type":"Polygon","coordinates":[[[127.02729,37.73944],[127.02716,37.73938],[127.02716,37.73929],[127.02712,37.73926],[127.02675,37.73927],[127.02676,37.73907],[127.0269,37.73895],[127.02694,37.73895],[127.02704,37.73888],[127.02706,37.73882],[127.02711,37.73882],[127.02711,37.73879],[127.02722,37.73879],[127.02731,37.73872],[127.02732,37.73865],[127.02743,37.73856],[127.02754,37.73854],[127.02761,37.73867],[127.02765,37.739],[127.02762,37.73909],[127.02758,37.73912],[127.02757,37.73921],[127.02748,37.73928],[127.02748,37.73941],[127.02729,37.73944]]]}},{"type":"Feature","properties":{"valleyId":"angol","layer":"canopy","date":"2026-08-01"},"geometry":{"type":"Polygon","coordinates":[[[127.01977,37.73895],[127.01977,37.73886],[127.01962,37.73883],[127.01962,37.73875],[127.01966,37.73875],[127.01967,37.73852],[127.01962,37.73852],[127.01963,37.73848],[127.01947,37.73852],[127.01944,37.73846],[127.01938,37.73846],[127.01938,37.73852],[127.01933,37.73853],[127.01917,37.73853],[127.01915,37.73846],[127.01926,37.73844],[127.01927,37.73839],[127.01915,37.73839],[127.01911,37.73826],[127.01922,37.73826],[127.01929,37.73832],[127.01929,37.73835],[127.01949,37.73834],[127.01958,37.73837],[127.01958,37.73843],[127.01974,37.73843],[127.01983,37.73847],[127.01985,37.73851],[127.02003,37.73858],[127.02008,37.73863],[127.02012,37.73864],[127.0203,37.73878],[127.0203,37.73885],[127.02009,37.73885],[127.01991,37.73896],[127.01977,37.73895]]]}},{"type":"Feature","properties":{"valleyId":"angol","layer":"canopy","date":"2026-08-01"},"geometry":{"type":"Polygon","coordinates":[[[127.01756,37.73832],[127.01762,37.73805],[127.01773,37.73805],[127.01775,37.73816],[127.01764,37.73823],[127.01763,37.73832],[127.01756,37.73832]]]}},{"type":"Feature","properties":{"valleyId":"angol","layer":"canopy","date":"2026-08-01"},"geometry":{"type":"Polygon","coordinates":[[[127.012,37.73772],[127.01202,37.73762],[127.01209,37.73756],[127.01218,37.73756],[127.01218,37.73764],[127.01214,37.73765],[127.01213,37.73769],[127.01209,37.73773],[127.012,37.73772]]]}},{"type":"Feature","properties":{"valleyId":"angol","layer":"canopy","date":"2026-08-01"},"geometry":{"type":"Polygon","coordinates":[[[127.01733,37.74205],[127.01724,37.74201],[127.01725,37.74163],[127.01663,37.7417],[127.01607,37.74165],[127.01564,37.74153],[127.01542,37.74144],[127.01539,37.7414],[127.01521,37.74133],[127.01517,37.74127],[127.01513,37.74127],[127.01497,37.74114],[127.01483,37.74114],[127.01479,37.74118],[127.01454,37.74123],[127.01413,37.74126],[127.01374,37.74123],[127.01322,37.74112],[127.01291,37.74098],[127.01289,37.74095],[127.01271,37.74087],[127.01266,37.74082],[127.01262,37.74082],[127.01233,37.74058],[127.01233,37.74054],[127.01226,37.7405],[127.01226,37.74047],[127.01213,37.74034],[127.01198,37.74008],[127.01187,37.73978],[127.01184,37.7394],[127.01191,37.7394],[127.01191,37.73927],[127.012,37.7392],[127.01201,37.73906],[127.01208,37.73902],[127.01208,37.73897],[127.01212,37.73893],[127.01213,37.73879],[127.01199,37.73881],[127.01199,37.73875],[127.0119,37.73873],[127.01168,37.73857],[127.01163,37.73856],[127.01128,37.73823],[127.01128,37.7382],[127.01124,37.73818],[127.01124,37.73811],[127.01156,37.73813],[127.01162,37.73829],[127.01171,37.73831],[127.01176,37.73824],[127.01183,37.73823],[127.01185,37.73806],[127.01195,37.73796],[127.01204,37.73796],[127.01208,37.73801],[127.01217,37.73802],[127.01224,37.738],[127.01231,37.73793],[127.01251,37.73793],[127.01261,37.7379],[127.01261,37.73784],[127.01243,37.73784],[127.01231,37.7378],[127.01227,37.73769],[127.01234,37.73768],[127.01239,37.73762],[127.01261,37.73761],[127.01268,37.7375],[127.01282,37.73747],[127.01287,37.7375],[127.01293,37.73751],[127.01293,37.7376],[127.01307,37.73763],[127.01309,37.73767],[127.01334,37.73771],[127.01352,37.7378],[127.01351,37.73786],[127.01306,37.73783],[127.01304,37.7379],[127.01338,37.73795],[127.01342,37.73798],[127.01351,37.73798],[127.01365,37.73804],[127.01364,37.73808],[127.01371,37.7381],[127.01371,37.73817],[127.01362,37.73818],[127.01362,37.73824],[127.01366,37.73826],[127.01373,37.73842],[127.01393,37.73844],[127.01402,37.73841],[127.01405,37.73819],[127.01419,37.73821],[127.01427,37.73834],[127.01448,37.73836],[127.01461,37.73842],[127.01474,37.73856],[127.01495,37.73864],[127.01492,37.73878],[127.01474,37.73889],[127.01469,37.73903],[127.01459,37.73908],[127.01432,37.73908],[127.01425,37.73911],[127.01414,37.73911],[127.01409,37.73918],[127.01409,37.73929],[127.01393,37.7394],[127.01393,37.73943],[127.01358,37.73952],[127.01351,37.73957],[127.01351,37.73961],[127.01344,37.73962],[127.01344,37.73971],[127.01349,37.73973],[127.01349,37.73977],[127.01364,37.73981],[127.01369,37.73988],[127.01382,37.73995],[127.01391,37.74008],[127.01407,37.74017],[127.01419,37.74043],[127.01435,37.74045],[127.01436,37.74036],[127.01442,37.74036],[127.01449,37.74031],[127.01463,37.74027],[127.01465,37.74022],[127.01475,37.74022],[127.01477,37.74019],[127.01481,37.74019],[127.01484,37.74013],[127.01493,37.74013],[127.015,37.74003],[127.01514,37.74003],[127.01514,37.73989],[127.01519,37.73985],[127.01528,37.73985],[127.0153,37.7398],[127.01539,37.73978],[127.01539,37.73969],[127.01551,37.73957],[127.01583,37.73955],[127.0159,37.73963],[127.01589,37.73975],[127.01585,37.73975],[127.01582,37.73979],[127.01582,37.73988],[127.01593,37.73988],[127.01598,37.73992],[127.01597,37.74013],[127.01593,37.74017],[127.01586,37.74017],[127.01581,37.74024],[127.01572,37.74026],[127.01572,37.74038],[127.01565,37.74038],[127.01558,37.74029],[127.01545,37.74031],[127.01545,37.74034],[127.0154,37.74034],[127.01533,37.74043],[127.01524,37.74045],[127.01521,37.74057],[127.01526,37.74057],[127.0153,37.74063],[127.01542,37.74061],[127.01546,37.74056],[127.01558,37.74056],[127.0156,37.7406],[127.01576,37.74058],[127.01585,37.74064],[127.01586,37.74078],[127.016,37.74084],[127.01607,37.74084],[127.01612,37.74073],[127.01621,37.74071],[127.01625,37.74064],[127.01632,37.74064],[127.01634,37.74068],[127.01639,37.74068],[127.01639,37.74079],[127.01632,37.74079],[127.01634,37.7409],[127.01629,37.74093],[127.01613,37.74095],[127.01613,37.741],[127.0162,37.74109],[127.01652,37.74106],[127.01668,37.74097],[127.01697,37.74093],[127.01702,37.74091],[127.01702,37.74085],[127.01709,37.7408],[127.0173,37.74077],[127.01734,37.74073],[127.01734,37.74068],[127.01741,37.74068],[127.01741,37.74073],[127.01764,37.74072],[127.01773,37.74081],[127.01784,37.74081],[127.01793,37.74089],[127.01793,37.74094],[127.01797,37.74094],[127.01804,37.74111],[127.01815,37.7412],[127.01826,37.74136],[127.01839,37.74138],[127.01839,37.74129],[127.01828,37.74122],[127.01826,37.74115],[127.01811,37.741],[127.01802,37.74078],[127.01791,37.74073],[127.01793,37.74062],[127.01807,37.74058],[127.01814,37.74051],[127.01839,37.74052],[127.01846,37.74048],[127.01873,37.74047],[127.0188,37.74043],[127.01894,37.74045],[127.01896,37.74049],[127.01919,37.74049],[127.01928,37.74046],[127.01928,37.74041],[127.01957,37.74041],[127.01966,37.7405],[127.01975,37.74054],[127.01975,37.74058],[127.01982,37.74058],[127.01984,37.74061],[127.01993,37.74063],[127.01993,37.74071],[127.01984,37.74074],[127.01984,37.74079],[127.01965,37.74092],[127.01965,37.74097],[127.01956,37.74104],[127.01951,37.74104],[127.01944,37.74113],[127.01926,37.74114],[127.01926,37.74122],[127.01921,37.74123],[127.01921,37.74138],[127.01911,37.74148],[127.01911,37.74156],[127.01923,37.74158],[127.01922,37.74168],[127.01915,37.74168],[127.01913,37.74188],[127.01817,37.74187],[127.01817,37.7419],[127.0181,37.7419],[127.01806,37.74194],[127.01788,37.74195],[127.01781,37.74199],[127.01747,37.74198],[127.01742,37.74205],[127.01733,37.74205]],[[127.01431,37.74112],[127.01438,37.74112],[127.01438,37.74104],[127.01431,37.74104],[127.01431,37.74112]],[[127.01423,37.74093],[127.01445,37.74092],[127.0145,37.74087],[127.01459,37.74085],[127.01459,37.7408],[127.01439,37.74077],[127.01434,37.74085],[127.01423,37.74088],[127.01423,37.74093]],[[127.01469,37.74076],[127.0148,37.74075],[127.01483,37.74062],[127.01473,37.74064],[127.01469,37.74076]],[[127.01553,37.73982],[127.01569,37.73982],[127.01571,37.73979],[127.01576,37.73979],[127.01576,37.73968],[127.01571,37.73968],[127.01569,37.73964],[127.0156,37.73964],[127.01555,37.73968],[127.01553,37.73982]],[[127.01283,37.73786],[127.01292,37.73787],[127.01293,37.73781],[127.01283,37.73781],[127.01283,37.73786]]]}},{"type":"Feature","properties":{"valleyId":"angol","layer":"canopy","date":"2026-08-01"},"geometry":{"type":"Polygon","coordinates":[[[127.01141,37.73761],[127.01137,37.73759],[127.01139,37.73748],[127.01153,37.73746],[127.0116,37.73741],[127.01176,37.73743],[127.01175,37.7375],[127.01168,37.73757],[127.01162,37.73757],[127.01157,37.73761],[127.01141,37.73761]]]}},{"type":"Feature","properties":{"valleyId":"angol","layer":"canopy","date":"2026-08-01"},"geometry":{"type":"Polygon","coordinates":[[[127.02542,37.73755],[127.02542,37.73748],[127.02549,37.73748],[127.02548,37.73755],[127.02542,37.73755]]]}},{"type":"Feature","properties":{"valleyId":"angol","layer":"canopy","date":"2026-08-01"},"geometry":{"type":"Polygon","coordinates":[[[127.0159,37.73862],[127.01583,37.73858],[127.01574,37.73858],[127.01574,37.73854],[127.01554,37.73854],[127.01536,37.73845],[127.01525,37.73843],[127.0152,37.73835],[127.01516,37.73835],[127.01516,37.73832],[127.015,37.73821],[127.01482,37.73819],[127.01467,37.73806],[127.01442,37.73802],[127.0144,37.73798],[127.01433,37.73798],[127.01406,37.73787],[127.01397,37.73774],[127.01379,37.73772],[127.01377,37.73765],[127.01389,37.73756],[127.01389,37.73749],[127.01396,37.73743],[127.01403,37.73724],[127.0141,37.73718],[127.01419,37.73718],[127.01424,37.73722],[127.01425,37.7374],[127.01446,37.73739],[127.0145,37.73733],[127.01471,37.73732],[127.01473,37.73741],[127.0148,37.73743],[127.0148,37.73748],[127.01493,37.73748],[127.01495,37.73752],[127.01504,37.73752],[127.01516,37.73747],[127.0153,37.73747],[127.01536,37.73742],[127.01546,37.73742],[127.01552,37.73746],[127.01552,37.73753],[127.01559,37.73753],[127.01563,37.7376],[127.01583,37.73766],[127.01581,37.73777],[127.01594,37.73783],[127.01603,37.73783],[127.01603,37.73794],[127.01621,37.7379],[127.01626,37.73796],[127.01644,37.73796],[127.01653,37.73802],[127.01676,37.738],[127.01684,37.73808],[127.01684,37.73826],[127.01675,37.73838],[127.01668,37.73838],[127.01668,37.73833],[127.01661,37.73827],[127.0163,37.73826],[127.01625,37.73841],[127.01618,37.73844],[127.01618,37.73852],[127.01611,37.73855],[127.01611,37.73859],[127.01606,37.73862],[127.0159,37.73862]]]}},{"type":"Feature","properties":{"valleyId":"angol","layer":"canopy","date":"2026-08-01"},"geometry":{"type":"Polygon","coordinates":[[[127.01358,37.73703],[127.01358,37.73698],[127.01365,37.73698],[127.01365,37.73703],[127.01358,37.73703]]]}},{"type":"Feature","properties":{"valleyId":"angol","layer":"canopy","date":"2026-08-01"},"geometry":{"type":"Polygon","coordinates":[[[127.01104,37.7369],[127.01105,37.73684],[127.01111,37.73684],[127.01111,37.7369],[127.01104,37.7369]]]}},{"type":"Feature","properties":{"valleyId":"angol","layer":"canopy","date":"2026-08-01"},"geometry":{"type":"Polygon","coordinates":[[[127.03678,37.73697],[127.0368,37.73688],[127.03689,37.73686],[127.03687,37.73697],[127.03678,37.73697]]]}},{"type":"Feature","properties":{"valleyId":"angol","layer":"canopy","date":"2026-08-01"},"geometry":{"type":"Polygon","coordinates":[[[127.03819,37.73697],[127.03817,37.73686],[127.03823,37.73683],[127.03833,37.73683],[127.03832,37.73692],[127.03825,37.73697],[127.03819,37.73697]]]}},{"type":"Feature","properties":{"valleyId":"angol","layer":"canopy","date":"2026-08-01"},"geometry":{"type":"Polygon","coordinates":[[[127.01317,37.73643],[127.01319,37.73636],[127.0133,37.73638],[127.0133,37.73643],[127.01317,37.73643]]]}},{"type":"Feature","properties":{"valleyId":"angol","layer":"canopy","date":"2026-08-01"},"geometry":{"type":"Polygon","coordinates":[[[127.02914,37.73661],[127.02912,37.73644],[127.02921,37.73645],[127.02925,37.73661],[127.02914,37.73661]]]}},{"type":"Feature","properties":{"valleyId":"angol","layer":"canopy","date":"2026-08-01"},"geometry":{"type":"Polygon","coordinates":[[[127.01627,37.73578],[127.01627,37.73572],[127.01636,37.73572],[127.01636,37.73578],[127.01627,37.73578]]]}},{"type":"Feature","properties":{"valleyId":"angol","layer":"canopy","date":"2026-08-01"},"geometry":{"type":"Polygon","coordinates":[[[127.01856,37.73827],[127.01847,37.73823],[127.01848,37.73819],[127.01843,37.73817],[127.01843,37.7381],[127.01832,37.73808],[127.01832,37.73803],[127.01843,37.73803],[127.0185,37.73798],[127.01855,37.73798],[127.01855,37.73791],[127.01846,37.73785],[127.01839,37.73785],[127.01835,37.73778],[127.01828,37.73778],[127.0183,37.73796],[127.01801,37.73797],[127.01798,37.738],[127.01785,37.73797],[127.01785,37.73789],[127.01789,37.7379],[127.0179,37.73784],[127.01785,37.73784],[127.01776,37.73777],[127.01779,37.73739],[127.01784,37.73735],[127.01782,37.73719],[127.01769,37.73721],[127.01766,37.73717],[127.01746,37.73717],[127.01742,37.73704],[127.01733,37.73697],[127.01733,37.73691],[127.01726,37.73689],[127.01722,37.73684],[127.01724,37.73671],[127.01715,37.73669],[127.01713,37.73662],[127.017,37.73662],[127.01698,37.73658],[127.01691,37.73658],[127.0169,37.73671],[127.01695,37.73674],[127.01694,37.73692],[127.01712,37.73696],[127.01712,37.73705],[127.01703,37.73712],[127.01689,37.73714],[127.01673,37.73721],[127.01664,37.73721],[127.01662,37.73717],[127.01657,37.73717],[127.01655,37.73708],[127.01644,37.73706],[127.01629,37.73693],[127.01631,37.73675],[127.01624,37.73675],[127.01625,37.73664],[127.01629,37.73659],[127.01634,37.73659],[127.01635,37.73605],[127.01643,37.73592],[127.01641,37.73576],[127.01645,37.73569],[127.01702,37.73566],[127.01738,37.73571],[127.01777,37.7358],[127.01828,37.73605],[127.01864,37.73632],[127.01864,37.73638],[127.01868,37.73638],[127.0187,37.73643],[127.01877,37.73647],[127.01899,37.7368],[127.01912,37.73716],[127.01912,37.73774],[127.01905,37.738],[127.01895,37.7382],[127.01888,37.7382],[127.01879,37.73825],[127.01856,37.73827]],[[127.01806,37.73775],[127.01817,37.73776],[127.01817,37.7377],[127.01806,37.7377],[127.01806,37.73775]]]}},{"type":"Feature","properties":{"valleyId":"angol","layer":"canopy","date":"2026-08-01"},"geometry":{"type":"Polygon","coordinates":[[[127.03583,37.73603],[127.03583,37.73596],[127.03597,37.73596],[127.03596,37.73604],[127.03583,37.73603]]]}},{"type":"Feature","properties":{"valleyId":"angol","layer":"canopy","date":"2026-08-01"},"geometry":{"type":"Polygon","coordinates":[[[127.01131,37.73625],[127.01131,37.7362],[127.01143,37.73611],[127.01143,37.73607],[127.01159,37.73597],[127.01159,37.73593],[127.0117,37.73593],[127.01171,37.73586],[127.01178,37.73581],[127.01184,37.73581],[127.01185,37.73577],[127.01196,37.7357],[127.01205,37.73569],[127.01212,37.73564],[127.01235,37.73564],[127.01237,37.7356],[127.01244,37.7356],[127.01247,37.73551],[127.01253,37.73552],[127.01255,37.73555],[127.01269,37.73555],[127.01272,37.73547],[127.01292,37.73549],[127.01289,37.73559],[127.01296,37.7356],[127.01296,37.73569],[127.01287,37.73568],[127.01287,37.73574],[127.013,37.73578],[127.01295,37.73597],[127.01302,37.73597],[127.01302,37.73608],[127.01306,37.7361],[127.01306,37.73616],[127.01218,37.73609],[127.01213,37.73607],[127.01213,37.73601],[127.01209,37.73598],[127.012,37.73596],[127.01198,37.73585],[127.01191,37.73585],[127.01191,37.73596],[127.01184,37.73597],[127.01186,37.7361],[127.0119,37.7361],[127.0119,37.73615],[127.01167,37.73622],[127.01156,37.73622],[127.01154,37.73617],[127.01147,37.73616],[127.01147,37.73626],[127.01131,37.73625]]]}},{"type":"Feature","properties":{"valleyId":"angol","layer":"canopy","date":"2026-08-01"},"geometry":{"type":"Polygon","coordinates":[[[127.01563,37.73687],[127.01561,37.73678],[127.01554,37.73672],[127.01552,37.73661],[127.01541,37.73654],[127.01539,37.73645],[127.0153,37.73643],[127.01521,37.73643],[127.01519,37.73646],[127.01496,37.73646],[127.01496,37.73639],[127.01487,37.73638],[127.0148,37.7364],[127.0148,37.73649],[127.01471,37.7366],[127.01455,37.73663],[127.01439,37.73661],[127.01428,37.73632],[127.01403,37.73628],[127.01394,37.73624],[127.0139,37.73619],[127.01381,37.73617],[127.01377,37.73611],[127.01368,37.73609],[127.01368,37.73606],[127.01363,37.73604],[127.01363,37.73597],[127.01368,37.73593],[127.01368,37.73575],[127.01362,37.73575],[127.01361,37.73582],[127.01352,37.73591],[127.01354,37.73609],[127.01345,37.73616],[127.01331,37.73616],[127.01329,37.73594],[127.01325,37.73594],[127.01325,37.73582],[127.01316,37.73571],[127.01317,37.73544],[127.01351,37.73544],[127.01376,37.73548],[127.01376,37.73554],[127.01371,37.73554],[127.01367,37.73561],[127.01369,37.7357],[127.01375,37.7357],[127.01378,37.73565],[127.01385,37.73561],[127.01385,37.73552],[127.01405,37.73556],[127.01414,37.73562],[127.0143,37.73565],[127.01432,37.73569],[127.01441,37.73571],[127.01443,37.73575],[127.01461,37.73582],[127.0147,37.73591],[127.01475,37.73591],[127.01501,37.73615],[127.0151,37.73628],[127.01517,37.73628],[127.01545,37.73605],[127.01549,37.73605],[127.01563,37.73595],[127.01607,37.73577],[127.01616,37.73578],[127.01613,37.73592],[127.01597,37.7359],[127.01599,37.73597],[127.01613,37.73597],[127.01613,37.73606],[127.01601,37.73608],[127.01601,37.7363],[127.01591,37.7364],[127.01591,37.73667],[127.01584,37.73671],[127.01584,37.73678],[127.01574,37.73687],[127.01563,37.73687]]]}},{"type":"Feature","properties":{"valleyId":"angol","layer":"canopy","date":"2026-08-01"},"geometry":{"type":"Polygon","coordinates":[[[127.0346,37.73518],[127.0346,37.73511],[127.03478,37.73511],[127.03478,37.73517],[127.0346,37.73518]]]}},{"type":"Feature","properties":{"valleyId":"angol","layer":"canopy","date":"2026-08-01"},"geometry":{"type":"Polygon","coordinates":[[[127.03871,37.73518],[127.03869,37.73509],[127.03876,37.73509],[127.03878,37.73518],[127.03871,37.73518]]]}},{"type":"Feature","properties":{"valleyId":"angol","layer":"canopy","date":"2026-08-01"},"geometry":{"type":"Polygon","coordinates":[[[127.03295,37.73489],[127.03295,37.73483],[127.03302,37.73483],[127.03302,37.73489],[127.03295,37.73489]]]}},{"type":"Feature","properties":{"valleyId":"angol","layer":"canopy","date":"2026-08-01"},"geometry":{"type":"Polygon","coordinates":[[[127.03298,37.73471],[127.03298,37.73463],[127.03305,37.73463],[127.03305,37.73471],[127.03298,37.73471]]]}},{"type":"Feature","properties":{"valleyId":"angol","layer":"canopy","date":"2026-08-01"},"geometry":{"type":"Polygon","coordinates":[[[127.03815,37.73477],[127.03815,37.7347],[127.03822,37.7347],[127.03822,37.73477],[127.03815,37.73477]]]}},{"type":"Feature","properties":{"valleyId":"angol","layer":"canopy","date":"2026-08-01"},"geometry":{"type":"Polygon","coordinates":[[[127.0306,37.7398],[127.0306,37.73971],[127.03069,37.73962],[127.0307,37.73952],[127.03065,37.7395],[127.03048,37.73922],[127.03033,37.73872],[127.03034,37.73834],[127.03042,37.73805],[127.03066,37.73762],[127.0307,37.73761],[127.03073,37.73753],[127.03084,37.73745],[127.03084,37.73741],[127.031,37.7373],[127.03101,37.73727],[127.03144,37.73701],[127.0316,37.73697],[127.0316,37.73694],[127.03174,37.7369],[127.03177,37.73667],[127.03186,37.73665],[127.03189,37.73658],[127.0318,37.73658],[127.0318,37.73651],[127.03162,37.73632],[127.0316,37.73625],[127.03156,37.73623],[127.03149,37.73605],[127.03174,37.73604],[127.03179,37.73593],[127.03179,37.7358],[127.03186,37.7358],[127.03184,37.73564],[127.03203,37.73563],[127.03209,37.73559],[127.0321,37.73554],[127.03223,37.7355],[127.03224,37.73538],[127.03215,37.73536],[127.03215,37.73529],[127.03224,37.73522],[127.03227,37.73511],[127.0324,37.73506],[127.03241,37.73498],[127.03252,37.73495],[127.03252,37.73488],[127.03268,37.73488],[127.03268,37.73484],[127.03277,37.73481],[127.03277,37.73476],[127.03268,37.73474],[127.03273,37.73463],[127.03266,37.73463],[127.03267,37.73456],[127.03278,37.73456],[127.03284,37.73469],[127.03289,37.73469],[127.03291,37.73472],[127.03303,37.73472],[127.03302,37.73478],[127.03289,37.73479],[127.03288,37.73499],[127.03284,37.73499],[127.03283,37.73505],[127.0329,37.73505],[127.0329,37.73499],[127.03322,37.73502],[127.03336,37.73495],[127.03343,37.73495],[127.03345,37.73491],[127.03354,37.73493],[127.03354,37.73508],[127.03349,37.73511],[127.03333,37.73511],[127.03322,37.73507],[127.03302,37.7351],[127.03301,37.73517],[127.03306,37.73519],[127.03306,37.73525],[127.03312,37.73528],[127.03312,37.73532],[127.03324,37.73534],[127.03328,37.73538],[127.0333,37.73547],[127.03337,37.73549],[127.03339,37.73565],[127.03348,37.73572],[127.03347,37.73578],[127.03341,37.73579],[127.03336,37.73587],[127.0332,37.73584],[127.03315,37.7359],[127.03304,37.7359],[127.03304,37.73595],[127.0334,37.73592],[127.03343,37.73588],[127.03354,37.73587],[127.03354,37.73572],[127.03384,37.73575],[127.03388,37.73571],[127.03395,37.73571],[127.03423,37.73548],[127.0345,37.73554],[127.03453,37.73547],[127.03466,37.73544],[127.03466,37.73538],[127.03453,37.73538],[127.03453,37.73533],[127.03473,37.73533],[127.03473,37.73537],[127.0348,37.73537],[127.03482,37.73564],[127.03477,37.73583],[127.0347,37.73589],[127.03469,37.73596],[127.03474,37.73598],[127.03474,37.7361],[127.03467,37.73618],[127.03448,37.73617],[127.03444,37.73614],[127.03389,37.73616],[127.03389,37.73623],[127.03373,37.73623],[127.03367,37.73627],[127.03339,37.73626],[127.03337,37.73633],[127.0333,37.73635],[127.0333,37.73642],[127.03337,37.73642],[127.03336,37.73646],[127.03341,37.73648],[127.03341,37.73655],[127.03336,37.73657],[127.03336,37.73668],[127.03324,37.73671],[127.03318,37.73671],[127.03313,37.73667],[127.03313,37.7366],[127.0332,37.73658],[127.03318,37.73642],[127.03323,37.73642],[127.03323,37.73635],[127.03328,37.73635],[127.03328,37.7363],[127.03317,37.7362],[127.03289,37.73622],[127.03285,37.73627],[127.03273,37.73627],[127.03253,37.73636],[127.03253,37.73641],[127.03257,37.73645],[127.03268,37.73645],[127.03271,37.7365],[127.0327,37.73656],[127.03255,37.73655],[127.03256,37.73668],[127.03272,37.73665],[127.03288,37.73667],[127.03293,37.73671],[127.03292,37.7368],[127.03322,37.73676],[127.03322,37.73682],[127.03331,37.73682],[127.03328,37.73698],[127.03335,37.73704],[127.03351,37.73704],[127.03358,37.73708],[127.03398,37.73707],[127.03423,37.73709],[127.03428,37.73712],[127.03435,37.73713],[127.03437,37.73718],[127.03441,37.73718],[127.03443,37.73725],[127.03457,37.73726],[127.03456,37.73745],[127.03445,37.73751],[127.03386,37.7375],[127.03361,37.73738],[127.03354,37.73738],[127.03352,37.73735],[127.03325,37.73732],[127.03318,37.73727],[127.03312,37.73727],[127.03305,37.73732],[127.03289,37.73732],[127.03287,37.73728],[127.03275,37.73728],[127.03279,37.73742],[127.03273,37.73744],[127.0327,37.73757],[127.0329,37.73762],[127.03299,37.73773],[127.03295,37.73827],[127.0327,37.73825],[127.03252,37.7383],[127.03234,37.7383],[127.03216,37.73842],[127.03224,37.73871],[127.03233,37.73879],[127.03249,37.73877],[127.03267,37.73883],[127.03269,37.73894],[127.03275,37.73894],[127.03278,37.73888],[127.03289,37.73887],[127.03289,37.73892],[127.03282,37.73894],[127.03282,37.73901],[127.03287,37.73903],[127.03298,37.73901],[127.03298,37.73892],[127.03303,37.73891],[127.03305,37.73882],[127.03351,37.73881],[127.03358,37.73875],[127.03367,37.73875],[127.03367,37.73872],[127.03371,37.7387],[127.03392,37.73869],[127.03396,37.73872],[127.03398,37.73881],[127.03426,37.73878],[127.0343,37.73884],[127.03453,37.73888],[127.03455,37.73899],[127.03452,37.73902],[127.03448,37.73902],[127.03448,37.73909],[127.03443,37.73909],[127.03438,37.73916],[127.03431,37.73918],[127.03427,37.73923],[127.03411,37.73925],[127.03406,37.73936],[127.03399,37.73935],[127.03395,37.7393],[127.03386,37.7393],[127.0337,37.73917],[127.03354,37.73918],[127.03354,37.73927],[127.03347,37.73927],[127.03345,37.73931],[127.03311,37.73929],[127.03309,37.73912],[127.03302,37.73912],[127.03302,37.73923],[127.03297,37.73925],[127.03297,37.73928],[127.0329,37.73928],[127.03286,37.73914],[127.03277,37.73912],[127.03277,37.73921],[127.03272,37.73921],[127.03263,37.7393],[127.03256,37.73931],[127.03254,37.73942],[127.03249,37.73946],[127.03242,37.73945],[127.0324,37.73936],[127.03233,37.73936],[127.03225,37.73927],[127.03216,37.73927],[127.03216,37.73923],[127.03211,37.73923],[127.03198,37.73912],[127.03198,37.73909],[127.03189,37.73905],[127.03187,37.73887],[127.03176,37.73885],[127.03173,37.73894],[127.03159,37.73913],[127.03145,37.73917],[127.03123,37.73916],[127.03118,37.73913],[127.03107,37.73913],[127.03104,37.73929],[127.03095,37.73938],[127.03086,37.73939],[127.0309,37.73961],[127.03083,37.7397],[127.03083,37.73979],[127.03067,37.73975],[127.03067,37.7398],[127.0306,37.7398]],[[127.03169,37.73874],[127.03178,37.73872],[127.03174,37.73861],[127.03165,37.73861],[127.03169,37.73874]],[[127.03154,37.73854],[127.0317,37.73852],[127.0317,37.73847],[127.03161,37.73838],[127.03154,37.73838],[127.03154,37.73843],[127.0315,37.73843],[127.03154,37.73854]],[[127.03096,37.73811],[127.03103,37.73812],[127.03103,37.73806],[127.03096,37.73806],[127.03096,37.73811]],[[127.03097,37.73792],[127.03103,37.73792],[127.03104,37.73786],[127.03097,37.73786],[127.03097,37.73792]],[[127.03227,37.73653],[127.03241,37.73652],[127.03241,37.73646],[127.03223,37.73644],[127.03223,37.73635],[127.03214,37.73635],[127.03207,37.7364],[127.03207,37.73646],[127.03218,37.73646],[127.03218,37.73649],[127.03225,37.7365],[127.03227,37.73653]],[[127.03296,37.73615],[127.03303,37.73615],[127.03306,37.736],[127.03299,37.736],[127.03296,37.73615]],[[127.0325,37.7356],[127.03262,37.7356],[127.0326,37.73549],[127.03253,37.73549],[127.0325,37.7356]]]}},{"type":"Feature","properties":{"valleyId":"angol","layer":"canopy","date":"2026-08-01"},"geometry":{"type":"Polygon","coordinates":[[[127.03368,37.73499],[127.03359,37.73491],[127.03359,37.73486],[127.03368,37.73483],[127.03373,37.73477],[127.03386,37.73476],[127.03398,37.73463],[127.03405,37.73463],[127.03412,37.73458],[127.03416,37.73458],[127.03421,37.73451],[127.03428,37.73451],[127.03428,37.73444],[127.03437,37.73444],[127.03439,37.73458],[127.03435,37.73458],[127.03425,37.73467],[127.03416,37.73467],[127.03414,37.73472],[127.03407,37.73472],[127.03402,37.73476],[127.03397,37.73485],[127.03386,37.73485],[127.03386,37.73488],[127.03377,37.73492],[127.03377,37.73497],[127.03368,37.73499]]]}},{"type":"Feature","properties":{"valleyId":"angol","layer":"canopy","date":"2026-08-01"},"geometry":{"type":"Polygon","coordinates":[[[127.03448,37.73453],[127.03449,37.73442],[127.0348,37.73443],[127.03478,37.73452],[127.03448,37.73453]]]}},{"type":"Feature","properties":{"valleyId":"angol","layer":"canopy","date":"2026-08-01"},"geometry":{"type":"Polygon","coordinates":[[[127.03285,37.73431],[127.03286,37.73425],[127.03292,37.73425],[127.03292,37.73431],[127.03285,37.73431]]]}},{"type":"Feature","properties":{"valleyId":"angol","layer":"canopy","date":"2026-08-01"},"geometry":{"type":"Polygon","coordinates":[[[127.03301,37.73427],[127.03302,37.7342],[127.03308,37.7342],[127.03311,37.73428],[127.03301,37.73427]]]}},{"type":"Feature","properties":{"valleyId":"angol","layer":"canopy","date":"2026-08-01"},"geometry":{"type":"Polygon","coordinates":[[[127.03535,37.73422],[127.03535,37.73417],[127.03542,37.73417],[127.03542,37.73422],[127.03535,37.73422]]]}},{"type":"Feature","properties":{"valleyId":"angol","layer":"canopy","date":"2026-08-01"},"geometry":{"type":"Polygon","coordinates":[[[127.03409,37.73404],[127.03407,37.73397],[127.03416,37.73397],[127.03416,37.73404],[127.03409,37.73404]]]}},{"type":"Feature","properties":{"valleyId":"angol","layer":"canopy","date":"2026-08-01"},"geometry":{"type":"Polygon","coordinates":[[[127.03197,37.73413],[127.03191,37.73407],[127.03175,37.73405],[127.03175,37.73396],[127.03184,37.73391],[127.03196,37.73391],[127.032,37.73384],[127.03234,37.73385],[127.03232,37.73396],[127.03223,37.73399],[127.03223,37.73404],[127.03209,37.7341],[127.03206,37.73413],[127.03197,37.73413]]]}},{"type":"Feature","properties":{"valleyId":"angol","layer":"canopy","date":"2026-08-01"},"geometry":{"type":"Polygon","coordinates":[[[127.03826,37.73405],[127.03826,37.73396],[127.03836,37.73395],[127.03838,37.73404],[127.03826,37.73405]]]}},{"type":"Feature","properties":{"valleyId":"angol","layer":"canopy","date":"2026-08-01"},"geometry":{"type":"Polygon","coordinates":[[[127.03338,37.73415],[127.03322,37.73408],[127.03309,37.73406],[127.03309,37.73395],[127.03305,37.73395],[127.03305,37.7339],[127.03314,37.73381],[127.03314,37.73375],[127.03333,37.73367],[127.03333,37.73361],[127.03328,37.73361],[127.03328,37.73356],[127.03333,37.73356],[127.03333,37.73345],[127.0334,37.73345],[127.03342,37.73352],[127.03351,37.73358],[127.03346,37.73385],[127.03349,37.73414],[127.03338,37.73415]]]}},{"type":"Feature","properties":{"valleyId":"angol","layer":"canopy","date":"2026-08-01"},"geometry":{"type":"Polygon","coordinates":[[[127.03309,37.73309],[127.03309,37.73303],[127.03325,37.73303],[127.03325,37.73309],[127.03309,37.73309]]]}},{"type":"Feature","properties":{"valleyId":"angol","layer":"canopy","date":"2026-08-01"},"geometry":{"type":"Polygon","coordinates":[[[127.03327,37.73332],[127.03327,37.73318],[127.03336,37.73314],[127.03339,37.73295],[127.03348,37.73293],[127.03343,37.73304],[127.03343,37.73311],[127.03348,37.73313],[127.03345,37.73329],[127.0334,37.73332],[127.03327,37.73332]]]}},{"type":"Feature","properties":{"valleyId":"angol","layer":"canopy","date":"2026-08-01"},"geometry":{"type":"Polygon","coordinates":[[[127.03259,37.73297],[127.0326,37.7329],[127.03271,37.73288],[127.03271,37.73295],[127.03259,37.73297]]]}},{"type":"Feature","properties":{"valleyId":"angol","layer":"canopy","date":"2026-08-01"},"geometry":{"type":"Polygon","coordinates":[[[127.03448,37.73293],[127.03439,37.73291],[127.03437,37.73284],[127.03453,37.73284],[127.03466,37.73288],[127.03466,37.73293],[127.03448,37.73293]]]}},{"type":"Feature","properties":{"valleyId":"angol","layer":"canopy","date":"2026-08-01"},"geometry":{"type":"Polygon","coordinates":[[[127.03378,37.73283],[127.03378,37.73277],[127.03385,37.73277],[127.03385,37.73283],[127.03378,37.73283]]]}},{"type":"Feature","properties":{"valleyId":"angol","layer":"canopy","date":"2026-08-01"},"geometry":{"type":"Polygon","coordinates":[[[127.03449,37.73257],[127.03436,37.73246],[127.03436,37.7324],[127.03445,37.7324],[127.03458,37.7325],[127.03458,37.73257],[127.03449,37.73257]]]}},{"type":"Feature","properties":{"valleyId":"angol","layer":"canopy","date":"2026-08-01"},"geometry":{"type":"Polygon","coordinates":[[[127.03286,37.7324],[127.03286,37.73234],[127.03293,37.73234],[127.03293,37.7324],[127.03286,37.7324]]]}},{"type":"Feature","properties":{"valleyId":"angol","layer":"canopy","date":"2026-08-01"},"geometry":{"type":"Polygon","coordinates":[[[127.03397,37.73243],[127.03397,37.73236],[127.03402,37.73234],[127.03427,37.73235],[127.03429,37.73238],[127.03434,37.73239],[127.03433,37.73244],[127.03397,37.73243]]]}},{"type":"Feature","properties":{"valleyId":"angol","layer":"canopy","date":"2026-08-01"},"geometry":{"type":"Polygon","coordinates":[[[127.0337,37.73239],[127.03366,37.73232],[127.03366,37.73219],[127.03377,37.73216],[127.03375,37.73201],[127.03387,37.732],[127.03389,37.73209],[127.03393,37.73209],[127.03396,37.73213],[127.03395,37.73218],[127.03384,37.7322],[127.03379,37.73223],[127.03381,37.73236],[127.03377,37.73239],[127.0337,37.73239]]]}},{"type":"Feature","properties":{"valleyId":"angol","layer":"canopy","date":"2026-08-01"},"geometry":{"type":"Polygon","coordinates":[[[127.03947,37.73213],[127.03945,37.73204],[127.03963,37.73206],[127.03961,37.73213],[127.03947,37.73213]]]}},{"type":"Feature","properties":{"valleyId":"angol","layer":"canopy","date":"2026-08-01"},"geometry":{"type":"Polygon","coordinates":[[[127.03146,37.73194],[127.03135,37.7319],[127.03134,37.73169],[127.03143,37.73169],[127.03142,37.73174],[127.03149,37.73181],[127.03169,37.73184],[127.03169,37.73194],[127.03162,37.73194],[127.03162,37.73191],[127.03146,37.73194]]]}},{"type":"Feature","properties":{"valleyId":"angol","layer":"canopy","date":"2026-08-01"},"geometry":{"type":"Polygon","coordinates":[[[127.03166,37.73148],[127.03164,37.7314],[127.03177,37.73142],[127.03177,37.73148],[127.03166,37.73148]]]}},{"type":"Feature","properties":{"valleyId":"angol","layer":"canopy","date":"2026-08-01"},"geometry":{"type":"Polygon","coordinates":[[[127.03363,37.73145],[127.03363,37.7314],[127.0337,37.7314],[127.0337,37.73146],[127.03363,37.73145]]]}},{"type":"Feature","properties":{"valleyId":"angol","layer":"canopy","date":"2026-08-01"},"geometry":{"type":"Polygon","coordinates":[[[127.03433,37.73154],[127.03431,37.7315],[127.03427,37.7315],[127.03425,37.73141],[127.03441,37.73141],[127.03445,37.73145],[127.03447,37.73154],[127.03433,37.73154]]]}},{"type":"Feature","properties":{"valleyId":"angol","layer":"canopy","date":"2026-08-01"},"geometry":{"type":"Polygon","coordinates":[[[127.03159,37.73137],[127.0316,37.73129],[127.03166,37.7313],[127.03166,37.73137],[127.03159,37.73137]]]}},{"type":"Feature","properties":{"valleyId":"angol","layer":"canopy","date":"2026-08-01"},"geometry":{"type":"Polygon","coordinates":[[[127.03359,37.73126],[127.03359,37.7312],[127.03369,37.73118],[127.03368,37.73126],[127.03359,37.73126]]]}},{"type":"Feature","properties":{"valleyId":"angol","layer":"canopy","date":"2026-08-01"},"geometry":{"type":"Polygon","coordinates":[[[127.0343,37.73132],[127.03416,37.7313],[127.03414,37.73117],[127.03428,37.73116],[127.03441,37.7312],[127.03439,37.73132],[127.0343,37.73132]]]}},{"type":"Feature","properties":{"valleyId":"angol","layer":"canopy","date":"2026-08-01"},"geometry":{"type":"Polygon","coordinates":[[[127.02988,37.73525],[127.02986,37.73516],[127.02988,37.73505],[127.02993,37.73503],[127.02993,37.73494],[127.02989,37.73494],[127.02987,37.73491],[127.02987,37.7348],[127.02998,37.73478],[127.02996,37.73469],[127.02978,37.73467],[127.02978,37.7348],[127.02953,37.73481],[127.02953,37.73486],[127.02955,37.7349],[127.02959,37.7349],[127.02959,37.73496],[127.02966,37.73496],[127.02965,37.73517],[127.02936,37.73515],[127.02891,37.73498],[127.02873,37.73485],[127.02869,37.73485],[127.02842,37.73465],[127.02842,37.73461],[127.02831,37.73454],[127.02831,37.7345],[127.02816,37.73435],[127.02792,37.73388],[127.02786,37.73357],[127.02789,37.73312],[127.02804,37.73273],[127.02825,37.73243],[127.02837,37.73234],[127.02837,37.7323],[127.02848,37.73223],[127.02849,37.7322],[127.02885,37.73195],[127.02931,37.73176],[127.02968,37.73168],[127.03025,37.73165],[127.03029,37.73169],[127.03029,37.73183],[127.03033,37.73194],[127.03044,37.73203],[127.03058,37.73203],[127.03062,37.73196],[127.03072,37.73191],[127.03072,37.73187],[127.03079,37.73184],[127.03072,37.73168],[127.03059,37.73166],[127.03064,37.73148],[127.03071,37.73148],[127.03073,37.73151],[127.03084,37.73152],[127.03088,37.73161],[127.03093,37.73163],[127.03118,37.73163],[127.03122,37.73167],[127.03122,37.73176],[127.03117,37.73176],[127.03117,37.73183],[127.03106,37.73186],[127.03103,37.7319],[127.03103,37.73213],[127.03107,37.73215],[127.03126,37.73214],[127.0314,37.73199],[127.03174,37.732],[127.03178,37.73205],[127.03201,37.73204],[127.0321,37.73199],[127.0321,37.73192],[127.03201,37.7319],[127.03194,37.73184],[127.03195,37.73177],[127.03186,37.73169],[127.03189,37.73135],[127.03187,37.7313],[127.0318,37.73126],[127.0318,37.73121],[127.03189,37.73115],[127.0319,37.73101],[127.03197,37.73101],[127.03201,37.73105],[127.03201,37.73112],[127.03224,37.73112],[127.0323,37.7312],[127.03235,37.7312],[127.03244,37.73129],[127.0325,37.73131],[127.03254,37.73162],[127.03249,37.73162],[127.03247,37.73165],[127.03244,37.73181],[127.0324,37.73183],[127.0324,37.73187],[127.03233,37.73188],[127.03232,37.73212],[127.03234,37.73217],[127.03246,37.73219],[127.03245,37.73226],[127.03236,37.73233],[127.03231,37.73242],[127.03227,37.73242],[127.03222,37.73248],[127.03215,37.73247],[127.03213,37.73258],[127.03204,37.73262],[127.03204,37.73265],[127.03187,37.73278],[127.03187,37.73281],[127.03167,37.73283],[127.03162,37.73288],[127.03149,37.73288],[127.03146,37.73291],[127.03142,37.73291],[127.03141,37.733],[127.0315,37.73309],[127.0315,37.73322],[127.03141,37.73329],[127.03125,37.73329],[127.03125,37.73325],[127.03116,37.73322],[127.03098,37.73325],[127.03093,37.73319],[127.03077,37.73319],[127.03061,37.73328],[127.03054,37.73344],[127.03056,37.73358],[127.0307,37.73357],[127.03065,37.73341],[127.03084,37.73339],[127.03083,37.73346],[127.03111,37.73347],[127.0311,37.73359],[127.03115,37.73361],[127.03115,37.73367],[127.03119,37.73367],[127.03126,37.73372],[127.0313,37.73381],[127.03128,37.73394],[127.03141,37.73394],[127.03141,37.73408],[127.03138,37.73412],[127.03127,37.73414],[127.03127,37.73424],[127.03147,37.73423],[127.03149,37.73441],[127.03156,37.73443],[127.03162,37.7345],[127.03157,37.73468],[127.03153,37.7347],[127.03155,37.73488],[127.03145,37.73493],[127.0315,37.73506],[127.03136,37.73506],[127.03136,37.73498],[127.03129,37.73498],[127.03115,37.73507],[127.03077,37.73519],[127.03031,37.73526],[127.02988,37.73525]],[[127.02979,37.73431],[127.02993,37.73431],[127.02993,37.73426],[127.02979,37.73426],[127.02979,37.73431]],[[127.0298,37.73393],[127.02989,37.73393],[127.02989,37.73384],[127.02983,37.73382],[127.02983,37.73379],[127.02962,37.73382],[127.02962,37.73387],[127.02973,37.73388],[127.02973,37.73391],[127.0298,37.73393]],[[127.02974,37.73371],[127.02981,37.73372],[127.02983,37.73361],[127.02967,37.73357],[127.02967,37.73364],[127.02974,37.73368],[127.02974,37.73371]],[[127.03055,37.7329],[127.03067,37.7329],[127.03067,37.73279],[127.03053,37.73279],[127.03055,37.7329]],[[127.03009,37.73253],[127.03018,37.73251],[127.03018,37.73244],[127.03,37.73242],[127.03,37.73247],[127.03009,37.73253]],[[127.03161,37.73248],[127.03175,37.73247],[127.03179,37.73232],[127.0315,37.73232],[127.0315,37.73241],[127.03161,37.73248]],[[127.03164,37.73225],[127.03173,37.73225],[127.03173,37.7322],[127.03169,37.73216],[127.03162,37.73216],[127.03164,37.73225]],[[127.03039,37.73214],[127.03046,37.73214],[127.03046,37.73209],[127.03039,37.73208],[127.03039,37.73214]]]}},{"type":"Feature","properties":{"valleyId":"angol","layer":"canopy","date":"2026-08-01"},"geometry":{"type":"Polygon","coordinates":[[[127.03294,37.7311],[127.03294,37.73101],[127.03303,37.73096],[127.03304,37.7309],[127.03313,37.7309],[127.03312,37.731],[127.03308,37.73101],[127.03308,37.73105],[127.03303,37.73105],[127.03301,37.7311],[127.03294,37.7311]]]}},{"type":"Feature","properties":{"valleyId":"angol","layer":"canopy","date":"2026-08-01"},"geometry":{"type":"Polygon","coordinates":[[[127.03094,37.73116],[127.03094,37.73108],[127.03099,37.73107],[127.03099,37.73103],[127.03129,37.7308],[127.0314,37.73079],[127.0314,37.73086],[127.03133,37.73086],[127.03133,37.73095],[127.03142,37.73095],[127.03142,37.73102],[127.03135,37.73102],[127.03133,37.73097],[127.03122,37.73096],[127.03122,37.73104],[127.03128,37.73104],[127.03128,37.73109],[127.03115,37.73109],[127.03101,37.73116],[127.03094,37.73116]]]}},{"type":"Feature","properties":{"valleyId":"angol","layer":"canopy","date":"2026-08-01"},"geometry":{"type":"Polygon","coordinates":[[[127.03165,37.73099],[127.03142,37.73095],[127.03143,37.73084],[127.03147,37.73084],[127.0315,37.73079],[127.03156,37.73079],[127.03163,37.7309],[127.03174,37.7309],[127.03174,37.73097],[127.03165,37.73099]]]}},{"type":"Feature","properties":{"valleyId":"angol","layer":"canopy","date":"2026-08-01"},"geometry":{"type":"Polygon","coordinates":[[[127.03372,37.73072],[127.03372,37.73064],[127.03379,37.73065],[127.03379,37.73072],[127.03372,37.73072]]]}},{"type":"Feature","properties":{"valleyId":"angol","layer":"canopy","date":"2026-08-01"},"geometry":{"type":"Polygon","coordinates":[[[127.03412,37.7311],[127.03405,37.73103],[127.03406,37.73088],[127.03413,37.73087],[127.03408,37.73072],[127.03431,37.73071],[127.03431,37.73062],[127.03438,37.73062],[127.03433,37.73094],[127.03426,37.73094],[127.03426,37.731],[127.03433,37.73102],[127.03432,37.73107],[127.03428,37.7311],[127.03412,37.7311]]]}},{"type":"Feature","properties":{"valleyId":"angol","layer":"canopy","date":"2026-08-01"},"geometry":{"type":"Polygon","coordinates":[[[127.03279,37.73068],[127.03272,37.73065],[127.03273,37.73056],[127.03277,37.73052],[127.03289,37.73052],[127.03295,37.73058],[127.03295,37.73067],[127.03279,37.73068]]]}},{"type":"Feature","properties":{"valleyId":"angol","layer":"canopy","date":"2026-08-01"},"geometry":{"type":"Polygon","coordinates":[[[127.0323,37.73049],[127.0323,37.73044],[127.03246,37.73043],[127.03243,37.7305],[127.0323,37.73049]]]}},{"type":"Feature","properties":{"valleyId":"angol","layer":"canopy","date":"2026-08-01"},"geometry":{"type":"Polygon","coordinates":[[[127.0368,37.72997],[127.03683,37.7299],[127.03701,37.72991],[127.03715,37.72987],[127.03715,37.72994],[127.0371,37.72998],[127.0368,37.72997]]]}},{"type":"Feature","properties":{"valleyId":"angol","layer":"canopy","date":"2026-08-01"},"geometry":{"type":"Polygon","coordinates":[[[127.0386,37.7297],[127.03861,37.72964],[127.0387,37.72965],[127.0387,37.7297],[127.0386,37.7297]]]}},{"type":"Feature","properties":{"valleyId":"angol","layer":"canopy","date":"2026-08-01"},"geometry":{"type":"Polygon","coordinates":[[[127.03503,37.7302],[127.03499,37.73011],[127.03489,37.73011],[127.03492,37.72996],[127.03479,37.72996],[127.03476,37.72999],[127.03472,37.72999],[127.03473,37.73016],[127.0344,37.73012],[127.0344,37.73002],[127.03454,37.72978],[127.03454,37.72968],[127.03441,37.72966],[127.03439,37.72959],[127.0345,37.72959],[127.03457,37.72952],[127.03473,37.72949],[127.03478,37.72945],[127.035,37.72946],[127.03511,37.72953],[127.03511,37.72959],[127.035,37.72966],[127.03499,37.72978],[127.03511,37.72984],[127.03517,37.73],[127.0351,37.73007],[127.0351,37.73013],[127.03514,37.73013],[127.03514,37.7302],[127.03503,37.7302]]]}},{"type":"Feature","properties":{"valleyId":"angol","layer":"canopy","date":"2026-08-01"},"geometry":{"type":"Polygon","coordinates":[[[127.03802,37.72936],[127.03803,37.72929],[127.03814,37.72928],[127.03814,37.72935],[127.03802,37.72936]]]}},{"type":"Feature","properties":{"valleyId":"angol","layer":"canopy","date":"2026-08-01"},"geometry":{"type":"Polygon","coordinates":[[[127.03848,37.72923],[127.03848,37.72916],[127.03855,37.72916],[127.03855,37.72923],[127.03848,37.72923]]]}},{"type":"Feature","properties":{"valleyId":"angol","layer":"canopy","date":"2026-08-01"},"geometry":{"type":"Polygon","coordinates":[[[127.01808,37.72853],[127.01808,37.72847],[127.01815,37.72847],[127.01814,37.72853],[127.01808,37.72853]]]}},{"type":"Feature","properties":{"valleyId":"angol","layer":"canopy","date":"2026-08-01"},"geometry":{"type":"Polygon","coordinates":[[[127.0378,37.72904],[127.03781,37.72898],[127.03788,37.72895],[127.03788,37.7288],[127.03793,37.72871],[127.03822,37.72866],[127.03819,37.7289],[127.03801,37.72893],[127.03799,37.729],[127.03792,37.72904],[127.0378,37.72904]]]}},{"type":"Feature","properties":{"valleyId":"angol","layer":"canopy","date":"2026-08-01"},"geometry":{"type":"Polygon","coordinates":[[[127.01822,37.72835],[127.0182,37.72826],[127.01826,37.72826],[127.01828,37.72835],[127.01822,37.72835]]]}},{"type":"Feature","properties":{"valleyId":"angol","layer":"canopy","date":"2026-08-01"},"geometry":{"type":"Polygon","coordinates":[[[127.03353,37.72835],[127.03354,37.72828],[127.0336,37.72828],[127.0336,37.72835],[127.03353,37.72835]]]}},{"type":"Feature","properties":{"valleyId":"angol","layer":"canopy","date":"2026-08-01"},"geometry":{"type":"Polygon","coordinates":[[[127.01991,37.72785],[127.01989,37.72778],[127.02,37.72777],[127.01998,37.72785],[127.01991,37.72785]]]}},{"type":"Feature","properties":{"valleyId":"angol","layer":"canopy","date":"2026-08-01"},"geometry":{"type":"Polygon","coordinates":[[[127.03458,37.72916],[127.03453,37.72914],[127.03451,37.72905],[127.03447,37.72902],[127.03448,37.72878],[127.03452,37.72878],[127.0345,37.72866],[127.03464,37.72868],[127.03466,37.72853],[127.03473,37.7285],[127.03474,37.72841],[127.03467,37.72837],[127.03465,37.72826],[127.03472,37.72821],[127.03472,37.7281],[127.03479,37.72808],[127.03486,37.72801],[127.03493,37.72802],[127.03492,37.72816],[127.03497,37.72818],[127.03497,37.72821],[127.03508,37.72822],[127.03522,37.72816],[127.03542,37.72817],[127.03553,37.72821],[127.03572,37.72817],[127.03572,37.72821],[127.03585,37.72823],[127.03599,37.7281],[127.03606,37.72811],[127.03613,37.72814],[127.03613,37.7282],[127.03624,37.72825],[127.03649,37.72828],[127.03651,37.72817],[127.03678,37.72817],[127.03679,37.72812],[127.03667,37.7281],[127.03656,37.72811],[127.03656,37.72815],[127.03642,37.72813],[127.0364,37.72817],[127.03628,37.72816],[127.03629,37.72809],[127.03636,37.72807],[127.03636,37.72802],[127.03649,37.72802],[127.03649,37.72799],[127.03668,37.72799],[127.0367,37.72795],[127.03677,37.72796],[127.03679,37.7279],[127.03686,37.7279],[127.0369,37.72794],[127.0372,37.72794],[127.03715,37.72814],[127.03696,37.72821],[127.0369,37.72821],[127.0369,37.72825],[127.03683,37.7283],[127.03657,37.72837],[127.03655,37.72842],[127.03621,37.7284],[127.03621,37.72847],[127.03612,37.72847],[127.03607,37.7285],[127.03571,37.72848],[127.03566,37.72851],[127.03553,37.72851],[127.03546,37.72858],[127.03516,37.7286],[127.03509,37.72865],[127.03509,37.72868],[127.035,37.72874],[127.035,37.72877],[127.03491,37.72879],[127.0349,37.72899],[127.03485,37.72906],[127.03479,37.72908],[127.03472,37.72915],[127.03458,37.72916]]]}},{"type":"Feature","properties":{"valleyId":"angol","layer":"canopy","date":"2026-08-01"},"geometry":{"type":"Polygon","coordinates":[[[127.03484,37.72798],[127.03486,37.72785],[127.03498,37.72784],[127.03493,37.72796],[127.03484,37.72798]]]}},{"type":"Feature","properties":{"valleyId":"angol","layer":"canopy","date":"2026-08-01"},"geometry":{"type":"Polygon","coordinates":[[[127.03865,37.72786],[127.03865,37.72779],[127.03872,37.72779],[127.03872,37.72786],[127.03865,37.72786]]]}},{"type":"Feature","properties":{"valleyId":"angol","layer":"canopy","date":"2026-08-01"},"geometry":{"type":"Polygon","coordinates":[[[127.03509,37.72775],[127.0351,37.72768],[127.03516,37.72768],[127.03518,37.72775],[127.03509,37.72775]]]}},{"type":"Feature","properties":{"valleyId":"angol","layer":"canopy","date":"2026-08-01"},"geometry":{"type":"Polygon","coordinates":[[[127.03594,37.72738],[127.03592,37.72729],[127.03601,37.72728],[127.03603,37.72737],[127.03594,37.72738]]]}},{"type":"Feature","properties":{"valleyId":"angol","layer":"canopy","date":"2026-08-01"},"geometry":{"type":"Polygon","coordinates":[[[127.02605,37.72722],[127.02603,37.72709],[127.02615,37.72709],[127.02614,37.72722],[127.02605,37.72722]]]}},{"type":"Feature","properties":{"valleyId":"angol","layer":"canopy","date":"2026-08-01"},"geometry":{"type":"Polygon","coordinates":[[[127.03814,37.72735],[127.03815,37.72729],[127.03821,37.72729],[127.03821,37.72735],[127.03814,37.72735]]]}},{"type":"Feature","properties":{"valleyId":"angol","layer":"canopy","date":"2026-08-01"},"geometry":{"type":"Polygon","coordinates":[[[127.03744,37.72725],[127.03745,37.72719],[127.03751,37.72719],[127.03751,37.72725],[127.03744,37.72725]]]}},{"type":"Feature","properties":{"valleyId":"angol","layer":"canopy","date":"2026-08-01"},"geometry":{"type":"Polygon","coordinates":[[[127.03626,37.72665],[127.03621,37.72661],[127.03621,37.72656],[127.03633,37.72658],[127.03632,37.72665],[127.03626,37.72665]]]}},{"type":"Feature","properties":{"valleyId":"angol","layer":"canopy","date":"2026-08-01"},"geometry":{"type":"Polygon","coordinates":[[[127.03658,37.72653],[127.03658,37.72647],[127.03667,37.72648],[127.03667,37.72653],[127.03658,37.72653]]]}},{"type":"Feature","properties":{"valleyId":"angol","layer":"canopy","date":"2026-08-01"},"geometry":{"type":"Polygon","coordinates":[[[127.03671,37.72658],[127.03674,37.72646],[127.03681,37.72646],[127.03678,37.72659],[127.03671,37.72658]]]}},{"type":"Feature","properties":{"valleyId":"angol","layer":"canopy","date":"2026-08-01"},"geometry":{"type":"Polygon","coordinates":[[[127.03699,37.72646],[127.03699,37.72641],[127.03706,37.72641],[127.03706,37.72646],[127.03699,37.72646]]]}},{"type":"Feature","properties":{"valleyId":"angol","layer":"canopy","date":"2026-08-01"},"geometry":{"type":"Polygon","coordinates":[[[127.03792,37.72624],[127.03793,37.72619],[127.03799,37.72619],[127.03799,37.72625],[127.03792,37.72624]]]}},{"type":"Feature","properties":{"valleyId":"angol","layer":"canopy","date":"2026-08-01"},"geometry":{"type":"Polygon","coordinates":[[[127.03475,37.72716],[127.03473,37.72682],[127.0348,37.7267],[127.03496,37.72659],[127.03492,37.72641],[127.03497,37.72641],[127.03499,37.72632],[127.0349,37.7263],[127.03491,37.72618],[127.03498,37.72616],[127.03498,37.72611],[127.03509,37.72609],[127.03509,37.72614],[127.03527,37.72613],[127.03532,37.72618],[127.03538,37.7262],[127.03579,37.72617],[127.03577,37.72626],[127.03563,37.72626],[127.03563,37.72639],[127.03579,37.72641],[127.03578,37.72652],[127.03571,37.72659],[127.03571,37.72671],[127.03567,37.72671],[127.03564,37.72677],[127.03548,37.72674],[127.03548,37.7268],[127.0353,37.7268],[127.03525,37.72685],[127.03496,37.72688],[127.03493,37.72701],[127.03484,37.72708],[127.03484,37.72717],[127.03475,37.72716]],[[127.03517,37.72647],[127.03526,37.72645],[127.03524,37.72638],[127.03513,37.72638],[127.03513,37.72643],[127.03517,37.72647]]]}},{"type":"Feature","properties":{"valleyId":"angol","layer":"canopy","date":"2026-08-01"},"geometry":{"type":"Polygon","coordinates":[[[127.03808,37.72625],[127.03806,37.72614],[127.03818,37.72614],[127.0382,37.72623],[127.03808,37.72625]]]}},{"type":"Feature","properties":{"valleyId":"angol","layer":"canopy","date":"2026-08-01"},"geometry":{"type":"Polygon","coordinates":[[[127.03151,37.72944],[127.03112,37.72939],[127.03074,37.7293],[127.03031,37.72911],[127.02985,37.72876],[127.02985,37.72872],[127.02978,37.72869],[127.02978,37.72865],[127.02965,37.72852],[127.0295,37.72827],[127.02939,37.72796],[127.02936,37.72753],[127.02941,37.72722],[127.0296,37.72681],[127.02999,37.72685],[127.02999,37.72691],[127.03008,37.72691],[127.03008,37.72687],[127.03028,37.72686],[127.03029,37.72675],[127.0302,37.72673],[127.0302,37.72669],[127.03013,37.72669],[127.03013,37.72675],[127.03004,37.72674],[127.03004,37.72665],[127.02993,37.72665],[127.02983,37.7267],[127.02972,37.7267],[127.02972,37.72665],[127.02979,37.7266],[127.02979,37.72656],[127.03014,37.72626],[127.03019,37.72626],[127.03028,37.72617],[127.03032,37.72617],[127.03049,37.72607],[127.03058,37.72605],[127.0306,37.72601],[127.03106,37.72588],[127.0314,37.72583],[127.03194,37.72584],[127.03244,37.72594],[127.033,37.72618],[127.03322,37.72636],[127.03327,37.72637],[127.03329,37.72642],[127.03345,37.72653],[127.03345,37.72657],[127.0336,37.72671],[127.03362,37.72679],[127.03369,37.72679],[127.03385,37.72665],[127.0339,37.72665],[127.03397,37.72658],[127.03403,37.72658],[127.03403,37.72668],[127.03412,37.72685],[127.03412,37.72697],[127.03405,37.72703],[127.03406,37.72726],[127.0339,37.72735],[127.0339,37.72742],[127.03388,37.72746],[127.03383,37.72746],[127.03383,37.72753],[127.03376,37.72756],[127.03376,37.7276],[127.03364,37.7276],[127.0336,37.72756],[127.03344,37.72756],[127.0334,37.72752],[127.03324,37.7275],[127.03317,37.7275],[127.03317,37.72757],[127.03306,37.72757],[127.03305,37.72764],[127.03317,37.72766],[127.03321,37.72777],[127.03343,37.72781],[127.03343,37.72788],[127.03368,37.7279],[127.03368,37.72796],[127.03341,37.72797],[127.03341,37.72803],[127.03352,37.72803],[127.03351,37.7283],[127.03347,37.7283],[127.03347,37.72837],[127.03353,37.72837],[127.03353,37.72842],[127.03346,37.72848],[127.03346,37.72851],[127.03337,37.72855],[127.03332,37.72867],[127.03325,37.72869],[127.03311,37.72883],[127.03304,37.72883],[127.03304,37.72888],[127.03297,37.72892],[127.03297,37.72903],[127.03293,37.72906],[127.03277,37.72908],[127.03274,37.72917],[127.03249,37.72916],[127.0324,37.72923],[127.03215,37.72928],[127.03212,37.72939],[127.03151,37.72944]],[[127.03023,37.72889],[127.03037,37.72889],[127.03048,37.72886],[127.03048,37.72866],[127.03042,37.72862],[127.0304,37.72855],[127.03028,37.72855],[127.03024,37.72862],[127.03005,37.72869],[127.03005,37.72878],[127.0301,37.7288],[127.03009,37.72885],[127.03023,37.72889]],[[127.03289,37.72885],[127.03302,37.72881],[127.03302,37.72876],[127.03282,37.72875],[127.03282,37.72881],[127.03286,37.72881],[127.03289,37.72885]],[[127.03177,37.72818],[127.03188,37.72818],[127.03191,37.72809],[127.03175,37.72807],[127.03177,37.72818]],[[127.03145,37.72816],[127.03154,37.72816],[127.03154,37.72807],[127.03141,37.72806],[127.03141,37.72812],[127.03145,37.72816]],[[127.03201,37.72771],[127.03217,37.72772],[127.03217,37.72766],[127.03235,37.72759],[127.03235,37.72754],[127.03242,37.72754],[127.03247,37.72758],[127.0326,37.72758],[127.03261,37.7274],[127.03256,37.7274],[127.03256,37.72731],[127.03238,37.72729],[127.03227,37.72736],[127.03227,37.72739],[127.03215,37.7275],[127.03204,37.72752],[127.03201,37.72771]],[[127.03178,37.72769],[127.03192,37.72768],[127.03192,37.7276],[127.03176,37.72764],[127.03176,37.7276],[127.03172,37.7276],[127.03158,37.72749],[127.03156,37.72744],[127.03136,37.72738],[127.03136,37.72747],[127.0314,37.72749],[127.03142,37.7276],[127.03147,37.72763],[127.03153,37.72763],[127.03156,37.72767],[127.03178,37.72766],[127.03178,37.72769]],[[127.03306,37.7275],[127.03313,37.7275],[127.0331,37.72743],[127.03304,37.72742],[127.03306,37.7275]],[[127.03263,37.72736],[127.0327,37.72737],[127.0327,37.72731],[127.03263,37.72731],[127.03263,37.72736]],[[127.03184,37.72733],[127.03193,37.72733],[127.03193,37.72728],[127.03184,37.72728],[127.03184,37.72733]],[[127.03367,37.72733],[127.03388,37.72728],[127.0339,37.72721],[127.03363,37.72715],[127.03356,37.72722],[127.03356,37.72729],[127.03367,37.72733]],[[127.03317,37.72674],[127.03326,37.72674],[127.03326,37.72669],[127.03331,37.72665],[127.03331,37.7266],[127.03326,37.72656],[127.03313,37.72656],[127.03312,37.72671],[127.03317,37.72674]]]}},{"type":"Feature","properties":{"valleyId":"angol","layer":"canopy","date":"2026-08-01"},"geometry":{"type":"Polygon","coordinates":[[[127.03737,37.72582],[127.03735,37.72571],[127.03744,37.72571],[127.03751,37.72575],[127.0375,37.72581],[127.03737,37.72582]]]}},{"type":"Feature","properties":{"valleyId":"angol","layer":"canopy","date":"2026-08-01"},"geometry":{"type":"Polygon","coordinates":[[[127.03616,37.72602],[127.03614,37.72593],[127.03607,37.72589],[127.03557,37.72586],[127.03555,37.72579],[127.03576,37.7257],[127.03603,37.72564],[127.03642,37.72561],[127.03642,37.72566],[127.03646,37.72568],[127.03646,37.72581],[127.03653,37.72588],[127.03652,37.72597],[127.03646,37.72597],[127.03643,37.72593],[127.03628,37.72593],[127.03625,37.72602],[127.03616,37.72602]]]}},{"type":"Feature","properties":{"valleyId":"angol","layer":"canopy","date":"2026-08-01"},"geometry":{"type":"Polygon","coordinates":[[[127.02542,37.72872],[127.02499,37.72864],[127.02495,37.72861],[127.02481,37.72859],[127.02454,37.72847],[127.02452,37.72844],[127.02434,37.72836],[127.0243,37.72831],[127.02425,37.72831],[127.02394,37.72805],[127.02394,37.72801],[127.02372,37.72777],[127.02355,37.72743],[127.02347,37.72707],[127.02351,37.7266],[127.02365,37.7262],[127.02379,37.72599],[127.02384,37.72597],[127.02393,37.72583],[127.024,37.7258],[127.024,37.72576],[127.02444,37.72544],[127.02495,37.72523],[127.02515,37.72522],[127.02515,37.72518],[127.02524,37.72519],[127.02526,37.72529],[127.02533,37.72533],[127.02533,37.7254],[127.02542,37.72544],[127.02546,37.72551],[127.0256,37.7255],[127.02582,37.72556],[127.02596,37.72556],[127.02596,37.7257],[127.026,37.72572],[127.02602,37.72596],[127.02609,37.72596],[127.02616,37.7259],[127.02616,37.72583],[127.02641,37.72587],[127.02641,37.72576],[127.02632,37.72574],[127.0263,37.72571],[127.0263,37.72565],[127.02637,37.72564],[127.02637,37.72557],[127.02632,37.72555],[127.02633,37.72551],[127.02621,37.72551],[127.02612,37.72547],[127.02613,37.72525],[127.02608,37.72525],[127.02608,37.72518],[127.02624,37.72517],[127.02678,37.72532],[127.0269,37.72539],[127.02699,37.72541],[127.02701,37.72545],[127.02705,37.72545],[127.02707,37.72549],[127.02712,37.72549],[127.02734,37.72567],[127.02739,37.72567],[127.02739,37.72571],[127.02754,37.72582],[127.02754,37.72586],[127.02767,37.72597],[127.02787,37.72628],[127.02787,37.72646],[127.02793,37.72646],[127.02793,37.72662],[127.02786,37.72662],[127.02784,37.72669],[127.02775,37.72669],[127.02772,37.72676],[127.02802,37.72678],[127.02798,37.72727],[127.02786,37.72761],[127.02765,37.72793],[127.02748,37.72807],[127.02748,37.72811],[127.02697,37.72846],[127.02658,37.72861],[127.02613,37.72872],[127.02542,37.72872]],[[127.02507,37.72817],[127.02514,37.72818],[127.02514,37.72812],[127.02508,37.72812],[127.02507,37.72817]],[[127.02462,37.72734],[127.02476,37.72732],[127.02476,37.72714],[127.02469,37.72714],[127.02462,37.72719],[127.02462,37.72734]],[[127.02625,37.72737],[127.02632,37.72737],[127.02632,37.72728],[127.02639,37.72728],[127.02637,37.72706],[127.02624,37.72704],[127.02617,37.72695],[127.02617,37.7269],[127.02613,37.72686],[127.02604,37.72686],[127.02607,37.72671],[127.02602,37.72657],[127.02593,37.72657],[127.02591,37.72648],[127.02587,37.72648],[127.02589,37.72633],[127.02585,37.72631],[127.02585,37.72626],[127.02569,37.72622],[127.02569,37.72629],[127.02574,37.72633],[127.02571,37.72646],[127.02584,37.72655],[127.02584,37.72662],[127.02577,37.72665],[127.02577,37.72674],[127.02568,37.7268],[127.02554,37.72676],[127.02534,37.72676],[127.02525,37.72683],[127.02524,37.72688],[127.0252,37.72692],[127.02504,37.72691],[127.025,37.72684],[127.02488,37.72684],[127.02486,37.72695],[127.02497,37.72695],[127.02497,37.727],[127.0249,37.727],[127.02487,37.72718],[127.02492,37.72722],[127.02499,37.72722],[127.02501,37.72713],[127.0251,37.72713],[127.02513,37.72706],[127.02519,37.72706],[127.02521,37.72728],[127.02555,37.72728],[127.02562,37.72723],[127.02583,37.72725],[127.02585,37.72721],[127.02594,37.72722],[127.02594,37.72729],[127.02605,37.72729],[127.02605,37.72733],[127.02623,37.72733],[127.02625,37.72737]],[[127.02689,37.72732],[127.02696,37.72732],[127.027,37.72729],[127.02701,37.72723],[127.02691,37.72723],[127.02689,37.72732]],[[127.0271,37.72724],[127.02716,37.72724],[127.02717,37.72715],[127.0271,37.72715],[127.0271,37.72724]],[[127.02713,37.72679],[127.0272,37.72679],[127.0272,37.72673],[127.02725,37.72672],[127.02725,37.72664],[127.02718,37.72659],[127.02689,37.72657],[127.0267,37.7266],[127.02668,37.72665],[127.02659,37.72665],[127.02659,37.7267],[127.02686,37.72673],[127.02688,37.72676],[127.02713,37.72675],[127.02713,37.72679]],[[127.0274,37.72679],[127.02752,37.72679],[127.02752,37.7267],[127.02734,37.72668],[127.02734,37.72675],[127.0274,37.72679]],[[127.02616,37.72673],[127.02632,37.72672],[127.02634,37.72665],[127.02616,37.72668],[127.02616,37.72673]],[[127.02549,37.72629],[127.02562,37.72629],[127.02563,37.72622],[127.02551,37.72622],[127.02549,37.72629]]]}},{"type":"Feature","properties":{"valleyId":"angol","layer":"canopy","date":"2026-08-01"},"geometry":{"type":"Polygon","coordinates":[[[127.01445,37.72308],[127.01446,37.723],[127.01452,37.723],[127.01452,37.72308],[127.01445,37.72308]]]}},{"type":"Feature","properties":{"valleyId":"angol","layer":"canopy","date":"2026-08-01"},"geometry":{"type":"Polygon","coordinates":[[[127.02792,37.72184],[127.02754,37.7218],[127.0272,37.7217],[127.02718,37.7216],[127.02727,37.72156],[127.02727,37.72151],[127.02732,37.72151],[127.0273,37.72142],[127.02723,37.72142],[127.0272,37.72149],[127.02709,37.72149],[127.02707,37.72154],[127.027,37.72154],[127.027,37.72145],[127.02686,37.72146],[127.02662,37.72142],[127.02659,37.72133],[127.02664,37.72123],[127.0266,37.72123],[127.0266,37.72119],[127.02633,37.7212],[127.02626,37.72115],[127.02626,37.72109],[127.02637,37.7211],[127.02638,37.72106],[127.02644,37.72106],[127.02651,37.72113],[127.0268,37.72114],[127.02685,37.7211],[127.02708,37.72111],[127.02714,37.72114],[127.02724,37.72115],[127.02726,37.72122],[127.02741,37.72124],[127.02751,37.7212],[127.02753,37.7211],[127.02771,37.72112],[127.02771,37.72108],[127.02778,37.72108],[127.0278,37.72105],[127.02794,37.72105],[127.02794,37.72116],[127.0281,37.72118],[127.02814,37.72114],[127.02828,37.72115],[127.02835,37.72109],[127.02853,37.7211],[127.02858,37.72104],[127.02869,37.72104],[127.0288,37.72099],[127.02894,37.72099],[127.02896,37.72103],[127.02908,37.72103],[127.02914,37.72109],[127.02914,37.72116],[127.02928,37.72116],[127.02932,37.72122],[127.02964,37.72124],[127.02966,37.72128],[127.02966,37.72133],[127.02961,37.72133],[127.02961,37.72137],[127.02954,37.72138],[127.02943,37.72149],[127.02938,37.72149],[127.02933,37.72154],[127.02897,37.7217],[127.02881,37.72169],[127.02881,37.72175],[127.02849,37.72182],[127.02792,37.72184]],[[127.02766,37.72133],[127.02775,37.72133],[127.02775,37.72128],[127.02766,37.72128],[127.02766,37.72133]]]}},{"type":"Feature","properties":{"valleyId":"angol","layer":"canopy","date":"2026-08-01"},"geometry":{"type":"Polygon","coordinates":[[[127.02834,37.73926],[127.02835,37.7391],[127.02842,37.73903],[127.0284,37.73883],[127.02851,37.73881],[127.02856,37.73885],[127.02865,37.73885],[127.02865,37.73874],[127.02856,37.73867],[127.0284,37.73865],[127.02829,37.73856],[127.02825,37.73845],[127.02812,37.73843],[127.0281,37.73821],[127.02819,37.73819],[127.02826,37.73814],[127.02833,37.73814],[127.02833,37.73807],[127.0284,37.73802],[127.02847,37.73802],[127.02847,37.73807],[127.02856,37.73807],[127.02856,37.73798],[127.02869,37.73799],[127.02868,37.73786],[127.02872,37.73784],[127.02872,37.73781],[127.02884,37.73781],[127.02884,37.7377],[127.02893,37.73767],[127.02896,37.73752],[127.02885,37.73745],[127.02885,37.73741],[127.02878,37.73741],[127.02859,37.7375],[127.02839,37.73753],[127.02844,37.73733],[127.02837,37.73733],[127.02837,37.73739],[127.02826,37.73742],[127.02825,37.73753],[127.02823,37.73762],[127.02818,37.73764],[127.02818,37.73771],[127.02804,37.73778],[127.02791,37.73779],[127.02788,37.73783],[127.02774,37.73788],[127.02761,37.73788],[127.02752,37.73777],[127.02736,37.73773],[127.02727,37.73767],[127.02727,37.73764],[127.02718,37.73764],[127.02714,37.7376],[127.0271,37.73753],[127.0271,37.73744],[127.02705,37.7374],[127.02708,37.73717],[127.02713,37.73715],[127.02713,37.73702],[127.02706,37.73697],[127.02707,37.7369],[127.02698,37.73688],[127.02693,37.73679],[127.02675,37.73675],[127.02662,37.7366],[127.02653,37.73658],[127.02651,37.73651],[127.02642,37.73645],[127.02642,37.7364],[127.02635,37.73638],[127.02622,37.73627],[127.02618,37.73614],[127.02611,37.7361],[127.02607,37.736],[127.026,37.73596],[127.02592,37.73565],[127.02595,37.73522],[127.02587,37.73495],[127.02578,37.73493],[127.02578,37.73489],[127.02574,37.73489],[127.02571,37.73485],[127.02572,37.7348],[127.02563,37.73478],[127.02563,37.73474],[127.02547,37.73462],[127.02527,37.73454],[127.02514,37.73443],[127.02511,37.73438],[127.02493,37.73437],[127.02482,37.73428],[127.02473,37.73426],[127.0246,37.73406],[127.0246,37.73397],[127.02456,37.73395],[127.0245,37.73366],[127.02443,37.73364],[127.02441,37.73359],[127.02423,37.73355],[127.02423,37.73348],[127.02428,37.73344],[127.02439,37.73343],[127.02445,37.73292],[127.0244,37.7329],[127.02441,37.73278],[127.02432,37.73274],[127.02432,37.73269],[127.02418,37.73263],[127.02416,37.73258],[127.02407,37.73252],[127.02407,37.73248],[127.02392,37.73241],[127.02393,37.73208],[127.02386,37.73203],[127.02372,37.73203],[127.02372,37.73214],[127.02365,37.73215],[127.02304,37.73214],[127.02297,37.73219],[127.02286,37.73221],[127.02258,37.73219],[127.02251,37.73226],[127.0224,37.73226],[127.02231,37.7322],[127.02211,37.73218],[127.02209,37.73211],[127.02197,37.73209],[127.02198,37.732],[127.02191,37.732],[127.02191,37.73203],[127.02182,37.73205],[127.02134,37.73202],[127.02134,37.7321],[127.02145,37.73215],[127.02152,37.73215],[127.02161,37.73223],[127.02177,37.73225],[127.02204,37.73234],[127.02229,37.73236],[127.02306,37.73234],[127.0231,37.73243],[127.02319,37.73247],[127.02333,37.73247],[127.02342,37.7324],[127.02342,37.73235],[127.02353,37.73235],[127.02365,37.7324],[127.02371,37.73241],[127.02376,37.73248],[127.02392,37.7325],[127.02393,37.73277],[127.02395,37.73284],[127.024,37.73286],[127.02397,37.73306],[127.02392,37.73308],[127.02392,37.7332],[127.02399,37.7332],[127.02405,37.73328],[127.02405,37.73338],[127.02398,37.73342],[127.02396,37.73355],[127.02397,37.7338],[127.02402,37.73383],[127.02403,37.73403],[127.0241,37.73409],[127.0241,37.73414],[127.02403,37.73416],[127.02394,37.73427],[127.02395,37.73446],[127.02407,37.73445],[127.02409,37.73434],[127.02416,37.73432],[127.02416,37.73429],[127.0243,37.73429],[127.02434,37.73431],[127.02434,37.73434],[127.02448,37.73435],[127.02457,37.73444],[127.0247,37.73448],[127.02472,37.73451],[127.02486,37.73453],[127.02493,37.73461],[127.02511,37.73468],[127.02517,37.73476],[127.02522,37.73476],[127.02528,37.73481],[127.02533,37.7349],[127.02546,37.73499],[127.0255,37.73514],[127.02539,37.73525],[127.02538,37.73528],[127.02532,37.7353],[127.02531,37.73535],[127.02549,37.73555],[127.02549,37.73563],[127.02553,37.73568],[127.02551,37.73588],[127.02537,37.73589],[127.02528,37.73586],[127.02517,37.73585],[127.02516,37.73593],[127.02532,37.73593],[127.02534,37.73597],[127.0255,37.73599],[127.02561,37.73613],[127.02584,37.73619],[127.02584,37.73626],[127.02595,37.73632],[127.02601,37.73643],[127.02606,37.73643],[127.02599,37.73659],[127.02594,37.73659],[127.02592,37.73662],[127.02591,37.73682],[127.02602,37.73684],[127.02609,37.73681],[127.02621,37.73681],[127.02623,37.73692],[127.02634,37.73694],[127.02634,37.73697],[127.02645,37.73707],[127.02646,37.73737],[127.0266,37.73748],[127.02669,37.73748],[127.02673,37.73752],[127.02668,37.73772],[127.02673,37.73776],[127.02679,37.73776],[127.02686,37.73774],[127.02693,37.73767],[127.02702,37.73767],[127.02711,37.73782],[127.02708,37.73803],[127.02713,37.73803],[127.02715,37.73807],[127.02714,37.73827],[127.02705,37.7383],[127.027,37.73837],[127.02685,37.73837],[127.0268,37.73842],[127.0268,37.73851],[127.0267,37.73857],[127.02664,37.73856],[127.02663,37.73864],[127.0265,37.73874],[127.0264,37.73876],[127.02631,37.73887],[127.02627,37.73886],[127.02624,37.7389],[127.02613,37.7389],[127.02613,37.73893],[127.02606,37.73897],[127.02585,37.73898],[127.02541,37.73862],[127.02541,37.73858],[127.02523,37.73842],[127.02506,37.73814],[127.02493,37.73776],[127.02438,37.73723],[127.02438,37.73719],[127.02423,37.73705],[127.02421,37.73697],[127.02416,37.73696],[127.02414,37.73688],[127.02409,37.73686],[127.02405,37.73676],[127.02396,37.73666],[127.02377,37.73617],[127.02369,37.73578],[127.02324,37.73559],[127.02275,37.73522],[127.02275,37.73518],[127.02269,37.73515],[127.02269,37.73511],[127.0226,37.73504],[127.02258,37.73496],[127.02253,37.73495],[127.02245,37.7348],[127.02245,37.73475],[127.02234,37.73458],[127.02232,37.73447],[127.02219,37.73425],[127.02213,37.73406],[127.02165,37.73398],[127.02152,37.73392],[127.02127,37.73388],[127.02082,37.73374],[127.02028,37.73366],[127.01992,37.73357],[127.0199,37.73344],[127.02005,37.73346],[127.02008,37.73337],[127.02028,37.73339],[127.02031,37.7333],[127.02042,37.73331],[127.02051,37.7334],[127.0206,37.73342],[127.02069,37.73351],[127.02073,37.73351],[127.02078,37.73358],[127.02087,37.73358],[127.02098,37.73351],[127.02123,37.7335],[127.02126,37.73345],[127.02139,37.73345],[127.02171,37.73338],[127.02174,37.73317],[127.02181,37.73317],[127.02183,37.73326],[127.0219,37.73326],[127.02202,37.7331],[127.02213,37.73306],[127.02213,37.73296],[127.022,37.73295],[127.02195,37.73288],[127.02168,37.73288],[127.02162,37.7328],[127.02148,37.7328],[127.02139,37.73276],[127.0213,37.73276],[127.02128,37.7328],[127.02121,37.7328],[127.02116,37.73283],[127.021,37.73281],[127.02096,37.73277],[127.02099,37.73259],[127.02087,37.73259],[127.02087,37.73263],[127.02083,37.73265],[127.02082,37.73275],[127.02078,37.73277],[127.02075,37.73284],[127.02062,37.73284],[127.02044,37.73268],[127.0203,37.73267],[127.02028,37.73276],[127.02023,37.7328],[127.02025,37.733],[127.02009,37.73299],[127.02004,37.73303],[127.01982,37.73303],[127.01982,37.73306],[127.01977,37.73306],[127.0197,37.73315],[127.0197,37.73322],[127.01958,37.73327],[127.01956,37.7334],[127.01944,37.73342],[127.01911,37.73327],[127.01911,37.73321],[127.01915,37.73321],[127.01911,37.7331],[127.01904,37.7331],[127.01904,37.73317],[127.01895,37.73317],[127.0188,37.73303],[127.01875,37.73303],[127.01875,37.73299],[127.01859,37.73288],[127.01855,37.73279],[127.01848,37.73275],[127.01829,37.73244],[127.01814,37.73206],[127.01805,37.73193],[127.01795,37.73155],[127.01815,37.73159],[127.01817,37.73168],[127.01828,37.73176],[127.01847,37.73178],[127.01858,37.73185],[127.01889,37.73186],[127.01894,37.73191],[127.01919,37.7319],[127.01942,37.73183],[127.01973,37.73183],[127.01982,37.73189],[127.01982,37.73196],[127.01987,37.732],[127.01993,37.732],[127.02011,37.7322],[127.0202,37.7322],[127.02018,37.73208],[127.02034,37.7321],[127.02034,37.73204],[127.02064,37.73203],[127.02068,37.73207],[127.02079,37.73209],[127.02123,37.73209],[127.02123,37.732],[127.02118,37.73198],[127.02089,37.73196],[127.02082,37.73191],[127.02069,37.73189],[127.02069,37.7318],[127.0206,37.73179],[127.02056,37.73169],[127.02044,37.73159],[127.02045,37.73152],[127.0204,37.73141],[127.02036,37.73139],[127.02036,37.73129],[127.02032,37.73127],[127.02032,37.73121],[127.02037,37.73098],[127.02074,37.7309],[127.02078,37.73082],[127.02085,37.73083],[127.0209,37.73079],[127.02092,37.73072],[127.02099,37.73067],[127.02108,37.73065],[127.02104,37.73047],[127.02111,37.73047],[127.02116,37.73034],[127.0213,37.73024],[127.02134,37.73024],[127.02141,37.73015],[127.02146,37.73015],[127.02149,37.72999],[127.02144,37.72997],[127.02144,37.72993],[127.02137,37.72993],[127.02135,37.72999],[127.02121,37.73],[127.02121,37.73013],[127.02112,37.73018],[127.02111,37.73029],[127.02097,37.73045],[127.02079,37.73045],[127.02077,37.73039],[127.02064,37.73041],[127.02063,37.7305],[127.02068,37.73052],[127.02067,37.73064],[127.02072,37.73068],[127.02069,37.73082],[127.02049,37.73087],[127.02028,37.73085],[127.02026,37.73089],[127.02021,37.73089],[127.02017,37.73096],[127.02008,37.73097],[127.02005,37.73101],[127.01976,37.73101],[127.01978,37.7311],[127.01991,37.73112],[127.02002,37.73119],[127.02002,37.73123],[127.02009,37.73125],[127.02009,37.7313],[127.02013,37.73132],[127.02018,37.73141],[127.02017,37.7315],[127.0201,37.73157],[127.01983,37.73157],[127.01976,37.73158],[127.01976,37.73165],[127.01965,37.73167],[127.01963,37.73158],[127.01958,37.73154],[127.01911,37.73154],[127.01906,37.7315],[127.01886,37.73151],[127.01884,37.73146],[127.01872,37.73144],[127.01873,37.73131],[127.01866,37.73131],[127.01862,37.73124],[127.01839,37.73122],[127.01832,37.73116],[127.01832,37.73111],[127.01826,37.73111],[127.01819,37.73118],[127.01818,37.73136],[127.01823,37.73136],[127.01823,37.73143],[127.01816,37.73143],[127.01802,37.73134],[127.018,37.73121],[127.01794,37.73121],[127.01794,37.73103],[127.01814,37.73044],[127.01839,37.73046],[127.01841,37.73035],[127.01846,37.73035],[127.01851,37.73028],[127.01851,37.73023],[127.01844,37.73023],[127.01844,37.73026],[127.01837,37.73032],[127.01821,37.73033],[127.01821,37.73026],[127.01842,37.72996],[127.01843,37.72988],[127.01834,37.72976],[127.01823,37.72943],[127.01825,37.72876],[127.01821,37.72874],[127.01819,37.72865],[127.01825,37.72866],[127.01836,37.72875],[127.01852,37.72875],[127.01852,37.7288],[127.01868,37.72879],[127.0187,37.72891],[127.01879,37.72892],[127.01879,37.72883],[127.01875,37.72881],[127.01875,37.72877],[127.01868,37.72877],[127.01868,37.72868],[127.01875,37.72861],[127.01876,37.72854],[127.01851,37.72855],[127.01842,37.7285],[127.01843,37.72815],[127.01834,37.72803],[127.01813,37.72804],[127.0182,37.72826],[127.01811,37.72826],[127.01806,37.72818],[127.01786,37.72818],[127.01773,37.72789],[127.01763,37.72746],[127.01762,37.72672],[127.01753,37.72671],[127.01747,37.72666],[127.01747,37.72662],[127.01742,37.72662],[127.01736,37.72655],[127.01731,37.72655],[127.01724,37.72649],[127.01725,37.72644],[127.01718,37.72644],[127.01711,37.72636],[127.01707,37.72636],[127.0168,37.72616],[127.01675,37.72616],[127.01669,37.72609],[127.01664,37.72609],[127.01622,37.7257],[127.01618,37.7257],[127.016,37.72557],[127.01595,37.72557],[127.01566,37.72533],[127.01558,37.7252],[127.01547,37.72513],[127.01547,37.72504],[127.0156,37.72508],[127.01563,37.72499],[127.01554,37.72493],[127.01554,37.72484],[127.01572,37.72481],[127.01573,37.72476],[127.01568,37.72472],[127.01552,37.72472],[127.01541,37.72464],[127.01525,37.72462],[127.01523,37.72458],[127.01516,37.72458],[127.01516,37.72466],[127.01509,37.72465],[127.01501,37.72447],[127.01487,37.72442],[127.01481,37.72434],[127.01476,37.72434],[127.01465,37.72423],[127.0146,37.72423],[127.01432,37.72397],[127.01432,37.72394],[127.01421,37.72385],[127.01403,37.72357],[127.01401,37.72343],[127.01411,37.72339],[127.01418,37.72322],[127.01431,37.7232],[127.01431,37.72324],[127.01445,37.72326],[127.01459,37.72326],[127.01459,37.72322],[127.01465,37.72322],[127.01461,37.72301],[127.01471,37.72297],[127.01473,37.72288],[127.01482,37.72288],[127.01482,37.72281],[127.01464,37.72281],[127.01462,37.72286],[127.01455,37.72286],[127.01455,37.72283],[127.01448,37.72281],[127.01449,37.72273],[127.01437,37.72271],[127.01437,37.72266],[127.01433,37.72264],[127.01419,37.72264],[127.01415,37.72267],[127.01401,37.72269],[127.01399,37.72273],[127.01392,37.72272],[127.0139,37.72267],[127.01383,37.72263],[127.01383,37.72254],[127.01392,37.72251],[127.01393,37.72244],[127.014,37.7224],[127.014,37.72237],[127.01418,37.72235],[127.01417,37.72249],[127.01431,37.72251],[127.01438,37.72244],[127.01458,37.72245],[127.01463,37.72241],[127.01463,37.72232],[127.01477,37.72232],[127.01477,37.72227],[127.01473,37.72225],[127.01473,37.72222],[127.01455,37.72218],[127.01454,37.72223],[127.01434,37.72224],[127.01432,37.7223],[127.01416,37.7223],[127.01416,37.72221],[127.01432,37.72219],[127.0143,37.72206],[127.01421,37.72201],[127.01421,37.72197],[127.01414,37.72192],[127.01405,37.72188],[127.01401,37.72181],[127.01392,37.72181],[127.01387,37.72184],[127.01372,37.72184],[127.0136,37.72182],[127.0136,37.72178],[127.01356,37.72178],[127.01356,37.72169],[127.01366,37.72155],[127.01366,37.72149],[127.0138,37.72128],[127.01412,37.72096],[127.01419,37.72096],[127.01421,37.72102],[127.01435,37.72107],[127.01435,37.72113],[127.01444,37.72117],[127.01443,37.72126],[127.0145,37.72126],[127.01452,37.72129],[127.01464,37.72133],[127.01463,37.72142],[127.01473,37.72142],[127.01473,37.72128],[127.01482,37.72121],[127.01485,37.72112],[127.01507,37.72114],[127.01516,37.72123],[127.01534,37.72123],[127.01541,37.7212],[127.01541,37.72115],[127.01537,37.72114],[127.01535,37.72109],[127.01528,37.72109],[127.01528,37.72105],[127.01474,37.72103],[127.01467,37.72101],[127.01467,37.72097],[127.0146,37.72093],[127.01449,37.72093],[127.01449,37.72097],[127.01442,37.72097],[127.01442,37.72091],[127.01447,37.72091],[127.01445,37.72075],[127.01454,37.7207],[127.01463,37.72068],[127.01466,37.72065],[127.01484,37.72058],[127.01534,37.72046],[127.01609,37.72045],[127.01661,37.72057],[127.0171,37.7208],[127.01744,37.72104],[127.01743,37.72107],[127.01757,37.72116],[127.01757,37.7212],[127.01763,37.72124],[127.01763,37.72127],[127.0177,37.72131],[127.0177,37.72135],[127.01779,37.7214],[127.0179,37.72157],[127.01797,37.7216],[127.01801,37.72168],[127.01798,37.72187],[127.01814,37.72188],[127.01841,37.72197],[127.0185,37.72204],[127.0185,37.72208],[127.01863,37.72217],[127.01865,37.72228],[127.01872,37.72228],[127.01876,37.72232],[127.01878,37.72246],[127.01887,37.72247],[127.01887,37.7225],[127.01894,37.72256],[127.01894,37.72266],[127.01882,37.72268],[127.0188,37.72277],[127.019,37.72276],[127.01909,37.72285],[127.01922,37.7229],[127.01945,37.72309],[127.01947,37.72321],[127.01953,37.72323],[127.01958,37.72332],[127.01971,37.72334],[127.01978,37.72345],[127.01987,37.72353],[127.01991,37.72353],[127.01991,37.72364],[127.02011,37.72366],[127.0206,37.72406],[127.02065,37.72406],[127.02116,37.7245],[127.0212,37.72451],[127.02124,37.72458],[127.02142,37.72471],[127.02142,37.72474],[127.02149,37.72478],[127.02149,37.72482],[127.02162,37.72494],[127.02164,37.72502],[127.02173,37.72509],[127.02179,37.72524],[127.02188,37.72533],[127.02188,37.72538],[127.02197,37.72551],[127.02212,37.72589],[127.02224,37.72652],[127.02225,37.72681],[127.02241,37.72698],[127.02247,37.72714],[127.02251,37.72716],[127.02275,37.72761],[127.02285,37.72814],[127.02284,37.7285],[127.02309,37.72866],[127.02309,37.72874],[127.02299,37.72877],[127.02299,37.72886],[127.02308,37.72888],[127.02317,37.72885],[127.02317,37.72881],[127.02326,37.72883],[127.02326,37.72887],[127.02333,37.7289],[127.02335,37.72898],[127.02344,37.72905],[127.02363,37.72945],[127.02369,37.72972],[127.02368,37.73042],[127.02386,37.73043],[127.02415,37.73048],[127.02469,37.73069],[127.02489,37.73084],[127.02494,37.73084],[127.025,37.73091],[127.02505,37.73091],[127.02514,37.73101],[127.02518,37.73101],[127.02527,37.7311],[127.02531,37.7311],[127.0254,37.73119],[127.02545,37.73119],[127.02554,37.73128],[127.02558,37.73128],[127.02567,37.73138],[127.02572,37.73138],[127.02609,37.73172],[127.02642,37.73223],[127.02654,37.73262],[127.0266,37.73296],[127.02669,37.733],[127.02676,37.73307],[127.02681,37.73307],[127.02705,37.73327],[127.02705,37.73331],[127.02718,37.73342],[127.02718,37.73346],[127.02723,37.73347],[127.0274,37.73373],[127.02747,37.73377],[127.02747,37.7338],[127.02764,37.73399],[127.02805,37.73473],[127.02816,37.73504],[127.02818,37.73524],[127.02867,37.73564],[127.02867,37.73568],[127.02873,37.73572],[127.02873,37.73575],[127.0288,37.73579],[127.0288,37.73583],[127.02893,37.73597],[127.02893,37.73603],[127.02879,37.73602],[127.02879,37.73592],[127.02861,37.73591],[127.02857,37.73586],[127.0285,37.73584],[127.0285,37.73578],[127.02823,37.73574],[127.02818,37.73587],[127.02827,37.73587],[127.02831,37.73611],[127.02845,37.73618],[127.02847,37.73625],[127.02854,37.73625],[127.02852,37.73607],[127.02847,37.73605],[127.02845,37.73596],[127.02857,37.73597],[127.02857,37.73602],[127.02868,37.73602],[127.02863,37.73613],[127.02868,37.73613],[127.02872,37.73622],[127.02892,37.73617],[127.02893,37.73606],[127.029,37.73606],[127.02904,37.73614],[127.02904,37.73619],[127.02899,37.73619],[127.02899,37.73624],[127.02904,37.73626],[127.02901,37.73651],[127.02885,37.73647],[127.02879,37.73628],[127.02869,37.73629],[127.02862,37.73651],[127.02882,37.7366],[127.02891,37.7368],[127.02895,37.7368],[127.02895,37.73691],[127.02911,37.73691],[127.02913,37.73697],[127.02924,37.73699],[127.02927,37.73691],[127.02922,37.7369],[127.02923,37.73681],[127.02936,37.73679],[127.02943,37.73685],[127.02947,37.73697],[127.02954,37.73705],[127.02964,37.73739],[127.02965,37.73782],[127.0296,37.73807],[127.02945,37.73841],[127.02931,37.73861],[127.02915,37.73864],[127.02913,37.73879],[127.02908,37.73879],[127.02899,37.73887],[127.02883,37.73887],[127.02883,37.73893],[127.0289,37.73895],[127.02889,37.739],[127.0288,37.73907],[127.02873,37.73907],[127.02871,37.73894],[127.02856,37.73892],[127.02857,37.73908],[127.02848,37.73923],[127.02834,37.73926]],[[127.02578,37.73846],[127.02584,37.73846],[127.02585,37.73841],[127.02578,37.73841],[127.02578,37.73846]],[[127.02541,37.73772],[127.0255,37.73772],[127.02555,37.73763],[127.02566,37.73761],[127.02571,37.73758],[127.02571,37.7375],[127.02576,37.73749],[127.02574,37.73738],[127.02549,37.73737],[127.02551,37.73723],[127.02563,37.7372],[127.02561,37.73711],[127.02552,37.7371],[127.02543,37.73717],[127.02542,37.73721],[127.02536,37.73721],[127.02531,37.73724],[127.02517,37.73724],[127.02513,37.7373],[127.02499,37.73733],[127.02497,37.73737],[127.02478,37.7374],[127.02478,37.73745],[127.02483,37.73745],[127.02483,37.73749],[127.02499,37.73749],[127.0251,37.73755],[127.0253,37.73753],[127.02537,37.73761],[127.02537,37.7377],[127.02541,37.73772]],[[127.02941,37.73767],[127.02957,37.73766],[127.02959,37.73755],[127.0295,37.73755],[127.02941,37.73762],[127.02941,37.73767]],[[127.02808,37.73729],[127.02833,37.7373],[127.02835,37.73724],[127.02844,37.73723],[127.02845,37.73708],[127.02833,37.7371],[127.02822,37.73722],[127.0281,37.73722],[127.02808,37.73729]],[[127.02738,37.7371],[127.02747,37.7371],[127.02749,37.73703],[127.02738,37.73701],[127.02738,37.7371]],[[127.02786,37.73709],[127.02797,37.73709],[127.02795,37.73689],[127.02791,37.7368],[127.02786,37.73676],[127.0278,37.73676],[127.02786,37.73709]],[[127.02491,37.73596],[127.025,37.73596],[127.02507,37.73591],[127.02507,37.73585],[127.02487,37.7358],[127.02483,37.73585],[127.02467,37.73586],[127.02466,37.73592],[127.02487,37.73592],[127.02491,37.73596]],[[127.0241,37.73571],[127.02419,37.73571],[127.0242,37.73564],[127.02413,37.73564],[127.0241,37.73571]],[[127.02719,37.73555],[127.02733,37.73555],[127.02733,37.73551],[127.02742,37.73548],[127.02745,37.73542],[127.02745,37.73532],[127.02738,37.73531],[127.02731,37.73524],[127.02725,37.73524],[127.02722,37.73528],[127.02724,37.73547],[127.02717,37.73547],[127.02719,37.73555]],[[127.02266,37.73462],[127.02275,37.73462],[127.02277,37.73459],[127.02282,37.73459],[127.02289,37.73445],[127.02302,37.73441],[127.02305,37.73436],[127.02314,37.73436],[127.02314,37.73443],[127.02321,37.73443],[127.02321,37.7344],[127.02325,37.73438],[127.02339,37.73438],[127.02342,37.73422],[127.02346,37.73422],[127.02347,37.73401],[127.02342,37.73399],[127.02342,37.73388],[127.02318,37.73387],[127.02313,37.734],[127.02301,37.734],[127.02302,37.73382],[127.0225,37.73383],[127.02247,37.7341],[127.02251,37.73413],[127.02251,37.73419],[127.02246,37.73421],[127.02246,37.73428],[127.02242,37.73428],[127.02241,37.73433],[127.02248,37.73437],[127.02252,37.73451],[127.02266,37.73455],[127.02266,37.73462]],[[127.02329,37.73308],[127.02336,37.73308],[127.02332,37.73285],[127.02325,37.73279],[127.02316,37.73279],[127.02316,37.73283],[127.02307,37.73288],[127.02306,37.73294],[127.02327,37.73303],[127.02329,37.73308]],[[127.02364,37.73186],[127.02375,37.73187],[127.02375,37.73179],[127.02366,37.73172],[127.02357,37.73172],[127.02357,37.73179],[127.02364,37.73186]],[[127.02307,37.73184],[127.02314,37.73184],[127.02317,37.73169],[127.02321,37.73168],[127.02321,37.73155],[127.02328,37.73152],[127.02351,37.73152],[127.02363,37.73138],[127.02365,37.73122],[127.02379,37.73116],[127.02384,37.73113],[127.02384,37.73107],[127.02366,37.73109],[127.02361,37.73103],[127.02348,37.73098],[127.02339,37.73098],[127.0233,37.73105],[127.02312,37.73103],[127.02302,37.73119],[127.02302,37.73131],[127.02306,37.73137],[127.02308,37.73151],[127.02308,37.73158],[127.02301,37.7316],[127.02301,37.73165],[127.02305,37.73171],[127.02307,37.73184]],[[127.02196,37.73166],[127.02203,37.73166],[127.02203,37.73157],[127.0221,37.73153],[127.0221,37.73146],[127.02204,37.73146],[127.02202,37.73135],[127.02195,37.73129],[127.02188,37.73129],[127.02184,37.73133],[127.02183,37.73142],[127.02188,37.73142],[127.02188,37.73156],[127.02194,37.73158],[127.02196,37.73166]],[[127.01907,37.73139],[127.01913,37.73139],[127.01911,37.73128],[127.01905,37.73128],[127.01907,37.73139]],[[127.01903,37.73099],[127.0191,37.73099],[127.01913,37.73078],[127.01908,37.73072],[127.01902,37.73072],[127.01903,37.73099]],[[127.01953,37.73093],[127.01971,37.73093],[127.01974,37.7309],[127.01978,37.7309],[127.01978,37.73084],[127.01974,37.73084],[127.01972,37.73064],[127.01986,37.73065],[127.01986,37.73057],[127.01981,37.73056],[127.01977,37.73047],[127.01959,37.73046],[127.01957,37.73052],[127.0195,37.73051],[127.01948,37.73046],[127.01939,37.73046],[127.01939,37.7304],[127.01946,37.73041],[127.0195,37.73033],[127.01959,37.73034],[127.01964,37.73041],[127.0197,37.73041],[127.01975,37.73039],[127.01975,37.73032],[127.01982,37.73032],[127.01982,37.73027],[127.01978,37.73025],[127.01957,37.73023],[127.01958,37.73016],[127.01967,37.73008],[127.01974,37.73009],[127.01976,37.73003],[127.01999,37.73],[127.01997,37.72982],[127.02004,37.72977],[127.02004,37.72969],[127.01995,37.72969],[127.0199,37.72976],[127.01979,37.72976],[127.01979,37.72987],[127.01974,37.72989],[127.01974,37.72992],[127.01969,37.72992],[127.01969,37.73001],[127.01956,37.73001],[127.01954,37.72974],[127.01938,37.72974],[127.01933,37.72981],[127.01918,37.72982],[127.01917,37.72993],[127.01913,37.72997],[127.01906,37.72997],[127.01905,37.73018],[127.01912,37.73024],[127.01916,37.73024],[127.01916,37.73045],[127.01925,37.73053],[127.01924,37.73064],[127.0192,37.73065],[127.0192,37.73071],[127.01924,37.73073],[127.01924,37.73076],[127.01935,37.73078],[127.01945,37.73078],[127.01945,37.73073],[127.01954,37.73073],[127.01954,37.73079],[127.01947,37.73078],[127.01947,37.73087],[127.01953,37.73093]],[[127.02341,37.73089],[127.02348,37.73089],[127.02348,37.73083],[127.02342,37.73083],[127.02341,37.73089]],[[127.01997,37.73063],[127.02008,37.73063],[127.02009,37.73051],[127.02002,37.73049],[127.02,37.73043],[127.01991,37.73043],[127.01993,37.73061],[127.01997,37.73063]],[[127.02014,37.73042],[127.02036,37.73042],[127.02032,37.73028],[127.02039,37.73028],[127.02043,37.73033],[127.02052,37.73033],[127.0205,37.73022],[127.02039,37.73017],[127.02039,37.73011],[127.02033,37.73006],[127.02024,37.73006],[127.02021,37.73002],[127.02012,37.73004],[127.02012,37.73011],[127.02026,37.73013],[127.0203,37.73026],[127.02018,37.73027],[127.02014,37.73042]],[[127.01996,37.73038],[127.02007,37.73038],[127.02007,37.73033],[127.01996,37.73032],[127.01996,37.73038]],[[127.02062,37.73026],[127.02071,37.73026],[127.02071,37.73021],[127.02062,37.73021],[127.02062,37.73026]],[[127.01881,37.73007],[127.01892,37.73005],[127.01892,37.73],[127.01874,37.72998],[127.01874,37.73003],[127.01881,37.73007]],[[127.02079,37.7298],[127.02101,37.7298],[127.02102,37.72975],[127.02084,37.72965],[127.02075,37.72947],[127.02062,37.72943],[127.02062,37.72934],[127.02048,37.72925],[127.02049,37.72904],[127.02035,37.72901],[127.02022,37.72907],[127.02006,37.72905],[127.01985,37.72913],[127.0194,37.72912],[127.01929,37.72911],[127.01915,37.72901],[127.01895,37.72901],[127.01899,37.72914],[127.01919,37.72918],[127.0193,37.72923],[127.0199,37.72922],[127.01992,37.72919],[127.01999,37.72919],[127.02003,37.7293],[127.0201,37.7293],[127.02012,37.72925],[127.0203,37.72927],[127.02046,37.72949],[127.02043,37.72965],[127.02063,37.72963],[127.02072,37.72971],[127.02072,37.72976],[127.02077,37.72976],[127.02079,37.7298]],[[127.02292,37.729],[127.02301,37.72901],[127.02301,37.72893],[127.02294,37.72893],[127.02292,37.729]],[[127.02176,37.72889],[127.02183,37.7289],[127.02181,37.72882],[127.02174,37.72882],[127.02176,37.72889]],[[127.02011,37.72872],[127.02041,37.72873],[127.02048,37.72871],[127.02048,37.72864],[127.02037,37.72855],[127.0203,37.72855],[127.02028,37.72845],[127.0201,37.72843],[127.01998,37.72849],[127.01998,37.72865],[127.02,37.72868],[127.02011,37.72872]],[[127.02015,37.72831],[127.02021,37.72831],[127.02029,37.72818],[127.02035,37.72815],[127.02042,37.72815],[127.02047,37.72821],[127.02046,37.72828],[127.02053,37.72828],[127.02059,37.72803],[127.02052,37.72801],[127.02054,37.72786],[127.02039,37.72784],[127.02039,37.72777],[127.02034,37.72777],[127.02025,37.72768],[127.02019,37.72766],[127.02014,37.72753],[127.01999,37.72746],[127.01999,37.7274],[127.01992,37.72733],[127.01979,37.72733],[127.01979,37.72728],[127.01997,37.72726],[127.01998,37.72699],[127.01991,37.72695],[127.01991,37.72686],[127.01998,37.72685],[127.02001,37.72672],[127.01985,37.7267],[127.01985,37.72663],[127.0199,37.72663],[127.0199,37.72641],[127.01981,37.72632],[127.01979,37.72625],[127.01973,37.72621],[127.01973,37.72616],[127.01961,37.72614],[127.01961,37.72619],[127.01938,37.72633],[127.01933,37.72642],[127.01929,37.72642],[127.01929,37.72647],[127.01936,37.72649],[127.01935,37.72658],[127.01942,37.7266],[127.01942,37.72667],[127.01939,37.72682],[127.01926,37.72683],[127.01923,37.72692],[127.01928,37.72694],[127.01929,37.72714],[127.01934,37.72714],[127.01934,37.72721],[127.0195,37.72718],[127.01958,37.72724],[127.01956,37.72736],[127.0196,37.72738],[127.0196,37.72751],[127.01971,37.72753],[127.01971,37.72747],[127.01978,37.72747],[127.01976,37.7276],[127.01982,37.72762],[127.01982,37.72769],[127.01973,37.72769],[127.01973,37.72774],[127.01975,37.72785],[127.01982,37.72785],[127.01988,37.72794],[127.01986,37.72812],[127.01999,37.72818],[127.02008,37.72818],[127.02013,37.72822],[127.02015,37.72831]],[[127.01959,37.72797],[127.01966,37.72798],[127.01966,37.72792],[127.0195,37.72788],[127.0195,37.72794],[127.01959,37.72797]],[[127.02165,37.72794],[127.02172,37.72794],[127.0217,37.72785],[127.02163,37.72785],[127.02165,37.72794]],[[127.02164,37.72779],[127.02173,37.72779],[127.02173,37.72774],[127.02164,37.72774],[127.02164,37.72779]],[[127.02128,37.72752],[127.02135,37.72752],[127.02135,37.72745],[127.02124,37.72735],[127.02122,37.72715],[127.02104,37.72712],[127.02104,37.72731],[127.0211,37.72735],[127.02114,37.72748],[127.02128,37.72748],[127.02128,37.72752]],[[127.01933,37.72747],[127.0194,37.72747],[127.0194,37.72741],[127.01933,37.72741],[127.01933,37.72747]],[[127.01879,37.72724],[127.01888,37.72722],[127.01888,37.72717],[127.01893,37.72713],[127.01893,37.72703],[127.01886,37.72703],[127.01877,37.72708],[127.01879,37.72724]],[[127.02138,37.72725],[127.02147,37.72725],[127.02147,37.7272],[127.02143,37.72716],[127.0215,37.72689],[127.02148,37.72682],[127.02139,37.72682],[127.02139,37.72687],[127.02134,37.7269],[127.02125,37.7269],[127.02129,37.72714],[127.02138,37.72725]],[[127.0178,37.72688],[127.01787,37.72688],[127.01787,37.72683],[127.0178,37.72683],[127.0178,37.72688]],[[127.02166,37.72678],[127.02173,37.72678],[127.02173,37.72673],[127.02178,37.72671],[127.02176,37.72659],[127.02158,37.72662],[127.02144,37.72651],[127.02142,37.72642],[127.02129,37.7264],[127.02129,37.72645],[127.02122,37.72651],[127.02121,37.72676],[127.02166,37.72675],[127.02166,37.72678]],[[127.01781,37.72665],[127.0179,37.72665],[127.01813,37.72656],[127.01829,37.72656],[127.0184,37.72664],[127.01849,37.72664],[127.01854,37.72661],[127.01849,37.7265],[127.01829,37.72647],[127.01827,37.72644],[127.0182,37.72644],[127.0182,37.72637],[127.01827,37.72633],[127.01857,37.72632],[127.01861,37.72637],[127.01861,37.72644],[127.01868,37.72645],[127.0187,37.72639],[127.01879,37.72639],[127.01879,37.72634],[127.01868,37.72632],[127.01862,37.72616],[127.01855,37.72612],[127.01855,37.72596],[127.01844,37.72595],[127.01842,37.72601],[127.01816,37.72604],[127.01808,37.72595],[127.01801,37.72595],[127.01799,37.72589],[127.01792,37.72589],[127.01789,37.72595],[127.01774,37.72592],[127.01775,37.72611],[127.0178,37.72614],[127.01793,37.72614],[127.01793,37.72623],[127.01782,37.72627],[127.01782,37.72634],[127.01788,37.7264],[127.01788,37.72647],[127.0177,37.7265],[127.0177,37.72657],[127.01776,37.72659],[127.01781,37.72665]],[[127.02165,37.7265],[127.02176,37.7265],[127.02178,37.72646],[127.02194,37.72648],[127.02194,37.72641],[127.02201,37.72641],[127.02201,37.72647],[127.02208,37.72647],[127.02208,37.72632],[127.02204,37.72632],[127.02202,37.72629],[127.02202,37.72618],[127.02197,37.72612],[127.0217,37.72615],[127.0217,37.72623],[127.02165,37.72624],[127.02165,37.72633],[127.0216,37.72639],[127.0216,37.72646],[127.02165,37.7265]],[[127.01752,37.72641],[127.01763,37.72641],[127.01759,37.72626],[127.01734,37.72628],[127.01736,37.72637],[127.0175,37.72637],[127.01752,37.72641]],[[127.01934,37.72602],[127.01944,37.72603],[127.01944,37.72597],[127.01951,37.72592],[127.01951,37.72585],[127.01946,37.72579],[127.0194,37.72577],[127.0194,37.7257],[127.01931,37.7257],[127.01926,37.72575],[127.01934,37.72602]],[[127.02029,37.72467],[127.02036,37.72467],[127.02036,37.72462],[127.02031,37.72454],[127.02025,37.72454],[127.02022,37.72463],[127.02027,37.72463],[127.02029,37.72467]],[[127.01603,37.72454],[127.01619,37.72453],[127.01619,37.72433],[127.01612,37.72431],[127.01613,37.72413],[127.01604,37.72404],[127.01604,37.72395],[127.01598,37.72389],[127.01586,37.72387],[127.01584,37.72395],[127.01588,37.72398],[127.01588,37.72404],[127.01576,37.72414],[127.01576,37.72423],[127.01567,37.72423],[127.01564,37.72438],[127.01574,37.7244],[127.01578,37.72449],[127.01587,37.72449],[127.01591,37.72452],[127.01603,37.72454]],[[127.01523,37.72392],[127.01532,37.72392],[127.01536,37.72387],[127.01537,37.72379],[127.01532,37.72376],[127.01518,37.72377],[127.01523,37.72392]],[[127.017,37.72386],[127.01711,37.72386],[127.01711,37.72381],[127.01716,37.72381],[127.01716,37.72366],[127.01698,37.72368],[127.01682,37.72353],[127.01676,37.72353],[127.01678,37.72367],[127.01684,37.72369],[127.017,37.72386]],[[127.01874,37.72385],[127.01886,37.72383],[127.01886,37.72373],[127.01875,37.72374],[127.01874,37.72385]],[[127.01489,37.72375],[127.01503,37.72375],[127.01503,37.7237],[127.01507,37.72368],[127.01508,37.72361],[127.0151,37.72357],[127.01514,37.72357],[127.01515,37.72352],[127.01503,37.72352],[127.01499,37.72355],[127.01498,37.72363],[127.01492,37.72362],[127.01489,37.72375]],[[127.01553,37.72376],[127.01559,37.72376],[127.01567,37.72347],[127.01556,37.72345],[127.01556,37.72342],[127.01547,37.72342],[127.01544,37.72351],[127.01553,37.72358],[127.01553,37.72376]],[[127.01517,37.72348],[127.01526,37.72349],[127.01526,37.72343],[127.01517,37.72343],[127.01517,37.72348]],[[127.01588,37.72339],[127.01594,37.72339],[127.01595,37.72332],[127.01588,37.72332],[127.01588,37.72339]],[[127.01656,37.72324],[127.0167,37.72324],[127.0167,37.72319],[127.01656,37.72318],[127.01656,37.72324]],[[127.01693,37.72314],[127.01699,37.72314],[127.01699,37.7231],[127.01706,37.7231],[127.01709,37.72305],[127.01716,37.72305],[127.01716,37.723],[127.01725,37.723],[127.01729,37.72296],[127.01727,37.72283],[127.01736,37.72284],[127.01737,37.72278],[127.01723,37.72276],[127.01721,37.72287],[127.01711,37.72289],[127.01712,37.7228],[127.01689,37.72277],[127.01689,37.72272],[127.01696,37.72272],[127.01696,37.72267],[127.01687,37.72263],[127.01685,37.72256],[127.01671,37.72257],[127.01669,37.7227],[127.01653,37.7227],[127.01653,37.72261],[127.01646,37.72261],[127.01646,37.72264],[127.01642,37.72264],[127.01641,37.72275],[127.01657,37.72277],[127.01657,37.72282],[127.01662,37.72282],[127.01662,37.72286],[127.01668,37.72286],[127.01668,37.72292],[127.01673,37.72295],[127.01689,37.72294],[127.01693,37.72297],[127.01693,37.72314]],[[127.0156,37.72279],[127.01582,37.72277],[127.01583,37.72272],[127.01567,37.72274],[127.01567,37.72268],[127.01555,37.72268],[127.01555,37.72275],[127.0156,37.72279]],[[127.01771,37.72266],[127.01789,37.72265],[127.01792,37.72259],[127.01805,37.7226],[127.01805,37.72254],[127.01815,37.72251],[127.01815,37.7224],[127.01801,37.72238],[127.01801,37.72245],[127.01794,37.72249],[127.01794,37.72252],[127.01787,37.72252],[127.01783,37.72247],[127.01778,37.72247],[127.01776,37.72241],[127.01769,37.72241],[127.0177,37.72237],[127.01749,37.72239],[127.0175,37.72221],[127.01743,37.72221],[127.0174,37.72224],[127.01729,37.72224],[127.01726,37.72237],[127.01733,37.72237],[127.0174,37.72242],[127.01749,37.72242],[127.01749,37.7225],[127.01758,37.7225],[127.01758,37.72259],[127.01767,37.72261],[127.01767,37.72264],[127.01771,37.72266]],[[127.01486,37.72238],[127.01493,37.72238],[127.01493,37.72233],[127.01486,37.72233],[127.01486,37.72238]],[[127.01622,37.72237],[127.01629,37.72237],[127.01629,37.72231],[127.01622,37.72231],[127.01622,37.72237]],[[127.01641,37.72224],[127.01661,37.72223],[127.01661,37.72217],[127.01645,37.72217],[127.01641,37.72219],[127.01641,37.72224]],[[127.01763,37.72225],[127.01777,37.72221],[127.01773,37.72209],[127.01782,37.72209],[127.01782,37.72203],[127.01764,37.72205],[127.01759,37.7221],[127.01754,37.7221],[127.01754,37.72217],[127.01763,37.72225]],[[127.01582,37.72218],[127.01598,37.72216],[127.01602,37.72211],[127.01609,37.72209],[127.01618,37.7221],[127.01619,37.72197],[127.01598,37.722],[127.01598,37.72197],[127.01591,37.72195],[127.01592,37.72178],[127.01569,37.72183],[127.01566,37.72194],[127.01559,37.722],[127.01559,37.72209],[127.01575,37.72211],[127.01582,37.72218]],[[127.01709,37.72213],[127.01716,37.72213],[127.01716,37.72204],[127.01709,37.72204],[127.01709,37.72213]],[[127.01768,37.72194],[127.01784,37.72194],[127.01782,37.72178],[127.01773,37.72178],[127.01775,37.72189],[127.01769,37.72189],[127.01768,37.72194]],[[127.01483,37.72169],[127.01494,37.7217],[127.01495,37.72164],[127.01481,37.72155],[127.01474,37.72155],[127.01474,37.72164],[127.01483,37.72169]],[[127.01377,37.72155],[127.01386,37.72155],[127.01388,37.7215],[127.01393,37.7215],[127.01393,37.72146],[127.01402,37.72146],[127.01402,37.72152],[127.01409,37.72152],[127.01411,37.72147],[127.01427,37.72149],[127.01432,37.72147],[127.01432,37.7214],[127.01427,37.72134],[127.01409,37.72136],[127.014,37.7213],[127.01393,37.7213],[127.01393,37.72139],[127.01384,37.72141],[127.01384,37.72148],[127.01375,37.72148],[127.01377,37.72155]],[[127.01719,37.72155],[127.01729,37.72156],[127.01727,37.72141],[127.01729,37.72136],[127.01736,37.72132],[127.01736,37.72127],[127.01729,37.72123],[127.01718,37.72125],[127.01718,37.72136],[127.01713,37.72139],[127.017,37.72139],[127.01697,37.72144],[127.01697,37.7215],[127.01715,37.72146],[127.01719,37.72155]],[[127.01445,37.7214],[127.01452,37.7214],[127.01452,37.72135],[127.01445,37.72135],[127.01445,37.7214]],[[127.01591,37.72139],[127.016,37.72139],[127.01598,37.72114],[127.01609,37.72114],[127.0161,37.72107],[127.01621,37.72098],[127.0163,37.72096],[127.0163,37.72091],[127.01626,37.72091],[127.01626,37.72084],[127.01642,37.72084],[127.01645,37.72073],[127.01613,37.72074],[127.01613,37.72071],[127.01604,37.72071],[127.01604,37.72074],[127.01597,37.72079],[127.0159,37.72079],[127.01592,37.7209],[127.01583,37.72097],[127.01582,37.72104],[127.01587,37.72115],[127.01591,37.72117],[127.01589,37.72126],[127.01584,37.72126],[127.01584,37.72131],[127.01589,37.72132],[127.01591,37.72139]],[[127.01654,37.72125],[127.01661,37.72126],[127.01668,37.72115],[127.01666,37.72102],[127.01657,37.72102],[127.0165,37.72107],[127.01641,37.72107],[127.01641,37.72111],[127.01632,37.72118],[127.01632,37.72123],[127.01654,37.72125]],[[127.01675,37.72113],[127.01684,37.72113],[127.01685,37.72106],[127.01675,37.72106],[127.01675,37.72113]],[[127.01682,37.72097],[127.01689,37.72097],[127.01689,37.7209],[127.01683,37.7209],[127.01682,37.72097]]]}},{"type":"Feature","properties":{"valleyId":"angol","layer":"canopy","date":"2026-08-01"},"geometry":{"type":"Polygon","coordinates":[[[127.02978,37.72115],[127.02973,37.72106],[127.02962,37.72099],[127.0296,37.72082],[127.02947,37.72071],[127.02942,37.72071],[127.02943,37.72061],[127.02929,37.72053],[127.02911,37.72056],[127.02906,37.72067],[127.02881,37.72065],[127.02881,37.72076],[127.02877,37.72077],[127.02854,37.72077],[127.02838,37.72073],[127.02836,37.72077],[127.02808,37.72078],[127.02809,37.72067],[127.02802,37.72067],[127.028,37.72071],[127.02784,37.72076],[127.02774,37.72076],[127.02772,37.7207],[127.02766,37.7207],[127.02763,37.72083],[127.02779,37.72083],[127.02779,37.72088],[127.02772,37.7209],[127.02769,37.72097],[127.02763,37.72097],[127.0276,37.72094],[127.02742,37.72093],[127.02736,37.72088],[127.02722,37.72088],[127.02724,37.72098],[127.02713,37.72098],[127.02713,37.72095],[127.02706,37.72094],[127.02699,37.72089],[127.02688,37.72087],[127.02679,37.72087],[127.02665,37.72092],[127.02663,37.72096],[127.02633,37.72091],[127.02629,37.72082],[127.02632,37.72061],[127.02621,37.72061],[127.0262,37.72064],[127.02611,37.72064],[127.02612,37.72055],[127.02619,37.72048],[127.02617,37.72033],[127.02608,37.72033],[127.02601,37.72039],[127.02596,37.72039],[127.02596,37.72049],[127.02587,37.72051],[127.02579,37.72013],[127.02582,37.71972],[127.02589,37.71972],[127.02593,37.71977],[127.02595,37.71997],[127.02604,37.71997],[127.02609,37.71994],[127.02649,37.71998],[127.02649,37.72007],[127.02658,37.72009],[127.02665,37.72014],[127.02665,37.72027],[127.02658,37.72031],[127.02655,37.72043],[127.02662,37.72043],[127.02669,37.72049],[127.02678,37.72049],[127.0268,37.72053],[127.02707,37.72049],[127.02716,37.72053],[127.0272,37.72062],[127.02729,37.72062],[127.02732,37.72057],[127.0275,37.72057],[127.02757,37.72047],[127.0278,37.72051],[127.0278,37.72043],[127.02796,37.72042],[127.02798,37.72037],[127.02807,37.72037],[127.0281,37.72031],[127.02817,37.72028],[127.02817,37.72022],[127.0281,37.7202],[127.0281,37.72011],[127.02817,37.72006],[127.02822,37.72006],[127.02822,37.72003],[127.02838,37.71999],[127.0284,37.71994],[127.02861,37.71996],[127.02872,37.71993],[127.02886,37.71993],[127.02892,37.71997],[127.02904,37.71997],[127.02908,37.71988],[127.0292,37.71984],[127.0292,37.71979],[127.02918,37.71975],[127.02911,37.71975],[127.02909,37.71981],[127.02886,37.71982],[127.02884,37.71978],[127.02872,37.71978],[127.02868,37.71973],[127.02861,37.71973],[127.02857,37.71967],[127.02823,37.71965],[127.02814,37.71957],[127.02814,37.7195],[127.02805,37.71948],[127.02805,37.71939],[127.02801,37.71937],[127.02792,37.71937],[127.02787,37.71946],[127.02782,37.71946],[127.02778,37.71951],[127.0276,37.71951],[127.02753,37.71946],[127.02753,37.71937],[127.0276,37.71935],[127.02763,37.71922],[127.02758,37.71922],[127.02756,37.71913],[127.02747,37.71906],[127.02729,37.71906],[127.02729,37.71909],[127.02724,37.71909],[127.02724,37.71916],[127.02742,37.71926],[127.02737,37.71953],[127.02732,37.71956],[127.02705,37.71957],[127.02703,37.71961],[127.02696,37.71961],[127.02689,37.71966],[127.02671,37.71966],[127.02655,37.71958],[127.02651,37.71946],[127.02644,37.71938],[127.02633,37.71938],[127.02629,37.71927],[127.0262,37.71927],[127.02608,37.71922],[127.02609,37.71914],[127.02618,37.71906],[127.0262,37.71898],[127.02627,37.71895],[127.02627,37.71891],[127.0266,37.71865],[127.02664,37.71865],[127.02671,37.71858],[127.02676,37.71858],[127.02681,37.71852],[127.0269,37.71851],[127.02699,37.71844],[127.02749,37.71828],[127.02783,37.71824],[127.02838,37.71824],[127.02872,37.7183],[127.02926,37.71849],[127.02926,37.71853],[127.02937,37.71855],[127.02941,37.7186],[127.02955,37.71866],[127.02986,37.71892],[127.02986,37.71895],[127.03001,37.7191],[127.03019,37.71937],[127.03027,37.71959],[127.03027,37.71968],[127.03009,37.71966],[127.03,37.71961],[127.02993,37.7196],[127.02986,37.71968],[127.02973,37.71966],[127.02966,37.7196],[127.02943,37.71961],[127.02943,37.7197],[127.02934,37.71972],[127.02929,37.71977],[127.02929,37.71985],[127.02954,37.71987],[127.02956,37.71983],[127.02968,37.71983],[127.02969,37.72002],[127.02962,37.72003],[127.02962,37.72009],[127.02976,37.72009],[127.02979,37.71989],[127.0299,37.71987],[127.02994,37.71993],[127.02992,37.72006],[127.03003,37.72009],[127.03005,37.7202],[127.0303,37.72022],[127.0303,37.72039],[127.03022,37.72062],[127.03017,37.72069],[127.03008,37.72069],[127.03005,37.72092],[127.03001,37.72094],[127.02989,37.72112],[127.02984,37.72115],[127.02978,37.72115]],[[127.02647,37.72084],[127.02656,37.72085],[127.02661,37.72072],[127.02638,37.72072],[127.02638,37.72077],[127.02645,37.72077],[127.02647,37.72084]],[[127.02834,37.72062],[127.02841,37.72062],[127.02841,37.72057],[127.02834,37.72057],[127.02834,37.72062]],[[127.02841,37.72057],[127.02854,37.72057],[127.02857,37.72054],[127.02866,37.72052],[127.02866,37.72047],[127.02859,37.72043],[127.02841,37.72043],[127.02841,37.72057]],[[127.02665,37.71942],[127.02676,37.71943],[127.02674,37.71928],[127.02665,37.7193],[127.02665,37.71942]],[[127.02851,37.71938],[127.02858,37.71938],[127.02865,37.71928],[127.0288,37.7193],[127.02883,37.71923],[127.02894,37.71919],[127.02897,37.71916],[127.02897,37.7191],[127.02892,37.7191],[127.02892,37.71905],[127.02888,37.71903],[127.02888,37.71894],[127.02893,37.71892],[127.02895,37.7188],[127.02889,37.71878],[127.02887,37.71865],[127.02875,37.71865],[127.02873,37.71868],[127.02864,37.7187],[127.02863,37.71884],[127.0287,37.71885],[127.02872,37.71888],[127.02872,37.71908],[127.02883,37.7191],[127.02883,37.71915],[127.02876,37.71921],[127.02869,37.71921],[127.02869,37.71915],[127.02847,37.71918],[127.02846,37.71935],[127.02851,37.71938]],[[127.02824,37.71922],[127.02833,37.7192],[127.02833,37.71913],[127.02842,37.71913],[127.02852,37.71908],[127.02852,37.71904],[127.02861,37.71899],[127.02859,37.71892],[127.02852,37.71891],[127.0285,37.71895],[127.02838,37.71895],[127.02836,37.71898],[127.02831,37.71898],[127.02827,37.71905],[127.02822,37.71905],[127.02824,37.71922]],[[127.0267,37.71917],[127.02681,37.71917],[127.0269,37.71912],[127.02693,37.71903],[127.02688,37.71901],[127.02688,37.71896],[127.02707,37.71896],[127.02707,37.71891],[127.027,37.71887],[127.02698,37.7186],[127.02687,37.7186],[127.02691,37.71874],[127.0268,37.71883],[127.02675,37.71883],[127.02673,37.71897],[127.02659,37.71901],[127.02659,37.7191],[127.0267,37.7191],[127.0267,37.71917]],[[127.02922,37.71907],[127.02929,37.71907],[127.02929,37.719],[127.02922,37.719],[127.02922,37.71907]],[[127.02775,37.71881],[127.02791,37.71881],[127.02794,37.71867],[127.02785,37.7186],[127.02776,37.71859],[127.02773,37.71863],[127.02775,37.71881]],[[127.02885,37.7186],[127.02898,37.7186],[127.02898,37.71851],[127.02887,37.71849],[127.02885,37.7186]],[[127.02796,37.71853],[127.02805,37.71853],[127.02808,37.71846],[127.02799,37.71844],[127.02796,37.71853]]]}}]}
