{"type":"FeatureCollection","metadata":{"description":"개방지(CHM ≤ 2 m)에 드리운 나무·지형 그림자, 2026-08-01 17:00 KST. canopy 위에 겹쳐 그린다","source":"위성 기반 추정 — Copernicus GLO-30 지형(30 m) + Meta/WRI 수관 높이(1 m CHM, 2019 촬영). 그늘 = 수관(CHM > 2 m) ∪ 나무·지형 그림자 ∪ 원거리 지형 마스크. 현장과 다를 수 있음.","datasetVersion":"2026-09-06.0","collectedAt":"2026-09-06","coordinateOrder":"[longitude, latitude]","crs":"EPSG:4326","representativeDate":"2026-08-01","hours":["10:00","11:00","12:00","13:00","14:00","15:00","16:00","17:00","18:00"],"chmAcquisition":["2019-03"],"assets":{"glo30":{"dataset":"Copernicus DEM GLO-30 (COG, s3://copernicus-dem-30m)","tiles":["Copernicus_DSM_COG_10_N37_00_E126_00_DEM","Copernicus_DSM_COG_10_N37_00_E127_00_DEM"]},"chm":{"dataset":"Meta/WRI Global Canopy Height Map v1 (alsgedi_global_v6_float, 1 m, CC-BY 4.0)","quadkeys":["132110302","132110320"],"acquisition":["2019-03"]}},"method":{"gridResM":2,"canopyThresholdM":2,"bufferHalfM":25,"corridorHalfM":200,"simplifyTolM":2,"minAreaM2":25,"coordDecimals":5},"generator":"scripts/shade 0.1.0","builtAt":"2026-09-06T06:05:22Z","layer":"shadow","timeLocal":"17:00"},"features":[{"type":"Feature","properties":{"valleyId":"angol","layer":"shadow","date":"2026-08-01","timeLocal":"17:00"},"geometry":{"type":"Polygon","coordinates":[[[127.02185,37.74632],[127.02187,37.74618],[127.02192,37.74611],[127.02199,37.74607],[127.02199,37.74593],[127.02195,37.74591],[127.02195,37.74584],[127.02184,37.74575],[127.02184,37.74569],[127.02193,37.7457],[127.02202,37.74571],[127.02202,37.74575],[127.02206,37.74575],[127.02206,37.74579],[127.02213,37.74581],[127.02213,37.74586],[127.02218,37.74586],[127.0222,37.74592],[127.02224,37.74592],[127.02226,37.74597],[127.02231,37.74597],[127.02231,37.7461],[127.02219,37.74613],[127.02219,37.74617],[127.02214,37.74617],[127.02212,37.7462],[127.02208,37.7462],[127.02207,37.74627],[127.02198,37.74629],[127.02198,37.74633],[127.02185,37.74632]]]}},{"type":"Feature","properties":{"valleyId":"angol","layer":"shadow","date":"2026-08-01","timeLocal":"17:00"},"geometry":{"type":"Polygon","coordinates":[[[127.02175,37.74567],[127.0217,37.74564],[127.02171,37.74555],[127.02182,37.74557],[127.02182,37.74568],[127.02175,37.74567]]]}},{"type":"Feature","properties":{"valleyId":"angol","layer":"shadow","date":"2026-08-01","timeLocal":"17:00"},"geometry":{"type":"Polygon","coordinates":[[[127.024,37.74559],[127.024,37.74553],[127.02407,37.74553],[127.02407,37.74559],[127.024,37.74559]]]}},{"type":"Feature","properties":{"valleyId":"angol","layer":"shadow","date":"2026-08-01","timeLocal":"17:00"},"geometry":{"type":"Polygon","coordinates":[[[127.02507,37.74542],[127.02507,37.74535],[127.02516,37.74535],[127.02516,37.74541],[127.02507,37.74542]]]}},{"type":"Feature","properties":{"valleyId":"angol","layer":"shadow","date":"2026-08-01","timeLocal":"17:00"},"geometry":{"type":"Polygon","coordinates":[[[127.02146,37.74545],[127.02137,37.74534],[127.02137,37.74527],[127.02144,37.74527],[127.02146,37.74536],[127.02153,37.74538],[127.02153,37.74545],[127.02146,37.74545]]]}},{"type":"Feature","properties":{"valleyId":"angol","layer":"shadow","date":"2026-08-01","timeLocal":"17:00"},"geometry":{"type":"Polygon","coordinates":[[[127.02073,37.74542],[127.02065,37.7453],[127.02068,37.74497],[127.02077,37.74492],[127.02077,37.74486],[127.02084,37.74487],[127.02081,37.74506],[127.02088,37.74514],[127.02085,37.74528],[127.0209,37.7453],[127.02089,37.74537],[127.02087,37.74541],[127.02073,37.74542]]]}},{"type":"Feature","properties":{"valleyId":"angol","layer":"shadow","date":"2026-08-01","timeLocal":"17:00"},"geometry":{"type":"Polygon","coordinates":[[[127.02091,37.74487],[127.02091,37.74481],[127.02098,37.74481],[127.02098,37.74487],[127.02091,37.74487]]]}},{"type":"Feature","properties":{"valleyId":"angol","layer":"shadow","date":"2026-08-01","timeLocal":"17:00"},"geometry":{"type":"Polygon","coordinates":[[[127.021,37.74481],[127.021,37.74476],[127.02107,37.74476],[127.02107,37.74482],[127.021,37.74481]]]}},{"type":"Feature","properties":{"valleyId":"angol","layer":"shadow","date":"2026-08-01","timeLocal":"17:00"},"geometry":{"type":"Polygon","coordinates":[[[127.02372,37.74479],[127.02373,37.74473],[127.02379,37.74474],[127.02379,37.74479],[127.02372,37.74479]]]}},{"type":"Feature","properties":{"valleyId":"angol","layer":"shadow","date":"2026-08-01","timeLocal":"17:00"},"geometry":{"type":"Polygon","coordinates":[[[127.02087,37.7447],[127.02087,37.74465],[127.02094,37.74465],[127.02094,37.74471],[127.02087,37.7447]]]}},{"type":"Feature","properties":{"valleyId":"angol","layer":"shadow","date":"2026-08-01","timeLocal":"17:00"},"geometry":{"type":"Polygon","coordinates":[[[127.02071,37.74467],[127.02071,37.74459],[127.0208,37.7446],[127.0208,37.74467],[127.02071,37.74467]]]}},{"type":"Feature","properties":{"valleyId":"angol","layer":"shadow","date":"2026-08-01","timeLocal":"17:00"},"geometry":{"type":"Polygon","coordinates":[[[127.02062,37.74456],[127.02062,37.7445],[127.02069,37.7445],[127.02069,37.74456],[127.02062,37.74456]]]}},{"type":"Feature","properties":{"valleyId":"angol","layer":"shadow","date":"2026-08-01","timeLocal":"17:00"},"geometry":{"type":"Polygon","coordinates":[[[127.02992,37.74466],[127.02993,37.7446],[127.02999,37.7446],[127.02999,37.74466],[127.02992,37.74466]]]}},{"type":"Feature","properties":{"valleyId":"angol","layer":"shadow","date":"2026-08-01","timeLocal":"17:00"},"geometry":{"type":"Polygon","coordinates":[[[127.02389,37.74472],[127.02389,37.74443],[127.02396,37.74443],[127.02398,37.74452],[127.02403,37.74456],[127.02412,37.74456],[127.02411,37.74463],[127.02407,37.7447],[127.02389,37.74472]]]}},{"type":"Feature","properties":{"valleyId":"angol","layer":"shadow","date":"2026-08-01","timeLocal":"17:00"},"geometry":{"type":"Polygon","coordinates":[[[127.02035,37.74437],[127.02034,37.74421],[127.02045,37.74421],[127.02044,37.74437],[127.02035,37.74437]]]}},{"type":"Feature","properties":{"valleyId":"angol","layer":"shadow","date":"2026-08-01","timeLocal":"17:00"},"geometry":{"type":"Polygon","coordinates":[[[127.0251,37.74434],[127.0251,37.74423],[127.02524,37.74425],[127.02521,37.74433],[127.0251,37.74434]]]}},{"type":"Feature","properties":{"valleyId":"angol","layer":"shadow","date":"2026-08-01","timeLocal":"17:00"},"geometry":{"type":"Polygon","coordinates":[[[127.02365,37.74437],[127.02365,37.74432],[127.02369,37.7443],[127.02365,37.74414],[127.02372,37.74414],[127.02374,37.74421],[127.02379,37.74423],[127.02378,37.74432],[127.02374,37.74437],[127.02365,37.74437]]]}},{"type":"Feature","properties":{"valleyId":"angol","layer":"shadow","date":"2026-08-01","timeLocal":"17:00"},"geometry":{"type":"Polygon","coordinates":[[[127.01919,37.74388],[127.01919,37.74383],[127.01926,37.74383],[127.01925,37.74388],[127.01919,37.74388]]]}},{"type":"Feature","properties":{"valleyId":"angol","layer":"shadow","date":"2026-08-01","timeLocal":"17:00"},"geometry":{"type":"Polygon","coordinates":[[[127.01944,37.74385],[127.01944,37.74378],[127.01951,37.74378],[127.01951,37.74385],[127.01944,37.74385]]]}},{"type":"Feature","properties":{"valleyId":"angol","layer":"shadow","date":"2026-08-01","timeLocal":"17:00"},"geometry":{"type":"Polygon","coordinates":[[[127.02318,37.74386],[127.02318,37.74377],[127.02332,37.74379],[127.02332,37.74384],[127.02318,37.74386]]]}},{"type":"Feature","properties":{"valleyId":"angol","layer":"shadow","date":"2026-08-01","timeLocal":"17:00"},"geometry":{"type":"Polygon","coordinates":[[[127.02468,37.74372],[127.02469,37.74367],[127.02475,37.74367],[127.02475,37.74372],[127.02468,37.74372]]]}},{"type":"Feature","properties":{"valleyId":"angol","layer":"shadow","date":"2026-08-01","timeLocal":"17:00"},"geometry":{"type":"Polygon","coordinates":[[[127.02394,37.74366],[127.02394,37.7436],[127.02401,37.7436],[127.024,37.74366],[127.02394,37.74366]]]}},{"type":"Feature","properties":{"valleyId":"angol","layer":"shadow","date":"2026-08-01","timeLocal":"17:00"},"geometry":{"type":"Polygon","coordinates":[[[127.01945,37.74351],[127.01945,37.74344],[127.01952,37.74344],[127.01951,37.74351],[127.01945,37.74351]]]}},{"type":"Feature","properties":{"valleyId":"angol","layer":"shadow","date":"2026-08-01","timeLocal":"17:00"},"geometry":{"type":"Polygon","coordinates":[[[127.03036,37.74358],[127.03036,37.74353],[127.03045,37.74353],[127.03045,37.74359],[127.03036,37.74358]]]}},{"type":"Feature","properties":{"valleyId":"angol","layer":"shadow","date":"2026-08-01","timeLocal":"17:00"},"geometry":{"type":"Polygon","coordinates":[[[127.01794,37.74294],[127.01794,37.74289],[127.01801,37.74289],[127.01801,37.74294],[127.01794,37.74294]]]}},{"type":"Feature","properties":{"valleyId":"angol","layer":"shadow","date":"2026-08-01","timeLocal":"17:00"},"geometry":{"type":"Polygon","coordinates":[[[127.02407,37.74292],[127.02407,37.74285],[127.02416,37.74285],[127.02416,37.74292],[127.02407,37.74292]]]}},{"type":"Feature","properties":{"valleyId":"angol","layer":"shadow","date":"2026-08-01","timeLocal":"17:00"},"geometry":{"type":"Polygon","coordinates":[[[127.01956,37.74283],[127.01956,37.74275],[127.01965,37.74276],[127.01965,37.74281],[127.01956,37.74283]]]}},{"type":"Feature","properties":{"valleyId":"angol","layer":"shadow","date":"2026-08-01","timeLocal":"17:00"},"geometry":{"type":"Polygon","coordinates":[[[127.02466,37.74306],[127.02466,37.74298],[127.0247,37.74293],[127.02469,37.74282],[127.02475,37.74282],[127.02482,37.74288],[127.02484,37.74304],[127.02466,37.74306]]]}},{"type":"Feature","properties":{"valleyId":"angol","layer":"shadow","date":"2026-08-01","timeLocal":"17:00"},"geometry":{"type":"Polygon","coordinates":[[[127.01922,37.7436],[127.01915,37.7435],[127.01919,37.74304],[127.01912,37.74294],[127.01915,37.74271],[127.01922,37.74271],[127.01928,37.74277],[127.01923,37.74296],[127.0193,37.74309],[127.01927,37.74331],[127.01931,37.7436],[127.01922,37.7436]]]}},{"type":"Feature","properties":{"valleyId":"angol","layer":"shadow","date":"2026-08-01","timeLocal":"17:00"},"geometry":{"type":"Polygon","coordinates":[[[127.01938,37.74268],[127.01938,37.74262],[127.01945,37.74263],[127.01945,37.74268],[127.01938,37.74268]]]}},{"type":"Feature","properties":{"valleyId":"angol","layer":"shadow","date":"2026-08-01","timeLocal":"17:00"},"geometry":{"type":"Polygon","coordinates":[[[127.01976,37.74267],[127.01977,37.74261],[127.01988,37.74261],[127.01988,37.74267],[127.01976,37.74267]]]}},{"type":"Feature","properties":{"valleyId":"angol","layer":"shadow","date":"2026-08-01","timeLocal":"17:00"},"geometry":{"type":"Polygon","coordinates":[[[127.01872,37.74261],[127.01872,37.74256],[127.01879,37.74256],[127.01879,37.74261],[127.01872,37.74261]]]}},{"type":"Feature","properties":{"valleyId":"angol","layer":"shadow","date":"2026-08-01","timeLocal":"17:00"},"geometry":{"type":"Polygon","coordinates":[[[127.01956,37.74254],[127.01957,37.74243],[127.01968,37.74245],[127.01968,37.74252],[127.01956,37.74254]]]}},{"type":"Feature","properties":{"valleyId":"angol","layer":"shadow","date":"2026-08-01","timeLocal":"17:00"},"geometry":{"type":"Polygon","coordinates":[[[127.01809,37.74228],[127.0181,37.74222],[127.01816,37.74223],[127.01816,37.74228],[127.01809,37.74228]]]}},{"type":"Feature","properties":{"valleyId":"angol","layer":"shadow","date":"2026-08-01","timeLocal":"17:00"},"geometry":{"type":"Polygon","coordinates":[[[127.02725,37.74211],[127.02723,37.74202],[127.02729,37.74202],[127.02731,37.74211],[127.02725,37.74211]]]}},{"type":"Feature","properties":{"valleyId":"angol","layer":"shadow","date":"2026-08-01","timeLocal":"17:00"},"geometry":{"type":"Polygon","coordinates":[[[127.02396,37.74205],[127.02398,37.74194],[127.02416,37.74198],[127.02416,37.74204],[127.02396,37.74205]]]}},{"type":"Feature","properties":{"valleyId":"angol","layer":"shadow","date":"2026-08-01","timeLocal":"17:00"},"geometry":{"type":"Polygon","coordinates":[[[127.02035,37.74199],[127.02038,37.74185],[127.02044,37.74185],[127.02051,37.7419],[127.02051,37.74196],[127.02044,37.74199],[127.02035,37.74199]]]}},{"type":"Feature","properties":{"valleyId":"angol","layer":"shadow","date":"2026-08-01","timeLocal":"17:00"},"geometry":{"type":"Polygon","coordinates":[[[127.02253,37.74194],[127.02253,37.74187],[127.0226,37.74187],[127.02262,37.74194],[127.02253,37.74194]]]}},{"type":"Feature","properties":{"valleyId":"angol","layer":"shadow","date":"2026-08-01","timeLocal":"17:00"},"geometry":{"type":"Polygon","coordinates":[[[127.02214,37.74202],[127.02208,37.74184],[127.0223,37.74186],[127.0223,37.74192],[127.02226,37.74192],[127.02226,37.74201],[127.02214,37.74202]]]}},{"type":"Feature","properties":{"valleyId":"angol","layer":"shadow","date":"2026-08-01","timeLocal":"17:00"},"geometry":{"type":"Polygon","coordinates":[[[127.02718,37.74198],[127.02718,37.74193],[127.02725,37.74193],[127.02725,37.74198],[127.02718,37.74198]]]}},{"type":"Feature","properties":{"valleyId":"angol","layer":"shadow","date":"2026-08-01","timeLocal":"17:00"},"geometry":{"type":"Polygon","coordinates":[[[127.01915,37.74181],[127.01915,37.74168],[127.01927,37.74169],[127.01927,37.74178],[127.01922,37.74181],[127.01915,37.74181]]]}},{"type":"Feature","properties":{"valleyId":"angol","layer":"shadow","date":"2026-08-01","timeLocal":"17:00"},"geometry":{"type":"Polygon","coordinates":[[[127.02058,37.74171],[127.02059,37.74165],[127.02065,37.74165],[127.02065,37.74171],[127.02058,37.74171]]]}},{"type":"Feature","properties":{"valleyId":"angol","layer":"shadow","date":"2026-08-01","timeLocal":"17:00"},"geometry":{"type":"Polygon","coordinates":[[[127.01925,37.74167],[127.01923,37.74158],[127.01934,37.7416],[127.01934,37.74165],[127.01925,37.74167]]]}},{"type":"Feature","properties":{"valleyId":"angol","layer":"shadow","date":"2026-08-01","timeLocal":"17:00"},"geometry":{"type":"Polygon","coordinates":[[[127.02691,37.74183],[127.02692,37.74169],[127.02698,37.74169],[127.027,37.7418],[127.02698,37.74183],[127.02691,37.74183]]]}},{"type":"Feature","properties":{"valleyId":"angol","layer":"shadow","date":"2026-08-01","timeLocal":"17:00"},"geometry":{"type":"Polygon","coordinates":[[[127.02907,37.74183],[127.02909,37.74172],[127.02923,37.74176],[127.02923,37.74182],[127.02907,37.74183]]]}},{"type":"Feature","properties":{"valleyId":"angol","layer":"shadow","date":"2026-08-01","timeLocal":"17:00"},"geometry":{"type":"Polygon","coordinates":[[[127.02285,37.74184],[127.02284,37.74149],[127.0229,37.74149],[127.0229,37.74158],[127.02297,37.74164],[127.02299,37.7418],[127.02285,37.74184]]]}},{"type":"Feature","properties":{"valleyId":"angol","layer":"shadow","date":"2026-08-01","timeLocal":"17:00"},"geometry":{"type":"Polygon","coordinates":[[[127.02068,37.74164],[127.02068,37.74156],[127.02072,37.74153],[127.02071,37.74137],[127.02077,37.74137],[127.02084,37.74146],[127.02084,37.7416],[127.02068,37.74164]]]}},{"type":"Feature","properties":{"valleyId":"angol","layer":"shadow","date":"2026-08-01","timeLocal":"17:00"},"geometry":{"type":"Polygon","coordinates":[[[127.02399,37.74175],[127.02397,37.74157],[127.02393,37.74153],[127.02393,37.74139],[127.02402,37.74139],[127.02402,37.74142],[127.02411,37.74146],[127.02406,37.7416],[127.0241,37.74166],[127.02415,37.74166],[127.02412,37.74173],[127.02399,37.74175]]]}},{"type":"Feature","properties":{"valleyId":"angol","layer":"shadow","date":"2026-08-01","timeLocal":"17:00"},"geometry":{"type":"Polygon","coordinates":[[[127.01921,37.7414],[127.01921,37.74129],[127.01928,37.74129],[127.01928,37.7414],[127.01921,37.7414]]]}},{"type":"Feature","properties":{"valleyId":"angol","layer":"shadow","date":"2026-08-01","timeLocal":"17:00"},"geometry":{"type":"Polygon","coordinates":[[[127.02723,37.74191],[127.02723,37.7418],[127.02716,37.7418],[127.02714,37.74173],[127.02708,37.74169],[127.02708,37.7414],[127.02715,37.7414],[127.02717,37.74153],[127.02728,37.74153],[127.02733,37.74157],[127.02733,37.74162],[127.02721,37.74166],[127.02725,37.7418],[127.02741,37.74182],[127.02741,37.74188],[127.02723,37.74191]]]}},{"type":"Feature","properties":{"valleyId":"angol","layer":"shadow","date":"2026-08-01","timeLocal":"17:00"},"geometry":{"type":"Polygon","coordinates":[[[127.03395,37.7417],[127.03393,37.74153],[127.03407,37.74152],[127.03409,37.74166],[127.03404,37.7417],[127.03395,37.7417]]]}},{"type":"Feature","properties":{"valleyId":"angol","layer":"shadow","date":"2026-08-01","timeLocal":"17:00"},"geometry":{"type":"Polygon","coordinates":[[[127.03436,37.74167],[127.03437,37.7414],[127.03444,37.7414],[127.03445,37.74163],[127.03443,37.74167],[127.03436,37.74167]]]}},{"type":"Feature","properties":{"valleyId":"angol","layer":"shadow","date":"2026-08-01","timeLocal":"17:00"},"geometry":{"type":"Polygon","coordinates":[[[127.02037,37.74118],[127.02033,37.74114],[127.02033,37.74109],[127.02042,37.74107],[127.02044,37.74118],[127.02037,37.74118]]]}},{"type":"Feature","properties":{"valleyId":"angol","layer":"shadow","date":"2026-08-01","timeLocal":"17:00"},"geometry":{"type":"Polygon","coordinates":[[[127.01823,37.74133],[127.01804,37.74111],[127.01799,37.74094],[127.01808,37.74094],[127.01822,37.74115],[127.01828,37.74118],[127.0183,37.74133],[127.01823,37.74133]]]}},{"type":"Feature","properties":{"valleyId":"angol","layer":"shadow","date":"2026-08-01","timeLocal":"17:00"},"geometry":{"type":"Polygon","coordinates":[[[127.02221,37.74105],[127.02224,37.74096],[127.02233,37.74096],[127.02233,37.74102],[127.02228,37.74105],[127.02221,37.74105]]]}},{"type":"Feature","properties":{"valleyId":"angol","layer":"shadow","date":"2026-08-01","timeLocal":"17:00"},"geometry":{"type":"Polygon","coordinates":[[[127.01793,37.74094],[127.01793,37.74089],[127.018,37.74089],[127.01799,37.74094],[127.01793,37.74094]]]}},{"type":"Feature","properties":{"valleyId":"angol","layer":"shadow","date":"2026-08-01","timeLocal":"17:00"},"geometry":{"type":"Polygon","coordinates":[[[127.03029,37.7411],[127.03029,37.74104],[127.03036,37.74104],[127.03036,37.7411],[127.03029,37.7411]]]}},{"type":"Feature","properties":{"valleyId":"angol","layer":"shadow","date":"2026-08-01","timeLocal":"17:00"},"geometry":{"type":"Polygon","coordinates":[[[127.03416,37.7415],[127.03416,37.74143],[127.03421,37.74138],[127.03426,37.74138],[127.03426,37.74132],[127.03439,37.74131],[127.0344,37.74109],[127.03447,37.74109],[127.03449,37.74118],[127.03453,37.74118],[127.03453,37.74124],[127.03446,37.74124],[127.03441,37.74138],[127.03428,37.74138],[127.03425,37.74149],[127.03416,37.7415]]]}},{"type":"Feature","properties":{"valleyId":"angol","layer":"shadow","date":"2026-08-01","timeLocal":"17:00"},"geometry":{"type":"Polygon","coordinates":[[[127.01979,37.74087],[127.01979,37.74081],[127.01986,37.74081],[127.01986,37.74087],[127.01979,37.74087]]]}},{"type":"Feature","properties":{"valleyId":"angol","layer":"shadow","date":"2026-08-01","timeLocal":"17:00"},"geometry":{"type":"Polygon","coordinates":[[[127.02169,37.74095],[127.02169,37.7409],[127.02174,37.7409],[127.02174,37.74079],[127.02183,37.74079],[127.02183,37.74092],[127.02178,37.74095],[127.02169,37.74095]]]}},{"type":"Feature","properties":{"valleyId":"angol","layer":"shadow","date":"2026-08-01","timeLocal":"17:00"},"geometry":{"type":"Polygon","coordinates":[[[127.01634,37.74092],[127.01632,37.74079],[127.01639,37.74079],[127.01639,37.7407],[127.01646,37.7407],[127.01645,37.7409],[127.01634,37.74092]]]}},{"type":"Feature","properties":{"valleyId":"angol","layer":"shadow","date":"2026-08-01","timeLocal":"17:00"},"geometry":{"type":"Polygon","coordinates":[[[127.02199,37.74088],[127.02197,37.74078],[127.02204,37.74078],[127.02213,37.74083],[127.02213,37.74089],[127.02199,37.74088]]]}},{"type":"Feature","properties":{"valleyId":"angol","layer":"shadow","date":"2026-08-01","timeLocal":"17:00"},"geometry":{"type":"Polygon","coordinates":[[[127.03397,37.74103],[127.03397,37.74098],[127.03404,37.74098],[127.03404,37.74103],[127.03397,37.74103]]]}},{"type":"Feature","properties":{"valleyId":"angol","layer":"shadow","date":"2026-08-01","timeLocal":"17:00"},"geometry":{"type":"Polygon","coordinates":[[[127.02939,37.74094],[127.02939,37.74088],[127.02946,37.74088],[127.02946,37.74094],[127.02939,37.74094]]]}},{"type":"Feature","properties":{"valleyId":"angol","layer":"shadow","date":"2026-08-01","timeLocal":"17:00"},"geometry":{"type":"Polygon","coordinates":[[[127.01473,37.74069],[127.01473,37.74064],[127.01483,37.74062],[127.01482,37.74067],[127.01473,37.74069]]]}},{"type":"Feature","properties":{"valleyId":"angol","layer":"shadow","date":"2026-08-01","timeLocal":"17:00"},"geometry":{"type":"Polygon","coordinates":[[[127.0153,37.74063],[127.0153,37.74057],[127.01537,37.74057],[127.01537,37.74063],[127.0153,37.74063]]]}},{"type":"Feature","properties":{"valleyId":"angol","layer":"shadow","date":"2026-08-01","timeLocal":"17:00"},"geometry":{"type":"Polygon","coordinates":[[[127.02485,37.74073],[127.02486,37.74066],[127.02492,37.74066],[127.02492,37.74073],[127.02485,37.74073]]]}},{"type":"Feature","properties":{"valleyId":"angol","layer":"shadow","date":"2026-08-01","timeLocal":"17:00"},"geometry":{"type":"Polygon","coordinates":[[[127.03039,37.74079],[127.03039,37.74072],[127.03046,37.74072],[127.03046,37.74079],[127.03039,37.74079]]]}},{"type":"Feature","properties":{"valleyId":"angol","layer":"shadow","date":"2026-08-01","timeLocal":"17:00"},"geometry":{"type":"Polygon","coordinates":[[[127.01521,37.74057],[127.01524,37.74045],[127.01531,37.74045],[127.01528,37.74057],[127.01521,37.74057]]]}},{"type":"Feature","properties":{"valleyId":"angol","layer":"shadow","date":"2026-08-01","timeLocal":"17:00"},"geometry":{"type":"Polygon","coordinates":[[[127.01984,37.74079],[127.01984,37.74074],[127.01993,37.74071],[127.01993,37.74063],[127.01984,37.74061],[127.01984,37.74052],[127.01991,37.74052],[127.01993,37.74058],[127.02007,37.74064],[127.02007,37.74071],[127.02,37.74072],[127.01995,37.74078],[127.01984,37.74079]]]}},{"type":"Feature","properties":{"valleyId":"angol","layer":"shadow","date":"2026-08-01","timeLocal":"17:00"},"geometry":{"type":"Polygon","coordinates":[[[127.03205,37.74082],[127.03205,37.74073],[127.03212,37.74073],[127.03211,37.74082],[127.03205,37.74082]]]}},{"type":"Feature","properties":{"valleyId":"angol","layer":"shadow","date":"2026-08-01","timeLocal":"17:00"},"geometry":{"type":"Polygon","coordinates":[[[127.02175,37.74061],[127.02175,37.74052],[127.02193,37.74056],[127.02193,37.74061],[127.02175,37.74061]]]}},{"type":"Feature","properties":{"valleyId":"angol","layer":"shadow","date":"2026-08-01","timeLocal":"17:00"},"geometry":{"type":"Polygon","coordinates":[[[127.03139,37.74083],[127.03139,37.74075],[127.03135,37.74073],[127.03135,37.74068],[127.03141,37.74068],[127.03148,37.74075],[127.03153,37.74076],[127.0315,37.74083],[127.03139,37.74083]]]}},{"type":"Feature","properties":{"valleyId":"angol","layer":"shadow","date":"2026-08-01","timeLocal":"17:00"},"geometry":{"type":"Polygon","coordinates":[[[127.03409,37.7408],[127.03409,37.74071],[127.03416,37.74071],[127.03416,37.7408],[127.03409,37.7408]]]}},{"type":"Feature","properties":{"valleyId":"angol","layer":"shadow","date":"2026-08-01","timeLocal":"17:00"},"geometry":{"type":"Polygon","coordinates":[[[127.01973,37.74052],[127.01973,37.74047],[127.01985,37.74047],[127.01984,37.74052],[127.01973,37.74052]]]}},{"type":"Feature","properties":{"valleyId":"angol","layer":"shadow","date":"2026-08-01","timeLocal":"17:00"},"geometry":{"type":"Polygon","coordinates":[[[127.01574,37.7404],[127.01572,37.74029],[127.01579,37.74029],[127.01581,37.7404],[127.01574,37.7404]]]}},{"type":"Feature","properties":{"valleyId":"angol","layer":"shadow","date":"2026-08-01","timeLocal":"17:00"},"geometry":{"type":"Polygon","coordinates":[[[127.02466,37.7405],[127.02464,37.74042],[127.02473,37.74043],[127.02472,37.7405],[127.02466,37.7405]]]}},{"type":"Feature","properties":{"valleyId":"angol","layer":"shadow","date":"2026-08-01","timeLocal":"17:00"},"geometry":{"type":"Polygon","coordinates":[[[127.03085,37.74056],[127.03085,37.74051],[127.03092,37.74051],[127.03092,37.74056],[127.03085,37.74056]]]}},{"type":"Feature","properties":{"valleyId":"angol","layer":"shadow","date":"2026-08-01","timeLocal":"17:00"},"geometry":{"type":"Polygon","coordinates":[[[127.0344,37.74091],[127.03443,37.7407],[127.03437,37.74066],[127.03437,37.74055],[127.03444,37.74055],[127.03446,37.74064],[127.03452,37.74068],[127.03452,37.74077],[127.03448,37.74079],[127.03447,37.74091],[127.0344,37.74091]]]}},{"type":"Feature","properties":{"valleyId":"angol","layer":"shadow","date":"2026-08-01","timeLocal":"17:00"},"geometry":{"type":"Polygon","coordinates":[[[127.02144,37.74039],[127.02144,37.74033],[127.02151,37.74034],[127.0215,37.74039],[127.02144,37.74039]]]}},{"type":"Feature","properties":{"valleyId":"angol","layer":"shadow","date":"2026-08-01","timeLocal":"17:00"},"geometry":{"type":"Polygon","coordinates":[[[127.03056,37.74052],[127.03056,37.74047],[127.0306,37.74047],[127.03061,37.7404],[127.03074,37.7404],[127.03072,37.74051],[127.03056,37.74052]]]}},{"type":"Feature","properties":{"valleyId":"angol","layer":"shadow","date":"2026-08-01","timeLocal":"17:00"},"geometry":{"type":"Polygon","coordinates":[[[127.0324,37.74048],[127.0324,37.74043],[127.03247,37.74043],[127.03246,37.74048],[127.0324,37.74048]]]}},{"type":"Feature","properties":{"valleyId":"angol","layer":"shadow","date":"2026-08-01","timeLocal":"17:00"},"geometry":{"type":"Polygon","coordinates":[[[127.03407,37.74051],[127.03408,37.74046],[127.03414,37.74046],[127.03414,37.74051],[127.03407,37.74051]]]}},{"type":"Feature","properties":{"valleyId":"angol","layer":"shadow","date":"2026-08-01","timeLocal":"17:00"},"geometry":{"type":"Polygon","coordinates":[[[127.0319,37.74046],[127.0319,37.74038],[127.03197,37.74038],[127.03197,37.74046],[127.0319,37.74046]]]}},{"type":"Feature","properties":{"valleyId":"angol","layer":"shadow","date":"2026-08-01","timeLocal":"17:00"},"geometry":{"type":"Polygon","coordinates":[[[127.03244,37.74037],[127.03245,37.74032],[127.03251,37.74032],[127.03251,37.74038],[127.03244,37.74037]]]}},{"type":"Feature","properties":{"valleyId":"angol","layer":"shadow","date":"2026-08-01","timeLocal":"17:00"},"geometry":{"type":"Polygon","coordinates":[[[127.01597,37.74013],[127.01595,37.74001],[127.01602,37.74001],[127.01604,37.74014],[127.01597,37.74013]]]}},{"type":"Feature","properties":{"valleyId":"angol","layer":"shadow","date":"2026-08-01","timeLocal":"17:00"},"geometry":{"type":"Polygon","coordinates":[[[127.01419,37.74043],[127.01411,37.74023],[127.01391,37.74008],[127.01391,37.74005],[127.01382,37.73999],[127.01382,37.73994],[127.01391,37.73994],[127.01402,37.74005],[127.01407,37.74005],[127.01411,37.74014],[127.01416,37.74014],[127.01416,37.74018],[127.01424,37.74025],[127.01429,37.74025],[127.01429,37.74043],[127.01419,37.74043]]]}},{"type":"Feature","properties":{"valleyId":"angol","layer":"shadow","date":"2026-08-01","timeLocal":"17:00"},"geometry":{"type":"Polygon","coordinates":[[[127.01598,37.73999],[127.01598,37.73992],[127.01605,37.73992],[127.01604,37.73999],[127.01598,37.73999]]]}},{"type":"Feature","properties":{"valleyId":"angol","layer":"shadow","date":"2026-08-01","timeLocal":"17:00"},"geometry":{"type":"Polygon","coordinates":[[[127.03252,37.74023],[127.03252,37.74016],[127.03245,37.74014],[127.03245,37.74007],[127.03252,37.74007],[127.03254,37.74016],[127.03259,37.74016],[127.03258,37.74023],[127.03252,37.74023]]]}},{"type":"Feature","properties":{"valleyId":"angol","layer":"shadow","date":"2026-08-01","timeLocal":"17:00"},"geometry":{"type":"Polygon","coordinates":[[[127.03079,37.74033],[127.03075,37.74024],[127.03075,37.74017],[127.03079,37.74015],[127.0308,37.73999],[127.03091,37.73999],[127.03096,37.74002],[127.03095,37.74013],[127.03088,37.74015],[127.03088,37.74033],[127.03079,37.74033]]]}},{"type":"Feature","properties":{"valleyId":"angol","layer":"shadow","date":"2026-08-01","timeLocal":"17:00"},"geometry":{"type":"Polygon","coordinates":[[[127.0249,37.74057],[127.02491,37.74045],[127.02495,37.74045],[127.02498,37.74039],[127.02496,37.74027],[127.02503,37.74027],[127.02501,37.74014],[127.02505,37.74011],[127.02505,37.74005],[127.0251,37.74003],[127.0251,37.73989],[127.02513,37.73986],[127.02526,37.73986],[127.02526,37.73995],[127.02521,37.73996],[127.02521,37.74002],[127.02514,37.74005],[127.02512,37.74023],[127.02507,37.74027],[127.02507,37.74032],[127.02511,37.74032],[127.02511,37.7404],[127.02507,37.74039],[127.02507,37.74045],[127.025,37.74047],[127.02497,37.74057],[127.0249,37.74057]]]}},{"type":"Feature","properties":{"valleyId":"angol","layer":"shadow","date":"2026-08-01","timeLocal":"17:00"},"geometry":{"type":"Polygon","coordinates":[[[127.03046,37.74],[127.03046,37.73994],[127.03053,37.73995],[127.03052,37.74],[127.03046,37.74]]]}},{"type":"Feature","properties":{"valleyId":"angol","layer":"shadow","date":"2026-08-01","timeLocal":"17:00"},"geometry":{"type":"Polygon","coordinates":[[[127.01555,37.73977],[127.01555,37.73968],[127.01562,37.73968],[127.01564,37.73975],[127.01555,37.73977]]]}},{"type":"Feature","properties":{"valleyId":"angol","layer":"shadow","date":"2026-08-01","timeLocal":"17:00"},"geometry":{"type":"Polygon","coordinates":[[[127.01589,37.7397],[127.0159,37.73961],[127.01596,37.73961],[127.01596,37.7397],[127.01589,37.7397]]]}},{"type":"Feature","properties":{"valleyId":"angol","layer":"shadow","date":"2026-08-01","timeLocal":"17:00"},"geometry":{"type":"Polygon","coordinates":[[[127.01955,37.73978],[127.0195,37.73972],[127.0195,37.73967],[127.01957,37.73967],[127.01962,37.73971],[127.01961,37.73978],[127.01955,37.73978]]]}},{"type":"Feature","properties":{"valleyId":"angol","layer":"shadow","date":"2026-08-01","timeLocal":"17:00"},"geometry":{"type":"Polygon","coordinates":[[[127.03064,37.73989],[127.03064,37.73984],[127.03071,37.73984],[127.03071,37.73989],[127.03064,37.73989]]]}},{"type":"Feature","properties":{"valleyId":"angol","layer":"shadow","date":"2026-08-01","timeLocal":"17:00"},"geometry":{"type":"Polygon","coordinates":[[[127.02531,37.73984],[127.02531,37.73975],[127.02538,37.7397],[127.02545,37.7397],[127.02542,37.73982],[127.02531,37.73984]]]}},{"type":"Feature","properties":{"valleyId":"angol","layer":"shadow","date":"2026-08-01","timeLocal":"17:00"},"geometry":{"type":"Polygon","coordinates":[[[127.01655,37.7396],[127.01656,37.73953],[127.01669,37.73953],[127.01669,37.73961],[127.01655,37.7396]]]}},{"type":"Feature","properties":{"valleyId":"angol","layer":"shadow","date":"2026-08-01","timeLocal":"17:00"},"geometry":{"type":"Polygon","coordinates":[[[127.03067,37.73982],[127.03067,37.73977],[127.03074,37.73977],[127.03073,37.73982],[127.03067,37.73982]]]}},{"type":"Feature","properties":{"valleyId":"angol","layer":"shadow","date":"2026-08-01","timeLocal":"17:00"},"geometry":{"type":"Polygon","coordinates":[[[127.01926,37.73959],[127.01926,37.73954],[127.01935,37.73954],[127.01935,37.7396],[127.01926,37.73959]]]}},{"type":"Feature","properties":{"valleyId":"angol","layer":"shadow","date":"2026-08-01","timeLocal":"17:00"},"geometry":{"type":"Polygon","coordinates":[[[127.01808,37.73956],[127.01808,37.7395],[127.01815,37.7395],[127.01814,37.73956],[127.01808,37.73956]]]}},{"type":"Feature","properties":{"valleyId":"angol","layer":"shadow","date":"2026-08-01","timeLocal":"17:00"},"geometry":{"type":"Polygon","coordinates":[[[127.01785,37.73946],[127.01785,37.73941],[127.01792,37.73941],[127.01792,37.73946],[127.01785,37.73946]]]}},{"type":"Feature","properties":{"valleyId":"angol","layer":"shadow","date":"2026-08-01","timeLocal":"17:00"},"geometry":{"type":"Polygon","coordinates":[[[127.01872,37.73942],[127.01872,37.73935],[127.01881,37.73935],[127.01881,37.73942],[127.01872,37.73942]]]}},{"type":"Feature","properties":{"valleyId":"angol","layer":"shadow","date":"2026-08-01","timeLocal":"17:00"},"geometry":{"type":"Polygon","coordinates":[[[127.01486,37.73934],[127.01486,37.73929],[127.01493,37.73929],[127.01493,37.73934],[127.01486,37.73934]]]}},{"type":"Feature","properties":{"valleyId":"angol","layer":"shadow","date":"2026-08-01","timeLocal":"17:00"},"geometry":{"type":"Polygon","coordinates":[[[127.01604,37.73938],[127.01602,37.73929],[127.01613,37.73931],[127.01613,37.73936],[127.01604,37.73938]]]}},{"type":"Feature","properties":{"valleyId":"angol","layer":"shadow","date":"2026-08-01","timeLocal":"17:00"},"geometry":{"type":"Polygon","coordinates":[[[127.03267,37.73958],[127.03267,37.73949],[127.03278,37.73951],[127.03278,37.73957],[127.03267,37.73958]]]}},{"type":"Feature","properties":{"valleyId":"angol","layer":"shadow","date":"2026-08-01","timeLocal":"17:00"},"geometry":{"type":"Polygon","coordinates":[[[127.03598,37.73955],[127.03599,37.73948],[127.03605,37.73948],[127.03605,37.73955],[127.03598,37.73955]]]}},{"type":"Feature","properties":{"valleyId":"angol","layer":"shadow","date":"2026-08-01","timeLocal":"17:00"},"geometry":{"type":"Polygon","coordinates":[[[127.01951,37.73926],[127.01952,37.7392],[127.01958,37.7392],[127.01958,37.73926],[127.01951,37.73926]]]}},{"type":"Feature","properties":{"valleyId":"angol","layer":"shadow","date":"2026-08-01","timeLocal":"17:00"},"geometry":{"type":"Polygon","coordinates":[[[127.0351,37.73948],[127.0351,37.73941],[127.03522,37.73943],[127.03521,37.73948],[127.0351,37.73948]]]}},{"type":"Feature","properties":{"valleyId":"angol","layer":"shadow","date":"2026-08-01","timeLocal":"17:00"},"geometry":{"type":"Polygon","coordinates":[[[127.02024,37.7392],[127.02024,37.73912],[127.02036,37.73913],[127.02033,37.7392],[127.02024,37.7392]]]}},{"type":"Feature","properties":{"valleyId":"angol","layer":"shadow","date":"2026-08-01","timeLocal":"17:00"},"geometry":{"type":"Polygon","coordinates":[[[127.01566,37.7391],[127.01566,37.73905],[127.01573,37.73905],[127.01573,37.7391],[127.01566,37.7391]]]}},{"type":"Feature","properties":{"valleyId":"angol","layer":"shadow","date":"2026-08-01","timeLocal":"17:00"},"geometry":{"type":"Polygon","coordinates":[[[127.03136,37.73924],[127.03136,37.73917],[127.03145,37.73917],[127.03145,37.73922],[127.03136,37.73924]]]}},{"type":"Feature","properties":{"valleyId":"angol","layer":"shadow","date":"2026-08-01","timeLocal":"17:00"},"geometry":{"type":"Polygon","coordinates":[[[127.03085,37.73981],[127.03083,37.7397],[127.0309,37.73961],[127.03086,37.73939],[127.031,37.73936],[127.03107,37.73914],[127.03114,37.73914],[127.03113,37.73931],[127.03106,37.73936],[127.03102,37.73936],[127.03099,37.73941],[127.03099,37.73959],[127.03103,37.73961],[127.03103,37.73967],[127.03099,37.73968],[127.03101,37.73979],[127.03085,37.73981]]]}},{"type":"Feature","properties":{"valleyId":"angol","layer":"shadow","date":"2026-08-01","timeLocal":"17:00"},"geometry":{"type":"Polygon","coordinates":[[[127.01466,37.73908],[127.01474,37.73889],[127.01483,37.73887],[127.01482,37.73902],[127.01478,37.73903],[127.01478,37.73909],[127.01466,37.73908]]]}},{"type":"Feature","properties":{"valleyId":"angol","layer":"shadow","date":"2026-08-01","timeLocal":"17:00"},"geometry":{"type":"Polygon","coordinates":[[[127.01203,37.73893],[127.01204,37.73881],[127.0121,37.73881],[127.0121,37.73893],[127.01203,37.73893]]]}},{"type":"Feature","properties":{"valleyId":"angol","layer":"shadow","date":"2026-08-01","timeLocal":"17:00"},"geometry":{"type":"Polygon","coordinates":[[[127.03277,37.73923],[127.03277,37.73912],[127.03284,37.73912],[127.03284,37.73923],[127.03277,37.73923]]]}},{"type":"Feature","properties":{"valleyId":"angol","layer":"shadow","date":"2026-08-01","timeLocal":"17:00"},"geometry":{"type":"Polygon","coordinates":[[[127.03302,37.73923],[127.03302,37.73912],[127.03309,37.73912],[127.03309,37.73923],[127.03302,37.73923]]]}},{"type":"Feature","properties":{"valleyId":"angol","layer":"shadow","date":"2026-08-01","timeLocal":"17:00"},"geometry":{"type":"Polygon","coordinates":[[[127.01485,37.73887],[127.01485,37.73882],[127.01492,37.73878],[127.01492,37.73873],[127.01504,37.73871],[127.01503,37.73878],[127.01494,37.73884],[127.01494,37.73887],[127.01485,37.73887]]]}},{"type":"Feature","properties":{"valleyId":"angol","layer":"shadow","date":"2026-08-01","timeLocal":"17:00"},"geometry":{"type":"Polygon","coordinates":[[[127.02608,37.73913],[127.02594,37.73904],[127.02594,37.73899],[127.0261,37.73895],[127.02613,37.7389],[127.02624,37.7389],[127.02624,37.73895],[127.02615,37.73899],[127.02615,37.73904],[127.02621,37.73906],[127.02621,37.73913],[127.02608,37.73913]]]}},{"type":"Feature","properties":{"valleyId":"angol","layer":"shadow","date":"2026-08-01","timeLocal":"17:00"},"geometry":{"type":"Polygon","coordinates":[[[127.02853,37.73917],[127.02853,37.73912],[127.02857,37.73908],[127.02856,37.73892],[127.02862,37.73892],[127.02865,37.73899],[127.02869,37.73901],[127.02869,37.7391],[127.02859,37.73917],[127.02853,37.73917]]]}},{"type":"Feature","properties":{"valleyId":"angol","layer":"shadow","date":"2026-08-01","timeLocal":"17:00"},"geometry":{"type":"Polygon","coordinates":[[[127.02885,37.73894],[127.02883,37.73887],[127.0289,37.73887],[127.02892,37.73895],[127.02885,37.73894]]]}},{"type":"Feature","properties":{"valleyId":"angol","layer":"shadow","date":"2026-08-01","timeLocal":"17:00"},"geometry":{"type":"Polygon","coordinates":[[[127.03164,37.73912],[127.03164,37.73904],[127.03173,37.73894],[127.03176,37.73885],[127.03185,37.73885],[127.03185,37.73894],[127.03189,37.73894],[127.03187,37.73905],[127.03178,37.73907],[127.03177,37.7391],[127.03173,37.73912],[127.03164,37.73912]]]}},{"type":"Feature","properties":{"valleyId":"angol","layer":"shadow","date":"2026-08-01","timeLocal":"17:00"},"geometry":{"type":"Polygon","coordinates":[[[127.03559,37.73897],[127.03559,37.73891],[127.03566,37.73891],[127.03566,37.73897],[127.03559,37.73897]]]}},{"type":"Feature","properties":{"valleyId":"angol","layer":"shadow","date":"2026-08-01","timeLocal":"17:00"},"geometry":{"type":"Polygon","coordinates":[[[127.03591,37.73897],[127.03591,37.73892],[127.03598,37.73892],[127.03598,37.73897],[127.03591,37.73897]]]}},{"type":"Feature","properties":{"valleyId":"angol","layer":"shadow","date":"2026-08-01","timeLocal":"17:00"},"geometry":{"type":"Polygon","coordinates":[[[127.02626,37.73892],[127.02627,37.73886],[127.02638,37.73883],[127.0264,37.73876],[127.02652,37.73874],[127.02652,37.73882],[127.02647,37.73885],[127.0264,37.73885],[127.02638,37.73892],[127.02626,37.73892]]]}},{"type":"Feature","properties":{"valleyId":"angol","layer":"shadow","date":"2026-08-01","timeLocal":"17:00"},"geometry":{"type":"Polygon","coordinates":[[[127.03523,37.73894],[127.03523,37.73889],[127.0353,37.73889],[127.0353,37.73894],[127.03523,37.73894]]]}},{"type":"Feature","properties":{"valleyId":"angol","layer":"shadow","date":"2026-08-01","timeLocal":"17:00"},"geometry":{"type":"Polygon","coordinates":[[[127.03282,37.73901],[127.03282,37.73896],[127.03287,37.73896],[127.03289,37.73892],[127.03292,37.73881],[127.03298,37.73882],[127.03293,37.73901],[127.03282,37.73901]]]}},{"type":"Feature","properties":{"valleyId":"angol","layer":"shadow","date":"2026-08-01","timeLocal":"17:00"},"geometry":{"type":"Polygon","coordinates":[[[127.03269,37.73894],[127.03264,37.73888],[127.03264,37.73881],[127.03274,37.73881],[127.03276,37.73887],[127.03275,37.73894],[127.03269,37.73894]]]}},{"type":"Feature","properties":{"valleyId":"angol","layer":"shadow","date":"2026-08-01","timeLocal":"17:00"},"geometry":{"type":"Polygon","coordinates":[[[127.01785,37.73851],[127.01786,37.73845],[127.01792,37.73845],[127.01792,37.73851],[127.01785,37.73851]]]}},{"type":"Feature","properties":{"valleyId":"angol","layer":"shadow","date":"2026-08-01","timeLocal":"17:00"},"geometry":{"type":"Polygon","coordinates":[[[127.02915,37.73872],[127.02915,37.73864],[127.02925,37.73863],[127.02924,37.7387],[127.02915,37.73872]]]}},{"type":"Feature","properties":{"valleyId":"angol","layer":"shadow","date":"2026-08-01","timeLocal":"17:00"},"geometry":{"type":"Polygon","coordinates":[[[127.02748,37.73944],[127.02748,37.73928],[127.02757,37.73921],[127.02758,37.73912],[127.02762,37.73909],[127.02765,37.739],[127.02765,37.73885],[127.02761,37.73882],[127.02761,37.73867],[127.02757,37.73862],[127.02757,37.73854],[127.02764,37.73855],[127.02777,37.73869],[127.02776,37.73884],[127.02781,37.73884],[127.02783,37.73909],[127.02778,37.73909],[127.0278,37.73922],[127.02762,37.73927],[127.02764,37.73941],[127.02748,37.73944]]]}},{"type":"Feature","properties":{"valleyId":"angol","layer":"shadow","date":"2026-08-01","timeLocal":"17:00"},"geometry":{"type":"Polygon","coordinates":[[[127.03169,37.73874],[127.03165,37.73867],[127.03165,37.73861],[127.03174,37.73861],[127.03174,37.73865],[127.03179,37.73867],[127.03178,37.73872],[127.03169,37.73874]]]}},{"type":"Feature","properties":{"valleyId":"angol","layer":"shadow","date":"2026-08-01","timeLocal":"17:00"},"geometry":{"type":"Polygon","coordinates":[[[127.01958,37.73845],[127.01958,37.73839],[127.01965,37.73839],[127.01965,37.73845],[127.01958,37.73845]]]}},{"type":"Feature","properties":{"valleyId":"angol","layer":"shadow","date":"2026-08-01","timeLocal":"17:00"},"geometry":{"type":"Polygon","coordinates":[[[127.01674,37.73845],[127.01675,37.73834],[127.01684,37.73833],[127.01684,37.73844],[127.01674,37.73845]]]}},{"type":"Feature","properties":{"valleyId":"angol","layer":"shadow","date":"2026-08-01","timeLocal":"17:00"},"geometry":{"type":"Polygon","coordinates":[[[127.01373,37.73842],[127.01373,37.73837],[127.01366,37.73829],[127.01366,37.73824],[127.01373,37.73824],[127.01382,37.73833],[127.01382,37.7384],[127.01373,37.73842]]]}},{"type":"Feature","properties":{"valleyId":"angol","layer":"shadow","date":"2026-08-01","timeLocal":"17:00"},"geometry":{"type":"Polygon","coordinates":[[[127.01423,37.7383],[127.01423,37.73825],[127.0143,37.73825],[127.0143,37.7383],[127.01423,37.7383]]]}},{"type":"Feature","properties":{"valleyId":"angol","layer":"shadow","date":"2026-08-01","timeLocal":"17:00"},"geometry":{"type":"Polygon","coordinates":[[[127.01162,37.73829],[127.0116,37.73817],[127.01167,37.73817],[127.01171,37.73828],[127.01162,37.73829]]]}},{"type":"Feature","properties":{"valleyId":"angol","layer":"shadow","date":"2026-08-01","timeLocal":"17:00"},"geometry":{"type":"Polygon","coordinates":[[[127.02656,37.73873],[127.02657,37.73867],[127.02663,37.73864],[127.02664,37.73855],[127.02675,37.73855],[127.0268,37.73851],[127.02682,37.73839],[127.02691,37.73837],[127.02693,37.7385],[127.02684,37.73853],[127.02684,37.73859],[127.02675,37.73862],[127.0267,37.73871],[127.02656,37.73873]]]}},{"type":"Feature","properties":{"valleyId":"angol","layer":"shadow","date":"2026-08-01","timeLocal":"17:00"},"geometry":{"type":"Polygon","coordinates":[[[127.03154,37.73854],[127.0315,37.73843],[127.03161,37.73841],[127.03161,37.73849],[127.03165,37.73849],[127.03165,37.73854],[127.03154,37.73854]]]}},{"type":"Feature","properties":{"valleyId":"angol","layer":"shadow","date":"2026-08-01","timeLocal":"17:00"},"geometry":{"type":"Polygon","coordinates":[[[127.02703,37.73837],[127.02703,37.73832],[127.0271,37.73832],[127.0271,37.73837],[127.02703,37.73837]]]}},{"type":"Feature","properties":{"valleyId":"angol","layer":"shadow","date":"2026-08-01","timeLocal":"17:00"},"geometry":{"type":"Polygon","coordinates":[[[127.01682,37.73831],[127.01684,37.73808],[127.01691,37.73808],[127.01693,37.73824],[127.01688,37.73831],[127.01682,37.73831]]]}},{"type":"Feature","properties":{"valleyId":"angol","layer":"shadow","date":"2026-08-01","timeLocal":"17:00"},"geometry":{"type":"Polygon","coordinates":[[[127.01775,37.73816],[127.01775,37.73807],[127.01787,37.73809],[127.01784,37.73816],[127.01775,37.73816]]]}},{"type":"Feature","properties":{"valleyId":"angol","layer":"shadow","date":"2026-08-01","timeLocal":"17:00"},"geometry":{"type":"Polygon","coordinates":[[[127.01603,37.73794],[127.01603,37.73783],[127.0161,37.73783],[127.01612,37.73792],[127.01603,37.73794]]]}},{"type":"Feature","properties":{"valleyId":"angol","layer":"shadow","date":"2026-08-01","timeLocal":"17:00"},"geometry":{"type":"Polygon","coordinates":[[[127.03295,37.73824],[127.03296,37.73802],[127.03303,37.73802],[127.03305,37.73811],[127.03312,37.73813],[127.03311,37.7382],[127.03305,37.73824],[127.03295,37.73824]]]}},{"type":"Feature","properties":{"valleyId":"angol","layer":"shadow","date":"2026-08-01","timeLocal":"17:00"},"geometry":{"type":"Polygon","coordinates":[[[127.01293,37.7376],[127.01293,37.73752],[127.013,37.73752],[127.013,37.7376],[127.01293,37.7376]]]}},{"type":"Feature","properties":{"valleyId":"angol","layer":"shadow","date":"2026-08-01","timeLocal":"17:00"},"geometry":{"type":"Polygon","coordinates":[[[127.01563,37.7376],[127.01563,37.73755],[127.01572,37.73755],[127.01572,37.73761],[127.01563,37.7376]]]}},{"type":"Feature","properties":{"valleyId":"angol","layer":"shadow","date":"2026-08-01","timeLocal":"17:00"},"geometry":{"type":"Polygon","coordinates":[[[127.01175,37.7375],[127.01176,37.73743],[127.01182,37.73743],[127.01182,37.7375],[127.01175,37.7375]]]}},{"type":"Feature","properties":{"valleyId":"angol","layer":"shadow","date":"2026-08-01","timeLocal":"17:00"},"geometry":{"type":"Polygon","coordinates":[[[127.01552,37.73753],[127.01552,37.73748],[127.01559,37.73748],[127.01559,37.73753],[127.01552,37.73753]]]}},{"type":"Feature","properties":{"valleyId":"angol","layer":"shadow","date":"2026-08-01","timeLocal":"17:00"},"geometry":{"type":"Polygon","coordinates":[[[127.02714,37.73827],[127.02715,37.73807],[127.02713,37.73803],[127.02708,37.73803],[127.02711,37.73782],[127.02707,37.73778],[127.02705,37.73767],[127.02716,37.73767],[127.02723,37.73773],[127.0272,37.73793],[127.02724,37.73794],[127.02722,37.73805],[127.02726,37.73807],[127.02726,37.73814],[127.02721,37.73816],[127.02721,37.73827],[127.02714,37.73827]]]}},{"type":"Feature","properties":{"valleyId":"angol","layer":"shadow","date":"2026-08-01","timeLocal":"17:00"},"geometry":{"type":"Polygon","coordinates":[[[127.03299,37.73782],[127.03297,37.73768],[127.03304,37.73768],[127.0331,37.73772],[127.0331,37.73779],[127.03306,37.73782],[127.03299,37.73782]]]}},{"type":"Feature","properties":{"valleyId":"angol","layer":"shadow","date":"2026-08-01","timeLocal":"17:00"},"geometry":{"type":"Polygon","coordinates":[[[127.01473,37.73741],[127.01473,37.73736],[127.0148,37.73736],[127.0148,37.73741],[127.01473,37.73741]]]}},{"type":"Feature","properties":{"valleyId":"angol","layer":"shadow","date":"2026-08-01","timeLocal":"17:00"},"geometry":{"type":"Polygon","coordinates":[[[127.02941,37.73767],[127.02941,37.73762],[127.0295,37.73755],[127.02957,37.73755],[127.02954,37.73766],[127.02941,37.73767]]]}},{"type":"Feature","properties":{"valleyId":"angol","layer":"shadow","date":"2026-08-01","timeLocal":"17:00"},"geometry":{"type":"Polygon","coordinates":[[[127.02551,37.73754],[127.02551,37.73748],[127.0256,37.73748],[127.0256,37.73754],[127.02551,37.73754]]]}},{"type":"Feature","properties":{"valleyId":"angol","layer":"shadow","date":"2026-08-01","timeLocal":"17:00"},"geometry":{"type":"Polygon","coordinates":[[[127.01423,37.73735],[127.01424,37.73722],[127.0143,37.73722],[127.01432,37.73733],[127.01423,37.73735]]]}},{"type":"Feature","properties":{"valleyId":"angol","layer":"shadow","date":"2026-08-01","timeLocal":"17:00"},"geometry":{"type":"Polygon","coordinates":[[[127.02558,37.73745],[127.02558,37.73739],[127.02565,37.73739],[127.02564,37.73745],[127.02558,37.73745]]]}},{"type":"Feature","properties":{"valleyId":"angol","layer":"shadow","date":"2026-08-01","timeLocal":"17:00"},"geometry":{"type":"Polygon","coordinates":[[[127.03272,37.73759],[127.0327,37.73748],[127.03273,37.73744],[127.03282,37.73744],[127.03284,37.73759],[127.03272,37.73759]]]}},{"type":"Feature","properties":{"valleyId":"angol","layer":"shadow","date":"2026-08-01","timeLocal":"17:00"},"geometry":{"type":"Polygon","coordinates":[[[127.03456,37.73744],[127.03457,37.73738],[127.03463,37.73738],[127.03463,37.73744],[127.03456,37.73744]]]}},{"type":"Feature","properties":{"valleyId":"angol","layer":"shadow","date":"2026-08-01","timeLocal":"17:00"},"geometry":{"type":"Polygon","coordinates":[[[127.0328,37.73739],[127.03275,37.73733],[127.03275,37.73728],[127.03284,37.73728],[127.03284,37.73732],[127.03289,37.73734],[127.03289,37.73739],[127.0328,37.73739]]]}},{"type":"Feature","properties":{"valleyId":"angol","layer":"shadow","date":"2026-08-01","timeLocal":"17:00"},"geometry":{"type":"Polygon","coordinates":[[[127.02545,37.73721],[127.02545,37.73716],[127.02552,37.7371],[127.02563,37.73712],[127.02563,37.73718],[127.02545,37.73721]]]}},{"type":"Feature","properties":{"valleyId":"angol","layer":"shadow","date":"2026-08-01","timeLocal":"17:00"},"geometry":{"type":"Polygon","coordinates":[[[127.02673,37.73776],[127.02668,37.73772],[127.02673,37.73752],[127.02669,37.73748],[127.0266,37.73748],[127.02646,37.73737],[127.02645,37.73712],[127.02652,37.73712],[127.02652,37.73716],[127.02658,37.73719],[127.0266,37.73737],[127.02667,37.73739],[127.02667,37.73743],[127.02676,37.73745],[127.02691,37.73758],[127.02689,37.7377],[127.02679,37.73776],[127.02673,37.73776]]]}},{"type":"Feature","properties":{"valleyId":"angol","layer":"shadow","date":"2026-08-01","timeLocal":"17:00"},"geometry":{"type":"Polygon","coordinates":[[[127.02831,37.73717],[127.02831,37.73711],[127.0284,37.7371],[127.0284,37.73715],[127.02831,37.73717]]]}},{"type":"Feature","properties":{"valleyId":"angol","layer":"shadow","date":"2026-08-01","timeLocal":"17:00"},"geometry":{"type":"Polygon","coordinates":[[[127.02913,37.73697],[127.02913,37.73691],[127.0292,37.73691],[127.0292,37.73697],[127.02913,37.73697]]]}},{"type":"Feature","properties":{"valleyId":"angol","layer":"shadow","date":"2026-08-01","timeLocal":"17:00"},"geometry":{"type":"Polygon","coordinates":[[[127.03335,37.73704],[127.03328,37.73698],[127.03328,37.73693],[127.03335,37.73693],[127.03342,37.73698],[127.03342,37.73704],[127.03335,37.73704]]]}},{"type":"Feature","properties":{"valleyId":"angol","layer":"shadow","date":"2026-08-01","timeLocal":"17:00"},"geometry":{"type":"Polygon","coordinates":[[[127.03832,37.73692],[127.03832,37.73687],[127.03839,37.73687],[127.03839,37.73692],[127.03832,37.73692]]]}},{"type":"Feature","properties":{"valleyId":"angol","layer":"shadow","date":"2026-08-01","timeLocal":"17:00"},"geometry":{"type":"Polygon","coordinates":[[[127.03292,37.7368],[127.03293,37.73669],[127.03302,37.73669],[127.03306,37.73673],[127.03306,37.73678],[127.03292,37.7368]]]}},{"type":"Feature","properties":{"valleyId":"angol","layer":"shadow","date":"2026-08-01","timeLocal":"17:00"},"geometry":{"type":"Polygon","coordinates":[[[127.02884,37.73667],[127.02882,37.73656],[127.02894,37.73657],[127.02893,37.73666],[127.02884,37.73667]]]}},{"type":"Feature","properties":{"valleyId":"angol","layer":"shadow","date":"2026-08-01","timeLocal":"17:00"},"geometry":{"type":"Polygon","coordinates":[[[127.03256,37.73668],[127.03255,37.73655],[127.03266,37.73656],[127.03266,37.73666],[127.03256,37.73668]]]}},{"type":"Feature","properties":{"valleyId":"angol","layer":"shadow","date":"2026-08-01","timeLocal":"17:00"},"geometry":{"type":"Polygon","coordinates":[[[127.0119,37.73615],[127.0119,37.7361],[127.01197,37.7361],[127.01197,37.73616],[127.0119,37.73615]]]}},{"type":"Feature","properties":{"valleyId":"angol","layer":"shadow","date":"2026-08-01","timeLocal":"17:00"},"geometry":{"type":"Polygon","coordinates":[[[127.02643,37.73707],[127.02634,37.73694],[127.02623,37.73692],[127.02623,37.73683],[127.02591,37.73682],[127.02592,37.73662],[127.02594,37.73659],[127.02599,37.73659],[127.02606,37.73648],[127.02606,37.73643],[127.02599,37.73641],[127.02597,37.73632],[127.02606,37.73632],[127.0261,37.73639],[127.02619,37.73643],[127.02619,37.73656],[127.02612,37.73663],[127.02608,37.73663],[127.02607,37.7367],[127.02614,37.73672],[127.02616,37.73677],[127.02625,37.73677],[127.02625,37.73681],[127.02639,37.73683],[127.02648,37.7369],[127.02649,37.73707],[127.02643,37.73707]]]}},{"type":"Feature","properties":{"valleyId":"angol","layer":"shadow","date":"2026-08-01","timeLocal":"17:00"},"geometry":{"type":"Polygon","coordinates":[[[127.03209,37.73644],[127.0321,37.73639],[127.03219,37.73637],[127.03219,37.73644],[127.03209,37.73644]]]}},{"type":"Feature","properties":{"valleyId":"angol","layer":"shadow","date":"2026-08-01","timeLocal":"17:00"},"geometry":{"type":"Polygon","coordinates":[[[127.02862,37.73651],[127.02862,37.73645],[127.02867,37.73645],[127.02869,37.73629],[127.02879,37.73628],[127.02878,37.73646],[127.02869,37.73645],[127.02869,37.73651],[127.02862,37.73651]]]}},{"type":"Feature","properties":{"valleyId":"angol","layer":"shadow","date":"2026-08-01","timeLocal":"17:00"},"geometry":{"type":"Polygon","coordinates":[[[127.03255,37.73643],[127.03253,37.73636],[127.03257,37.73632],[127.03264,37.73632],[127.03264,37.73643],[127.03255,37.73643]]]}},{"type":"Feature","properties":{"valleyId":"angol","layer":"shadow","date":"2026-08-01","timeLocal":"17:00"},"geometry":{"type":"Polygon","coordinates":[[[127.01184,37.73603],[127.01184,37.73597],[127.01195,37.73596],[127.01195,37.73603],[127.01184,37.73603]]]}},{"type":"Feature","properties":{"valleyId":"angol","layer":"shadow","date":"2026-08-01","timeLocal":"17:00"},"geometry":{"type":"Polygon","coordinates":[[[127.02584,37.73626],[127.02584,37.73619],[127.02591,37.73619],[127.02593,37.73626],[127.02584,37.73626]]]}},{"type":"Feature","properties":{"valleyId":"angol","layer":"shadow","date":"2026-08-01","timeLocal":"17:00"},"geometry":{"type":"Polygon","coordinates":[[[127.01613,37.7361],[127.01613,37.73601],[127.01624,37.73599],[127.01624,37.7361],[127.01613,37.7361]]]}},{"type":"Feature","properties":{"valleyId":"angol","layer":"shadow","date":"2026-08-01","timeLocal":"17:00"},"geometry":{"type":"Polygon","coordinates":[[[127.02901,37.73651],[127.02904,37.73626],[127.02899,37.73624],[127.02899,37.73619],[127.02906,37.73619],[127.02915,37.73632],[127.02914,37.73643],[127.0291,37.73643],[127.0291,37.73652],[127.02901,37.73651]]]}},{"type":"Feature","properties":{"valleyId":"angol","layer":"shadow","date":"2026-08-01","timeLocal":"17:00"},"geometry":{"type":"Polygon","coordinates":[[[127.01354,37.73602],[127.01352,37.73591],[127.01359,37.73591],[127.01361,37.73602],[127.01354,37.73602]]]}},{"type":"Feature","properties":{"valleyId":"angol","layer":"shadow","date":"2026-08-01","timeLocal":"17:00"},"geometry":{"type":"Polygon","coordinates":[[[127.02566,37.73615],[127.02555,37.73608],[127.02552,37.73599],[127.02566,37.73601],[127.02568,37.73608],[127.02573,37.7361],[127.02572,37.73615],[127.02566,37.73615]]]}},{"type":"Feature","properties":{"valleyId":"angol","layer":"shadow","date":"2026-08-01","timeLocal":"17:00"},"geometry":{"type":"Polygon","coordinates":[[[127.01306,37.73612],[127.01302,37.73608],[127.01302,37.73597],[127.01295,37.73597],[127.013,37.73576],[127.01307,37.73576],[127.01314,37.73583],[127.01313,37.73598],[127.01322,37.73598],[127.0132,37.73612],[127.01306,37.73612]]]}},{"type":"Feature","properties":{"valleyId":"angol","layer":"shadow","date":"2026-08-01","timeLocal":"17:00"},"geometry":{"type":"Polygon","coordinates":[[[127.01613,37.73592],[127.01616,37.73581],[127.01622,37.73581],[127.01622,37.73592],[127.01613,37.73592]]]}},{"type":"Feature","properties":{"valleyId":"angol","layer":"shadow","date":"2026-08-01","timeLocal":"17:00"},"geometry":{"type":"Polygon","coordinates":[[[127.02832,37.73602],[127.02832,37.73596],[127.02839,37.73596],[127.02838,37.73602],[127.02832,37.73602]]]}},{"type":"Feature","properties":{"valleyId":"angol","layer":"shadow","date":"2026-08-01","timeLocal":"17:00"},"geometry":{"type":"Polygon","coordinates":[[[127.03296,37.73615],[127.03297,37.73604],[127.03299,37.736],[127.03306,37.736],[127.03303,37.73615],[127.03296,37.73615]]]}},{"type":"Feature","properties":{"valleyId":"angol","layer":"shadow","date":"2026-08-01","timeLocal":"17:00"},"geometry":{"type":"Polygon","coordinates":[[[127.02872,37.73622],[127.0287,37.73618],[127.02863,37.73618],[127.02863,37.73607],[127.02868,37.73608],[127.02868,37.73602],[127.02854,37.73602],[127.02854,37.73595],[127.02875,37.73593],[127.02875,37.73597],[127.02882,37.73597],[127.02882,37.73601],[127.02891,37.73601],[127.02888,37.73608],[127.02877,37.7361],[127.02879,37.73622],[127.02872,37.73622]]]}},{"type":"Feature","properties":{"valleyId":"angol","layer":"shadow","date":"2026-08-01","timeLocal":"17:00"},"geometry":{"type":"Polygon","coordinates":[[[127.02466,37.73592],[127.02467,37.73585],[127.02473,37.73585],[127.02473,37.73592],[127.02466,37.73592]]]}},{"type":"Feature","properties":{"valleyId":"angol","layer":"shadow","date":"2026-08-01","timeLocal":"17:00"},"geometry":{"type":"Polygon","coordinates":[[[127.02516,37.73593],[127.02517,37.73585],[127.02523,37.73586],[127.02523,37.73593],[127.02516,37.73593]]]}},{"type":"Feature","properties":{"valleyId":"angol","layer":"shadow","date":"2026-08-01","timeLocal":"17:00"},"geometry":{"type":"Polygon","coordinates":[[[127.03304,37.73595],[127.03304,37.7359],[127.03311,37.7359],[127.03311,37.73595],[127.03304,37.73595]]]}},{"type":"Feature","properties":{"valleyId":"angol","layer":"shadow","date":"2026-08-01","timeLocal":"17:00"},"geometry":{"type":"Polygon","coordinates":[[[127.02818,37.73587],[127.02823,37.73574],[127.0283,37.73574],[127.0283,37.73587],[127.02818,37.73587]]]}},{"type":"Feature","properties":{"valleyId":"angol","layer":"shadow","date":"2026-08-01","timeLocal":"17:00"},"geometry":{"type":"Polygon","coordinates":[[[127.01289,37.73574],[127.01292,37.73549],[127.01303,37.73549],[127.01305,37.73569],[127.01301,37.73569],[127.013,37.73574],[127.01289,37.73574]]]}},{"type":"Feature","properties":{"valleyId":"angol","layer":"shadow","date":"2026-08-01","timeLocal":"17:00"},"geometry":{"type":"Polygon","coordinates":[[[127.01253,37.73557],[127.01253,37.7355],[127.01269,37.73548],[127.01269,37.73555],[127.01253,37.73557]]]}},{"type":"Feature","properties":{"valleyId":"angol","layer":"shadow","date":"2026-08-01","timeLocal":"17:00"},"geometry":{"type":"Polygon","coordinates":[[[127.0325,37.7356],[127.03251,37.73547],[127.03257,37.73547],[127.03259,37.73556],[127.03257,37.7356],[127.0325,37.7356]]]}},{"type":"Feature","properties":{"valleyId":"angol","layer":"shadow","date":"2026-08-01","timeLocal":"17:00"},"geometry":{"type":"Polygon","coordinates":[[[127.03339,37.73558],[127.03337,37.73549],[127.03344,37.73549],[127.03346,37.73558],[127.03339,37.73558]]]}},{"type":"Feature","properties":{"valleyId":"angol","layer":"shadow","date":"2026-08-01","timeLocal":"17:00"},"geometry":{"type":"Polygon","coordinates":[[[127.03477,37.73583],[127.03482,37.73564],[127.03482,37.73539],[127.03489,37.73539],[127.03494,37.73541],[127.03493,37.73555],[127.03498,37.73557],[127.03498,37.73562],[127.03491,37.73566],[127.03486,37.73582],[127.03477,37.73583]]]}},{"type":"Feature","properties":{"valleyId":"angol","layer":"shadow","date":"2026-08-01","timeLocal":"17:00"},"geometry":{"type":"Polygon","coordinates":[[[127.0333,37.73547],[127.03328,37.73536],[127.03335,37.73536],[127.03337,37.73547],[127.0333,37.73547]]]}},{"type":"Feature","properties":{"valleyId":"angol","layer":"shadow","date":"2026-08-01","timeLocal":"17:00"},"geometry":{"type":"Polygon","coordinates":[[[127.02551,37.73588],[127.02553,37.73568],[127.02549,37.73563],[127.02549,37.73555],[127.02531,37.73535],[127.02532,37.7353],[127.02538,37.73528],[127.02539,37.73525],[127.0255,37.73514],[127.02548,37.73499],[127.02557,37.735],[127.02559,37.73523],[127.02552,37.73525],[127.02552,37.7353],[127.02554,37.73536],[127.02567,37.73547],[127.02567,37.73581],[127.0256,37.73588],[127.02551,37.73588]]]}},{"type":"Feature","properties":{"valleyId":"angol","layer":"shadow","date":"2026-08-01","timeLocal":"17:00"},"geometry":{"type":"Polygon","coordinates":[[[127.03314,37.73534],[127.03312,37.73528],[127.03306,37.73525],[127.03306,37.73519],[127.03301,37.73517],[127.03302,37.7351],[127.03306,37.73509],[127.03315,37.73509],[127.03315,37.73518],[127.03319,37.7352],[127.03321,37.73534],[127.03314,37.73534]]]}},{"type":"Feature","properties":{"valleyId":"angol","layer":"shadow","date":"2026-08-01","timeLocal":"17:00"},"geometry":{"type":"Polygon","coordinates":[[[127.03136,37.73513],[127.03136,37.73506],[127.03143,37.73506],[127.03143,37.73513],[127.03136,37.73513]]]}},{"type":"Feature","properties":{"valleyId":"angol","layer":"shadow","date":"2026-08-01","timeLocal":"17:00"},"geometry":{"type":"Polygon","coordinates":[[[127.03478,37.73517],[127.03478,37.73511],[127.03488,37.73512],[127.03487,37.73517],[127.03478,37.73517]]]}},{"type":"Feature","properties":{"valleyId":"angol","layer":"shadow","date":"2026-08-01","timeLocal":"17:00"},"geometry":{"type":"Polygon","coordinates":[[[127.03354,37.73506],[127.03354,37.73493],[127.03361,37.73493],[127.03363,37.73502],[127.03361,37.73506],[127.03354,37.73506]]]}},{"type":"Feature","properties":{"valleyId":"angol","layer":"shadow","date":"2026-08-01","timeLocal":"17:00"},"geometry":{"type":"Polygon","coordinates":[[[127.02537,37.73494],[127.02528,37.73485],[127.02528,37.73479],[127.02535,37.73479],[127.02537,37.73485],[127.02544,37.73489],[127.02544,37.73494],[127.02537,37.73494]]]}},{"type":"Feature","properties":{"valleyId":"angol","layer":"shadow","date":"2026-08-01","timeLocal":"17:00"},"geometry":{"type":"Polygon","coordinates":[[[127.03377,37.73497],[127.03377,37.73492],[127.03384,37.73492],[127.03384,37.73497],[127.03377,37.73497]]]}},{"type":"Feature","properties":{"valleyId":"angol","layer":"shadow","date":"2026-08-01","timeLocal":"17:00"},"geometry":{"type":"Polygon","coordinates":[[[127.02965,37.73515],[127.02966,37.73496],[127.02959,37.73496],[127.02959,37.7349],[127.02955,37.7349],[127.02955,37.73483],[127.02966,37.73483],[127.02968,37.73496],[127.02984,37.735],[127.02984,37.73509],[127.02977,37.7351],[127.02977,37.73516],[127.02965,37.73515]]]}},{"type":"Feature","properties":{"valleyId":"angol","layer":"shadow","date":"2026-08-01","timeLocal":"17:00"},"geometry":{"type":"Polygon","coordinates":[[[127.03386,37.7349],[127.03386,37.73485],[127.03393,37.73485],[127.03393,37.7349],[127.03386,37.7349]]]}},{"type":"Feature","properties":{"valleyId":"angol","layer":"shadow","date":"2026-08-01","timeLocal":"17:00"},"geometry":{"type":"Polygon","coordinates":[[[127.02978,37.73481],[127.02976,37.73469],[127.02987,37.73467],[127.02989,37.73478],[127.02985,37.73482],[127.02978,37.73481]]]}},{"type":"Feature","properties":{"valleyId":"angol","layer":"shadow","date":"2026-08-01","timeLocal":"17:00"},"geometry":{"type":"Polygon","coordinates":[[[127.02497,37.73463],[127.0249,37.73459],[127.02491,37.73453],[127.02504,37.73457],[127.02504,37.73463],[127.02497,37.73463]]]}},{"type":"Feature","properties":{"valleyId":"angol","layer":"shadow","date":"2026-08-01","timeLocal":"17:00"},"geometry":{"type":"Polygon","coordinates":[[[127.02266,37.73459],[127.02264,37.73453],[127.02257,37.73453],[127.02257,37.73448],[127.02273,37.7345],[127.02273,37.73459],[127.02266,37.73459]]]}},{"type":"Feature","properties":{"valleyId":"angol","layer":"shadow","date":"2026-08-01","timeLocal":"17:00"},"geometry":{"type":"Polygon","coordinates":[[[127.03288,37.73499],[127.03289,37.73479],[127.03293,37.73479],[127.03293,37.7347],[127.03305,37.73471],[127.03305,37.73463],[127.03314,37.73464],[127.03316,37.73474],[127.03311,37.73478],[127.03311,37.73489],[127.03304,37.7349],[127.03304,37.73498],[127.03288,37.73499]],[[127.03295,37.73489],[127.03302,37.73489],[127.03302,37.7348],[127.03296,37.7348],[127.03295,37.73489]]]}},{"type":"Feature","properties":{"valleyId":"angol","layer":"shadow","date":"2026-08-01","timeLocal":"17:00"},"geometry":{"type":"Polygon","coordinates":[[[127.02314,37.73443],[127.02314,37.73432],[127.02321,37.73433],[127.02321,37.73443],[127.02314,37.73443]]]}},{"type":"Feature","properties":{"valleyId":"angol","layer":"shadow","date":"2026-08-01","timeLocal":"17:00"},"geometry":{"type":"Polygon","coordinates":[[[127.03282,37.73467],[127.0328,37.73456],[127.03276,37.73456],[127.03276,37.73445],[127.03281,37.73445],[127.03281,37.7344],[127.0329,37.73431],[127.03297,37.73431],[127.03297,37.73438],[127.0329,37.7344],[127.0329,37.73449],[127.03283,37.7345],[127.03283,37.73456],[127.03289,37.73456],[127.03291,37.73463],[127.03289,37.73467],[127.03282,37.73467]]]}},{"type":"Feature","properties":{"valleyId":"angol","layer":"shadow","date":"2026-08-01","timeLocal":"17:00"},"geometry":{"type":"Polygon","coordinates":[[[127.02979,37.73431],[127.02979,37.73426],[127.02991,37.73426],[127.0299,37.73431],[127.02979,37.73431]]]}},{"type":"Feature","properties":{"valleyId":"angol","layer":"shadow","date":"2026-08-01","timeLocal":"17:00"},"geometry":{"type":"Polygon","coordinates":[[[127.03149,37.73439],[127.03147,37.73427],[127.03154,37.73427],[127.03158,37.7343],[127.03158,37.73436],[127.03156,37.73439],[127.03149,37.73439]]]}},{"type":"Feature","properties":{"valleyId":"angol","layer":"shadow","date":"2026-08-01","timeLocal":"17:00"},"geometry":{"type":"Polygon","coordinates":[[[127.03127,37.73424],[127.03127,37.73415],[127.03134,37.73416],[127.03136,37.73423],[127.03127,37.73424]]]}},{"type":"Feature","properties":{"valleyId":"angol","layer":"shadow","date":"2026-08-01","timeLocal":"17:00"},"geometry":{"type":"Polygon","coordinates":[[[127.03335,37.73432],[127.03333,37.73419],[127.0334,37.73419],[127.03342,37.73432],[127.03335,37.73432]]]}},{"type":"Feature","properties":{"valleyId":"angol","layer":"shadow","date":"2026-08-01","timeLocal":"17:00"},"geometry":{"type":"Polygon","coordinates":[[[127.0233,37.73417],[127.02329,37.734],[127.02342,37.73397],[127.02342,37.734],[127.02347,37.73402],[127.02346,37.7341],[127.02342,37.73411],[127.02342,37.73417],[127.0233,37.73417]]]}},{"type":"Feature","properties":{"valleyId":"angol","layer":"shadow","date":"2026-08-01","timeLocal":"17:00"},"geometry":{"type":"Polygon","coordinates":[[[127.02263,37.73399],[127.02263,37.73394],[127.0227,37.73394],[127.0227,37.73399],[127.02263,37.73399]]]}},{"type":"Feature","properties":{"valleyId":"angol","layer":"shadow","date":"2026-08-01","timeLocal":"17:00"},"geometry":{"type":"Polygon","coordinates":[[[127.03275,37.73414],[127.03275,37.73409],[127.03281,37.73409],[127.03281,37.73414],[127.03275,37.73414]]]}},{"type":"Feature","properties":{"valleyId":"angol","layer":"shadow","date":"2026-08-01","timeLocal":"17:00"},"geometry":{"type":"Polygon","coordinates":[[[127.02317,37.734],[127.02315,37.73393],[127.02317,37.73389],[127.02324,37.73389],[127.02324,37.734],[127.02317,37.734]]]}},{"type":"Feature","properties":{"valleyId":"angol","layer":"shadow","date":"2026-08-01","timeLocal":"17:00"},"geometry":{"type":"Polygon","coordinates":[[[127.03223,37.73404],[127.03223,37.73399],[127.03232,37.73399],[127.03232,37.73405],[127.03223,37.73404]]]}},{"type":"Feature","properties":{"valleyId":"angol","layer":"shadow","date":"2026-08-01","timeLocal":"17:00"},"geometry":{"type":"Polygon","coordinates":[[[127.03141,37.73405],[127.03141,37.73396],[127.0315,37.73396],[127.03148,37.73405],[127.03141,37.73405]]]}},{"type":"Feature","properties":{"valleyId":"angol","layer":"shadow","date":"2026-08-01","timeLocal":"17:00"},"geometry":{"type":"Polygon","coordinates":[[[127.03418,37.73406],[127.03418,37.73397],[127.03425,37.73397],[127.03425,37.73406],[127.03418,37.73406]]]}},{"type":"Feature","properties":{"valleyId":"angol","layer":"shadow","date":"2026-08-01","timeLocal":"17:00"},"geometry":{"type":"Polygon","coordinates":[[[127.03838,37.73406],[127.03838,37.73398],[127.03847,37.73399],[127.03847,37.73404],[127.03838,37.73406]]]}},{"type":"Feature","properties":{"valleyId":"angol","layer":"shadow","date":"2026-08-01","timeLocal":"17:00"},"geometry":{"type":"Polygon","coordinates":[[[127.03232,37.73396],[127.03234,37.73387],[127.03241,37.73387],[127.03239,37.73396],[127.03232,37.73396]]]}},{"type":"Feature","properties":{"valleyId":"angol","layer":"shadow","date":"2026-08-01","timeLocal":"17:00"},"geometry":{"type":"Polygon","coordinates":[[[127.02973,37.73391],[127.02974,37.73379],[127.02983,37.73379],[127.02982,37.73391],[127.02973,37.73391]]]}},{"type":"Feature","properties":{"valleyId":"angol","layer":"shadow","date":"2026-08-01","timeLocal":"17:00"},"geometry":{"type":"Polygon","coordinates":[[[127.0313,37.73388],[127.03128,37.73376],[127.03135,37.73376],[127.03137,37.73389],[127.0313,37.73388]]]}},{"type":"Feature","properties":{"valleyId":"angol","layer":"shadow","date":"2026-08-01","timeLocal":"17:00"},"geometry":{"type":"Polygon","coordinates":[[[127.02972,37.73368],[127.02967,37.73364],[127.02967,37.73357],[127.02974,37.73357],[127.02979,37.73361],[127.02978,37.73368],[127.02972,37.73368]]]}},{"type":"Feature","properties":{"valleyId":"angol","layer":"shadow","date":"2026-08-01","timeLocal":"17:00"},"geometry":{"type":"Polygon","coordinates":[[[127.03119,37.73368],[127.0311,37.73359],[127.03113,37.7335],[127.0312,37.7335],[127.03119,37.73361],[127.03126,37.73363],[127.03126,37.73369],[127.03119,37.73368]]]}},{"type":"Feature","properties":{"valleyId":"angol","layer":"shadow","date":"2026-08-01","timeLocal":"17:00"},"geometry":{"type":"Polygon","coordinates":[[[127.03349,37.73414],[127.03346,37.7339],[127.03351,37.73356],[127.03342,37.73352],[127.03342,37.73345],[127.03349,37.73345],[127.03353,37.73349],[127.03353,37.73356],[127.03358,37.73356],[127.0336,37.7336],[127.03357,37.73401],[127.03361,37.73403],[127.03361,37.7341],[127.03356,37.73414],[127.03349,37.73414]]]}},{"type":"Feature","properties":{"valleyId":"angol","layer":"shadow","date":"2026-08-01","timeLocal":"17:00"},"geometry":{"type":"Polygon","coordinates":[[[127.03095,37.73345],[127.03095,37.73339],[127.03104,37.73339],[127.03104,37.73345],[127.03095,37.73345]]]}},{"type":"Feature","properties":{"valleyId":"angol","layer":"shadow","date":"2026-08-01","timeLocal":"17:00"},"geometry":{"type":"Polygon","coordinates":[[[127.02395,37.73446],[127.02394,37.73427],[127.02398,37.73419],[127.0241,37.73414],[127.0241,37.73409],[127.02403,37.73403],[127.02404,37.73393],[127.02402,37.73383],[127.02397,37.7338],[127.02395,37.73364],[127.02398,37.73342],[127.02405,37.73338],[127.02403,37.7332],[127.0241,37.73321],[127.0241,37.73324],[127.02417,37.73326],[127.02417,37.73333],[127.02423,37.73335],[127.0242,37.73366],[127.02422,37.73375],[127.02431,37.73382],[127.02434,37.73429],[127.02416,37.73429],[127.02416,37.73432],[127.02409,37.73434],[127.02407,37.73445],[127.02395,37.73446]]]}},{"type":"Feature","properties":{"valleyId":"angol","layer":"shadow","date":"2026-08-01","timeLocal":"17:00"},"geometry":{"type":"Polygon","coordinates":[[[127.01904,37.73321],[127.01904,37.7331],[127.01911,37.7331],[127.01911,37.73321],[127.01904,37.73321]]]}},{"type":"Feature","properties":{"valleyId":"angol","layer":"shadow","date":"2026-08-01","timeLocal":"17:00"},"geometry":{"type":"Polygon","coordinates":[[[127.02181,37.73324],[127.02181,37.73317],[127.0219,37.73315],[127.0219,37.73322],[127.02181,37.73324]]]}},{"type":"Feature","properties":{"valleyId":"angol","layer":"shadow","date":"2026-08-01","timeLocal":"17:00"},"geometry":{"type":"Polygon","coordinates":[[[127.03141,37.73333],[127.03141,37.73327],[127.03147,37.73327],[127.03147,37.73333],[127.03141,37.73333]]]}},{"type":"Feature","properties":{"valleyId":"angol","layer":"shadow","date":"2026-08-01","timeLocal":"17:00"},"geometry":{"type":"Polygon","coordinates":[[[127.03306,37.73336],[127.03306,37.73328],[127.03313,37.73328],[127.03313,37.73336],[127.03306,37.73336]]]}},{"type":"Feature","properties":{"valleyId":"angol","layer":"shadow","date":"2026-08-01","timeLocal":"17:00"},"geometry":{"type":"Polygon","coordinates":[[[127.03345,37.73329],[127.03345,37.73318],[127.03352,37.73318],[127.03354,37.73327],[127.03345,37.73329]]]}},{"type":"Feature","properties":{"valleyId":"angol","layer":"shadow","date":"2026-08-01","timeLocal":"17:00"},"geometry":{"type":"Polygon","coordinates":[[[127.02392,37.7332],[127.02392,37.73308],[127.02397,37.73297],[127.02404,37.73297],[127.02401,37.7332],[127.02392,37.7332]]]}},{"type":"Feature","properties":{"valleyId":"angol","layer":"shadow","date":"2026-08-01","timeLocal":"17:00"},"geometry":{"type":"Polygon","coordinates":[[[127.02309,37.73295],[127.02307,37.73288],[127.02316,37.73286],[127.02315,37.73296],[127.02309,37.73295]]]}},{"type":"Feature","properties":{"valleyId":"angol","layer":"shadow","date":"2026-08-01","timeLocal":"17:00"},"geometry":{"type":"Polygon","coordinates":[[[127.03318,37.7331],[127.03318,37.73301],[127.03327,37.73302],[127.0333,37.73309],[127.03318,37.7331]]]}},{"type":"Feature","properties":{"valleyId":"angol","layer":"shadow","date":"2026-08-01","timeLocal":"17:00"},"geometry":{"type":"Polygon","coordinates":[[[127.03345,37.73313],[127.03343,37.73304],[127.03348,37.73298],[127.03348,37.73291],[127.03355,37.73291],[127.03359,37.73295],[127.03359,37.733],[127.03355,37.73302],[127.03352,37.73313],[127.03345,37.73313]]]}},{"type":"Feature","properties":{"valleyId":"angol","layer":"shadow","date":"2026-08-01","timeLocal":"17:00"},"geometry":{"type":"Polygon","coordinates":[[[127.02395,37.73284],[127.02393,37.73272],[127.024,37.73272],[127.02402,37.73284],[127.02395,37.73284]]]}},{"type":"Feature","properties":{"valleyId":"angol","layer":"shadow","date":"2026-08-01","timeLocal":"17:00"},"geometry":{"type":"Polygon","coordinates":[[[127.03055,37.7329],[127.03053,37.73281],[127.03062,37.73281],[127.03062,37.7329],[127.03055,37.7329]]]}},{"type":"Feature","properties":{"valleyId":"angol","layer":"shadow","date":"2026-08-01","timeLocal":"17:00"},"geometry":{"type":"Polygon","coordinates":[[[127.03466,37.73293],[127.03466,37.73288],[127.03473,37.73288],[127.03473,37.73293],[127.03466,37.73293]]]}},{"type":"Feature","properties":{"valleyId":"angol","layer":"shadow","date":"2026-08-01","timeLocal":"17:00"},"geometry":{"type":"Polygon","coordinates":[[[127.03332,37.73285],[127.03326,37.73284],[127.03324,37.73275],[127.03337,37.73275],[127.03342,37.73278],[127.03341,37.73286],[127.03332,37.73285]]]}},{"type":"Feature","properties":{"valleyId":"angol","layer":"shadow","date":"2026-08-01","timeLocal":"17:00"},"geometry":{"type":"Polygon","coordinates":[[[127.03204,37.73267],[127.03204,37.73262],[127.0321,37.73262],[127.0321,37.73267],[127.03204,37.73267]]]}},{"type":"Feature","properties":{"valleyId":"angol","layer":"shadow","date":"2026-08-01","timeLocal":"17:00"},"geometry":{"type":"Polygon","coordinates":[[[127.03213,37.73262],[127.03215,37.73247],[127.03222,37.73248],[127.03222,37.7326],[127.03213,37.73262]]]}},{"type":"Feature","properties":{"valleyId":"angol","layer":"shadow","date":"2026-08-01","timeLocal":"17:00"},"geometry":{"type":"Polygon","coordinates":[[[127.0334,37.73257],[127.0334,37.73248],[127.03352,37.7325],[127.03351,37.73255],[127.0334,37.73257]]]}},{"type":"Feature","properties":{"valleyId":"angol","layer":"shadow","date":"2026-08-01","timeLocal":"17:00"},"geometry":{"type":"Polygon","coordinates":[[[127.03458,37.73255],[127.03454,37.73242],[127.03465,37.73243],[127.0347,37.73246],[127.03469,37.73255],[127.03458,37.73255]]]}},{"type":"Feature","properties":{"valleyId":"angol","layer":"shadow","date":"2026-08-01","timeLocal":"17:00"},"geometry":{"type":"Polygon","coordinates":[[[127.03161,37.73248],[127.0315,37.73241],[127.0315,37.73232],[127.03168,37.73232],[127.03168,37.73248],[127.03161,37.73248]]]}},{"type":"Feature","properties":{"valleyId":"angol","layer":"shadow","date":"2026-08-01","timeLocal":"17:00"},"geometry":{"type":"Polygon","coordinates":[[[127.02002,37.73213],[127.02002,37.73209],[127.01998,37.73207],[127.01998,37.73202],[127.02005,37.73202],[127.02009,37.73206],[127.02009,37.73213],[127.02002,37.73213]]]}},{"type":"Feature","properties":{"valleyId":"angol","layer":"shadow","date":"2026-08-01","timeLocal":"17:00"},"geometry":{"type":"Polygon","coordinates":[[[127.0335,37.7323],[127.0335,37.73223],[127.03364,37.73225],[127.03363,37.7323],[127.0335,37.7323]]]}},{"type":"Feature","properties":{"valleyId":"angol","layer":"shadow","date":"2026-08-01","timeLocal":"17:00"},"geometry":{"type":"Polygon","coordinates":[[[127.03234,37.73244],[127.03234,37.73237],[127.03243,37.7323],[127.03246,37.73219],[127.03252,37.73219],[127.03255,37.73227],[127.03248,37.73232],[127.03247,37.73239],[127.0324,37.73244],[127.03234,37.73244]]]}},{"type":"Feature","properties":{"valleyId":"angol","layer":"shadow","date":"2026-08-01","timeLocal":"17:00"},"geometry":{"type":"Polygon","coordinates":[[[127.03162,37.73223],[127.0316,37.73212],[127.03166,37.73212],[127.03168,37.73223],[127.03162,37.73223]]]}},{"type":"Feature","properties":{"valleyId":"angol","layer":"shadow","date":"2026-08-01","timeLocal":"17:00"},"geometry":{"type":"Polygon","coordinates":[[[127.01892,37.73189],[127.01892,37.73184],[127.01899,37.73184],[127.01898,37.73189],[127.01892,37.73189]]]}},{"type":"Feature","properties":{"valleyId":"angol","layer":"shadow","date":"2026-08-01","timeLocal":"17:00"},"geometry":{"type":"Polygon","coordinates":[[[127.03044,37.73203],[127.03044,37.73198],[127.03051,37.73198],[127.03051,37.73203],[127.03044,37.73203]]]}},{"type":"Feature","properties":{"valleyId":"angol","layer":"shadow","date":"2026-08-01","timeLocal":"17:00"},"geometry":{"type":"Polygon","coordinates":[[[127.03381,37.73238],[127.03379,37.73223],[127.03384,37.7322],[127.03395,37.73218],[127.03393,37.73209],[127.03389,37.73209],[127.03389,37.732],[127.03398,37.732],[127.03405,37.73204],[127.03409,37.73211],[127.03414,37.73211],[127.03414,37.73218],[127.034,37.73222],[127.03395,37.73236],[127.03381,37.73238]]]}},{"type":"Feature","properties":{"valleyId":"angol","layer":"shadow","date":"2026-08-01","timeLocal":"17:00"},"geometry":{"type":"Polygon","coordinates":[[[127.03355,37.73203],[127.03355,37.73196],[127.03373,37.73196],[127.03373,37.73201],[127.03355,37.73203]]]}},{"type":"Feature","properties":{"valleyId":"angol","layer":"shadow","date":"2026-08-01","timeLocal":"17:00"},"geometry":{"type":"Polygon","coordinates":[[[127.03033,37.73194],[127.03031,37.73183],[127.03042,37.73183],[127.0304,37.73194],[127.03033,37.73194]]]}},{"type":"Feature","properties":{"valleyId":"angol","layer":"shadow","date":"2026-08-01","timeLocal":"17:00"},"geometry":{"type":"Polygon","coordinates":[[[127.03234,37.73217],[127.03233,37.73188],[127.0324,37.73187],[127.0324,37.73183],[127.03247,37.73183],[127.03244,37.73201],[127.03239,37.73203],[127.03243,37.73217],[127.03234,37.73217]]]}},{"type":"Feature","properties":{"valleyId":"angol","layer":"shadow","date":"2026-08-01","timeLocal":"17:00"},"geometry":{"type":"Polygon","coordinates":[[[127.01828,37.73176],[127.01817,37.73168],[127.01818,37.73159],[127.01827,37.73159],[127.01826,37.73167],[127.01835,37.7317],[127.01835,37.73176],[127.01828,37.73176]]]}},{"type":"Feature","properties":{"valleyId":"angol","layer":"shadow","date":"2026-08-01","timeLocal":"17:00"},"geometry":{"type":"Polygon","coordinates":[[[127.03147,37.7318],[127.03142,37.73174],[127.03143,37.73169],[127.03149,37.73169],[127.03154,37.73173],[127.03154,37.7318],[127.03147,37.7318]]]}},{"type":"Feature","properties":{"valleyId":"angol","layer":"shadow","date":"2026-08-01","timeLocal":"17:00"},"geometry":{"type":"Polygon","coordinates":[[[127.03029,37.73176],[127.03029,37.73165],[127.03038,37.73165],[127.0304,37.73176],[127.03029,37.73176]]]}},{"type":"Feature","properties":{"valleyId":"angol","layer":"shadow","date":"2026-08-01","timeLocal":"17:00"},"geometry":{"type":"Polygon","coordinates":[[[127.03107,37.73215],[127.03103,37.73213],[127.03103,37.7319],[127.03106,37.73186],[127.03115,37.73185],[127.03115,37.73177],[127.03122,37.73176],[127.03122,37.73165],[127.03129,37.73165],[127.03131,37.73183],[127.03119,37.73195],[127.03114,37.73215],[127.03107,37.73215]]]}},{"type":"Feature","properties":{"valleyId":"angol","layer":"shadow","date":"2026-08-01","timeLocal":"17:00"},"geometry":{"type":"Polygon","coordinates":[[[127.03247,37.73176],[127.03247,37.73165],[127.03256,37.73165],[127.03256,37.73176],[127.03247,37.73176]]]}},{"type":"Feature","properties":{"valleyId":"angol","layer":"shadow","date":"2026-08-01","timeLocal":"17:00"},"geometry":{"type":"Polygon","coordinates":[[[127.02017,37.73152],[127.02018,37.73141],[127.02013,37.73132],[127.02009,37.7313],[127.02009,37.73125],[127.02016,37.73125],[127.0202,37.73128],[127.02022,37.73137],[127.02027,37.73141],[127.02024,37.73152],[127.02017,37.73152]]]}},{"type":"Feature","properties":{"valleyId":"angol","layer":"shadow","date":"2026-08-01","timeLocal":"17:00"},"geometry":{"type":"Polygon","coordinates":[[[127.03447,37.7315],[127.03447,37.73145],[127.03456,37.73145],[127.03456,37.73151],[127.03447,37.7315]]]}},{"type":"Feature","properties":{"valleyId":"angol","layer":"shadow","date":"2026-08-01","timeLocal":"17:00"},"geometry":{"type":"Polygon","coordinates":[[[127.0307,37.7315],[127.03071,37.73139],[127.0308,37.73137],[127.03084,37.73141],[127.03082,37.7315],[127.0307,37.7315]]]}},{"type":"Feature","properties":{"valleyId":"angol","layer":"shadow","date":"2026-08-01","timeLocal":"17:00"},"geometry":{"type":"Polygon","coordinates":[[[127.0337,37.73147],[127.0337,37.73138],[127.03386,37.7314],[127.03386,37.73148],[127.0337,37.73147]]]}},{"type":"Feature","properties":{"valleyId":"angol","layer":"shadow","date":"2026-08-01","timeLocal":"17:00"},"geometry":{"type":"Polygon","coordinates":[[[127.03166,37.7314],[127.03166,37.7313],[127.03178,37.7313],[127.03177,37.73141],[127.03166,37.7314]]]}},{"type":"Feature","properties":{"valleyId":"angol","layer":"shadow","date":"2026-08-01","timeLocal":"17:00"},"geometry":{"type":"Polygon","coordinates":[[[127.03407,37.73135],[127.03407,37.7313],[127.03414,37.7313],[127.03414,37.73135],[127.03407,37.73135]]]}},{"type":"Feature","properties":{"valleyId":"angol","layer":"shadow","date":"2026-08-01","timeLocal":"17:00"},"geometry":{"type":"Polygon","coordinates":[[[127.03254,37.73163],[127.0325,37.73129],[127.03244,37.73129],[127.03241,37.73122],[127.03248,37.73122],[127.03253,37.73124],[127.03253,37.73129],[127.03264,37.73131],[127.03265,37.73156],[127.03261,37.73164],[127.03254,37.73163]]]}},{"type":"Feature","properties":{"valleyId":"angol","layer":"shadow","date":"2026-08-01","timeLocal":"17:00"},"geometry":{"type":"Polygon","coordinates":[[[127.03439,37.7313],[127.03439,37.73125],[127.03448,37.73123],[127.03448,37.73129],[127.03439,37.7313]]]}},{"type":"Feature","properties":{"valleyId":"angol","layer":"shadow","date":"2026-08-01","timeLocal":"17:00"},"geometry":{"type":"Polygon","coordinates":[[[127.02307,37.73182],[127.02301,37.73165],[127.02301,37.7316],[127.02308,37.73158],[127.02302,37.73119],[127.02312,37.73103],[127.02336,37.73103],[127.02334,37.73119],[127.02338,37.73123],[127.02338,37.73139],[127.02333,37.73146],[127.02328,37.73146],[127.02328,37.73152],[127.02321,37.73155],[127.02321,37.73168],[127.02317,37.73169],[127.02314,37.73182],[127.02307,37.73182]]]}},{"type":"Feature","properties":{"valleyId":"angol","layer":"shadow","date":"2026-08-01","timeLocal":"17:00"},"geometry":{"type":"Polygon","coordinates":[[[127.03368,37.73127],[127.03369,37.73118],[127.03391,37.73121],[127.03391,37.73126],[127.03368,37.73127]]]}},{"type":"Feature","properties":{"valleyId":"angol","layer":"shadow","date":"2026-08-01","timeLocal":"17:00"},"geometry":{"type":"Polygon","coordinates":[[[127.02002,37.73123],[127.02002,37.73119],[127.01998,37.73117],[127.01998,37.7311],[127.02,37.73106],[127.02005,37.73106],[127.02005,37.73099],[127.02017,37.73096],[127.02019,37.73092],[127.02026,37.73092],[127.02026,37.73098],[127.02012,37.73103],[127.02012,37.73107],[127.02007,37.73106],[127.02009,37.73123],[127.02002,37.73123]]]}},{"type":"Feature","properties":{"valleyId":"angol","layer":"shadow","date":"2026-08-01","timeLocal":"17:00"},"geometry":{"type":"Polygon","coordinates":[[[127.03201,37.7311],[127.03201,37.73101],[127.03208,37.73101],[127.0321,37.7311],[127.03201,37.7311]]]}},{"type":"Feature","properties":{"valleyId":"angol","layer":"shadow","date":"2026-08-01","timeLocal":"17:00"},"geometry":{"type":"Polygon","coordinates":[[[127.03142,37.73104],[127.03142,37.73097],[127.03149,37.73097],[127.03149,37.73104],[127.03142,37.73104]]]}},{"type":"Feature","properties":{"valleyId":"angol","layer":"shadow","date":"2026-08-01","timeLocal":"17:00"},"geometry":{"type":"Polygon","coordinates":[[[127.03432,37.73107],[127.03433,37.73102],[127.03439,37.73102],[127.03439,37.73107],[127.03432,37.73107]]]}},{"type":"Feature","properties":{"valleyId":"angol","layer":"shadow","date":"2026-08-01","timeLocal":"17:00"},"geometry":{"type":"Polygon","coordinates":[[[127.03192,37.73099],[127.03192,37.73094],[127.03199,37.73094],[127.03199,37.73099],[127.03192,37.73099]]]}},{"type":"Feature","properties":{"valleyId":"angol","layer":"shadow","date":"2026-08-01","timeLocal":"17:00"},"geometry":{"type":"Polygon","coordinates":[[[127.0331,37.73105],[127.03313,37.73092],[127.03319,37.73092],[127.03319,37.73103],[127.0331,37.73105]]]}},{"type":"Feature","properties":{"valleyId":"angol","layer":"shadow","date":"2026-08-01","timeLocal":"17:00"},"geometry":{"type":"Polygon","coordinates":[[[127.03174,37.73099],[127.03174,37.7309],[127.03183,37.7309],[127.03183,37.73099],[127.03174,37.73099]]]}},{"type":"Feature","properties":{"valleyId":"angol","layer":"shadow","date":"2026-08-01","timeLocal":"17:00"},"geometry":{"type":"Polygon","coordinates":[[[127.03371,37.73099],[127.03372,37.73093],[127.03381,37.73093],[127.0338,37.73099],[127.03371,37.73099]]]}},{"type":"Feature","properties":{"valleyId":"angol","layer":"shadow","date":"2026-08-01","timeLocal":"17:00"},"geometry":{"type":"Polygon","coordinates":[[[127.03426,37.731],[127.03426,37.73094],[127.03435,37.73094],[127.03435,37.731],[127.03426,37.731]]]}},{"type":"Feature","properties":{"valleyId":"angol","layer":"shadow","date":"2026-08-01","timeLocal":"17:00"},"geometry":{"type":"Polygon","coordinates":[[[127.03133,37.73095],[127.03133,37.73086],[127.0314,37.73086],[127.0314,37.73095],[127.03133,37.73095]]]}},{"type":"Feature","properties":{"valleyId":"angol","layer":"shadow","date":"2026-08-01","timeLocal":"17:00"},"geometry":{"type":"Polygon","coordinates":[[[127.01922,37.73073],[127.0192,37.73065],[127.01927,37.73065],[127.01929,37.73073],[127.01922,37.73073]]]}},{"type":"Feature","properties":{"valleyId":"angol","layer":"shadow","date":"2026-08-01","timeLocal":"17:00"},"geometry":{"type":"Polygon","coordinates":[[[127.03163,37.7309],[127.03161,37.73086],[127.03156,37.73086],[127.03156,37.73079],[127.03168,37.73079],[127.0317,37.7309],[127.03163,37.7309]]]}},{"type":"Feature","properties":{"valleyId":"angol","layer":"shadow","date":"2026-08-01","timeLocal":"17:00"},"geometry":{"type":"Polygon","coordinates":[[[127.0314,37.73082],[127.03141,37.73075],[127.03147,37.73075],[127.03147,37.73082],[127.0314,37.73082]]]}},{"type":"Feature","properties":{"valleyId":"angol","layer":"shadow","date":"2026-08-01","timeLocal":"17:00"},"geometry":{"type":"Polygon","coordinates":[[[127.03433,37.73093],[127.03433,37.7308],[127.03436,37.73076],[127.03442,37.73076],[127.03444,37.73091],[127.03433,37.73093]]]}},{"type":"Feature","properties":{"valleyId":"angol","layer":"shadow","date":"2026-08-01","timeLocal":"17:00"},"geometry":{"type":"Polygon","coordinates":[[[127.01925,37.73056],[127.01925,37.73049],[127.01932,37.73049],[127.01931,37.73057],[127.01925,37.73056]]]}},{"type":"Feature","properties":{"valleyId":"angol","layer":"shadow","date":"2026-08-01","timeLocal":"17:00"},"geometry":{"type":"Polygon","coordinates":[[[127.03379,37.73072],[127.03379,37.73065],[127.03386,37.73065],[127.03388,37.73072],[127.03379,37.73072]]]}},{"type":"Feature","properties":{"valleyId":"angol","layer":"shadow","date":"2026-08-01","timeLocal":"17:00"},"geometry":{"type":"Polygon","coordinates":[[[127.03438,37.73073],[127.03438,37.73066],[127.03445,37.73066],[127.03445,37.73073],[127.03438,37.73073]]]}},{"type":"Feature","properties":{"valleyId":"angol","layer":"shadow","date":"2026-08-01","timeLocal":"17:00"},"geometry":{"type":"Polygon","coordinates":[[[127.01818,37.73044],[127.01819,37.73035],[127.01825,37.73035],[127.01825,37.73044],[127.01818,37.73044]]]}},{"type":"Feature","properties":{"valleyId":"angol","layer":"shadow","date":"2026-08-01","timeLocal":"17:00"},"geometry":{"type":"Polygon","coordinates":[[[127.03295,37.73069],[127.03295,37.73054],[127.03322,37.7306],[127.03322,37.73065],[127.03295,37.73069]]]}},{"type":"Feature","properties":{"valleyId":"angol","layer":"shadow","date":"2026-08-01","timeLocal":"17:00"},"geometry":{"type":"Polygon","coordinates":[[[127.03246,37.7305],[127.03246,37.73043],[127.03284,37.73041],[127.03284,37.73047],[127.03277,37.73048],[127.03246,37.7305]]]}},{"type":"Feature","properties":{"valleyId":"angol","layer":"shadow","date":"2026-08-01","timeLocal":"17:00"},"geometry":{"type":"Polygon","coordinates":[[[127.03646,37.73029],[127.03646,37.7302],[127.03657,37.73021],[127.03657,37.73028],[127.03646,37.73029]]]}},{"type":"Feature","properties":{"valleyId":"angol","layer":"shadow","date":"2026-08-01","timeLocal":"17:00"},"geometry":{"type":"Polygon","coordinates":[[[127.01969,37.73001],[127.01969,37.72992],[127.01979,37.72989],[127.01979,37.72978],[127.0199,37.72978],[127.01985,37.72991],[127.01981,37.72991],[127.01981,37.72998],[127.01976,37.72998],[127.01976,37.73001],[127.01969,37.73001]]]}},{"type":"Feature","properties":{"valleyId":"angol","layer":"shadow","date":"2026-08-01","timeLocal":"17:00"},"geometry":{"type":"Polygon","coordinates":[[[127.01993,37.72976],[127.01995,37.72969],[127.02004,37.72969],[127.02002,37.72977],[127.01993,37.72976]]]}},{"type":"Feature","properties":{"valleyId":"angol","layer":"shadow","date":"2026-08-01","timeLocal":"17:00"},"geometry":{"type":"Polygon","coordinates":[[[127.02077,37.72978],[127.02072,37.72976],[127.02072,37.72969],[127.02088,37.72973],[127.02088,37.72978],[127.02077,37.72978]]]}},{"type":"Feature","properties":{"valleyId":"angol","layer":"shadow","date":"2026-08-01","timeLocal":"17:00"},"geometry":{"type":"Polygon","coordinates":[[[127.03499,37.72978],[127.035,37.72973],[127.03506,37.72973],[127.03506,37.72978],[127.03499,37.72978]]]}},{"type":"Feature","properties":{"valleyId":"angol","layer":"shadow","date":"2026-08-01","timeLocal":"17:00"},"geometry":{"type":"Polygon","coordinates":[[[127.02045,37.72956],[127.02046,37.72945],[127.02052,37.72945],[127.02052,37.72956],[127.02045,37.72956]]]}},{"type":"Feature","properties":{"valleyId":"angol","layer":"shadow","date":"2026-08-01","timeLocal":"17:00"},"geometry":{"type":"Polygon","coordinates":[[[127.02003,37.72928],[127.01999,37.72924],[127.01999,37.72919],[127.0201,37.72921],[127.0201,37.72928],[127.02003,37.72928]]]}},{"type":"Feature","properties":{"valleyId":"angol","layer":"shadow","date":"2026-08-01","timeLocal":"17:00"},"geometry":{"type":"Polygon","coordinates":[[[127.01903,37.72915],[127.01899,37.72914],[127.01895,37.72901],[127.01908,37.72903],[127.0191,37.72916],[127.01903,37.72915]]]}},{"type":"Feature","properties":{"valleyId":"angol","layer":"shadow","date":"2026-08-01","timeLocal":"17:00"},"geometry":{"type":"Polygon","coordinates":[[[127.03233,37.72929],[127.03233,37.72923],[127.03242,37.72923],[127.03242,37.72929],[127.03233,37.72929]]]}},{"type":"Feature","properties":{"valleyId":"angol","layer":"shadow","date":"2026-08-01","timeLocal":"17:00"},"geometry":{"type":"Polygon","coordinates":[[[127.03249,37.72922],[127.03249,37.72916],[127.03258,37.72917],[127.03258,37.72922],[127.03249,37.72922]]]}},{"type":"Feature","properties":{"valleyId":"angol","layer":"shadow","date":"2026-08-01","timeLocal":"17:00"},"geometry":{"type":"Polygon","coordinates":[[[127.03274,37.72917],[127.03274,37.7291],[127.03286,37.7291],[127.03286,37.72906],[127.03293,37.72906],[127.03292,37.72912],[127.03286,37.72912],[127.03283,37.72917],[127.03274,37.72917]]]}},{"type":"Feature","properties":{"valleyId":"angol","layer":"shadow","date":"2026-08-01","timeLocal":"17:00"},"geometry":{"type":"Polygon","coordinates":[[[127.03009,37.72885],[127.0301,37.7288],[127.03016,37.7288],[127.03016,37.72885],[127.03009,37.72885]]]}},{"type":"Feature","properties":{"valleyId":"angol","layer":"shadow","date":"2026-08-01","timeLocal":"17:00"},"geometry":{"type":"Polygon","coordinates":[[[127.02,37.72868],[127.01998,37.72859],[127.02009,37.72861],[127.02009,37.72869],[127.02,37.72868]]]}},{"type":"Feature","properties":{"valleyId":"angol","layer":"shadow","date":"2026-08-01","timeLocal":"17:00"},"geometry":{"type":"Polygon","coordinates":[[[127.03282,37.72881],[127.03282,37.72875],[127.03291,37.72876],[127.03291,37.72881],[127.03282,37.72881]]]}},{"type":"Feature","properties":{"valleyId":"angol","layer":"shadow","date":"2026-08-01","timeLocal":"17:00"},"geometry":{"type":"Polygon","coordinates":[[[127.03488,37.72904],[127.03491,37.72879],[127.03502,37.72877],[127.03502,37.72894],[127.03495,37.72899],[127.03495,37.72904],[127.03488,37.72904]]]}},{"type":"Feature","properties":{"valleyId":"angol","layer":"shadow","date":"2026-08-01","timeLocal":"17:00"},"geometry":{"type":"Polygon","coordinates":[[[127.01821,37.72865],[127.01814,37.72864],[127.01814,37.72849],[127.01821,37.72849],[127.01828,37.72857],[127.01828,37.72866],[127.01821,37.72865]]]}},{"type":"Feature","properties":{"valleyId":"angol","layer":"shadow","date":"2026-08-01","timeLocal":"17:00"},"geometry":{"type":"Polygon","coordinates":[[[127.03024,37.72864],[127.03024,37.72859],[127.03028,37.72855],[127.0304,37.72855],[127.0304,37.72862],[127.03024,37.72864]]]}},{"type":"Feature","properties":{"valleyId":"angol","layer":"shadow","date":"2026-08-01","timeLocal":"17:00"},"geometry":{"type":"Polygon","coordinates":[[[127.03612,37.72852],[127.03612,37.72847],[127.03619,37.72847],[127.03618,37.72852],[127.03612,37.72852]]]}},{"type":"Feature","properties":{"valleyId":"angol","layer":"shadow","date":"2026-08-01","timeLocal":"17:00"},"geometry":{"type":"Polygon","coordinates":[[[127.03297,37.72905],[127.03295,37.7289],[127.03302,37.7289],[127.03304,37.72883],[127.03311,37.72883],[127.03318,37.72878],[127.03318,37.72874],[127.03332,37.72867],[127.03337,37.72855],[127.03346,37.72853],[127.03351,37.72842],[127.0336,37.72841],[127.0336,37.7285],[127.03353,37.72855],[127.03346,37.72855],[127.03346,37.72869],[127.03332,37.72873],[127.03332,37.72878],[127.03323,37.72882],[127.03322,37.72889],[127.03316,37.72889],[127.03315,37.72898],[127.03304,37.72905],[127.03297,37.72905]]]}},{"type":"Feature","properties":{"valleyId":"angol","layer":"shadow","date":"2026-08-01","timeLocal":"17:00"},"geometry":{"type":"Polygon","coordinates":[[[127.02014,37.72836],[127.02013,37.72818],[127.02022,37.72818],[127.02021,37.72836],[127.02014,37.72836]]]}},{"type":"Feature","properties":{"valleyId":"angol","layer":"shadow","date":"2026-08-01","timeLocal":"17:00"},"geometry":{"type":"Polygon","coordinates":[[[127.03621,37.72847],[127.03621,37.72842],[127.03628,37.72842],[127.03628,37.72847],[127.03621,37.72847]]]}},{"type":"Feature","properties":{"valleyId":"angol","layer":"shadow","date":"2026-08-01","timeLocal":"17:00"},"geometry":{"type":"Polygon","coordinates":[[[127.02042,37.72817],[127.02042,37.72811],[127.02049,37.72812],[127.02049,37.72817],[127.02042,37.72817]]]}},{"type":"Feature","properties":{"valleyId":"angol","layer":"shadow","date":"2026-08-01","timeLocal":"17:00"},"geometry":{"type":"Polygon","coordinates":[[[127.03657,37.72842],[127.03657,37.72837],[127.03664,37.72837],[127.03664,37.72842],[127.03657,37.72842]]]}},{"type":"Feature","properties":{"valleyId":"angol","layer":"shadow","date":"2026-08-01","timeLocal":"17:00"},"geometry":{"type":"Polygon","coordinates":[[[127.0336,37.72835],[127.0336,37.72828],[127.03367,37.72828],[127.03367,37.72835],[127.0336,37.72835]]]}},{"type":"Feature","properties":{"valleyId":"angol","layer":"shadow","date":"2026-08-01","timeLocal":"17:00"},"geometry":{"type":"Polygon","coordinates":[[[127.02017,37.72813],[127.02018,37.72804],[127.02024,37.72804],[127.02026,37.72813],[127.02017,37.72813]]]}},{"type":"Feature","properties":{"valleyId":"angol","layer":"shadow","date":"2026-08-01","timeLocal":"17:00"},"geometry":{"type":"Polygon","coordinates":[[[127.01988,37.72807],[127.01988,37.72796],[127.01995,37.72796],[127.01995,37.72807],[127.01988,37.72807]]]}},{"type":"Feature","properties":{"valleyId":"angol","layer":"shadow","date":"2026-08-01","timeLocal":"17:00"},"geometry":{"type":"Polygon","coordinates":[[[127.03349,37.72821],[127.03349,37.72815],[127.03356,37.72815],[127.03356,37.72821],[127.03349,37.72821]]]}},{"type":"Feature","properties":{"valleyId":"angol","layer":"shadow","date":"2026-08-01","timeLocal":"17:00"},"geometry":{"type":"Polygon","coordinates":[[[127.03615,37.72822],[127.03615,37.72816],[127.03622,37.72816],[127.03622,37.72822],[127.03615,37.72822]]]}},{"type":"Feature","properties":{"valleyId":"angol","layer":"shadow","date":"2026-08-01","timeLocal":"17:00"},"geometry":{"type":"Polygon","coordinates":[[[127.03177,37.72818],[127.03175,37.72807],[127.03186,37.72807],[127.03188,37.72818],[127.03177,37.72818]]]}},{"type":"Feature","properties":{"valleyId":"angol","layer":"shadow","date":"2026-08-01","timeLocal":"17:00"},"geometry":{"type":"Polygon","coordinates":[[[127.03145,37.72816],[127.03141,37.72812],[127.03141,37.72806],[127.03152,37.72807],[127.03154,37.72816],[127.03145,37.72816]]]}},{"type":"Feature","properties":{"valleyId":"angol","layer":"shadow","date":"2026-08-01","timeLocal":"17:00"},"geometry":{"type":"Polygon","coordinates":[[[127.0335,37.72808],[127.0335,37.72799],[127.03357,37.72799],[127.03356,37.72808],[127.0335,37.72808]]]}},{"type":"Feature","properties":{"valleyId":"angol","layer":"shadow","date":"2026-08-01","timeLocal":"17:00"},"geometry":{"type":"Polygon","coordinates":[[[127.01998,37.72791],[127.02,37.72777],[127.02005,37.72777],[127.02007,37.72771],[127.02014,37.72771],[127.02014,37.72779],[127.02007,37.72784],[127.02007,37.72789],[127.01998,37.72791]]]}},{"type":"Feature","properties":{"valleyId":"angol","layer":"shadow","date":"2026-08-01","timeLocal":"17:00"},"geometry":{"type":"Polygon","coordinates":[[[127.0372,37.72803],[127.0372,37.72793],[127.03731,37.72795],[127.03731,37.72802],[127.0372,37.72803]]]}},{"type":"Feature","properties":{"valleyId":"angol","layer":"shadow","date":"2026-08-01","timeLocal":"17:00"},"geometry":{"type":"Polygon","coordinates":[[[127.03495,37.72818],[127.03493,37.72793],[127.03498,37.72789],[127.03498,37.72782],[127.03505,37.72782],[127.03504,37.72791],[127.035,37.72794],[127.03501,37.72818],[127.03495,37.72818]]]}},{"type":"Feature","properties":{"valleyId":"angol","layer":"shadow","date":"2026-08-01","timeLocal":"17:00"},"geometry":{"type":"Polygon","coordinates":[[[127.03355,37.72788],[127.03353,37.72779],[127.03362,37.7278],[127.03364,37.72789],[127.03355,37.72788]]]}},{"type":"Feature","properties":{"valleyId":"angol","layer":"shadow","date":"2026-08-01","timeLocal":"17:00"},"geometry":{"type":"Polygon","coordinates":[[[127.01975,37.72778],[127.01973,37.72769],[127.01982,37.72769],[127.01982,37.72762],[127.01976,37.7276],[127.01976,37.72754],[127.01978,37.72749],[127.01987,37.72749],[127.01991,37.72769],[127.01987,37.72769],[127.01987,37.72774],[127.01982,37.72774],[127.01982,37.72778],[127.01975,37.72778]]]}},{"type":"Feature","properties":{"valleyId":"angol","layer":"shadow","date":"2026-08-01","timeLocal":"17:00"},"geometry":{"type":"Polygon","coordinates":[[[127.01987,37.72746],[127.01988,37.7274],[127.01994,37.7274],[127.01994,37.72746],[127.01987,37.72746]]]}},{"type":"Feature","properties":{"valleyId":"angol","layer":"shadow","date":"2026-08-01","timeLocal":"17:00"},"geometry":{"type":"Polygon","coordinates":[[[127.03201,37.7277],[127.03201,37.72753],[127.0321,37.72752],[127.0321,37.7277],[127.03201,37.7277]]]}},{"type":"Feature","properties":{"valleyId":"angol","layer":"shadow","date":"2026-08-01","timeLocal":"17:00"},"geometry":{"type":"Polygon","coordinates":[[[127.0196,37.72747],[127.01956,37.72729],[127.01967,37.72727],[127.01972,37.72742],[127.01967,37.72747],[127.0196,37.72747]]]}},{"type":"Feature","properties":{"valleyId":"angol","layer":"shadow","date":"2026-08-01","timeLocal":"17:00"},"geometry":{"type":"Polygon","coordinates":[[[127.03473,37.72758],[127.03474,37.72753],[127.0348,37.72753],[127.0348,37.72758],[127.03473,37.72758]]]}},{"type":"Feature","properties":{"valleyId":"angol","layer":"shadow","date":"2026-08-01","timeLocal":"17:00"},"geometry":{"type":"Polygon","coordinates":[[[127.03156,37.72767],[127.03153,37.72763],[127.03147,37.72763],[127.03142,37.7276],[127.0314,37.72749],[127.03136,37.72747],[127.03136,37.72738],[127.03149,37.7274],[127.03153,37.72758],[127.03163,37.7276],[127.03162,37.72767],[127.03156,37.72767]]]}},{"type":"Feature","properties":{"valleyId":"angol","layer":"shadow","date":"2026-08-01","timeLocal":"17:00"},"geometry":{"type":"Polygon","coordinates":[[[127.02605,37.72733],[127.02605,37.72727],[127.02612,37.72727],[127.02612,37.72733],[127.02605,37.72733]]]}},{"type":"Feature","properties":{"valleyId":"angol","layer":"shadow","date":"2026-08-01","timeLocal":"17:00"},"geometry":{"type":"Polygon","coordinates":[[[127.02462,37.72734],[127.02462,37.72723],[127.02469,37.72723],[127.02471,37.72732],[127.02462,37.72734]]]}},{"type":"Feature","properties":{"valleyId":"angol","layer":"shadow","date":"2026-08-01","timeLocal":"17:00"},"geometry":{"type":"Polygon","coordinates":[[[127.02689,37.72732],[127.02691,37.72723],[127.02701,37.72723],[127.027,37.72729],[127.02696,37.72729],[127.02696,37.72732],[127.02689,37.72732]]]}},{"type":"Feature","properties":{"valleyId":"angol","layer":"shadow","date":"2026-08-01","timeLocal":"17:00"},"geometry":{"type":"Polygon","coordinates":[[[127.02594,37.72729],[127.02594,37.72723],[127.02603,37.72722],[127.02603,37.72729],[127.02594,37.72729]]]}},{"type":"Feature","properties":{"valleyId":"angol","layer":"shadow","date":"2026-08-01","timeLocal":"17:00"},"geometry":{"type":"Polygon","coordinates":[[[127.0339,37.72742],[127.0339,37.72735],[127.03397,37.72735],[127.03397,37.72742],[127.0339,37.72742]]]}},{"type":"Feature","properties":{"valleyId":"angol","layer":"shadow","date":"2026-08-01","timeLocal":"17:00"},"geometry":{"type":"Polygon","coordinates":[[[127.03222,37.72747],[127.03222,37.72741],[127.03231,37.72732],[127.03236,37.72732],[127.03238,37.72729],[127.0325,37.72729],[127.03245,37.7274],[127.03229,37.72747],[127.03222,37.72747]]]}},{"type":"Feature","properties":{"valleyId":"angol","layer":"shadow","date":"2026-08-01","timeLocal":"17:00"},"geometry":{"type":"Polygon","coordinates":[[[127.03184,37.72733],[127.03184,37.72728],[127.03193,37.72728],[127.03193,37.72733],[127.03184,37.72733]]]}},{"type":"Feature","properties":{"valleyId":"angol","layer":"shadow","date":"2026-08-01","timeLocal":"17:00"},"geometry":{"type":"Polygon","coordinates":[[[127.01879,37.72724],[127.01877,37.72708],[127.01886,37.72703],[127.01893,37.72703],[127.01893,37.72713],[127.01886,37.72724],[127.01879,37.72724]]]}},{"type":"Feature","properties":{"valleyId":"angol","layer":"shadow","date":"2026-08-01","timeLocal":"17:00"},"geometry":{"type":"Polygon","coordinates":[[[127.0271,37.72724],[127.0271,37.72715],[127.02717,37.72715],[127.02716,37.72724],[127.0271,37.72724]]]}},{"type":"Feature","properties":{"valleyId":"angol","layer":"shadow","date":"2026-08-01","timeLocal":"17:00"},"geometry":{"type":"Polygon","coordinates":[[[127.03603,37.72738],[127.03604,37.72729],[127.03619,37.72732],[127.03619,37.72737],[127.03603,37.72738]]]}},{"type":"Feature","properties":{"valleyId":"angol","layer":"shadow","date":"2026-08-01","timeLocal":"17:00"},"geometry":{"type":"Polygon","coordinates":[[[127.02127,37.72703],[127.02127,37.72698],[127.02134,37.72698],[127.02134,37.72703],[127.02127,37.72703]]]}},{"type":"Feature","properties":{"valleyId":"angol","layer":"shadow","date":"2026-08-01","timeLocal":"17:00"},"geometry":{"type":"Polygon","coordinates":[[[127.01966,37.72709],[127.01966,37.72704],[127.01959,37.727],[127.01959,37.72693],[127.01971,37.72693],[127.01975,37.72697],[127.01972,37.72709],[127.01966,37.72709]]]}},{"type":"Feature","properties":{"valleyId":"angol","layer":"shadow","date":"2026-08-01","timeLocal":"17:00"},"geometry":{"type":"Polygon","coordinates":[[[127.02614,37.72724],[127.02615,37.72709],[127.0261,37.72709],[127.0261,37.72704],[127.02624,37.72706],[127.02624,37.72709],[127.02628,37.7271],[127.02628,37.72715],[127.02633,37.72715],[127.02633,37.72722],[127.02614,37.72724]]]}},{"type":"Feature","properties":{"valleyId":"angol","layer":"shadow","date":"2026-08-01","timeLocal":"17:00"},"geometry":{"type":"Polygon","coordinates":[[[127.03356,37.72727],[127.03361,37.72716],[127.0337,37.72715],[127.03372,37.72722],[127.03368,37.72722],[127.03368,37.72727],[127.03356,37.72727]]]}},{"type":"Feature","properties":{"valleyId":"angol","layer":"shadow","date":"2026-08-01","timeLocal":"17:00"},"geometry":{"type":"Polygon","coordinates":[[[127.03406,37.72728],[127.03405,37.72703],[127.03409,37.72697],[127.03416,37.72697],[127.03413,37.72714],[127.03418,37.72717],[127.03418,37.72725],[127.03415,37.72728],[127.03406,37.72728]]]}},{"type":"Feature","properties":{"valleyId":"angol","layer":"shadow","date":"2026-08-01","timeLocal":"17:00"},"geometry":{"type":"Polygon","coordinates":[[[127.02521,37.72728],[127.02519,37.72706],[127.0251,37.72706],[127.02508,37.72711],[127.02499,37.72711],[127.02499,37.72722],[127.02492,37.72722],[127.02487,37.72718],[127.0249,37.727],[127.02497,37.727],[127.02497,37.72695],[127.02486,37.72695],[127.02486,37.72686],[127.025,37.72684],[127.02502,37.72689],[127.02518,37.72693],[127.02534,37.72676],[127.02554,37.72676],[127.02556,37.72683],[127.02547,37.7269],[127.02529,37.72693],[127.02529,37.72699],[127.0254,37.72699],[127.02551,37.72705],[127.0256,37.72705],[127.02565,37.72708],[127.02565,37.72714],[127.0256,37.72714],[127.0256,37.72725],[127.02555,37.72728],[127.02521,37.72728]]]}},{"type":"Feature","properties":{"valleyId":"angol","layer":"shadow","date":"2026-08-01","timeLocal":"17:00"},"geometry":{"type":"Polygon","coordinates":[[[127.03484,37.72717],[127.03486,37.72704],[127.03493,37.72704],[127.03493,37.7269],[127.03516,37.72687],[127.03516,37.72697],[127.03495,37.72704],[127.03493,37.72717],[127.03484,37.72717]]]}},{"type":"Feature","properties":{"valleyId":"angol","layer":"shadow","date":"2026-08-01","timeLocal":"17:00"},"geometry":{"type":"Polygon","coordinates":[[[127.01781,37.72665],[127.01779,37.72659],[127.01772,37.72659],[127.01772,37.72654],[127.01781,37.72654],[127.01781,37.72657],[127.0179,37.72659],[127.0179,37.72665],[127.01781,37.72665]]]}},{"type":"Feature","properties":{"valleyId":"angol","layer":"shadow","date":"2026-08-01","timeLocal":"17:00"},"geometry":{"type":"Polygon","coordinates":[[[127.0274,37.72679],[127.02734,37.72675],[127.02734,37.7267],[127.02743,37.7267],[127.0275,37.72674],[127.02749,37.72679],[127.0274,37.72679]]]}},{"type":"Feature","properties":{"valleyId":"angol","layer":"shadow","date":"2026-08-01","timeLocal":"17:00"},"geometry":{"type":"Polygon","coordinates":[[[127.03003,37.72683],[127.03004,37.72678],[127.03013,37.72675],[127.03013,37.72669],[127.0302,37.72669],[127.03017,37.72684],[127.03003,37.72683]]]}},{"type":"Feature","properties":{"valleyId":"angol","layer":"shadow","date":"2026-08-01","timeLocal":"17:00"},"geometry":{"type":"Polygon","coordinates":[[[127.02786,37.72669],[127.02786,37.72664],[127.02793,37.72664],[127.02793,37.72669],[127.02786,37.72669]]]}},{"type":"Feature","properties":{"valleyId":"angol","layer":"shadow","date":"2026-08-01","timeLocal":"17:00"},"geometry":{"type":"Polygon","coordinates":[[[127.0267,37.72671],[127.0267,37.7266],[127.02677,37.7266],[127.02677,37.72671],[127.0267,37.72671]]]}},{"type":"Feature","properties":{"valleyId":"angol","layer":"shadow","date":"2026-08-01","timeLocal":"17:00"},"geometry":{"type":"Polygon","coordinates":[[[127.0184,37.72664],[127.01829,37.72656],[127.0182,37.72656],[127.0182,37.72644],[127.01827,37.72644],[127.01829,37.72647],[127.01849,37.7265],[127.01854,37.72661],[127.01849,37.72664],[127.0184,37.72664]]]}},{"type":"Feature","properties":{"valleyId":"angol","layer":"shadow","date":"2026-08-01","timeLocal":"17:00"},"geometry":{"type":"Polygon","coordinates":[[[127.03618,37.72679],[127.03619,37.72674],[127.03628,37.72674],[127.03628,37.72679],[127.03618,37.72679]]]}},{"type":"Feature","properties":{"valleyId":"angol","layer":"shadow","date":"2026-08-01","timeLocal":"17:00"},"geometry":{"type":"Polygon","coordinates":[[[127.02789,37.72658],[127.02789,37.72653],[127.02795,37.72653],[127.02795,37.72658],[127.02789,37.72658]]]}},{"type":"Feature","properties":{"valleyId":"angol","layer":"shadow","date":"2026-08-01","timeLocal":"17:00"},"geometry":{"type":"Polygon","coordinates":[[[127.03571,37.72673],[127.03571,37.72662],[127.03578,37.72662],[127.0358,37.72671],[127.03571,37.72673]]]}},{"type":"Feature","properties":{"valleyId":"angol","layer":"shadow","date":"2026-08-01","timeLocal":"17:00"},"geometry":{"type":"Polygon","coordinates":[[[127.02162,37.72648],[127.02158,37.72644],[127.02158,37.72639],[127.02169,37.72641],[127.02169,37.72648],[127.02162,37.72648]]]}},{"type":"Feature","properties":{"valleyId":"angol","layer":"shadow","date":"2026-08-01","timeLocal":"17:00"},"geometry":{"type":"Polygon","coordinates":[[[127.03317,37.72674],[127.03312,37.72671],[127.03313,37.72656],[127.0332,37.72656],[127.03326,37.72662],[127.03326,37.72674],[127.03317,37.72674]]]}},{"type":"Feature","properties":{"valleyId":"angol","layer":"shadow","date":"2026-08-01","timeLocal":"17:00"},"geometry":{"type":"Polygon","coordinates":[[[127.03412,37.72694],[127.03412,37.72685],[127.03403,37.72668],[127.03403,37.72658],[127.0341,37.72658],[127.03414,37.72678],[127.03419,37.72681],[127.03418,37.72694],[127.03412,37.72694]]]}},{"type":"Feature","properties":{"valleyId":"angol","layer":"shadow","date":"2026-08-01","timeLocal":"17:00"},"geometry":{"type":"Polygon","coordinates":[[[127.03632,37.72665],[127.03633,37.72656],[127.03646,37.72658],[127.03646,37.72665],[127.03632,37.72665]]]}},{"type":"Feature","properties":{"valleyId":"angol","layer":"shadow","date":"2026-08-01","timeLocal":"17:00"},"geometry":{"type":"Polygon","coordinates":[[[127.02575,37.7268],[127.02577,37.72665],[127.02584,37.72662],[127.02584,37.72655],[127.02571,37.72646],[127.02571,37.72638],[127.02574,37.72631],[127.0258,37.72631],[127.0258,37.72637],[127.02585,37.72639],[127.02585,37.72649],[127.02591,37.72649],[127.02593,37.72657],[127.02602,37.72657],[127.02602,37.72671],[127.02597,37.72678],[127.02575,37.7268]]]}},{"type":"Feature","properties":{"valleyId":"angol","layer":"shadow","date":"2026-08-01","timeLocal":"17:00"},"geometry":{"type":"Polygon","coordinates":[[[127.01929,37.72714],[127.0193,37.72703],[127.01928,37.72694],[127.01923,37.72692],[127.01923,37.72685],[127.01939,37.72682],[127.01942,37.7266],[127.01935,37.72658],[127.01936,37.72649],[127.01929,37.72647],[127.01929,37.72642],[127.01933,37.72642],[127.01938,37.72633],[127.01961,37.72619],[127.01961,37.72614],[127.0197,37.72614],[127.01974,37.72636],[127.01956,37.72639],[127.01958,37.7265],[127.01967,37.72652],[127.01967,37.72661],[127.01962,37.72661],[127.01962,37.72675],[127.01957,37.72682],[127.01953,37.72682],[127.01953,37.72689],[127.01948,37.72689],[127.01948,37.72695],[127.01937,37.72694],[127.01936,37.72703],[127.01943,37.72703],[127.01943,37.72696],[127.0195,37.72696],[127.0195,37.72705],[127.01943,37.72705],[127.01943,37.72714],[127.01929,37.72714]]]}},{"type":"Feature","properties":{"valleyId":"angol","layer":"shadow","date":"2026-08-01","timeLocal":"17:00"},"geometry":{"type":"Polygon","coordinates":[[[127.03576,37.72659],[127.03579,37.72639],[127.03592,37.72641],[127.03592,37.72648],[127.03585,37.72652],[127.03585,37.72657],[127.03576,37.72659]]]}},{"type":"Feature","properties":{"valleyId":"angol","layer":"shadow","date":"2026-08-01","timeLocal":"17:00"},"geometry":{"type":"Polygon","coordinates":[[[127.02549,37.72629],[127.02549,37.72624],[127.02558,37.72622],[127.02558,37.72629],[127.02549,37.72629]]]}},{"type":"Feature","properties":{"valleyId":"angol","layer":"shadow","date":"2026-08-01","timeLocal":"17:00"},"geometry":{"type":"Polygon","coordinates":[[[127.03515,37.72645],[127.03513,37.72638],[127.03522,37.72638],[127.03522,37.72645],[127.03515,37.72645]]]}},{"type":"Feature","properties":{"valleyId":"angol","layer":"shadow","date":"2026-08-01","timeLocal":"17:00"},"geometry":{"type":"Polygon","coordinates":[[[127.03563,37.72633],[127.03563,37.72626],[127.03574,37.72628],[127.03574,37.72633],[127.03563,37.72633]]]}},{"type":"Feature","properties":{"valleyId":"angol","layer":"shadow","date":"2026-08-01","timeLocal":"17:00"},"geometry":{"type":"Polygon","coordinates":[[[127.01786,37.72652],[127.01788,37.7264],[127.01782,37.72634],[127.01782,37.72627],[127.01793,37.72623],[127.01793,37.72616],[127.018,37.72616],[127.018,37.72633],[127.01807,37.72633],[127.01809,37.72627],[127.0182,37.72628],[127.01821,37.72622],[127.01807,37.72622],[127.01807,37.72613],[127.01819,37.72611],[127.01828,37.72602],[127.01842,37.72601],[127.01844,37.72595],[127.01855,37.72596],[127.01853,37.72605],[127.01835,37.72606],[127.0183,37.72608],[127.0183,37.72613],[127.01843,37.72617],[127.01843,37.72624],[127.01864,37.72625],[127.01868,37.72632],[127.01879,37.72634],[127.01879,37.72639],[127.0187,37.72639],[127.01868,37.72645],[127.01861,37.72644],[127.01861,37.72637],[127.01857,37.72632],[127.01827,37.72633],[127.0182,37.72638],[127.01813,37.72638],[127.01811,37.72644],[127.01802,37.72643],[127.01795,37.72652],[127.01786,37.72652]]]}},{"type":"Feature","properties":{"valleyId":"angol","layer":"shadow","date":"2026-08-01","timeLocal":"17:00"},"geometry":{"type":"Polygon","coordinates":[[[127.0178,37.72614],[127.01775,37.72611],[127.01774,37.72592],[127.01789,37.72595],[127.0179,37.72591],[127.01796,37.72591],[127.01796,37.72596],[127.01792,37.72596],[127.01793,37.72614],[127.0178,37.72614]]]}},{"type":"Feature","properties":{"valleyId":"angol","layer":"shadow","date":"2026-08-01","timeLocal":"17:00"},"geometry":{"type":"Polygon","coordinates":[[[127.03579,37.72625],[127.03579,37.72617],[127.03586,37.72617],[127.03588,37.72625],[127.03579,37.72625]]]}},{"type":"Feature","properties":{"valleyId":"angol","layer":"shadow","date":"2026-08-01","timeLocal":"17:00"},"geometry":{"type":"Polygon","coordinates":[[[127.03538,37.7262],[127.03532,37.72618],[127.03532,37.72613],[127.03545,37.72615],[127.03545,37.7262],[127.03538,37.7262]]]}},{"type":"Feature","properties":{"valleyId":"angol","layer":"shadow","date":"2026-08-01","timeLocal":"17:00"},"geometry":{"type":"Polygon","coordinates":[[[127.03511,37.72607],[127.03512,37.72602],[127.03518,37.72602],[127.03518,37.72607],[127.03511,37.72607]]]}},{"type":"Feature","properties":{"valleyId":"angol","layer":"shadow","date":"2026-08-01","timeLocal":"17:00"},"geometry":{"type":"Polygon","coordinates":[[[127.01934,37.72602],[127.0193,37.72595],[127.0193,37.72583],[127.01926,37.72581],[127.01931,37.7257],[127.0194,37.7257],[127.0194,37.72579],[127.01944,37.72579],[127.01949,37.72585],[127.01944,37.72603],[127.01934,37.72602]]]}},{"type":"Feature","properties":{"valleyId":"angol","layer":"shadow","date":"2026-08-01","timeLocal":"17:00"},"geometry":{"type":"Polygon","coordinates":[[[127.03655,37.72595],[127.03646,37.72581],[127.03646,37.72568],[127.03642,37.72566],[127.03644,37.72559],[127.03651,37.72559],[127.03655,37.72579],[127.03666,37.72588],[127.03664,37.72595],[127.03655,37.72595]]]}},{"type":"Feature","properties":{"valleyId":"angol","layer":"shadow","date":"2026-08-01","timeLocal":"17:00"},"geometry":{"type":"Polygon","coordinates":[[[127.01554,37.72508],[127.01554,37.72504],[127.0154,37.72506],[127.01536,37.725],[127.01536,37.72489],[127.01543,37.72484],[127.01554,37.72484],[127.01554,37.72493],[127.01563,37.72499],[127.0156,37.72508],[127.01554,37.72508]]]}},{"type":"Feature","properties":{"valleyId":"angol","layer":"shadow","date":"2026-08-01","timeLocal":"17:00"},"geometry":{"type":"Polygon","coordinates":[[[127.01518,37.72478],[127.01518,37.72475],[127.01514,37.72473],[127.01514,37.72466],[127.01516,37.72458],[127.01523,37.72458],[127.01528,37.72462],[127.01527,37.72468],[127.01532,37.72469],[127.01532,37.72475],[127.01527,37.72475],[127.01527,37.72478],[127.01518,37.72478]]]}},{"type":"Feature","properties":{"valleyId":"angol","layer":"shadow","date":"2026-08-01","timeLocal":"17:00"},"geometry":{"type":"Polygon","coordinates":[[[127.01603,37.72454],[127.01591,37.72452],[127.01587,37.72449],[127.01578,37.72449],[127.01576,37.72441],[127.01564,37.72438],[127.01565,37.72423],[127.01572,37.72421],[127.01572,37.72418],[127.01581,37.72413],[127.01581,37.72409],[127.01588,37.72404],[127.01588,37.72398],[127.01584,37.72395],[127.01586,37.72387],[127.01593,37.72388],[127.01597,37.72395],[127.01599,37.72413],[127.0159,37.72415],[127.01588,37.72424],[127.01578,37.72427],[127.0158,37.72438],[127.01587,37.72438],[127.01587,37.72431],[127.01601,37.72431],[127.01599,37.7242],[127.01613,37.72422],[127.01612,37.72431],[127.01619,37.72433],[127.01619,37.72453],[127.01603,37.72454]]]}},{"type":"Feature","properties":{"valleyId":"angol","layer":"shadow","date":"2026-08-01","timeLocal":"17:00"},"geometry":{"type":"Polygon","coordinates":[[[127.01523,37.72392],[127.01518,37.72377],[127.01532,37.72376],[127.01534,37.7239],[127.01523,37.72392]]]}},{"type":"Feature","properties":{"valleyId":"angol","layer":"shadow","date":"2026-08-01","timeLocal":"17:00"},"geometry":{"type":"Polygon","coordinates":[[[127.01489,37.72375],[127.01492,37.72362],[127.01498,37.72363],[127.01499,37.72355],[127.01503,37.72352],[127.01519,37.72352],[127.01519,37.72357],[127.01508,37.72357],[127.01507,37.72366],[127.01501,37.72368],[127.015,37.72373],[127.01489,37.72375]]]}},{"type":"Feature","properties":{"valleyId":"angol","layer":"shadow","date":"2026-08-01","timeLocal":"17:00"},"geometry":{"type":"Polygon","coordinates":[[[127.01698,37.72384],[127.01689,37.72377],[127.01689,37.72371],[127.01678,37.72367],[127.01676,37.72353],[127.01685,37.72355],[127.01691,37.72371],[127.01702,37.72371],[127.01704,37.72384],[127.01698,37.72384]]]}},{"type":"Feature","properties":{"valleyId":"angol","layer":"shadow","date":"2026-08-01","timeLocal":"17:00"},"geometry":{"type":"Polygon","coordinates":[[[127.01991,37.72364],[127.01991,37.72358],[127.01998,37.72358],[127.01998,37.72364],[127.01991,37.72364]]]}},{"type":"Feature","properties":{"valleyId":"angol","layer":"shadow","date":"2026-08-01","timeLocal":"17:00"},"geometry":{"type":"Polygon","coordinates":[[[127.01517,37.7235],[127.01517,37.72343],[127.01528,37.72345],[127.01528,37.7235],[127.01517,37.7235]]]}},{"type":"Feature","properties":{"valleyId":"angol","layer":"shadow","date":"2026-08-01","timeLocal":"17:00"},"geometry":{"type":"Polygon","coordinates":[[[127.01553,37.72376],[127.01553,37.72358],[127.01544,37.72351],[127.01547,37.72342],[127.01558,37.72342],[127.01567,37.72347],[127.01559,37.72376],[127.01553,37.72376]]]}},{"type":"Feature","properties":{"valleyId":"angol","layer":"shadow","date":"2026-08-01","timeLocal":"17:00"},"geometry":{"type":"Polygon","coordinates":[[[127.01588,37.72337],[127.01588,37.72332],[127.01595,37.72332],[127.01594,37.72337],[127.01588,37.72337]]]}},{"type":"Feature","properties":{"valleyId":"angol","layer":"shadow","date":"2026-08-01","timeLocal":"17:00"},"geometry":{"type":"Polygon","coordinates":[[[127.01486,37.72238],[127.01486,37.72233],[127.01493,37.72233],[127.01493,37.72238],[127.01486,37.72238]]]}},{"type":"Feature","properties":{"valleyId":"angol","layer":"shadow","date":"2026-08-01","timeLocal":"17:00"},"geometry":{"type":"Polygon","coordinates":[[[127.01454,37.72223],[127.01455,37.72218],[127.01461,37.72218],[127.01461,37.72223],[127.01454,37.72223]]]}},{"type":"Feature","properties":{"valleyId":"angol","layer":"shadow","date":"2026-08-01","timeLocal":"17:00"},"geometry":{"type":"Polygon","coordinates":[[[127.01397,37.72343],[127.01395,37.72332],[127.01388,37.7233],[127.01388,37.72326],[127.01375,37.72314],[127.01371,37.72306],[127.01371,37.72294],[127.01362,37.72292],[127.01353,37.72272],[127.01347,37.72246],[127.0135,37.7223],[127.01345,37.72227],[127.01351,37.72183],[127.01394,37.72182],[127.01394,37.72188],[127.0139,37.72189],[127.01389,37.72206],[127.01396,37.72206],[127.01396,37.72209],[127.014,37.72211],[127.01423,37.72212],[127.01423,37.72221],[127.01416,37.72221],[127.01414,37.72228],[127.01447,37.7223],[127.01447,37.72237],[127.01452,37.72237],[127.01452,37.72245],[127.01438,37.72244],[127.01431,37.72251],[127.01417,37.72249],[127.01418,37.72235],[127.014,37.72237],[127.014,37.7224],[127.01395,37.72242],[127.01395,37.72249],[127.01388,37.72254],[127.01383,37.72254],[127.01383,37.72263],[127.0139,37.72267],[127.01392,37.72272],[127.01399,37.72273],[127.01401,37.72269],[127.01415,37.72267],[127.01419,37.72264],[127.01433,37.72264],[127.01437,37.72266],[127.01437,37.72271],[127.01449,37.72273],[127.01448,37.72281],[127.01453,37.72281],[127.01455,37.72286],[127.01462,37.72286],[127.01464,37.72281],[127.01482,37.72281],[127.01482,37.72288],[127.01473,37.72288],[127.01471,37.72297],[127.01461,37.72301],[127.01465,37.72322],[127.01459,37.72322],[127.01459,37.72326],[127.01445,37.72326],[127.01431,37.72324],[127.01431,37.7232],[127.01422,37.7232],[127.01418,37.72322],[127.01418,37.72331],[127.01411,37.72334],[127.01411,37.72339],[127.01406,37.72343],[127.01397,37.72343]],[[127.01445,37.72308],[127.01452,37.72308],[127.01452,37.723],[127.01446,37.723],[127.01445,37.72308]]]}},{"type":"Feature","properties":{"valleyId":"angol","layer":"shadow","date":"2026-08-01","timeLocal":"17:00"},"geometry":{"type":"Polygon","coordinates":[[[127.01483,37.72169],[127.01474,37.72164],[127.01474,37.72155],[127.01481,37.72155],[127.01483,37.72159],[127.01492,37.72161],[127.01494,37.7217],[127.01483,37.72169]]]}},{"type":"Feature","properties":{"valleyId":"angol","layer":"shadow","date":"2026-08-01","timeLocal":"17:00"},"geometry":{"type":"Polygon","coordinates":[[[127.01377,37.72155],[127.01375,37.72148],[127.01388,37.72148],[127.01386,37.72155],[127.01377,37.72155]]]}},{"type":"Feature","properties":{"valleyId":"angol","layer":"shadow","date":"2026-08-01","timeLocal":"17:00"},"geometry":{"type":"Polygon","coordinates":[[[127.01435,37.72113],[127.01435,37.72106],[127.01442,37.72106],[127.01442,37.72113],[127.01435,37.72113]]]}},{"type":"Feature","properties":{"valleyId":"angol","layer":"shadow","date":"2026-08-01","timeLocal":"17:00"},"geometry":{"type":"Polygon","coordinates":[[[127.02642,37.72124],[127.02642,37.72119],[127.02651,37.72119],[127.02651,37.72124],[127.02642,37.72124]]]}},{"type":"Feature","properties":{"valleyId":"angol","layer":"shadow","date":"2026-08-01","timeLocal":"17:00"},"geometry":{"type":"Polygon","coordinates":[[[127.02964,37.72128],[127.02964,37.72122],[127.02971,37.72122],[127.0297,37.72128],[127.02964,37.72128]]]}},{"type":"Feature","properties":{"valleyId":"angol","layer":"shadow","date":"2026-08-01","timeLocal":"17:00"},"geometry":{"type":"Polygon","coordinates":[[[127.02726,37.72122],[127.02726,37.72115],[127.02733,37.72115],[127.02735,37.72122],[127.02726,37.72122]]]}},{"type":"Feature","properties":{"valleyId":"angol","layer":"shadow","date":"2026-08-01","timeLocal":"17:00"},"geometry":{"type":"Polygon","coordinates":[[[127.01426,37.72104],[127.01419,37.721],[127.01422,37.72089],[127.01435,37.72091],[127.01433,37.72104],[127.01426,37.72104]]]}},{"type":"Feature","properties":{"valleyId":"angol","layer":"shadow","date":"2026-08-01","timeLocal":"17:00"},"geometry":{"type":"Polygon","coordinates":[[[127.02646,37.7211],[127.02647,37.72102],[127.02653,37.72103],[127.02653,37.7211],[127.02646,37.7211]]]}},{"type":"Feature","properties":{"valleyId":"angol","layer":"shadow","date":"2026-08-01","timeLocal":"17:00"},"geometry":{"type":"Polygon","coordinates":[[[127.02794,37.7211],[127.02799,37.721],[127.02808,37.721],[127.02808,37.72111],[127.02794,37.7211]]]}},{"type":"Feature","properties":{"valleyId":"angol","layer":"shadow","date":"2026-08-01","timeLocal":"17:00"},"geometry":{"type":"Polygon","coordinates":[[[127.0291,37.72107],[127.0291,37.72101],[127.02917,37.72102],[127.02917,37.72107],[127.0291,37.72107]]]}},{"type":"Feature","properties":{"valleyId":"angol","layer":"shadow","date":"2026-08-01","timeLocal":"17:00"},"geometry":{"type":"Polygon","coordinates":[[[127.02894,37.72105],[127.02894,37.72099],[127.02908,37.72096],[127.02908,37.72101],[127.02894,37.72105]]]}},{"type":"Feature","properties":{"valleyId":"angol","layer":"shadow","date":"2026-08-01","timeLocal":"17:00"},"geometry":{"type":"Polygon","coordinates":[[[127.02726,37.72102],[127.02724,37.72093],[127.02731,37.72093],[127.02733,37.72102],[127.02726,37.72102]]]}},{"type":"Feature","properties":{"valleyId":"angol","layer":"shadow","date":"2026-08-01","timeLocal":"17:00"},"geometry":{"type":"Polygon","coordinates":[[[127.0267,37.72096],[127.0267,37.7209],[127.02683,37.72089],[127.02681,37.72096],[127.0267,37.72096]]]}},{"type":"Feature","properties":{"valleyId":"angol","layer":"shadow","date":"2026-08-01","timeLocal":"17:00"},"geometry":{"type":"Polygon","coordinates":[[[127.02774,37.72088],[127.02774,37.72083],[127.02781,37.72083],[127.02781,37.72088],[127.02774,37.72088]]]}},{"type":"Feature","properties":{"valleyId":"angol","layer":"shadow","date":"2026-08-01","timeLocal":"17:00"},"geometry":{"type":"Polygon","coordinates":[[[127.02881,37.72078],[127.02881,37.7207],[127.02888,37.7207],[127.02888,37.72078],[127.02881,37.72078]]]}},{"type":"Feature","properties":{"valleyId":"angol","layer":"shadow","date":"2026-08-01","timeLocal":"17:00"},"geometry":{"type":"Polygon","coordinates":[[[127.03008,37.72076],[127.03008,37.72069],[127.03015,37.72069],[127.03015,37.72076],[127.03008,37.72076]]]}},{"type":"Feature","properties":{"valleyId":"angol","layer":"shadow","date":"2026-08-01","timeLocal":"17:00"},"geometry":{"type":"Polygon","coordinates":[[[127.0272,37.72062],[127.02718,37.72053],[127.02727,37.72053],[127.02727,37.72062],[127.0272,37.72062]]]}},{"type":"Feature","properties":{"valleyId":"angol","layer":"shadow","date":"2026-08-01","timeLocal":"17:00"},"geometry":{"type":"Polygon","coordinates":[[[127.0268,37.72053],[127.0268,37.72047],[127.02687,37.72047],[127.02687,37.72053],[127.0268,37.72053]]]}},{"type":"Feature","properties":{"valleyId":"angol","layer":"shadow","date":"2026-08-01","timeLocal":"17:00"},"geometry":{"type":"Polygon","coordinates":[[[127.02598,37.72048],[127.02598,37.72042],[127.02605,37.72042],[127.02605,37.72048],[127.02598,37.72048]]]}},{"type":"Feature","properties":{"valleyId":"angol","layer":"shadow","date":"2026-08-01","timeLocal":"17:00"},"geometry":{"type":"Polygon","coordinates":[[[127.03005,37.7202],[127.03003,37.72007],[127.03012,37.72008],[127.03026,37.72013],[127.03026,37.7202],[127.03005,37.7202]]]}},{"type":"Feature","properties":{"valleyId":"angol","layer":"shadow","date":"2026-08-01","timeLocal":"17:00"},"geometry":{"type":"Polygon","coordinates":[[[127.02962,37.72009],[127.02962,37.72003],[127.02972,37.72003],[127.02971,37.72009],[127.02962,37.72009]]]}},{"type":"Feature","properties":{"valleyId":"angol","layer":"shadow","date":"2026-08-01","timeLocal":"17:00"},"geometry":{"type":"Polygon","coordinates":[[[127.02655,37.72043],[127.02658,37.72031],[127.02665,37.72027],[127.02665,37.72013],[127.02649,37.72007],[127.02649,37.71998],[127.02661,37.71996],[127.02661,37.72004],[127.02667,37.72005],[127.02667,37.72013],[127.02679,37.72013],[127.02679,37.72007],[127.02686,37.72008],[127.02685,37.72015],[127.02681,37.72015],[127.02683,37.72029],[127.02678,37.72029],[127.02676,37.72033],[127.02667,37.72033],[127.02664,37.72043],[127.02655,37.72043]]]}},{"type":"Feature","properties":{"valleyId":"angol","layer":"shadow","date":"2026-08-01","timeLocal":"17:00"},"geometry":{"type":"Polygon","coordinates":[[[127.02588,37.71997],[127.02588,37.71992],[127.02595,37.71992],[127.02595,37.71988],[127.02604,37.71988],[127.02604,37.71994],[127.02597,37.71993],[127.02597,37.71997],[127.02588,37.71997]]]}},{"type":"Feature","properties":{"valleyId":"angol","layer":"shadow","date":"2026-08-01","timeLocal":"17:00"},"geometry":{"type":"Polygon","coordinates":[[[127.02996,37.72007],[127.02992,37.72006],[127.02995,37.71991],[127.03001,37.71991],[127.03003,37.72007],[127.02996,37.72007]]]}},{"type":"Feature","properties":{"valleyId":"angol","layer":"shadow","date":"2026-08-01","timeLocal":"17:00"},"geometry":{"type":"Polygon","coordinates":[[[127.02607,37.71988],[127.02607,37.71979],[127.02614,37.71979],[127.02613,37.71988],[127.02607,37.71988]]]}},{"type":"Feature","properties":{"valleyId":"angol","layer":"shadow","date":"2026-08-01","timeLocal":"17:00"},"geometry":{"type":"Polygon","coordinates":[[[127.02967,37.71996],[127.02968,37.71983],[127.02974,37.71984],[127.02974,37.71996],[127.02967,37.71996]]]}},{"type":"Feature","properties":{"valleyId":"angol","layer":"shadow","date":"2026-08-01","timeLocal":"17:00"},"geometry":{"type":"Polygon","coordinates":[[[127.02591,37.71977],[127.02591,37.71972],[127.02598,37.71972],[127.02598,37.71977],[127.02591,37.71977]]]}},{"type":"Feature","properties":{"valleyId":"angol","layer":"shadow","date":"2026-08-01","timeLocal":"17:00"},"geometry":{"type":"Polygon","coordinates":[[[127.02931,37.71981],[127.02931,37.71974],[127.02941,37.71974],[127.0294,37.71979],[127.02931,37.71981]]]}},{"type":"Feature","properties":{"valleyId":"angol","layer":"shadow","date":"2026-08-01","timeLocal":"17:00"},"geometry":{"type":"Polygon","coordinates":[[[127.0295,37.71974],[127.02945,37.71972],[127.02945,37.71963],[127.02957,37.71963],[127.02956,37.71974],[127.0295,37.71974]]]}},{"type":"Feature","properties":{"valleyId":"angol","layer":"shadow","date":"2026-08-01","timeLocal":"17:00"},"geometry":{"type":"Polygon","coordinates":[[[127.02871,37.71928],[127.02872,37.71922],[127.02878,37.71922],[127.02878,37.71928],[127.02871,37.71928]]]}},{"type":"Feature","properties":{"valleyId":"angol","layer":"shadow","date":"2026-08-01","timeLocal":"17:00"},"geometry":{"type":"Polygon","coordinates":[[[127.02872,37.71908],[127.02872,37.71888],[127.0287,37.71885],[127.02863,37.71884],[127.02864,37.71875],[127.02875,37.71876],[127.02879,37.71886],[127.02884,37.71888],[127.02881,37.71908],[127.02872,37.71908]]]}}]}
