{"type":"FeatureCollection","features":[{"type":"Feature","properties":{"valleyId":"baegun","layer":"cast","date":"2026-08-01","timeLocal":"17:00"},"geometry":{"type":"Polygon","coordinates":[[[127.41435,38.0953],[127.41435,38.09526],[127.41444,38.09526],[127.41444,38.0953],[127.41435,38.0953]]]}},{"type":"Feature","properties":{"valleyId":"baegun","layer":"cast","date":"2026-08-01","timeLocal":"17:00"},"geometry":{"type":"Polygon","coordinates":[[[127.4166,38.09533],[127.41661,38.09529],[127.41672,38.0953],[127.41672,38.09533],[127.4166,38.09533]]]}},{"type":"Feature","properties":{"valleyId":"baegun","layer":"cast","date":"2026-08-01","timeLocal":"17:00"},"geometry":{"type":"Polygon","coordinates":[[[127.42509,38.09544],[127.42509,38.09541],[127.42518,38.09541],[127.42518,38.09545],[127.42509,38.09544]]]}},{"type":"Feature","properties":{"valleyId":"baegun","layer":"cast","date":"2026-08-01","timeLocal":"17:00"},"geometry":{"type":"Polygon","coordinates":[[[127.41717,38.09534],[127.41718,38.09528],[127.41727,38.09528],[127.41727,38.09534],[127.41717,38.09534]]]}},{"type":"Feature","properties":{"valleyId":"baegun","layer":"cast","date":"2026-08-01","timeLocal":"17:00"},"geometry":{"type":"Polygon","coordinates":[[[127.42502,38.09541],[127.42502,38.09534],[127.42509,38.09534],[127.42509,38.09541],[127.42502,38.09541]]]}},{"type":"Feature","properties":{"valleyId":"baegun","layer":"cast","date":"2026-08-01","timeLocal":"17:00"},"geometry":{"type":"Polygon","coordinates":[[[127.43416,38.09557],[127.43419,38.09549],[127.43423,38.09549],[127.43428,38.09544],[127.43435,38.09544],[127.43432,38.09557],[127.43416,38.09557]]]}},{"type":"Feature","properties":{"valleyId":"baegun","layer":"cast","date":"2026-08-01","timeLocal":"17:00"},"geometry":{"type":"Polygon","coordinates":[[[127.4138,38.09529],[127.41378,38.0952],[127.41385,38.0952],[127.41385,38.09509],[127.41396,38.0951],[127.41396,38.09513],[127.41403,38.09519],[127.4141,38.09519],[127.41421,38.09526],[127.41421,38.0953],[127.4138,38.09529]]]}},{"type":"Feature","properties":{"valleyId":"baegun","layer":"cast","date":"2026-08-01","timeLocal":"17:00"},"geometry":{"type":"Polygon","coordinates":[[[127.41615,38.09525],[127.41615,38.0952],[127.41611,38.09518],[127.41611,38.09509],[127.4162,38.09507],[127.41624,38.09525],[127.41615,38.09525]]]}},{"type":"Feature","properties":{"valleyId":"baegun","layer":"cast","date":"2026-08-01","timeLocal":"17:00"},"geometry":{"type":"Polygon","coordinates":[[[127.41357,38.09529],[127.41357,38.09525],[127.41353,38.09523],[127.41353,38.09504],[127.4136,38.09504],[127.4136,38.09507],[127.41369,38.09513],[127.41369,38.0952],[127.41362,38.0952],[127.41362,38.09525],[127.41366,38.09525],[127.41366,38.09529],[127.41357,38.09529]]]}},{"type":"Feature","properties":{"valleyId":"baegun","layer":"cast","date":"2026-08-01","timeLocal":"17:00"},"geometry":{"type":"Polygon","coordinates":[[[127.41634,38.09511],[127.41634,38.09506],[127.41641,38.09506],[127.4164,38.09511],[127.41634,38.09511]]]}},{"type":"Feature","properties":{"valleyId":"baegun","layer":"cast","date":"2026-08-01","timeLocal":"17:00"},"geometry":{"type":"Polygon","coordinates":[[[127.42477,38.09544],[127.42477,38.0954],[127.42456,38.09537],[127.42454,38.09529],[127.4245,38.09527],[127.4245,38.09522],[127.42457,38.09522],[127.42461,38.09515],[127.4248,38.09513],[127.4248,38.09519],[127.42495,38.09521],[127.42495,38.09544],[127.42477,38.09544]]]}},{"type":"Feature","properties":{"valleyId":"baegun","layer":"cast","date":"2026-08-01","timeLocal":"17:00"},"geometry":{"type":"Polygon","coordinates":[[[127.42502,38.09525],[127.42502,38.09512],[127.42509,38.09512],[127.42509,38.09525],[127.42502,38.09525]]]}},{"type":"Feature","properties":{"valleyId":"baegun","layer":"cast","date":"2026-08-01","timeLocal":"17:00"},"geometry":{"type":"Polygon","coordinates":[[[127.41656,38.09508],[127.41657,38.09502],[127.41661,38.09502],[127.41661,38.09499],[127.41673,38.09499],[127.4167,38.09506],[127.41656,38.09508]]]}},{"type":"Feature","properties":{"valleyId":"baegun","layer":"cast","date":"2026-08-01","timeLocal":"17:00"},"geometry":{"type":"Polygon","coordinates":[[[127.42746,38.09548],[127.42748,38.09537],[127.42741,38.09537],[127.42742,38.09528],[127.42737,38.09528],[127.4274,38.09511],[127.42753,38.09513],[127.42753,38.09519],[127.42751,38.09522],[127.42746,38.09522],[127.42746,38.09528],[127.42755,38.09533],[127.42757,38.09548],[127.42746,38.09548]]]}},{"type":"Feature","properties":{"valleyId":"baegun","layer":"cast","date":"2026-08-01","timeLocal":"17:00"},"geometry":{"type":"Polygon","coordinates":[[[127.43341,38.0953],[127.43339,38.09519],[127.43349,38.09518],[127.43348,38.0953],[127.43341,38.0953]]]}},{"type":"Feature","properties":{"valleyId":"baegun","layer":"cast","date":"2026-08-01","timeLocal":"17:00"},"geometry":{"type":"Polygon","coordinates":[[[127.42568,38.09527],[127.42571,38.09516],[127.42564,38.09516],[127.42564,38.09507],[127.42573,38.095],[127.42592,38.09499],[127.42592,38.09504],[127.42582,38.09509],[127.42582,38.09527],[127.42568,38.09527]]]}},{"type":"Feature","properties":{"valleyId":"baegun","layer":"cast","date":"2026-08-01","timeLocal":"17:00"},"geometry":{"type":"Polygon","coordinates":[[[127.41445,38.09487],[127.41445,38.09481],[127.4145,38.09478],[127.41456,38.09478],[127.41456,38.09485],[127.41445,38.09487]]]}},{"type":"Feature","properties":{"valleyId":"baegun","layer":"cast","date":"2026-08-01","timeLocal":"17:00"},"geometry":{"type":"Polygon","coordinates":[[[127.43216,38.0952],[127.43216,38.09509],[127.43223,38.09507],[127.43226,38.095],[127.43233,38.095],[127.4323,38.09509],[127.43226,38.09509],[127.43223,38.0952],[127.43216,38.0952]]]}},{"type":"Feature","properties":{"valleyId":"baegun","layer":"cast","date":"2026-08-01","timeLocal":"17:00"},"geometry":{"type":"Polygon","coordinates":[[[127.43465,38.09509],[127.43465,38.09503],[127.43472,38.09503],[127.43472,38.09509],[127.43465,38.09509]]]}},{"type":"Feature","properties":{"valleyId":"baegun","layer":"cast","date":"2026-08-01","timeLocal":"17:00"},"geometry":{"type":"Polygon","coordinates":[[[127.41495,38.09479],[127.41495,38.09473],[127.41504,38.09473],[127.41504,38.09479],[127.41495,38.09479]]]}},{"type":"Feature","properties":{"valleyId":"baegun","layer":"cast","date":"2026-08-01","timeLocal":"17:00"},"geometry":{"type":"Polygon","coordinates":[[[127.41593,38.09482],[127.41584,38.0948],[127.41584,38.09473],[127.41589,38.09469],[127.41605,38.09469],[127.41607,38.0948],[127.41593,38.09482]]]}},{"type":"Feature","properties":{"valleyId":"baegun","layer":"cast","date":"2026-08-01","timeLocal":"17:00"},"geometry":{"type":"Polygon","coordinates":[[[127.41488,38.09473],[127.41489,38.09468],[127.41495,38.09468],[127.41495,38.09473],[127.41488,38.09473]]]}},{"type":"Feature","properties":{"valleyId":"baegun","layer":"cast","date":"2026-08-01","timeLocal":"17:00"},"geometry":{"type":"Polygon","coordinates":[[[127.41799,38.09472],[127.41799,38.09466],[127.41806,38.09466],[127.41805,38.09472],[127.41799,38.09472]]]}},{"type":"Feature","properties":{"valleyId":"baegun","layer":"cast","date":"2026-08-01","timeLocal":"17:00"},"geometry":{"type":"Polygon","coordinates":[[[127.41702,38.0949],[127.417,38.09481],[127.41694,38.09481],[127.41689,38.09478],[127.41682,38.09477],[127.4168,38.09481],[127.41655,38.09479],[127.41655,38.09473],[127.41666,38.09472],[127.41671,38.09463],[127.41687,38.09463],[127.41694,38.09469],[127.41703,38.09469],[127.41707,38.09472],[127.41709,38.0949],[127.41702,38.0949]]]}},{"type":"Feature","properties":{"valleyId":"baegun","layer":"cast","date":"2026-08-01","timeLocal":"17:00"},"geometry":{"type":"Polygon","coordinates":[[[127.43376,38.09493],[127.43377,38.09486],[127.43383,38.09486],[127.43386,38.09493],[127.43376,38.09493]]]}},{"type":"Feature","properties":{"valleyId":"baegun","layer":"cast","date":"2026-08-01","timeLocal":"17:00"},"geometry":{"type":"Polygon","coordinates":[[[127.42622,38.0947],[127.42622,38.09465],[127.42631,38.09465],[127.42631,38.0947],[127.42622,38.0947]]]}},{"type":"Feature","properties":{"valleyId":"baegun","layer":"cast","date":"2026-08-01","timeLocal":"17:00"},"geometry":{"type":"Polygon","coordinates":[[[127.43184,38.09553],[127.43173,38.09523],[127.43164,38.09517],[127.43164,38.09505],[127.43157,38.09503],[127.43153,38.09481],[127.43142,38.09477],[127.43142,38.09472],[127.43156,38.09476],[127.43176,38.09476],[127.43176,38.09487],[127.43192,38.09492],[127.43191,38.09514],[127.43196,38.09518],[127.43216,38.0952],[127.43218,38.09536],[127.43225,38.09541],[127.43222,38.0955],[127.43218,38.0955],[127.43218,38.09554],[127.43184,38.09553]]]}},{"type":"Feature","properties":{"valleyId":"baegun","layer":"cast","date":"2026-08-01","timeLocal":"17:00"},"geometry":{"type":"Polygon","coordinates":[[[127.42679,38.09475],[127.42677,38.09464],[127.42686,38.09464],[127.42686,38.09475],[127.42679,38.09475]]]}},{"type":"Feature","properties":{"valleyId":"baegun","layer":"cast","date":"2026-08-01","timeLocal":"17:00"},"geometry":{"type":"Polygon","coordinates":[[[127.41523,38.09455],[127.41523,38.09445],[127.4153,38.09445],[127.41532,38.09454],[127.41523,38.09455]]]}},{"type":"Feature","properties":{"valleyId":"baegun","layer":"cast","date":"2026-08-01","timeLocal":"17:00"},"geometry":{"type":"Polygon","coordinates":[[[127.41493,38.0946],[127.41493,38.09453],[127.41487,38.09451],[127.41489,38.09442],[127.41498,38.09443],[127.415,38.09461],[127.41493,38.0946]]]}},{"type":"Feature","properties":{"valleyId":"baegun","layer":"cast","date":"2026-08-01","timeLocal":"17:00"},"geometry":{"type":"Polygon","coordinates":[[[127.41648,38.09455],[127.41646,38.09445],[127.41653,38.09445],[127.41658,38.09448],[127.41658,38.09455],[127.41648,38.09455]]]}},{"type":"Feature","properties":{"valleyId":"baegun","layer":"cast","date":"2026-08-01","timeLocal":"17:00"},"geometry":{"type":"Polygon","coordinates":[[[127.42543,38.09453],[127.42543,38.09446],[127.42559,38.09446],[127.42559,38.09451],[127.42543,38.09453]]]}},{"type":"Feature","properties":{"valleyId":"baegun","layer":"cast","date":"2026-08-01","timeLocal":"17:00"},"geometry":{"type":"Polygon","coordinates":[[[127.41936,38.09456],[127.41936,38.09452],[127.41931,38.09452],[127.41931,38.09447],[127.41936,38.09443],[127.41936,38.09436],[127.41943,38.09436],[127.41943,38.09456],[127.41936,38.09456]]]}},{"type":"Feature","properties":{"valleyId":"baegun","layer":"cast","date":"2026-08-01","timeLocal":"17:00"},"geometry":{"type":"Polygon","coordinates":[[[127.42004,38.09478],[127.41997,38.09474],[127.41997,38.09469],[127.4199,38.09467],[127.41986,38.09462],[127.41974,38.09462],[127.4197,38.09436],[127.41986,38.09436],[127.41986,38.09433],[127.41993,38.09433],[127.41998,38.0944],[127.42023,38.09439],[127.42025,38.09442],[127.42034,38.09443],[127.42039,38.09435],[127.42046,38.09435],[127.4205,38.09441],[127.42055,38.09441],[127.42052,38.09461],[127.42041,38.09461],[127.42034,38.09466],[127.42034,38.09471],[127.42022,38.09471],[127.42015,38.09478],[127.42004,38.09478]]]}},{"type":"Feature","properties":{"valleyId":"baegun","layer":"cast","date":"2026-08-01","timeLocal":"17:00"},"geometry":{"type":"Polygon","coordinates":[[[127.41665,38.09438],[127.41665,38.0943],[127.41676,38.09429],[127.41676,38.09436],[127.41665,38.09438]]]}},{"type":"Feature","properties":{"valleyId":"baegun","layer":"cast","date":"2026-08-01","timeLocal":"17:00"},"geometry":{"type":"Polygon","coordinates":[[[127.43197,38.09476],[127.43192,38.09472],[127.43192,38.09462],[127.43186,38.09454],[127.43186,38.09444],[127.43195,38.09442],[127.43198,38.09433],[127.43204,38.09433],[127.43206,38.09476],[127.43197,38.09476]]]}},{"type":"Feature","properties":{"valleyId":"baegun","layer":"cast","date":"2026-08-01","timeLocal":"17:00"},"geometry":{"type":"Polygon","coordinates":[[[127.42559,38.09444],[127.42557,38.09421],[127.42564,38.09421],[127.42564,38.0943],[127.42568,38.0943],[127.42568,38.09442],[127.42559,38.09444]]]}},{"type":"Feature","properties":{"valleyId":"baegun","layer":"cast","date":"2026-08-01","timeLocal":"17:00"},"geometry":{"type":"Polygon","coordinates":[[[127.41953,38.09418],[127.41953,38.09411],[127.4196,38.09411],[127.41959,38.09418],[127.41953,38.09418]]]}},{"type":"Feature","properties":{"valleyId":"baegun","layer":"cast","date":"2026-08-01","timeLocal":"17:00"},"geometry":{"type":"Polygon","coordinates":[[[127.41523,38.09439],[127.41524,38.09423],[127.41528,38.09423],[127.41531,38.0942],[127.41558,38.09418],[127.41558,38.09405],[127.41565,38.09406],[127.41574,38.094],[127.41581,38.094],[127.41581,38.09408],[127.41586,38.09408],[127.4159,38.09413],[127.41599,38.09413],[127.41604,38.09417],[127.41603,38.09428],[127.41597,38.09428],[127.41595,38.09419],[127.41563,38.0942],[127.41562,38.09433],[127.41555,38.09438],[127.41523,38.09439]]]}},{"type":"Feature","properties":{"valleyId":"baegun","layer":"cast","date":"2026-08-01","timeLocal":"17:00"},"geometry":{"type":"Polygon","coordinates":[[[127.42452,38.09439],[127.42447,38.09421],[127.4245,38.09412],[127.42459,38.09412],[127.42456,38.09428],[127.42461,38.09432],[127.42461,38.09439],[127.42452,38.09439]]]}},{"type":"Feature","properties":{"valleyId":"baegun","layer":"cast","date":"2026-08-01","timeLocal":"17:00"},"geometry":{"type":"Polygon","coordinates":[[[127.41501,38.09405],[127.41501,38.09399],[127.41508,38.09399],[127.41508,38.09405],[127.41501,38.09405]]]}},{"type":"Feature","properties":{"valleyId":"baegun","layer":"cast","date":"2026-08-01","timeLocal":"17:00"},"geometry":{"type":"Polygon","coordinates":[[[127.41732,38.09408],[127.41732,38.09402],[127.41739,38.09402],[127.41738,38.09408],[127.41732,38.09408]]]}},{"type":"Feature","properties":{"valleyId":"baegun","layer":"cast","date":"2026-08-01","timeLocal":"17:00"},"geometry":{"type":"Polygon","coordinates":[[[127.41822,38.09535],[127.41818,38.09528],[127.41797,38.09526],[127.41795,38.09522],[127.41777,38.09522],[127.41768,38.09518],[127.41766,38.09511],[127.4175,38.09511],[127.4175,38.09505],[127.41757,38.09505],[127.4176,38.0948],[127.41773,38.0948],[127.41778,38.09484],[127.41803,38.09483],[127.41812,38.09485],[127.41812,38.0949],[127.41823,38.09492],[127.41837,38.09489],[127.41837,38.0948],[127.41849,38.0948],[127.41848,38.09492],[127.41839,38.09494],[127.41839,38.0951],[127.41846,38.09516],[127.41852,38.09516],[127.41859,38.0951],[127.41868,38.09511],[127.41871,38.09516],[127.41887,38.09516],[127.41896,38.09513],[127.41907,38.09513],[127.4191,38.09506],[127.41928,38.09506],[127.4193,38.09517],[127.41944,38.09519],[127.41944,38.09513],[127.41953,38.09514],[127.41955,38.09506],[127.41951,38.09497],[127.41946,38.09495],[127.4194,38.09495],[127.41935,38.09502],[127.41928,38.09502],[127.41926,38.09493],[127.41903,38.09491],[127.41899,38.09486],[127.41883,38.09486],[127.41878,38.09482],[127.41879,38.09466],[127.41863,38.09467],[127.41863,38.09462],[127.41858,38.09458],[127.41859,38.09442],[127.41849,38.09442],[127.41842,38.09447],[127.41833,38.09447],[127.41831,38.09436],[127.41815,38.09434],[127.41815,38.09441],[127.4182,38.09449],[127.41824,38.09449],[127.41824,38.09458],[127.41819,38.09458],[127.41819,38.09461],[127.41813,38.09461],[127.41813,38.09456],[127.41801,38.09456],[127.41802,38.09441],[127.41797,38.09439],[127.41797,38.09432],[127.4179,38.0943],[127.41791,38.09425],[127.41806,38.09425],[127.41809,38.09411],[127.41825,38.09411],[127.41827,38.09407],[127.41839,38.09407],[127.41839,38.09402],[127.41848,38.09402],[127.41852,38.09427],[127.41863,38.09428],[127.41879,38.09448],[127.4189,38.09448],[127.41892,38.09457],[127.41902,38.09457],[127.41904,38.0945],[127.41911,38.0945],[127.41911,38.09457],[127.4192,38.09463],[127.41943,38.09461],[127.41942,38.09468],[127.41951,38.09468],[127.41952,38.09463],[127.41958,38.09463],[127.41963,38.09472],[127.41974,38.09481],[127.41988,38.09485],[127.41988,38.09491],[127.41978,38.09494],[127.41978,38.09499],[127.41987,38.095],[127.41989,38.09507],[127.41976,38.09508],[127.41976,38.09514],[127.41982,38.09514],[127.41982,38.09537],[127.41918,38.09536],[127.41918,38.09533],[127.41902,38.09533],[127.41902,38.09536],[127.41888,38.09536],[127.41884,38.09525],[127.41875,38.09525],[127.41866,38.0953],[127.41841,38.09532],[127.41841,38.09535],[127.41822,38.09535]]]}},{"type":"Feature","properties":{"valleyId":"baegun","layer":"cast","date":"2026-08-01","timeLocal":"17:00"},"geometry":{"type":"Polygon","coordinates":[[[127.42058,38.09409],[127.42058,38.09403],[127.42065,38.09403],[127.42065,38.09409],[127.42058,38.09409]]]}},{"type":"Feature","properties":{"valleyId":"baegun","layer":"cast","date":"2026-08-01","timeLocal":"17:00"},"geometry":{"type":"Polygon","coordinates":[[[127.4152,38.09403],[127.4152,38.09394],[127.41527,38.09394],[127.41526,38.09403],[127.4152,38.09403]]]}},{"type":"Feature","properties":{"valleyId":"baegun","layer":"cast","date":"2026-08-01","timeLocal":"17:00"},"geometry":{"type":"Polygon","coordinates":[[[127.42557,38.09412],[127.42557,38.09403],[127.42569,38.09403],[127.42569,38.09412],[127.42557,38.09412]]]}},{"type":"Feature","properties":{"valleyId":"baegun","layer":"cast","date":"2026-08-01","timeLocal":"17:00"},"geometry":{"type":"Polygon","coordinates":[[[127.41615,38.09413],[127.41615,38.09406],[127.41622,38.09401],[127.41625,38.09392],[127.41629,38.0939],[127.41629,38.09387],[127.41636,38.09387],[127.41636,38.0939],[127.41643,38.09394],[127.41643,38.09412],[127.41627,38.0941],[127.41627,38.09414],[127.41615,38.09413]]]}},{"type":"Feature","properties":{"valleyId":"baegun","layer":"cast","date":"2026-08-01","timeLocal":"17:00"},"geometry":{"type":"Polygon","coordinates":[[[127.42598,38.094],[127.42599,38.09394],[127.42605,38.09394],[127.42605,38.094],[127.42598,38.094]]]}},{"type":"Feature","properties":{"valleyId":"baegun","layer":"cast","date":"2026-08-01","timeLocal":"17:00"},"geometry":{"type":"Polygon","coordinates":[[[127.42495,38.09436],[127.42493,38.09427],[127.42486,38.09427],[127.42486,38.0942],[127.42482,38.0942],[127.42482,38.09394],[127.42487,38.09391],[127.42496,38.09391],[127.42496,38.09396],[127.42491,38.09396],[127.42491,38.09405],[127.42496,38.09407],[127.42495,38.09418],[127.42504,38.0942],[127.42507,38.09424],[127.42506,38.09434],[127.42495,38.09436]]]}},{"type":"Feature","properties":{"valleyId":"baegun","layer":"cast","date":"2026-08-01","timeLocal":"17:00"},"geometry":{"type":"Polygon","coordinates":[[[127.41577,38.09382],[127.41577,38.09377],[127.41586,38.09377],[127.41586,38.09382],[127.41577,38.09382]]]}},{"type":"Feature","properties":{"valleyId":"baegun","layer":"cast","date":"2026-08-01","timeLocal":"17:00"},"geometry":{"type":"Polygon","coordinates":[[[127.41773,38.09399],[127.41768,38.09397],[127.41768,38.09394],[127.4175,38.09395],[127.41753,38.09379],[127.41771,38.09379],[127.41771,38.09385],[127.41782,38.09394],[127.41782,38.09399],[127.41773,38.09399]]]}},{"type":"Feature","properties":{"valleyId":"baegun","layer":"cast","date":"2026-08-01","timeLocal":"17:00"},"geometry":{"type":"Polygon","coordinates":[[[127.41014,38.09373],[127.41014,38.09367],[127.41021,38.09368],[127.41021,38.09373],[127.41014,38.09373]]]}},{"type":"Feature","properties":{"valleyId":"baegun","layer":"cast","date":"2026-08-01","timeLocal":"17:00"},"geometry":{"type":"Polygon","coordinates":[[[127.40845,38.09367],[127.40845,38.09362],[127.40852,38.09362],[127.40852,38.09367],[127.40845,38.09367]]]}},{"type":"Feature","properties":{"valleyId":"baegun","layer":"cast","date":"2026-08-01","timeLocal":"17:00"},"geometry":{"type":"Polygon","coordinates":[[[127.41902,38.09421],[127.41898,38.09417],[127.41884,38.09415],[127.41884,38.09408],[127.41889,38.09408],[127.41889,38.09403],[127.41875,38.09404],[127.41875,38.09401],[127.41869,38.09395],[127.41862,38.09395],[127.4186,38.09392],[127.41846,38.09388],[127.41826,38.09387],[127.41826,38.09384],[127.41819,38.09382],[127.41819,38.09368],[127.41842,38.09366],[127.41844,38.0937],[127.4186,38.09368],[127.41876,38.09372],[127.41885,38.0939],[127.41914,38.0939],[127.41917,38.09394],[127.41921,38.09394],[127.41923,38.09405],[127.41939,38.09407],[127.41939,38.09412],[127.4193,38.09412],[127.41916,38.09416],[127.41911,38.09421],[127.41902,38.09421]]]}},{"type":"Feature","properties":{"valleyId":"baegun","layer":"cast","date":"2026-08-01","timeLocal":"17:00"},"geometry":{"type":"Polygon","coordinates":[[[127.41039,38.09353],[127.41042,38.09337],[127.41049,38.09337],[127.41046,38.09353],[127.41039,38.09353]]]}},{"type":"Feature","properties":{"valleyId":"baegun","layer":"cast","date":"2026-08-01","timeLocal":"17:00"},"geometry":{"type":"Polygon","coordinates":[[[127.41936,38.09362],[127.41931,38.0936],[127.41931,38.09353],[127.41927,38.09353],[127.41927,38.09346],[127.41943,38.09348],[127.41942,38.09362],[127.41936,38.09362]]]}},{"type":"Feature","properties":{"valleyId":"baegun","layer":"cast","date":"2026-08-01","timeLocal":"17:00"},"geometry":{"type":"Polygon","coordinates":[[[127.41969,38.09404],[127.41965,38.09393],[127.41969,38.09393],[127.41971,38.09388],[127.41985,38.09388],[127.42001,38.09383],[127.42004,38.09372],[127.41988,38.09372],[127.41972,38.09382],[127.41951,38.0938],[127.41949,38.09371],[127.41963,38.09366],[127.41963,38.09359],[127.41956,38.09355],[127.41956,38.09348],[127.41977,38.09352],[127.41979,38.09344],[127.41988,38.09345],[127.41993,38.09359],[127.42004,38.09359],[127.42006,38.09352],[127.42016,38.0935],[127.42022,38.09358],[127.42029,38.0936],[127.42033,38.09376],[127.42061,38.09376],[127.42061,38.09383],[127.42051,38.09389],[127.42042,38.09389],[127.42042,38.09394],[127.42037,38.09398],[127.42021,38.09395],[127.42015,38.09397],[127.4201,38.09403],[127.42001,38.09402],[127.42001,38.09399],[127.41994,38.09399],[127.41983,38.094],[127.4198,38.09404],[127.41969,38.09404]]]}},{"type":"Feature","properties":{"valleyId":"baegun","layer":"cast","date":"2026-08-01","timeLocal":"17:00"},"geometry":{"type":"Polygon","coordinates":[[[127.42557,38.09395],[127.42548,38.0939],[127.4253,38.0939],[127.42533,38.09375],[127.42544,38.09374],[127.42544,38.09366],[127.4254,38.09365],[127.42538,38.09357],[127.42533,38.09357],[127.42533,38.09352],[127.42545,38.09352],[127.42547,38.09357],[127.42554,38.09361],[127.42554,38.09367],[127.42563,38.09367],[127.42562,38.09374],[127.42556,38.09376],[127.42555,38.09386],[127.42567,38.09388],[127.42569,38.09396],[127.42557,38.09395]]]}},{"type":"Feature","properties":{"valleyId":"baegun","layer":"cast","date":"2026-08-01","timeLocal":"17:00"},"geometry":{"type":"Polygon","coordinates":[[[127.43042,38.09368],[127.43042,38.09355],[127.43051,38.09355],[127.43055,38.09359],[127.43055,38.09364],[127.43051,38.09368],[127.43042,38.09368]]]}},{"type":"Feature","properties":{"valleyId":"baegun","layer":"cast","date":"2026-08-01","timeLocal":"17:00"},"geometry":{"type":"Polygon","coordinates":[[[127.41986,38.09341],[127.41986,38.09336],[127.41993,38.09336],[127.41993,38.09341],[127.41986,38.09341]]]}},{"type":"Feature","properties":{"valleyId":"baegun","layer":"cast","date":"2026-08-01","timeLocal":"17:00"},"geometry":{"type":"Polygon","coordinates":[[[127.42932,38.09348],[127.4293,38.09339],[127.42937,38.09339],[127.42939,38.09348],[127.42932,38.09348]]]}},{"type":"Feature","properties":{"valleyId":"baegun","layer":"cast","date":"2026-08-01","timeLocal":"17:00"},"geometry":{"type":"Polygon","coordinates":[[[127.41493,38.09349],[127.41494,38.0934],[127.41484,38.09338],[127.41476,38.09312],[127.41492,38.09313],[127.41492,38.09318],[127.41501,38.09318],[127.41501,38.09325],[127.41492,38.09325],[127.41491,38.09332],[127.41498,38.09333],[127.41503,38.09336],[127.41503,38.09343],[127.415,38.09349],[127.41493,38.09349]]]}},{"type":"Feature","properties":{"valleyId":"baegun","layer":"cast","date":"2026-08-01","timeLocal":"17:00"},"geometry":{"type":"Polygon","coordinates":[[[127.4294,38.09332],[127.4294,38.09327],[127.42947,38.09327],[127.42947,38.09332],[127.4294,38.09332]]]}},{"type":"Feature","properties":{"valleyId":"baegun","layer":"cast","date":"2026-08-01","timeLocal":"17:00"},"geometry":{"type":"Polygon","coordinates":[[[127.41716,38.09388],[127.41698,38.0937],[127.41685,38.09364],[127.41669,38.09366],[127.41669,38.09356],[127.41662,38.09355],[127.4166,38.09346],[127.41662,38.09333],[127.41669,38.09333],[127.41671,38.09342],[127.41708,38.09343],[127.41708,38.09335],[127.41703,38.09335],[127.41704,38.0933],[127.4171,38.0933],[127.41713,38.09321],[127.41706,38.09321],[127.41704,38.09325],[127.41692,38.09324],[127.41693,38.09315],[127.41688,38.09313],[127.41688,38.09308],[127.41697,38.09308],[127.417,38.09305],[127.41727,38.09305],[127.41727,38.09318],[127.41734,38.09318],[127.41733,38.09325],[127.41763,38.09324],[127.41765,38.09327],[127.41765,38.09342],[127.41754,38.09341],[127.41751,38.09338],[127.41733,38.09338],[127.41733,38.09341],[127.41726,38.09346],[127.41721,38.09346],[127.41719,38.09361],[127.4173,38.09361],[127.41732,38.0937],[127.41744,38.0937],[127.41744,38.09376],[127.41725,38.09375],[127.41726,38.0937],[127.41719,38.0937],[127.41716,38.09377],[127.41721,38.09377],[127.41723,38.09388],[127.41716,38.09388]],[[127.41689,38.09355],[127.41696,38.09355],[127.41696,38.0935],[127.4169,38.0935],[127.41689,38.09355]]]}},{"type":"Feature","properties":{"valleyId":"baegun","layer":"cast","date":"2026-08-01","timeLocal":"17:00"},"geometry":{"type":"Polygon","coordinates":[[[127.41497,38.09306],[127.41497,38.09298],[127.41506,38.09298],[127.41506,38.09304],[127.41497,38.09306]]]}},{"type":"Feature","properties":{"valleyId":"baegun","layer":"cast","date":"2026-08-01","timeLocal":"17:00"},"geometry":{"type":"Polygon","coordinates":[[[127.41663,38.09306],[127.41663,38.09301],[127.41672,38.09301],[127.41672,38.09306],[127.41663,38.09306]]]}},{"type":"Feature","properties":{"valleyId":"baegun","layer":"cast","date":"2026-08-01","timeLocal":"17:00"},"geometry":{"type":"Polygon","coordinates":[[[127.42985,38.0936],[127.42983,38.09347],[127.42978,38.09347],[127.42976,38.09342],[127.42967,38.09341],[127.42958,38.09334],[127.4296,38.09322],[127.42974,38.09322],[127.42981,38.09313],[127.42993,38.09315],[127.42992,38.09324],[127.42983,38.09325],[127.42983,38.09329],[127.42969,38.09329],[127.42969,38.09334],[127.42976,38.09334],[127.42976,38.0934],[127.42983,38.0934],[127.42985,38.09347],[127.4299,38.09347],[127.42992,38.0936],[127.42985,38.0936]]]}},{"type":"Feature","properties":{"valleyId":"baegun","layer":"cast","date":"2026-08-01","timeLocal":"17:00"},"geometry":{"type":"Polygon","coordinates":[[[127.43447,38.09478],[127.43429,38.09476],[127.43427,38.09472],[127.43428,38.09443],[127.43423,38.09439],[127.434,38.09439],[127.43396,38.09434],[127.43398,38.09423],[127.43394,38.09421],[127.43394,38.09416],[127.43406,38.09412],[127.43406,38.09403],[127.4341,38.094],[127.43417,38.094],[127.4342,38.09387],[127.43411,38.0938],[127.43402,38.0938],[127.43399,38.09383],[127.43395,38.09383],[127.43395,38.09387],[127.43388,38.09392],[127.43367,38.09392],[127.43365,38.09386],[127.43358,38.09386],[127.43361,38.09377],[127.43372,38.09378],[127.43381,38.09372],[127.43411,38.09373],[127.43418,38.09367],[127.43434,38.09369],[127.43434,38.09364],[127.43427,38.09364],[127.43427,38.09355],[127.43448,38.09348],[127.43446,38.09335],[127.43439,38.09328],[127.43442,38.09317],[127.43458,38.09317],[127.43454,38.09478],[127.43447,38.09478]]]}},{"type":"Feature","properties":{"valleyId":"baegun","layer":"cast","date":"2026-08-01","timeLocal":"17:00"},"geometry":{"type":"Polygon","coordinates":[[[127.41775,38.0932],[127.41772,38.09316],[127.41765,38.09316],[127.41757,38.09304],[127.41732,38.09303],[127.41732,38.09298],[127.41727,38.09298],[127.41727,38.09289],[127.41755,38.09287],[127.41755,38.09291],[127.41773,38.09289],[127.4178,38.09295],[127.41784,38.09295],[127.41786,38.09306],[127.41793,38.09308],[127.41793,38.09313],[127.41786,38.0932],[127.41775,38.0932]]]}},{"type":"Feature","properties":{"valleyId":"baegun","layer":"cast","date":"2026-08-01","timeLocal":"17:00"},"geometry":{"type":"Polygon","coordinates":[[[127.42956,38.093],[127.42954,38.09293],[127.42963,38.09293],[127.42963,38.093],[127.42956,38.093]]]}},{"type":"Feature","properties":{"valleyId":"baegun","layer":"cast","date":"2026-08-01","timeLocal":"17:00"},"geometry":{"type":"Polygon","coordinates":[[[127.43189,38.09301],[127.43189,38.09296],[127.432,38.09296],[127.432,38.09301],[127.43189,38.09301]]]}},{"type":"Feature","properties":{"valleyId":"baegun","layer":"cast","date":"2026-08-01","timeLocal":"17:00"},"geometry":{"type":"Polygon","coordinates":[[[127.42947,38.09291],[127.42948,38.09285],[127.42954,38.09285],[127.42954,38.09291],[127.42947,38.09291]]]}},{"type":"Feature","properties":{"valleyId":"baegun","layer":"cast","date":"2026-08-01","timeLocal":"17:00"},"geometry":{"type":"Polygon","coordinates":[[[127.42721,38.09297],[127.42717,38.09295],[127.42717,38.09282],[127.4272,38.09279],[127.42729,38.09279],[127.42733,38.09297],[127.42721,38.09297]]]}},{"type":"Feature","properties":{"valleyId":"baegun","layer":"cast","date":"2026-08-01","timeLocal":"17:00"},"geometry":{"type":"Polygon","coordinates":[[[127.43422,38.09293],[127.43422,38.09288],[127.43429,38.09288],[127.43429,38.09294],[127.43422,38.09293]]]}},{"type":"Feature","properties":{"valleyId":"baegun","layer":"cast","date":"2026-08-01","timeLocal":"17:00"},"geometry":{"type":"Polygon","coordinates":[[[127.41805,38.09279],[127.41805,38.09265],[127.41812,38.09265],[127.41814,38.09268],[127.41819,38.09268],[127.41821,38.09277],[127.41805,38.09279]]]}},{"type":"Feature","properties":{"valleyId":"baegun","layer":"cast","date":"2026-08-01","timeLocal":"17:00"},"geometry":{"type":"Polygon","coordinates":[[[127.43041,38.09288],[127.43041,38.09272],[127.43053,38.09272],[127.43055,38.09287],[127.43041,38.09288]]]}},{"type":"Feature","properties":{"valleyId":"baegun","layer":"cast","date":"2026-08-01","timeLocal":"17:00"},"geometry":{"type":"Polygon","coordinates":[[[127.43189,38.09289],[127.43187,38.09272],[127.43196,38.09272],[127.43198,38.09289],[127.43189,38.09289]]]}},{"type":"Feature","properties":{"valleyId":"baegun","layer":"cast","date":"2026-08-01","timeLocal":"17:00"},"geometry":{"type":"Polygon","coordinates":[[[127.43415,38.09284],[127.43413,38.09274],[127.4342,38.09274],[127.43422,38.09284],[127.43415,38.09284]]]}},{"type":"Feature","properties":{"valleyId":"baegun","layer":"cast","date":"2026-08-01","timeLocal":"17:00"},"geometry":{"type":"Polygon","coordinates":[[[127.42822,38.09282],[127.42813,38.09273],[127.42813,38.09264],[127.42829,38.09262],[127.42829,38.09282],[127.42822,38.09282]]]}},{"type":"Feature","properties":{"valleyId":"baegun","layer":"cast","date":"2026-08-01","timeLocal":"17:00"},"geometry":{"type":"Polygon","coordinates":[[[127.41783,38.09252],[127.41783,38.09246],[127.41792,38.09246],[127.41792,38.09252],[127.41783,38.09252]]]}},{"type":"Feature","properties":{"valleyId":"baegun","layer":"cast","date":"2026-08-01","timeLocal":"17:00"},"geometry":{"type":"Polygon","coordinates":[[[127.42724,38.09266],[127.42725,38.09255],[127.42741,38.09252],[127.42743,38.09259],[127.42736,38.09263],[127.42736,38.09266],[127.42724,38.09266]]]}},{"type":"Feature","properties":{"valleyId":"baegun","layer":"cast","date":"2026-08-01","timeLocal":"17:00"},"geometry":{"type":"Polygon","coordinates":[[[127.42412,38.09257],[127.42412,38.09249],[127.42422,38.09248],[127.42421,38.09255],[127.42412,38.09257]]]}},{"type":"Feature","properties":{"valleyId":"baegun","layer":"cast","date":"2026-08-01","timeLocal":"17:00"},"geometry":{"type":"Polygon","coordinates":[[[127.41926,38.09264],[127.41915,38.09262],[127.41908,38.09257],[127.41904,38.0925],[127.41906,38.09237],[127.41927,38.09237],[127.41927,38.09234],[127.41943,38.09234],[127.41942,38.09265],[127.41926,38.09264]]]}},{"type":"Feature","properties":{"valleyId":"baegun","layer":"cast","date":"2026-08-01","timeLocal":"17:00"},"geometry":{"type":"Polygon","coordinates":[[[127.3975,38.09199],[127.39748,38.0919],[127.39754,38.0919],[127.39757,38.09199],[127.3975,38.09199]]]}},{"type":"Feature","properties":{"valleyId":"baegun","layer":"cast","date":"2026-08-01","timeLocal":"17:00"},"geometry":{"type":"Polygon","coordinates":[[[127.41529,38.09304],[127.41513,38.09302],[127.41513,38.09293],[127.41533,38.09288],[127.41534,38.09275],[127.41541,38.09275],[127.41541,38.09268],[127.41532,38.09261],[127.41525,38.09261],[127.41525,38.0927],[127.41511,38.09268],[127.41502,38.09252],[127.41496,38.0925],[127.41494,38.09224],[127.41501,38.09224],[127.41501,38.09212],[127.41535,38.09216],[127.41535,38.09225],[127.41528,38.09225],[127.41528,38.09232],[127.41541,38.09234],[127.41541,38.09241],[127.41546,38.09247],[127.41557,38.09247],[127.41557,38.09232],[127.41565,38.09222],[127.41569,38.09222],[127.41569,38.09216],[127.41576,38.09216],[127.41575,38.09262],[127.41573,38.09265],[127.41561,38.09265],[127.41559,38.09274],[127.41554,38.09274],[127.41547,38.09279],[127.41547,38.0929],[127.41538,38.09292],[127.41535,38.09304],[127.41529,38.09304]]]}},{"type":"Feature","properties":{"valleyId":"baegun","layer":"cast","date":"2026-08-01","timeLocal":"17:00"},"geometry":{"type":"Polygon","coordinates":[[[127.42419,38.09246],[127.42419,38.0924],[127.42433,38.09226],[127.42433,38.09223],[127.4244,38.09223],[127.42438,38.09242],[127.42419,38.09246]]]}},{"type":"Feature","properties":{"valleyId":"baegun","layer":"cast","date":"2026-08-01","timeLocal":"17:00"},"geometry":{"type":"Polygon","coordinates":[[[127.41581,38.09215],[127.41581,38.09209],[127.41588,38.09209],[127.41587,38.09215],[127.41581,38.09215]]]}},{"type":"Feature","properties":{"valleyId":"baegun","layer":"cast","date":"2026-08-01","timeLocal":"17:00"},"geometry":{"type":"Polygon","coordinates":[[[127.43042,38.09238],[127.43042,38.09225],[127.43049,38.09225],[127.43056,38.09231],[127.43056,38.09236],[127.43042,38.09238]]]}},{"type":"Feature","properties":{"valleyId":"baegun","layer":"cast","date":"2026-08-01","timeLocal":"17:00"},"geometry":{"type":"Polygon","coordinates":[[[127.42898,38.09238],[127.42899,38.09231],[127.42908,38.09225],[127.42908,38.0922],[127.42915,38.0922],[127.42914,38.09231],[127.4291,38.09233],[127.4291,38.09238],[127.42898,38.09238]]]}},{"type":"Feature","properties":{"valleyId":"baegun","layer":"cast","date":"2026-08-01","timeLocal":"17:00"},"geometry":{"type":"Polygon","coordinates":[[[127.42767,38.09209],[127.42767,38.09204],[127.42774,38.09204],[127.42774,38.09209],[127.42767,38.09209]]]}},{"type":"Feature","properties":{"valleyId":"baegun","layer":"cast","date":"2026-08-01","timeLocal":"17:00"},"geometry":{"type":"Polygon","coordinates":[[[127.41544,38.092],[127.41542,38.09196],[127.41526,38.09198],[127.41522,38.09183],[127.41529,38.09183],[127.41529,38.09191],[127.41538,38.09191],[127.41538,38.09185],[127.41554,38.09187],[127.41556,38.09191],[127.41561,38.09191],[127.41561,38.09196],[127.41551,38.09196],[127.41551,38.092],[127.41544,38.092]]]}},{"type":"Feature","properties":{"valleyId":"baegun","layer":"cast","date":"2026-08-01","timeLocal":"17:00"},"geometry":{"type":"Polygon","coordinates":[[[127.42081,38.09193],[127.42081,38.09187],[127.4209,38.09187],[127.4209,38.09193],[127.42081,38.09193]]]}},{"type":"Feature","properties":{"valleyId":"baegun","layer":"cast","date":"2026-08-01","timeLocal":"17:00"},"geometry":{"type":"Polygon","coordinates":[[[127.42945,38.09211],[127.42945,38.09206],[127.42949,38.09204],[127.42952,38.09197],[127.42959,38.09197],[127.42954,38.09212],[127.42945,38.09211]]]}},{"type":"Feature","properties":{"valleyId":"baegun","layer":"cast","date":"2026-08-01","timeLocal":"17:00"},"geometry":{"type":"Polygon","coordinates":[[[127.42974,38.09199],[127.42968,38.09197],[127.42968,38.0919],[127.42979,38.0919],[127.42981,38.09199],[127.42974,38.09199]]]}},{"type":"Feature","properties":{"valleyId":"baegun","layer":"cast","date":"2026-08-01","timeLocal":"17:00"},"geometry":{"type":"Polygon","coordinates":[[[127.41785,38.09236],[127.41781,38.09228],[127.41767,38.09226],[127.41768,38.09217],[127.41763,38.09215],[127.41763,38.0921],[127.41768,38.0921],[127.41768,38.09203],[127.41761,38.09203],[127.41761,38.09212],[127.41752,38.09212],[127.4175,38.09208],[127.4175,38.09201],[127.41759,38.09201],[127.41761,38.09192],[127.41766,38.09188],[127.41766,38.09178],[127.41773,38.09176],[127.41773,38.09172],[127.41787,38.09174],[127.41787,38.09185],[127.41791,38.09189],[127.41793,38.09198],[127.41804,38.092],[127.41809,38.09207],[127.41832,38.09202],[127.41841,38.09215],[127.41857,38.09218],[127.41859,38.09226],[127.41863,38.09226],[127.41863,38.09233],[127.4184,38.09231],[127.41836,38.09234],[127.41827,38.09234],[127.41818,38.09223],[127.41804,38.09223],[127.41804,38.09229],[127.41795,38.09236],[127.41785,38.09236]]]}},{"type":"Feature","properties":{"valleyId":"baegun","layer":"cast","date":"2026-08-01","timeLocal":"17:00"},"geometry":{"type":"Polygon","coordinates":[[[127.42445,38.09217],[127.42441,38.09201],[127.42445,38.09198],[127.42448,38.09185],[127.42455,38.09185],[127.42457,38.0918],[127.42464,38.0918],[127.42461,38.09198],[127.42452,38.09198],[127.42452,38.09217],[127.42445,38.09217]]]}},{"type":"Feature","properties":{"valleyId":"baegun","layer":"cast","date":"2026-08-01","timeLocal":"17:00"},"geometry":{"type":"Polygon","coordinates":[[[127.41912,38.09169],[127.41912,38.09163],[127.41919,38.09163],[127.41919,38.09169],[127.41912,38.09169]]]}},{"type":"Feature","properties":{"valleyId":"baegun","layer":"cast","date":"2026-08-01","timeLocal":"17:00"},"geometry":{"type":"Polygon","coordinates":[[[127.4209,38.09173],[127.4209,38.09166],[127.42086,38.09151],[127.42097,38.09153],[127.42113,38.09168],[127.42113,38.09173],[127.4209,38.09173]]]}},{"type":"Feature","properties":{"valleyId":"baegun","layer":"cast","date":"2026-08-01","timeLocal":"17:00"},"geometry":{"type":"Polygon","coordinates":[[[127.42822,38.09168],[127.4282,38.09159],[127.42832,38.09159],[127.42834,38.09167],[127.42822,38.09168]]]}},{"type":"Feature","properties":{"valleyId":"baegun","layer":"cast","date":"2026-08-01","timeLocal":"17:00"},"geometry":{"type":"Polygon","coordinates":[[[127.39642,38.09116],[127.39642,38.09111],[127.39649,38.09111],[127.39649,38.09116],[127.39642,38.09116]]]}},{"type":"Feature","properties":{"valleyId":"baegun","layer":"cast","date":"2026-08-01","timeLocal":"17:00"},"geometry":{"type":"Polygon","coordinates":[[[127.41801,38.09142],[127.41799,38.09133],[127.41813,38.09135],[127.41813,38.09142],[127.41801,38.09142]]]}},{"type":"Feature","properties":{"valleyId":"baegun","layer":"cast","date":"2026-08-01","timeLocal":"17:00"},"geometry":{"type":"Polygon","coordinates":[[[127.41865,38.09152],[127.41863,38.09146],[127.41858,38.09146],[127.41851,38.09139],[127.41845,38.09139],[127.41845,38.09134],[127.41865,38.09136],[127.41865,38.09143],[127.41872,38.09145],[127.41872,38.09152],[127.41865,38.09152]]]}},{"type":"Feature","properties":{"valleyId":"baegun","layer":"cast","date":"2026-08-01","timeLocal":"17:00"},"geometry":{"type":"Polygon","coordinates":[[[127.42941,38.09152],[127.42944,38.09145],[127.42953,38.09145],[127.42953,38.0915],[127.42941,38.09152]]]}},{"type":"Feature","properties":{"valleyId":"baegun","layer":"cast","date":"2026-08-01","timeLocal":"17:00"},"geometry":{"type":"Polygon","coordinates":[[[127.41829,38.09135],[127.41829,38.0913],[127.4184,38.09126],[127.4184,38.09121],[127.41852,38.09121],[127.41852,38.09126],[127.41843,38.09126],[127.41842,38.09135],[127.41829,38.09135]]]}},{"type":"Feature","properties":{"valleyId":"baegun","layer":"cast","date":"2026-08-01","timeLocal":"17:00"},"geometry":{"type":"Polygon","coordinates":[[[127.41511,38.09153],[127.41509,38.09149],[127.41498,38.09147],[127.41475,38.09147],[127.41471,38.09138],[127.41459,38.09128],[127.4146,38.09118],[127.41492,38.09116],[127.41489,38.09131],[127.41493,38.09134],[127.41505,38.09134],[127.41505,38.09129],[127.41523,38.09127],[127.4153,38.09133],[127.4155,38.09133],[127.41555,38.09137],[127.41555,38.09146],[127.41537,38.09146],[127.41527,38.09147],[127.41523,38.09153],[127.41511,38.09153]]]}},{"type":"Feature","properties":{"valleyId":"baegun","layer":"cast","date":"2026-08-01","timeLocal":"17:00"},"geometry":{"type":"Polygon","coordinates":[[[127.42998,38.09174],[127.4298,38.09167],[127.4298,38.09158],[127.43001,38.09147],[127.43001,38.09138],[127.42994,38.09138],[127.42994,38.09133],[127.43035,38.09133],[127.43035,38.09141],[127.43026,38.0914],[127.43021,38.09144],[127.43021,38.09157],[127.43028,38.09157],[127.43028,38.09164],[127.43016,38.09165],[127.43014,38.09174],[127.42998,38.09174]]]}},{"type":"Feature","properties":{"valleyId":"baegun","layer":"cast","date":"2026-08-01","timeLocal":"17:00"},"geometry":{"type":"Polygon","coordinates":[[[127.41831,38.09115],[127.41832,38.0911],[127.41845,38.0911],[127.41845,38.09116],[127.41831,38.09115]]]}},{"type":"Feature","properties":{"valleyId":"baegun","layer":"cast","date":"2026-08-01","timeLocal":"17:00"},"geometry":{"type":"Polygon","coordinates":[[[127.39588,38.09081],[127.39588,38.09076],[127.39595,38.09076],[127.39595,38.09081],[127.39588,38.09081]]]}},{"type":"Feature","properties":{"valleyId":"baegun","layer":"cast","date":"2026-08-01","timeLocal":"17:00"},"geometry":{"type":"Polygon","coordinates":[[[127.43307,38.0913],[127.43307,38.09124],[127.43314,38.09124],[127.43313,38.0913],[127.43307,38.0913]]]}},{"type":"Feature","properties":{"valleyId":"baegun","layer":"cast","date":"2026-08-01","timeLocal":"17:00"},"geometry":{"type":"Polygon","coordinates":[[[127.42463,38.09117],[127.42463,38.09109],[127.4247,38.0911],[127.4247,38.09117],[127.42463,38.09117]]]}},{"type":"Feature","properties":{"valleyId":"baegun","layer":"cast","date":"2026-08-01","timeLocal":"17:00"},"geometry":{"type":"Polygon","coordinates":[[[127.41845,38.09107],[127.41845,38.09101],[127.41852,38.09101],[127.41852,38.09107],[127.41845,38.09107]]]}},{"type":"Feature","properties":{"valleyId":"baegun","layer":"cast","date":"2026-08-01","timeLocal":"17:00"},"geometry":{"type":"Polygon","coordinates":[[[127.41829,38.09108],[127.41827,38.09097],[127.41836,38.09097],[127.41836,38.09108],[127.41829,38.09108]]]}},{"type":"Feature","properties":{"valleyId":"baegun","layer":"cast","date":"2026-08-01","timeLocal":"17:00"},"geometry":{"type":"Polygon","coordinates":[[[127.42093,38.09377],[127.42086,38.09373],[127.42088,38.09359],[127.42084,38.09357],[127.42082,38.09349],[127.42057,38.09351],[127.42057,38.09327],[127.42064,38.09324],[127.42066,38.09319],[127.42096,38.09315],[127.42096,38.09308],[127.42115,38.09298],[127.42115,38.09289],[127.42126,38.09287],[127.42122,38.09271],[127.42113,38.09272],[127.42113,38.09278],[127.42118,38.09278],[127.42117,38.09285],[127.42101,38.09285],[127.42097,38.09292],[127.42083,38.09292],[127.42081,38.09295],[127.42074,38.09295],[127.42069,38.09292],[127.42049,38.09291],[127.42042,38.09286],[127.42031,38.09284],[127.42031,38.09295],[127.42024,38.09302],[127.42012,38.09302],[127.42012,38.09305],[127.42007,38.09307],[127.41987,38.09301],[127.41987,38.09307],[127.4198,38.09307],[127.41967,38.09294],[127.41962,38.09294],[127.41962,38.09288],[127.41967,38.09288],[127.41967,38.09281],[127.41956,38.09274],[127.41944,38.09274],[127.41942,38.09265],[127.41956,38.09265],[127.41967,38.09269],[127.41983,38.09267],[127.4199,38.09272],[127.4201,38.09273],[127.4202,38.09255],[127.42025,38.09255],[127.42034,38.09246],[127.42038,38.09246],[127.42036,38.09232],[127.42032,38.0923],[127.42037,38.09214],[127.42032,38.09206],[127.42028,38.09206],[127.42028,38.09201],[127.42035,38.09199],[127.42035,38.09196],[127.42056,38.09192],[127.4206,38.09189],[127.42067,38.09189],[127.42071,38.09192],[127.42071,38.09198],[127.42067,38.09198],[127.4206,38.09207],[127.42048,38.09208],[127.42048,38.09216],[127.42055,38.09219],[127.42059,38.0923],[127.42068,38.09234],[127.42073,38.09241],[127.42095,38.09247],[127.42098,38.09251],[127.42102,38.09251],[127.42102,38.0926],[127.42111,38.0926],[127.42114,38.09251],[127.42107,38.09251],[127.42107,38.09243],[127.42116,38.09242],[127.42119,38.09229],[127.42123,38.09227],[127.42121,38.09215],[127.4213,38.09208],[127.42133,38.09199],[127.42137,38.09199],[127.42138,38.09186],[127.42131,38.09184],[127.42131,38.09177],[127.42136,38.09174],[127.42147,38.09174],[127.42148,38.09141],[127.42152,38.09138],[127.42155,38.09122],[127.42167,38.09113],[127.42172,38.09098],[127.42178,38.09098],[127.4219,38.09108],[127.42189,38.09117],[127.42196,38.09117],[127.42196,38.09109],[127.42212,38.09113],[127.42212,38.09119],[127.42203,38.09122],[127.422,38.09138],[127.42191,38.09144],[127.42188,38.09162],[127.4219,38.09174],[127.42204,38.0918],[127.42206,38.09202],[127.42194,38.09201],[127.42192,38.09198],[127.42179,38.09198],[127.42172,38.09194],[127.42165,38.09194],[127.4216,38.09199],[127.4216,38.09212],[127.42171,38.09215],[127.42173,38.09224],[127.42173,38.0923],[127.42166,38.0923],[127.42164,38.09226],[127.42153,38.09226],[127.42156,38.09269],[127.42166,38.09273],[127.42165,38.0928],[127.42156,38.09282],[127.42156,38.09291],[127.4216,38.09295],[127.42167,38.09295],[127.42167,38.093],[127.4216,38.09302],[127.42156,38.09309],[127.4214,38.09307],[127.42137,38.09318],[127.42123,38.09319],[127.42123,38.09327],[127.4213,38.09332],[127.42135,38.09332],[127.42134,38.09338],[127.42114,38.09335],[127.42111,38.09346],[127.42095,38.0935],[127.42095,38.09357],[127.42104,38.09361],[127.42104,38.09366],[127.42102,38.09377],[127.42093,38.09377]]]}},{"type":"Feature","properties":{"valleyId":"baegun","layer":"cast","date":"2026-08-01","timeLocal":"17:00"},"geometry":{"type":"Polygon","coordinates":[[[127.41958,38.09177],[127.4196,38.0916],[127.4197,38.09155],[127.41979,38.09155],[127.41981,38.09152],[127.41981,38.09135],[127.42,38.09132],[127.42002,38.09127],[127.42027,38.09127],[127.42032,38.09123],[127.42043,38.09122],[127.42046,38.09118],[127.42062,38.09118],[127.42069,38.09097],[127.42078,38.09097],[127.42078,38.09101],[127.42092,38.09104],[127.42092,38.09108],[127.42101,38.09114],[127.421,38.09121],[127.42109,38.09125],[127.42109,38.09134],[127.42086,38.09133],[127.42077,38.09138],[127.42075,38.09153],[127.4205,38.09153],[127.42045,38.09158],[127.4204,38.09158],[127.4204,38.09161],[127.42008,38.09161],[127.41985,38.09177],[127.41958,38.09177]]]}},{"type":"Feature","properties":{"valleyId":"baegun","layer":"cast","date":"2026-08-01","timeLocal":"17:00"},"geometry":{"type":"Polygon","coordinates":[[[127.41503,38.09097],[127.41504,38.09089],[127.41508,38.09088],[127.4152,38.09088],[127.41524,38.09091],[127.41524,38.09097],[127.41503,38.09097]]]}},{"type":"Feature","properties":{"valleyId":"baegun","layer":"cast","date":"2026-08-01","timeLocal":"17:00"},"geometry":{"type":"Polygon","coordinates":[[[127.42839,38.09134],[127.42839,38.09129],[127.42844,38.09129],[127.42846,38.0912],[127.42844,38.09104],[127.42851,38.09104],[127.42855,38.09129],[127.42846,38.09129],[127.42846,38.09134],[127.42839,38.09134]]]}},{"type":"Feature","properties":{"valleyId":"baegun","layer":"cast","date":"2026-08-01","timeLocal":"17:00"},"geometry":{"type":"Polygon","coordinates":[[[127.41936,38.09138],[127.41936,38.09135],[127.41927,38.09131],[127.41918,38.09131],[127.41918,38.09135],[127.41911,38.09134],[127.41909,38.09124],[127.41875,38.09125],[127.41875,38.0912],[127.41882,38.09114],[127.41886,38.09114],[127.41893,38.09107],[127.41893,38.091],[127.41884,38.09098],[127.41884,38.09093],[127.41907,38.09091],[127.41912,38.09097],[127.41918,38.09099],[127.41943,38.09099],[127.41943,38.09138],[127.41936,38.09138]]]}},{"type":"Feature","properties":{"valleyId":"baegun","layer":"cast","date":"2026-08-01","timeLocal":"17:00"},"geometry":{"type":"Polygon","coordinates":[[[127.41836,38.09097],[127.41837,38.09088],[127.41843,38.09088],[127.41843,38.09097],[127.41836,38.09097]]]}},{"type":"Feature","properties":{"valleyId":"baegun","layer":"cast","date":"2026-08-01","timeLocal":"17:00"},"geometry":{"type":"Polygon","coordinates":[[[127.39581,38.0907],[127.39579,38.09056],[127.39589,38.09054],[127.39588,38.09071],[127.39581,38.0907]]]}},{"type":"Feature","properties":{"valleyId":"baegun","layer":"cast","date":"2026-08-01","timeLocal":"17:00"},"geometry":{"type":"Polygon","coordinates":[[[127.41536,38.09086],[127.41536,38.09081],[127.41542,38.09081],[127.41542,38.09086],[127.41536,38.09086]]]}},{"type":"Feature","properties":{"valleyId":"baegun","layer":"cast","date":"2026-08-01","timeLocal":"17:00"},"geometry":{"type":"Polygon","coordinates":[[[127.4144,38.09083],[127.41438,38.09076],[127.41445,38.0907],[127.41451,38.09071],[127.41451,38.09078],[127.41447,38.0908],[127.41447,38.09083],[127.4144,38.09083]]]}},{"type":"Feature","properties":{"valleyId":"baegun","layer":"cast","date":"2026-08-01","timeLocal":"17:00"},"geometry":{"type":"Polygon","coordinates":[[[127.41467,38.09109],[127.41467,38.091],[127.41462,38.091],[127.41462,38.09092],[127.41453,38.09092],[127.41453,38.09085],[127.41458,38.09081],[127.41458,38.09065],[127.41468,38.09067],[127.41467,38.09085],[127.41476,38.09085],[127.41476,38.09091],[127.41469,38.09094],[127.41469,38.091],[127.41476,38.091],[127.41476,38.09109],[127.41467,38.09109]]]}},{"type":"Feature","properties":{"valleyId":"baegun","layer":"cast","date":"2026-08-01","timeLocal":"17:00"},"geometry":{"type":"Polygon","coordinates":[[[127.42906,38.09534],[127.42908,38.09523],[127.42904,38.09506],[127.4292,38.09498],[127.42923,38.09487],[127.4293,38.09482],[127.42936,38.09482],[127.42948,38.09475],[127.42946,38.09457],[127.42955,38.09451],[127.42955,38.09448],[127.42962,38.09448],[127.42962,38.09466],[127.42976,38.09468],[127.42982,38.09473],[127.42991,38.09473],[127.42992,38.09466],[127.4298,38.09462],[127.4298,38.09457],[127.42985,38.09455],[127.42987,38.09448],[127.42988,38.09439],[127.42981,38.09435],[127.42981,38.09426],[127.43024,38.09423],[127.43027,38.09416],[127.43036,38.09411],[127.43034,38.09398],[127.43043,38.09397],[127.43043,38.09393],[127.4305,38.09388],[127.43057,38.09388],[127.43062,38.09382],[127.43069,38.09381],[127.43069,38.09377],[127.4308,38.09368],[127.43085,38.09368],[127.43087,38.09354],[127.43095,38.09343],[127.43101,38.09341],[127.43104,38.09332],[127.43108,38.09331],[127.43113,38.0932],[127.43111,38.09297],[127.43121,38.09293],[127.43126,38.09279],[127.43135,38.09275],[127.43137,38.09263],[127.43142,38.09259],[127.4314,38.09246],[127.43145,38.09243],[127.43145,38.09227],[127.43149,38.09227],[127.43159,38.0922],[127.43157,38.09202],[127.43161,38.09198],[127.43162,38.09185],[127.43157,38.09182],[127.43148,38.09182],[127.43148,38.09176],[127.43144,38.09173],[127.43146,38.09156],[127.43137,38.09156],[127.43138,38.09145],[127.4314,38.0914],[127.43147,38.09138],[127.43147,38.09133],[127.43133,38.09131],[127.43133,38.09124],[127.43143,38.09122],[127.43145,38.09111],[127.4315,38.0911],[127.43148,38.09086],[127.43155,38.09086],[127.43164,38.09097],[127.43163,38.09112],[127.43156,38.09113],[127.43156,38.09128],[127.43163,38.09133],[127.43163,38.09139],[127.43154,38.09142],[127.43155,38.09164],[127.4316,38.09164],[127.4316,38.09167],[127.43171,38.09168],[127.4318,38.09171],[127.4318,38.09175],[127.43189,38.09182],[127.43191,38.09202],[127.43196,38.09206],[127.43193,38.09226],[127.43186,38.09233],[127.4319,38.09258],[127.43171,38.09265],[127.43169,38.0929],[127.43164,38.09294],[127.4315,38.09295],[127.4315,38.09299],[127.43143,38.09299],[127.43143,38.09304],[127.43155,38.09304],[127.43161,38.0931],[127.4317,38.0931],[127.4317,38.09323],[127.43177,38.09326],[127.43177,38.09342],[127.43172,38.09344],[127.43172,38.0935],[127.43163,38.09349],[127.43163,38.09333],[127.43159,38.09321],[127.43147,38.09322],[127.4314,38.09328],[127.4314,38.09331],[127.43131,38.09333],[127.43124,38.0934],[127.43124,38.09347],[127.43117,38.09351],[127.43117,38.09356],[127.43108,38.0936],[127.43107,38.09378],[127.431,38.09385],[127.431,38.09394],[127.43096,38.09394],[127.43095,38.09404],[127.43086,38.0941],[127.43079,38.0941],[127.43079,38.0942],[127.43063,38.0942],[127.43061,38.09435],[127.43047,38.0944],[127.43044,38.09447],[127.43017,38.09448],[127.43017,38.09461],[127.4301,38.09465],[127.4301,38.09474],[127.43005,38.09474],[127.42996,38.09484],[127.42987,38.09484],[127.42984,38.09489],[127.42975,38.09495],[127.42975,38.095],[127.42961,38.095],[127.42959,38.09495],[127.42945,38.09493],[127.4295,38.09511],[127.4294,38.09514],[127.4294,38.09527],[127.42915,38.09526],[127.42913,38.09534],[127.42906,38.09534]]]}},{"type":"Feature","properties":{"valleyId":"baegun","layer":"cast","date":"2026-08-01","timeLocal":"17:00"},"geometry":{"type":"Polygon","coordinates":[[[127.39598,38.09042],[127.39598,38.09035],[127.39605,38.09035],[127.39605,38.09042],[127.39598,38.09042]]]}},{"type":"Feature","properties":{"valleyId":"baegun","layer":"cast","date":"2026-08-01","timeLocal":"17:00"},"geometry":{"type":"Polygon","coordinates":[[[127.42972,38.09087],[127.42972,38.0908],[127.42979,38.0908],[127.42981,38.09088],[127.42972,38.09087]]]}},{"type":"Feature","properties":{"valleyId":"baegun","layer":"cast","date":"2026-08-01","timeLocal":"17:00"},"geometry":{"type":"Polygon","coordinates":[[[127.43273,38.09111],[127.43271,38.09102],[127.43282,38.09095],[127.43282,38.09092],[127.43292,38.09088],[127.43296,38.09083],[127.43308,38.09083],[127.43307,38.09092],[127.43296,38.09092],[127.43291,38.09101],[127.43282,38.09102],[127.4328,38.09111],[127.43273,38.09111]]]}},{"type":"Feature","properties":{"valleyId":"baegun","layer":"cast","date":"2026-08-01","timeLocal":"17:00"},"geometry":{"type":"Polygon","coordinates":[[[127.42988,38.09089],[127.42986,38.09079],[127.43,38.09079],[127.43,38.0909],[127.42988,38.09089]]]}},{"type":"Feature","properties":{"valleyId":"baegun","layer":"cast","date":"2026-08-01","timeLocal":"17:00"},"geometry":{"type":"Polygon","coordinates":[[[127.43034,38.09095],[127.43032,38.0909],[127.43027,38.0909],[127.43025,38.09077],[127.43036,38.09077],[127.43041,38.09096],[127.43034,38.09095]]]}},{"type":"Feature","properties":{"valleyId":"baegun","layer":"cast","date":"2026-08-01","timeLocal":"17:00"},"geometry":{"type":"Polygon","coordinates":[[[127.42852,38.0907],[127.42852,38.09062],[127.42859,38.09062],[127.42859,38.0907],[127.42852,38.0907]]]}},{"type":"Feature","properties":{"valleyId":"baegun","layer":"cast","date":"2026-08-01","timeLocal":"17:00"},"geometry":{"type":"Polygon","coordinates":[[[127.4188,38.09066],[127.41881,38.09055],[127.41887,38.09053],[127.41888,38.09048],[127.41897,38.09048],[127.41899,38.0906],[127.41894,38.0906],[127.41889,38.09066],[127.4188,38.09066]]]}},{"type":"Feature","properties":{"valleyId":"baegun","layer":"cast","date":"2026-08-01","timeLocal":"17:00"},"geometry":{"type":"Polygon","coordinates":[[[127.43306,38.0907],[127.43306,38.09065],[127.43313,38.09065],[127.43312,38.0907],[127.43306,38.0907]]]}},{"type":"Feature","properties":{"valleyId":"baegun","layer":"cast","date":"2026-08-01","timeLocal":"17:00"},"geometry":{"type":"Polygon","coordinates":[[[127.39605,38.09028],[127.3961,38.09013],[127.39617,38.09013],[127.39612,38.09028],[127.39605,38.09028]]]}},{"type":"Feature","properties":{"valleyId":"baegun","layer":"cast","date":"2026-08-01","timeLocal":"17:00"},"geometry":{"type":"Polygon","coordinates":[[[127.42795,38.09063],[127.42795,38.09054],[127.42807,38.09055],[127.42806,38.09064],[127.42795,38.09063]]]}},{"type":"Feature","properties":{"valleyId":"baegun","layer":"cast","date":"2026-08-01","timeLocal":"17:00"},"geometry":{"type":"Polygon","coordinates":[[[127.43139,38.09064],[127.43139,38.09059],[127.43146,38.09059],[127.43146,38.09064],[127.43139,38.09064]]]}},{"type":"Feature","properties":{"valleyId":"baegun","layer":"cast","date":"2026-08-01","timeLocal":"17:00"},"geometry":{"type":"Polygon","coordinates":[[[127.42234,38.09058],[127.42234,38.09052],[127.4225,38.09047],[127.42257,38.09035],[127.42266,38.09033],[127.42266,38.09058],[127.42234,38.09058]]]}},{"type":"Feature","properties":{"valleyId":"baegun","layer":"cast","date":"2026-08-01","timeLocal":"17:00"},"geometry":{"type":"Polygon","coordinates":[[[127.42852,38.09055],[127.42852,38.0905],[127.42848,38.09046],[127.42848,38.09041],[127.42855,38.09041],[127.42855,38.09044],[127.42859,38.09046],[127.42859,38.09055],[127.42852,38.09055]]]}},{"type":"Feature","properties":{"valleyId":"baegun","layer":"cast","date":"2026-08-01","timeLocal":"17:00"},"geometry":{"type":"Polygon","coordinates":[[[127.42204,38.09066],[127.42202,38.09059],[127.42182,38.09055],[127.42182,38.09034],[127.42178,38.0903],[127.42171,38.0903],[127.42169,38.09017],[127.42176,38.09017],[127.42175,38.09023],[127.42189,38.09025],[127.42198,38.09032],[127.42198,38.09045],[127.42207,38.09045],[127.42214,38.0905],[127.42218,38.0905],[127.42218,38.09066],[127.42204,38.09066]]]}},{"type":"Feature","properties":{"valleyId":"baegun","layer":"cast","date":"2026-08-01","timeLocal":"17:00"},"geometry":{"type":"Polygon","coordinates":[[[127.416,38.09078],[127.416,38.09069],[127.41581,38.09071],[127.41575,38.0906],[127.41561,38.09059],[127.41561,38.09047],[127.41564,38.09043],[127.41582,38.09045],[127.41589,38.09044],[127.41594,38.09036],[127.41605,38.09037],[127.41608,38.09028],[127.41621,38.09017],[127.41622,38.09004],[127.41635,38.09005],[127.41634,38.09059],[127.41627,38.0906],[127.41623,38.09066],[127.41616,38.09066],[127.41609,38.09071],[127.41609,38.09078],[127.416,38.09078]]]}},{"type":"Feature","properties":{"valleyId":"baegun","layer":"cast","date":"2026-08-01","timeLocal":"17:00"},"geometry":{"type":"Polygon","coordinates":[[[127.39565,38.09],[127.3956,38.08998],[127.3956,38.08994],[127.39556,38.08994],[127.39556,38.08989],[127.39565,38.08987],[127.39565,38.08982],[127.39558,38.08982],[127.39558,38.08976],[127.3957,38.08975],[127.3957,38.08971],[127.39586,38.08971],[127.39602,38.08984],[127.39599,38.08993],[127.39581,38.09],[127.39565,38.09]],[[127.39576,38.08991],[127.39583,38.08991],[127.39586,38.08982],[127.39574,38.0898],[127.39576,38.08991]]]}},{"type":"Feature","properties":{"valleyId":"baegun","layer":"cast","date":"2026-08-01","timeLocal":"17:00"},"geometry":{"type":"Polygon","coordinates":[[[127.41512,38.0901],[127.41512,38.09005],[127.41521,38.08999],[127.41524,38.08994],[127.41549,38.08996],[127.41544,38.09007],[127.41512,38.0901]]]}},{"type":"Feature","properties":{"valleyId":"baegun","layer":"cast","date":"2026-08-01","timeLocal":"17:00"},"geometry":{"type":"Polygon","coordinates":[[[127.41459,38.09022],[127.4146,38.09015],[127.41448,38.09013],[127.41446,38.09004],[127.41439,38.09002],[127.41439,38.08997],[127.41453,38.08995],[127.41455,38.08991],[127.41462,38.08991],[127.41462,38.08995],[127.41471,38.08995],[127.41478,38.08986],[127.41488,38.08986],[127.41489,38.0901],[127.41505,38.0901],[127.41505,38.09017],[127.41487,38.09017],[127.41487,38.09012],[127.4148,38.09011],[127.41478,38.09019],[127.41471,38.09019],[127.41471,38.09022],[127.41459,38.09022]]]}},{"type":"Feature","properties":{"valleyId":"baegun","layer":"cast","date":"2026-08-01","timeLocal":"17:00"},"geometry":{"type":"Polygon","coordinates":[[[127.39611,38.08972],[127.39604,38.08961],[127.39605,38.08952],[127.39618,38.0895],[127.39618,38.08972],[127.39611,38.08972]]]}},{"type":"Feature","properties":{"valleyId":"baegun","layer":"cast","date":"2026-08-01","timeLocal":"17:00"},"geometry":{"type":"Polygon","coordinates":[[[127.41469,38.08977],[127.4147,38.08972],[127.41479,38.0897],[127.41479,38.08977],[127.41469,38.08977]]]}},{"type":"Feature","properties":{"valleyId":"baegun","layer":"cast","date":"2026-08-01","timeLocal":"17:00"},"geometry":{"type":"Polygon","coordinates":[[[127.42048,38.0899],[127.42049,38.08987],[127.4203,38.08988],[127.4203,38.08981],[127.4204,38.08976],[127.42049,38.08976],[127.42055,38.08981],[127.42055,38.0899],[127.42048,38.0899]]]}},{"type":"Feature","properties":{"valleyId":"baegun","layer":"cast","date":"2026-08-01","timeLocal":"17:00"},"geometry":{"type":"Polygon","coordinates":[[[127.41604,38.08999],[127.41567,38.08995],[127.41567,38.08989],[127.4157,38.08986],[127.41576,38.08986],[127.41581,38.08991],[127.41592,38.0899],[127.41595,38.08984],[127.41615,38.08986],[127.41627,38.08974],[127.41643,38.08972],[127.41645,38.08969],[127.41659,38.08969],[127.41659,38.0898],[127.41652,38.0898],[127.41652,38.08996],[127.41604,38.08999]]]}},{"type":"Feature","properties":{"valleyId":"baegun","layer":"cast","date":"2026-08-01","timeLocal":"17:00"},"geometry":{"type":"Polygon","coordinates":[[[127.4204,38.0906],[127.42038,38.09048],[127.42011,38.09046],[127.42004,38.0904],[127.41977,38.09042],[127.41979,38.09052],[127.41963,38.0905],[127.41963,38.09043],[127.41952,38.09029],[127.41952,38.09023],[127.41966,38.09022],[127.41966,38.09025],[127.41972,38.09025],[127.41973,38.0902],[127.41966,38.0902],[127.41966,38.09016],[127.4195,38.09012],[127.41948,38.08989],[127.41944,38.08987],[127.41944,38.08973],[127.41955,38.08973],[127.41955,38.08982],[127.41962,38.08984],[127.41964,38.08989],[127.41973,38.08991],[127.41973,38.08997],[127.41991,38.08997],[127.41989,38.08986],[127.41998,38.08986],[127.42014,38.08992],[127.42014,38.08999],[127.42071,38.09001],[127.42082,38.09016],[127.42096,38.09016],[127.421,38.09022],[127.42105,38.09022],[127.42111,38.09029],[127.42118,38.09031],[127.4212,38.09051],[127.42111,38.09056],[127.42093,38.09052],[127.42086,38.09047],[127.42086,38.09041],[127.42075,38.09032],[127.42059,38.09032],[127.42052,38.09034],[127.42052,38.09039],[127.42061,38.09041],[127.42066,38.09045],[127.42065,38.0905],[127.42054,38.09052],[127.42054,38.09061],[127.4204,38.0906]]]}},{"type":"Feature","properties":{"valleyId":"baegun","layer":"cast","date":"2026-08-01","timeLocal":"17:00"},"geometry":{"type":"Polygon","coordinates":[[[127.39621,38.08947],[127.39621,38.08941],[127.3963,38.0894],[127.3963,38.08945],[127.39621,38.08947]]]}},{"type":"Feature","properties":{"valleyId":"baegun","layer":"cast","date":"2026-08-01","timeLocal":"17:00"},"geometry":{"type":"Polygon","coordinates":[[[127.43324,38.09054],[127.43318,38.0904],[127.43318,38.09031],[127.43304,38.09027],[127.43305,38.09011],[127.43289,38.09002],[127.43291,38.08991],[127.43287,38.08989],[127.43287,38.08983],[127.43294,38.08984],[127.43296,38.08978],[127.43305,38.08978],[127.43305,38.08991],[127.43328,38.08991],[127.43327,38.09022],[127.43334,38.09027],[127.43334,38.09038],[127.43331,38.09054],[127.43324,38.09054]]]}},{"type":"Feature","properties":{"valleyId":"baegun","layer":"cast","date":"2026-08-01","timeLocal":"17:00"},"geometry":{"type":"Polygon","coordinates":[[[127.42217,38.08982],[127.42217,38.08978],[127.42211,38.08978],[127.42206,38.08964],[127.42216,38.08964],[127.42215,38.08967],[127.42222,38.08967],[127.42224,38.08975],[127.42229,38.08977],[127.42229,38.08982],[127.42217,38.08982]]]}},{"type":"Feature","properties":{"valleyId":"baegun","layer":"cast","date":"2026-08-01","timeLocal":"17:00"},"geometry":{"type":"Polygon","coordinates":[[[127.43002,38.09073],[127.43002,38.09068],[127.4298,38.09068],[127.42979,38.09071],[127.42973,38.09071],[127.42973,38.09066],[127.4298,38.09066],[127.42978,38.09055],[127.42994,38.0905],[127.42999,38.09034],[127.42992,38.09028],[127.42992,38.09014],[127.42988,38.0901],[127.42986,38.08999],[127.42979,38.08994],[127.42979,38.08987],[127.4297,38.08979],[127.4297,38.08974],[127.42979,38.08974],[127.42984,38.08983],[127.43,38.08987],[127.43004,38.08998],[127.43008,38.08998],[127.43004,38.09012],[127.43029,38.09018],[127.43026,38.09034],[127.43037,38.09036],[127.43037,38.09058],[127.43018,38.09059],[127.43018,38.09068],[127.43009,38.09068],[127.43009,38.09073],[127.43002,38.09073]]]}},{"type":"Feature","properties":{"valleyId":"baegun","layer":"cast","date":"2026-08-01","timeLocal":"17:00"},"geometry":{"type":"Polygon","coordinates":[[[127.39632,38.0894],[127.3963,38.08927],[127.39639,38.08925],[127.39639,38.0894],[127.39632,38.0894]]]}},{"type":"Feature","properties":{"valleyId":"baegun","layer":"cast","date":"2026-08-01","timeLocal":"17:00"},"geometry":{"type":"Polygon","coordinates":[[[127.42469,38.08967],[127.42469,38.08962],[127.42476,38.08962],[127.42475,38.08967],[127.42469,38.08967]]]}},{"type":"Feature","properties":{"valleyId":"baegun","layer":"cast","date":"2026-08-01","timeLocal":"17:00"},"geometry":{"type":"Polygon","coordinates":[[[127.41983,38.08961],[127.41983,38.08953],[127.4199,38.08953],[127.4199,38.08961],[127.41983,38.08961]]]}},{"type":"Feature","properties":{"valleyId":"baegun","layer":"cast","date":"2026-08-01","timeLocal":"17:00"},"geometry":{"type":"Polygon","coordinates":[[[127.42022,38.08958],[127.42022,38.0895],[127.42029,38.0895],[127.42029,38.08958],[127.42022,38.08958]]]}},{"type":"Feature","properties":{"valleyId":"baegun","layer":"cast","date":"2026-08-01","timeLocal":"17:00"},"geometry":{"type":"Polygon","coordinates":[[[127.42952,38.0897],[127.42952,38.08961],[127.42959,38.08961],[127.42959,38.0897],[127.42952,38.0897]]]}},{"type":"Feature","properties":{"valleyId":"baegun","layer":"cast","date":"2026-08-01","timeLocal":"17:00"},"geometry":{"type":"Polygon","coordinates":[[[127.43273,38.08983],[127.43273,38.08972],[127.4328,38.08973],[127.43281,38.08964],[127.4329,38.08964],[127.43289,38.08973],[127.43283,38.08973],[127.4328,38.08983],[127.43273,38.08983]]]}},{"type":"Feature","properties":{"valleyId":"baegun","layer":"cast","date":"2026-08-01","timeLocal":"17:00"},"geometry":{"type":"Polygon","coordinates":[[[127.42708,38.08972],[127.42708,38.08961],[127.42713,38.0896],[127.42713,38.08956],[127.42733,38.08958],[127.42733,38.08967],[127.42738,38.08967],[127.42738,38.08973],[127.42731,38.08972],[127.42731,38.08969],[127.42724,38.08967],[127.42715,38.08967],[127.42715,38.08972],[127.42708,38.08972]]]}},{"type":"Feature","properties":{"valleyId":"baegun","layer":"cast","date":"2026-08-01","timeLocal":"17:00"},"geometry":{"type":"Polygon","coordinates":[[[127.41536,38.0896],[127.41518,38.08953],[127.41514,38.0894],[127.41523,38.0894],[127.41523,38.08945],[127.41541,38.08949],[127.41545,38.0896],[127.41536,38.0896]]]}},{"type":"Feature","properties":{"valleyId":"baegun","layer":"cast","date":"2026-08-01","timeLocal":"17:00"},"geometry":{"type":"Polygon","coordinates":[[[127.42013,38.0895],[127.42013,38.08943],[127.4202,38.08943],[127.4202,38.0895],[127.42013,38.0895]]]}},{"type":"Feature","properties":{"valleyId":"baegun","layer":"cast","date":"2026-08-01","timeLocal":"17:00"},"geometry":{"type":"Polygon","coordinates":[[[127.43114,38.08961],[127.43114,38.08956],[127.43121,38.08956],[127.43121,38.08961],[127.43114,38.08961]]]}},{"type":"Feature","properties":{"valleyId":"baegun","layer":"cast","date":"2026-08-01","timeLocal":"17:00"},"geometry":{"type":"Polygon","coordinates":[[[127.42154,38.0895],[127.42152,38.08943],[127.42161,38.08941],[127.42163,38.0895],[127.42154,38.0895]]]}},{"type":"Feature","properties":{"valleyId":"baegun","layer":"cast","date":"2026-08-01","timeLocal":"17:00"},"geometry":{"type":"Polygon","coordinates":[[[127.41628,38.08945],[127.41628,38.08938],[127.41616,38.08938],[127.41616,38.0893],[127.4163,38.08931],[127.41632,38.08934],[127.41637,38.08934],[127.41637,38.08943],[127.41628,38.08945]]]}},{"type":"Feature","properties":{"valleyId":"baegun","layer":"cast","date":"2026-08-01","timeLocal":"17:00"},"geometry":{"type":"Polygon","coordinates":[[[127.42843,38.08956],[127.42841,38.08947],[127.42848,38.08947],[127.4285,38.08956],[127.42843,38.08956]]]}},{"type":"Feature","properties":{"valleyId":"baegun","layer":"cast","date":"2026-08-01","timeLocal":"17:00"},"geometry":{"type":"Polygon","coordinates":[[[127.42011,38.08938],[127.42011,38.08932],[127.42016,38.0893],[127.42016,38.08927],[127.4202,38.08927],[127.4202,38.08923],[127.42034,38.08923],[127.42034,38.08931],[127.42027,38.08931],[127.42018,38.08938],[127.42011,38.08938]]]}},{"type":"Feature","properties":{"valleyId":"baegun","layer":"cast","date":"2026-08-01","timeLocal":"17:00"},"geometry":{"type":"Polygon","coordinates":[[[127.41555,38.08922],[127.41555,38.08917],[127.41562,38.08917],[127.41562,38.08922],[127.41555,38.08922]]]}},{"type":"Feature","properties":{"valleyId":"baegun","layer":"cast","date":"2026-08-01","timeLocal":"17:00"},"geometry":{"type":"Polygon","coordinates":[[[127.42104,38.08964],[127.42099,38.08959],[127.42093,38.08957],[127.42074,38.08958],[127.42065,38.08954],[127.42047,38.08954],[127.42047,38.08931],[127.42052,38.08927],[127.42063,38.08927],[127.42064,38.08922],[127.4207,38.08922],[127.42073,38.08928],[127.42079,38.08928],[127.42082,38.08922],[127.42098,38.08922],[127.42102,38.08928],[127.42111,38.0893],[127.42111,38.08935],[127.42104,38.08937],[127.42104,38.08944],[127.42111,38.08944],[127.42113,38.08948],[127.42113,38.08962],[127.42104,38.08964]]]}},{"type":"Feature","properties":{"valleyId":"baegun","layer":"cast","date":"2026-08-01","timeLocal":"17:00"},"geometry":{"type":"Polygon","coordinates":[[[127.41589,38.08926],[127.41587,38.08923],[127.41573,38.08924],[127.41573,38.08917],[127.4158,38.08912],[127.41587,38.08912],[127.41587,38.08916],[127.41592,38.08916],[127.41594,38.08919],[127.41603,38.08919],[127.41603,38.08925],[127.41589,38.08926]]]}},{"type":"Feature","properties":{"valleyId":"baegun","layer":"cast","date":"2026-08-01","timeLocal":"17:00"},"geometry":{"type":"Polygon","coordinates":[[[127.42702,38.08931],[127.42707,38.08914],[127.42714,38.08915],[127.42714,38.08924],[127.42709,38.08931],[127.42702,38.08931]]]}},{"type":"Feature","properties":{"valleyId":"baegun","layer":"cast","date":"2026-08-01","timeLocal":"17:00"},"geometry":{"type":"Polygon","coordinates":[[[127.42211,38.08953],[127.42211,38.08946],[127.42205,38.08942],[127.42205,38.08938],[127.42189,38.08931],[127.42189,38.08926],[127.42182,38.0892],[127.42182,38.08909],[127.42221,38.08908],[127.42239,38.08923],[127.42243,38.08942],[127.42252,38.08944],[127.42252,38.0895],[127.42248,38.08952],[127.42227,38.08949],[127.4222,38.08953],[127.42211,38.08953]]]}},{"type":"Feature","properties":{"valleyId":"baegun","layer":"cast","date":"2026-08-01","timeLocal":"17:00"},"geometry":{"type":"Polygon","coordinates":[[[127.39616,38.08851],[127.39616,38.08842],[127.39623,38.08842],[127.39623,38.08851],[127.39616,38.08851]]]}},{"type":"Feature","properties":{"valleyId":"baegun","layer":"cast","date":"2026-08-01","timeLocal":"17:00"},"geometry":{"type":"Polygon","coordinates":[[[127.41663,38.0887],[127.41663,38.08864],[127.41668,38.08863],[127.41686,38.08863],[127.41686,38.08868],[127.41663,38.0887]]]}},{"type":"Feature","properties":{"valleyId":"baegun","layer":"cast","date":"2026-08-01","timeLocal":"17:00"},"geometry":{"type":"Polygon","coordinates":[[[127.43175,38.0889],[127.43175,38.08881],[127.43182,38.08881],[127.43182,38.0889],[127.43175,38.0889]]]}},{"type":"Feature","properties":{"valleyId":"baegun","layer":"cast","date":"2026-08-01","timeLocal":"17:00"},"geometry":{"type":"Polygon","coordinates":[[[127.42852,38.0887],[127.42852,38.08864],[127.42858,38.08864],[127.42858,38.0887],[127.42852,38.0887]]]}},{"type":"Feature","properties":{"valleyId":"baegun","layer":"cast","date":"2026-08-01","timeLocal":"17:00"},"geometry":{"type":"Polygon","coordinates":[[[127.42818,38.08939],[127.42818,38.0893],[127.42807,38.08923],[127.42805,38.08898],[127.4281,38.08894],[127.42813,38.08864],[127.42817,38.08862],[127.4282,38.08855],[127.42827,38.08855],[127.42827,38.08862],[127.42833,38.08867],[127.42828,38.08885],[127.42833,38.08885],[127.42833,38.08896],[127.42837,38.08898],[127.42839,38.08914],[127.42832,38.08922],[127.42832,38.08938],[127.42818,38.08939]]]}},{"type":"Feature","properties":{"valleyId":"baegun","layer":"cast","date":"2026-08-01","timeLocal":"17:00"},"geometry":{"type":"Polygon","coordinates":[[[127.39979,38.0882],[127.39979,38.08815],[127.39986,38.08815],[127.39986,38.0882],[127.39979,38.0882]]]}},{"type":"Feature","properties":{"valleyId":"baegun","layer":"cast","date":"2026-08-01","timeLocal":"17:00"},"geometry":{"type":"Polygon","coordinates":[[[127.4313,38.08862],[127.43128,38.08855],[127.43135,38.08855],[127.43137,38.08863],[127.4313,38.08862]]]}},{"type":"Feature","properties":{"valleyId":"baegun","layer":"cast","date":"2026-08-01","timeLocal":"17:00"},"geometry":{"type":"Polygon","coordinates":[[[127.41637,38.08835],[127.41635,38.08828],[127.41646,38.08828],[127.41646,38.08833],[127.41637,38.08835]]]}},{"type":"Feature","properties":{"valleyId":"baegun","layer":"cast","date":"2026-08-01","timeLocal":"17:00"},"geometry":{"type":"Polygon","coordinates":[[[127.42549,38.08844],[127.42549,38.08838],[127.42554,38.08835],[127.42563,38.08835],[127.4256,38.08842],[127.42549,38.08844]]]}},{"type":"Feature","properties":{"valleyId":"baegun","layer":"cast","date":"2026-08-01","timeLocal":"17:00"},"geometry":{"type":"Polygon","coordinates":[[[127.42505,38.08847],[127.42503,38.08834],[127.42515,38.08834],[127.42517,38.08845],[127.42505,38.08847]]]}},{"type":"Feature","properties":{"valleyId":"baegun","layer":"cast","date":"2026-08-01","timeLocal":"17:00"},"geometry":{"type":"Polygon","coordinates":[[[127.41418,38.0882],[127.41414,38.08814],[127.41405,38.0881],[127.41403,38.08801],[127.41423,38.08803],[127.41425,38.0882],[127.41418,38.0882]]]}},{"type":"Feature","properties":{"valleyId":"baegun","layer":"cast","date":"2026-08-01","timeLocal":"17:00"},"geometry":{"type":"Polygon","coordinates":[[[127.41389,38.08805],[127.41389,38.08799],[127.41398,38.088],[127.41398,38.08805],[127.41389,38.08805]]]}},{"type":"Feature","properties":{"valleyId":"baegun","layer":"cast","date":"2026-08-01","timeLocal":"17:00"},"geometry":{"type":"Polygon","coordinates":[[[127.43409,38.08834],[127.43409,38.08825],[127.43416,38.08825],[127.43416,38.08834],[127.43409,38.08834]]]}},{"type":"Feature","properties":{"valleyId":"baegun","layer":"cast","date":"2026-08-01","timeLocal":"17:00"},"geometry":{"type":"Polygon","coordinates":[[[127.43067,38.08827],[127.43065,38.0882],[127.43074,38.08818],[127.43076,38.08827],[127.43067,38.08827]]]}},{"type":"Feature","properties":{"valleyId":"baegun","layer":"cast","date":"2026-08-01","timeLocal":"17:00"},"geometry":{"type":"Polygon","coordinates":[[[127.42262,38.09015],[127.42265,38.09006],[127.42269,38.09006],[127.4227,38.08993],[127.42274,38.08986],[127.42288,38.08976],[127.42295,38.08974],[127.42295,38.08967],[127.42284,38.08963],[127.42284,38.08952],[127.42298,38.08949],[127.42307,38.08942],[127.4231,38.08922],[127.42317,38.08915],[127.42313,38.08902],[127.42313,38.08893],[127.42317,38.08889],[127.42318,38.08868],[127.42311,38.0886],[127.42309,38.08851],[127.42312,38.08821],[127.42305,38.08817],[127.42306,38.08808],[127.42317,38.08806],[127.42319,38.08821],[127.42328,38.08823],[127.42332,38.08834],[127.42362,38.0884],[127.42369,38.08843],[127.42407,38.08844],[127.42407,38.08853],[127.42414,38.08855],[127.42414,38.08862],[127.42411,38.08865],[127.42407,38.08865],[127.42407,38.08871],[127.42382,38.08872],[127.4237,38.08881],[127.42352,38.08884],[127.42345,38.0889],[127.42345,38.08899],[127.42356,38.08901],[127.42358,38.08908],[127.42337,38.0892],[127.42337,38.08951],[127.42307,38.08951],[127.42307,38.08961],[127.42302,38.08961],[127.42301,38.09005],[127.42283,38.09004],[127.42281,38.09011],[127.42269,38.09011],[127.42269,38.09015],[127.42262,38.09015]]]}},{"type":"Feature","properties":{"valleyId":"baegun","layer":"cast","date":"2026-08-01","timeLocal":"17:00"},"geometry":{"type":"Polygon","coordinates":[[[127.42344,38.08818],[127.42344,38.08805],[127.42351,38.08805],[127.42351,38.08818],[127.42344,38.08818]]]}},{"type":"Feature","properties":{"valleyId":"baegun","layer":"cast","date":"2026-08-01","timeLocal":"17:00"},"geometry":{"type":"Polygon","coordinates":[[[127.42374,38.08813],[127.42372,38.088],[127.42379,38.088],[127.42381,38.08813],[127.42374,38.08813]]]}},{"type":"Feature","properties":{"valleyId":"baegun","layer":"cast","date":"2026-08-01","timeLocal":"17:00"},"geometry":{"type":"Polygon","coordinates":[[[127.40839,38.08803],[127.40835,38.08781],[127.40838,38.08778],[127.40847,38.08778],[127.40848,38.08803],[127.40839,38.08803]]]}},{"type":"Feature","properties":{"valleyId":"baegun","layer":"cast","date":"2026-08-01","timeLocal":"17:00"},"geometry":{"type":"Polygon","coordinates":[[[127.42741,38.08807],[127.42741,38.08801],[127.42748,38.08801],[127.42748,38.08807],[127.42741,38.08807]]]}},{"type":"Feature","properties":{"valleyId":"baegun","layer":"cast","date":"2026-08-01","timeLocal":"17:00"},"geometry":{"type":"Polygon","coordinates":[[[127.40844,38.08776],[127.40845,38.08761],[127.40852,38.08761],[127.40851,38.08776],[127.40844,38.08776]]]}},{"type":"Feature","properties":{"valleyId":"baegun","layer":"cast","date":"2026-08-01","timeLocal":"17:00"},"geometry":{"type":"Polygon","coordinates":[[[127.42831,38.08853],[127.42837,38.08819],[127.42851,38.08805],[127.42849,38.08787],[127.42856,38.08787],[127.4286,38.08792],[127.42865,38.08792],[127.42871,38.0881],[127.42866,38.08814],[127.42866,38.08819],[127.42859,38.08821],[127.42859,38.08832],[127.42854,38.08839],[127.42841,38.08842],[127.42843,38.08853],[127.42831,38.08853]]]}},{"type":"Feature","properties":{"valleyId":"baegun","layer":"cast","date":"2026-08-01","timeLocal":"17:00"},"geometry":{"type":"Polygon","coordinates":[[[127.39955,38.08757],[127.39956,38.08744],[127.3996,38.0874],[127.39967,38.0874],[127.39967,38.08757],[127.39955,38.08757]]]}},{"type":"Feature","properties":{"valleyId":"baegun","layer":"cast","date":"2026-08-01","timeLocal":"17:00"},"geometry":{"type":"Polygon","coordinates":[[[127.41736,38.0877],[127.41736,38.08763],[127.41741,38.08761],[127.41741,38.08757],[127.41748,38.08757],[127.41748,38.08768],[127.41736,38.0877]]]}},{"type":"Feature","properties":{"valleyId":"baegun","layer":"cast","date":"2026-08-01","timeLocal":"17:00"},"geometry":{"type":"Polygon","coordinates":[[[127.4178,38.08763],[127.4178,38.08756],[127.41787,38.08756],[127.41787,38.08763],[127.4178,38.08763]]]}},{"type":"Feature","properties":{"valleyId":"baegun","layer":"cast","date":"2026-08-01","timeLocal":"17:00"},"geometry":{"type":"Polygon","coordinates":[[[127.42911,38.08775],[127.42911,38.08769],[127.42918,38.08769],[127.42917,38.08775],[127.42911,38.08775]]]}},{"type":"Feature","properties":{"valleyId":"baegun","layer":"cast","date":"2026-08-01","timeLocal":"17:00"},"geometry":{"type":"Polygon","coordinates":[[[127.41816,38.0878],[127.41809,38.08764],[127.41798,38.08763],[127.41798,38.08751],[127.41812,38.08753],[127.41812,38.08756],[127.41819,38.08758],[127.41818,38.08764],[127.41823,38.08764],[127.41823,38.0878],[127.41816,38.0878]]]}},{"type":"Feature","properties":{"valleyId":"baegun","layer":"cast","date":"2026-08-01","timeLocal":"17:00"},"geometry":{"type":"Polygon","coordinates":[[[127.43043,38.08775],[127.43043,38.08768],[127.4305,38.08768],[127.4305,38.08775],[127.43043,38.08775]]]}},{"type":"Feature","properties":{"valleyId":"baegun","layer":"cast","date":"2026-08-01","timeLocal":"17:00"},"geometry":{"type":"Polygon","coordinates":[[[127.41789,38.08754],[127.41789,38.08749],[127.41796,38.08749],[127.41796,38.08754],[127.41789,38.08754]]]}},{"type":"Feature","properties":{"valleyId":"baegun","layer":"cast","date":"2026-08-01","timeLocal":"17:00"},"geometry":{"type":"Polygon","coordinates":[[[127.4186,38.08757],[127.41858,38.0875],[127.41876,38.08746],[127.41876,38.08752],[127.41869,38.08757],[127.4186,38.08757]]]}},{"type":"Feature","properties":{"valleyId":"baegun","layer":"cast","date":"2026-08-01","timeLocal":"17:00"},"geometry":{"type":"Polygon","coordinates":[[[127.42361,38.08757],[127.42361,38.08751],[127.42368,38.08751],[127.42368,38.08757],[127.42361,38.08757]]]}},{"type":"Feature","properties":{"valleyId":"baegun","layer":"cast","date":"2026-08-01","timeLocal":"17:00"},"geometry":{"type":"Polygon","coordinates":[[[127.41695,38.08883],[127.41688,38.08872],[127.41689,38.08865],[127.41698,38.08865],[127.41698,38.08859],[127.41693,38.08859],[127.41694,38.08847],[127.41698,38.08841],[127.41701,38.08816],[127.4171,38.08816],[127.41706,38.08802],[127.41715,38.088],[127.41715,38.08804],[127.41724,38.08804],[127.41724,38.08798],[127.41713,38.08798],[127.41708,38.08787],[127.41695,38.08787],[127.41692,38.08791],[127.41677,38.08789],[127.41674,38.088],[127.41654,38.08798],[127.41654,38.08792],[127.41658,38.0879],[127.41666,38.08769],[127.41672,38.08769],[127.41675,38.08776],[127.41681,38.08776],[127.41679,38.08762],[127.41691,38.08762],[127.41695,38.08757],[127.41702,38.08757],[127.41703,38.08741],[127.41712,38.08739],[127.41721,38.08743],[127.41721,38.08752],[127.41725,38.08753],[127.41723,38.08768],[127.41729,38.08772],[127.41729,38.08777],[127.41738,38.08777],[127.41741,38.08781],[127.41757,38.08779],[127.41758,38.08795],[127.41752,38.08795],[127.41745,38.08806],[127.41735,38.08811],[127.41737,38.08826],[127.41733,38.08826],[127.41732,38.08847],[127.41723,38.08853],[127.41723,38.08862],[127.41705,38.08861],[127.41704,38.08867],[127.41714,38.08869],[127.41713,38.08879],[127.41709,38.08883],[127.41695,38.08883]],[[127.417,38.0878],[127.41709,38.0878],[127.41716,38.08775],[127.41716,38.0877],[127.41707,38.08768],[127.417,38.08773],[127.417,38.0878]]]}},{"type":"Feature","properties":{"valleyId":"baegun","layer":"cast","date":"2026-08-01","timeLocal":"17:00"},"geometry":{"type":"Polygon","coordinates":[[[127.4347,38.08764],[127.4347,38.08757],[127.43474,38.08753],[127.43481,38.08754],[127.43476,38.08764],[127.4347,38.08764]]]}},{"type":"Feature","properties":{"valleyId":"baegun","layer":"cast","date":"2026-08-01","timeLocal":"17:00"},"geometry":{"type":"Polygon","coordinates":[[[127.39952,38.08717],[127.39954,38.08702],[127.39961,38.08703],[127.39959,38.08717],[127.39952,38.08717]]]}},{"type":"Feature","properties":{"valleyId":"baegun","layer":"cast","date":"2026-08-01","timeLocal":"17:00"},"geometry":{"type":"Polygon","coordinates":[[[127.42963,38.08752],[127.42957,38.08747],[127.42957,38.08741],[127.42966,38.08741],[127.42966,38.08745],[127.4297,38.08747],[127.4297,38.08752],[127.42963,38.08752]]]}},{"type":"Feature","properties":{"valleyId":"baegun","layer":"cast","date":"2026-08-01","timeLocal":"17:00"},"geometry":{"type":"Polygon","coordinates":[[[127.41876,38.08745],[127.41876,38.08723],[127.41883,38.08723],[127.41885,38.08743],[127.41876,38.08745]]]}},{"type":"Feature","properties":{"valleyId":"baegun","layer":"cast","date":"2026-08-01","timeLocal":"17:00"},"geometry":{"type":"Polygon","coordinates":[[[127.42207,38.08744],[127.42205,38.0872],[127.42212,38.0872],[127.42213,38.08744],[127.42207,38.08744]]]}},{"type":"Feature","properties":{"valleyId":"baegun","layer":"cast","date":"2026-08-01","timeLocal":"17:00"},"geometry":{"type":"Polygon","coordinates":[[[127.42913,38.08755],[127.42916,38.08739],[127.42921,38.08735],[127.42916,38.08721],[127.42923,38.08721],[127.42934,38.0873],[127.42934,38.08744],[127.42922,38.08751],[127.42922,38.08755],[127.42913,38.08755]]]}},{"type":"Feature","properties":{"valleyId":"baegun","layer":"cast","date":"2026-08-01","timeLocal":"17:00"},"geometry":{"type":"Polygon","coordinates":[[[127.42198,38.08717],[127.42201,38.08706],[127.42207,38.08706],[127.42205,38.08717],[127.42198,38.08717]]]}},{"type":"Feature","properties":{"valleyId":"baegun","layer":"cast","date":"2026-08-01","timeLocal":"17:00"},"geometry":{"type":"Polygon","coordinates":[[[127.42449,38.08713],[127.42449,38.08707],[127.42456,38.08707],[127.42456,38.08713],[127.42449,38.08713]]]}},{"type":"Feature","properties":{"valleyId":"baegun","layer":"cast","date":"2026-08-01","timeLocal":"17:00"},"geometry":{"type":"Polygon","coordinates":[[[127.42909,38.08721],[127.42907,38.08712],[127.42914,38.08712],[127.42916,38.08721],[127.42909,38.08721]]]}},{"type":"Feature","properties":{"valleyId":"baegun","layer":"cast","date":"2026-08-01","timeLocal":"17:00"},"geometry":{"type":"Polygon","coordinates":[[[127.4259,38.08825],[127.42593,38.08794],[127.42589,38.08788],[127.42589,38.08772],[127.42592,38.0876],[127.42599,38.08754],[127.42594,38.08738],[127.42599,38.08731],[127.42604,38.08731],[127.42606,38.08727],[127.42617,38.08728],[127.42618,38.08722],[127.42608,38.08722],[127.42608,38.08717],[127.42618,38.08717],[127.4262,38.08713],[127.42625,38.08713],[127.42629,38.08706],[127.42636,38.08706],[127.42635,38.08739],[127.42631,38.08744],[127.42631,38.08753],[127.42619,38.0876],[127.42619,38.08767],[127.42623,38.08767],[127.42623,38.08776],[127.42616,38.08782],[127.42616,38.08792],[127.42609,38.08798],[127.42599,38.08823],[127.4259,38.08825]]]}},{"type":"Feature","properties":{"valleyId":"baegun","layer":"cast","date":"2026-08-01","timeLocal":"17:00"},"geometry":{"type":"Polygon","coordinates":[[[127.42739,38.08715],[127.42739,38.08706],[127.42748,38.08706],[127.42748,38.08713],[127.42739,38.08715]]]}},{"type":"Feature","properties":{"valleyId":"baegun","layer":"cast","date":"2026-08-01","timeLocal":"17:00"},"geometry":{"type":"Polygon","coordinates":[[[127.42815,38.0877],[127.42806,38.08752],[127.42799,38.08748],[127.42802,38.08735],[127.42797,38.08734],[127.428,38.08721],[127.42795,38.08717],[127.42794,38.08703],[127.428,38.08703],[127.42805,38.08707],[127.42805,38.08712],[127.42809,38.08712],[127.42811,38.08719],[127.42816,38.08721],[127.42815,38.08743],[127.42811,38.08745],[127.42811,38.0875],[127.42818,38.08754],[127.42822,38.08765],[127.42822,38.0877],[127.42815,38.0877]]]}},{"type":"Feature","properties":{"valleyId":"baegun","layer":"cast","date":"2026-08-01","timeLocal":"17:00"},"geometry":{"type":"Polygon","coordinates":[[[127.39522,38.08664],[127.39522,38.08657],[127.39529,38.08657],[127.39529,38.08664],[127.39522,38.08664]]]}},{"type":"Feature","properties":{"valleyId":"baegun","layer":"cast","date":"2026-08-01","timeLocal":"17:00"},"geometry":{"type":"Polygon","coordinates":[[[127.41501,38.08687],[127.41501,38.08675],[127.41515,38.08679],[127.41512,38.08686],[127.41501,38.08687]]]}},{"type":"Feature","properties":{"valleyId":"baegun","layer":"cast","date":"2026-08-01","timeLocal":"17:00"},"geometry":{"type":"Polygon","coordinates":[[[127.43495,38.08754],[127.43495,38.08748],[127.43499,38.08748],[127.43513,38.08736],[127.43514,38.08729],[127.43518,38.08725],[127.43518,38.08716],[127.43528,38.08696],[127.43533,38.08693],[127.43539,38.08693],[127.43539,38.08724],[127.4353,38.08725],[127.43527,38.08736],[127.4352,38.08745],[127.43516,38.08745],[127.43511,38.0875],[127.43502,38.08754],[127.43495,38.08754]]]}},{"type":"Feature","properties":{"valleyId":"baegun","layer":"cast","date":"2026-08-01","timeLocal":"17:00"},"geometry":{"type":"Polygon","coordinates":[[[127.41473,38.08716],[127.41466,38.08714],[127.41467,38.08687],[127.4146,38.08687],[127.4146,38.0868],[127.41467,38.0868],[127.41467,38.08676],[127.41478,38.08669],[127.41478,38.08665],[127.41485,38.0866],[127.41495,38.0866],[127.41497,38.08673],[127.4149,38.08673],[127.41487,38.08678],[127.41469,38.08682],[127.41469,38.08687],[127.41489,38.08685],[127.41489,38.08694],[127.41498,38.08698],[127.41498,38.08704],[127.41487,38.08703],[127.41487,38.08711],[127.4148,38.08716],[127.41473,38.08716]]]}},{"type":"Feature","properties":{"valleyId":"baegun","layer":"cast","date":"2026-08-01","timeLocal":"17:00"},"geometry":{"type":"Polygon","coordinates":[[[127.42769,38.08685],[127.42769,38.08676],[127.42778,38.08676],[127.42778,38.08683],[127.42769,38.08685]]]}},{"type":"Feature","properties":{"valleyId":"baegun","layer":"cast","date":"2026-08-01","timeLocal":"17:00"},"geometry":{"type":"Polygon","coordinates":[[[127.41285,38.08665],[127.41282,38.08661],[127.41276,38.08661],[127.41276,38.08654],[127.41292,38.08652],[127.41292,38.08665],[127.41285,38.08665]]]}},{"type":"Feature","properties":{"valleyId":"baegun","layer":"cast","date":"2026-08-01","timeLocal":"17:00"},"geometry":{"type":"Polygon","coordinates":[[[127.39511,38.08633],[127.39511,38.08628],[127.39518,38.08628],[127.39518,38.08633],[127.39511,38.08633]]]}},{"type":"Feature","properties":{"valleyId":"baegun","layer":"cast","date":"2026-08-01","timeLocal":"17:00"},"geometry":{"type":"Polygon","coordinates":[[[127.41296,38.08652],[127.41296,38.08647],[127.41303,38.08647],[127.41303,38.08652],[127.41296,38.08652]]]}},{"type":"Feature","properties":{"valleyId":"baegun","layer":"cast","date":"2026-08-01","timeLocal":"17:00"},"geometry":{"type":"Polygon","coordinates":[[[127.42482,38.08673],[127.4248,38.08664],[127.42482,38.08661],[127.42489,38.08661],[127.42489,38.08674],[127.42482,38.08673]]]}},{"type":"Feature","properties":{"valleyId":"baegun","layer":"cast","date":"2026-08-01","timeLocal":"17:00"},"geometry":{"type":"Polygon","coordinates":[[[127.42846,38.087],[127.42839,38.08689],[127.4283,38.08685],[127.42826,38.08676],[127.42797,38.0866],[127.42797,38.08654],[127.42822,38.08658],[127.42826,38.08667],[127.42837,38.08675],[127.42847,38.08675],[127.42847,38.08669],[127.42854,38.08669],[127.42858,38.08673],[127.4286,38.087],[127.42846,38.087]]]}},{"type":"Feature","properties":{"valleyId":"baegun","layer":"cast","date":"2026-08-01","timeLocal":"17:00"},"geometry":{"type":"Polygon","coordinates":[[[127.42733,38.08657],[127.42733,38.0865],[127.4274,38.0865],[127.4274,38.08657],[127.42733,38.08657]]]}},{"type":"Feature","properties":{"valleyId":"baegun","layer":"cast","date":"2026-08-01","timeLocal":"17:00"},"geometry":{"type":"Polygon","coordinates":[[[127.41848,38.08651],[127.41848,38.08647],[127.4183,38.08649],[127.41828,38.08641],[127.41817,38.08641],[127.41817,38.08636],[127.41851,38.08634],[127.41851,38.08645],[127.41855,38.08645],[127.41855,38.08651],[127.41848,38.08651]]]}},{"type":"Feature","properties":{"valleyId":"baegun","layer":"cast","date":"2026-08-01","timeLocal":"17:00"},"geometry":{"type":"Polygon","coordinates":[[[127.42781,38.08654],[127.42776,38.0865],[127.42777,38.08645],[127.42786,38.08645],[127.42786,38.08649],[127.4279,38.08649],[127.4279,38.08654],[127.42781,38.08654]]]}},{"type":"Feature","properties":{"valleyId":"baegun","layer":"cast","date":"2026-08-01","timeLocal":"17:00"},"geometry":{"type":"Polygon","coordinates":[[[127.39678,38.08601],[127.39679,38.08592],[127.39685,38.08592],[127.39685,38.08601],[127.39678,38.08601]]]}},{"type":"Feature","properties":{"valleyId":"baegun","layer":"cast","date":"2026-08-01","timeLocal":"17:00"},"geometry":{"type":"Polygon","coordinates":[[[127.4354,38.08668],[127.4354,38.08652],[127.4355,38.08641],[127.43557,38.08641],[127.43551,38.08663],[127.43547,38.08662],[127.43547,38.08668],[127.4354,38.08668]]]}},{"type":"Feature","properties":{"valleyId":"baegun","layer":"cast","date":"2026-08-01","timeLocal":"17:00"},"geometry":{"type":"Polygon","coordinates":[[[127.42036,38.08631],[127.42034,38.08621],[127.42043,38.08621],[127.42042,38.08632],[127.42036,38.08631]]]}},{"type":"Feature","properties":{"valleyId":"baegun","layer":"cast","date":"2026-08-01","timeLocal":"17:00"},"geometry":{"type":"Polygon","coordinates":[[[127.41885,38.08656],[127.41887,38.08647],[127.41894,38.08644],[127.41897,38.08631],[127.41906,38.0863],[127.41911,38.08617],[127.41922,38.08617],[127.41926,38.08621],[127.4194,38.08623],[127.4194,38.08628],[127.41935,38.08628],[127.41928,38.08635],[127.41922,38.08635],[127.41921,38.08644],[127.41914,38.0865],[127.41901,38.08649],[127.41901,38.08657],[127.41885,38.08656]]]}},{"type":"Feature","properties":{"valleyId":"baegun","layer":"cast","date":"2026-08-01","timeLocal":"17:00"},"geometry":{"type":"Polygon","coordinates":[[[127.42879,38.08637],[127.4287,38.08634],[127.42873,38.08626],[127.42884,38.08627],[127.42893,38.0863],[127.42891,38.08638],[127.42879,38.08637]]]}},{"type":"Feature","properties":{"valleyId":"baegun","layer":"cast","date":"2026-08-01","timeLocal":"17:00"},"geometry":{"type":"Polygon","coordinates":[[[127.41319,38.08636],[127.4132,38.08631],[127.41329,38.08626],[127.41329,38.08618],[127.4132,38.08613],[127.41302,38.08613],[127.41297,38.08607],[127.41297,38.086],[127.41307,38.08598],[127.41309,38.08595],[127.41325,38.08595],[127.41336,38.08604],[127.41348,38.08606],[127.41352,38.08599],[127.41364,38.08599],[127.41363,38.08613],[127.41359,38.08619],[127.41358,38.08626],[127.41352,38.08631],[127.41319,38.08636]]]}},{"type":"Feature","properties":{"valleyId":"baegun","layer":"cast","date":"2026-08-01","timeLocal":"17:00"},"geometry":{"type":"Polygon","coordinates":[[[127.42722,38.08624],[127.42723,38.0861],[127.42732,38.0861],[127.42729,38.08625],[127.42722,38.08624]]]}},{"type":"Feature","properties":{"valleyId":"baegun","layer":"cast","date":"2026-08-01","timeLocal":"17:00"},"geometry":{"type":"Polygon","coordinates":[[[127.41885,38.08622],[127.41883,38.08617],[127.4187,38.08613],[127.4187,38.08609],[127.41865,38.08608],[127.41868,38.08599],[127.41877,38.08599],[127.41879,38.08608],[127.41886,38.08613],[127.41904,38.08613],[127.41901,38.08621],[127.41885,38.08622]]]}},{"type":"Feature","properties":{"valleyId":"baegun","layer":"cast","date":"2026-08-01","timeLocal":"17:00"},"geometry":{"type":"Polygon","coordinates":[[[127.39745,38.08577],[127.39745,38.0857],[127.39752,38.0857],[127.39752,38.08577],[127.39745,38.08577]]]}},{"type":"Feature","properties":{"valleyId":"baegun","layer":"cast","date":"2026-08-01","timeLocal":"17:00"},"geometry":{"type":"Polygon","coordinates":[[[127.43548,38.08625],[127.4355,38.08616],[127.43557,38.08616],[127.43557,38.08625],[127.43548,38.08625]]]}},{"type":"Feature","properties":{"valleyId":"baegun","layer":"cast","date":"2026-08-01","timeLocal":"17:00"},"geometry":{"type":"Polygon","coordinates":[[[127.42412,38.08626],[127.42406,38.08611],[127.42401,38.08609],[127.42406,38.08591],[127.42413,38.08591],[127.42415,38.08611],[127.42419,38.08615],[127.42419,38.08626],[127.42412,38.08626]]]}},{"type":"Feature","properties":{"valleyId":"baegun","layer":"cast","date":"2026-08-01","timeLocal":"17:00"},"geometry":{"type":"Polygon","coordinates":[[[127.42867,38.08664],[127.42861,38.08657],[127.42843,38.08649],[127.42836,38.08644],[127.42829,38.08631],[127.4282,38.08629],[127.42813,38.08624],[127.42814,38.0862],[127.42802,38.08611],[127.42798,38.08611],[127.42789,38.08597],[127.42789,38.08589],[127.42796,38.08589],[127.42796,38.08593],[127.42807,38.08602],[127.42812,38.08602],[127.42818,38.08611],[127.42823,38.08611],[127.4283,38.08619],[127.42836,38.08621],[127.42838,38.08631],[127.42847,38.08637],[127.42854,38.08648],[127.4287,38.08652],[127.42879,38.08657],[127.42879,38.08664],[127.42867,38.08664]]]}},{"type":"Feature","properties":{"valleyId":"baegun","layer":"cast","date":"2026-08-01","timeLocal":"17:00"},"geometry":{"type":"Polygon","coordinates":[[[127.39454,38.08546],[127.39454,38.08541],[127.39461,38.08541],[127.39461,38.08546],[127.39454,38.08546]]]}},{"type":"Feature","properties":{"valleyId":"baegun","layer":"cast","date":"2026-08-01","timeLocal":"17:00"},"geometry":{"type":"Polygon","coordinates":[[[127.41549,38.08569],[127.41549,38.08564],[127.41556,38.08564],[127.41556,38.08569],[127.41549,38.08569]]]}},{"type":"Feature","properties":{"valleyId":"baegun","layer":"cast","date":"2026-08-01","timeLocal":"17:00"},"geometry":{"type":"Polygon","coordinates":[[[127.41524,38.08569],[127.41522,38.08561],[127.41529,38.08562],[127.41531,38.08569],[127.41524,38.08569]]]}},{"type":"Feature","properties":{"valleyId":"baegun","layer":"cast","date":"2026-08-01","timeLocal":"17:00"},"geometry":{"type":"Polygon","coordinates":[[[127.42386,38.08569],[127.42386,38.08564],[127.42397,38.08564],[127.42397,38.0857],[127.42386,38.08569]]]}},{"type":"Feature","properties":{"valleyId":"baegun","layer":"cast","date":"2026-08-01","timeLocal":"17:00"},"geometry":{"type":"Polygon","coordinates":[[[127.40845,38.08551],[127.40843,38.08541],[127.40859,38.08545],[127.40858,38.08551],[127.40845,38.08551]]]}},{"type":"Feature","properties":{"valleyId":"baegun","layer":"cast","date":"2026-08-01","timeLocal":"17:00"},"geometry":{"type":"Polygon","coordinates":[[[127.42207,38.08702],[127.42208,38.08686],[127.42213,38.08679],[127.42215,38.08661],[127.42206,38.08655],[127.42204,38.0865],[127.42205,38.08623],[127.42209,38.08618],[127.4221,38.08594],[127.42205,38.08589],[127.42206,38.08578],[127.42215,38.08571],[127.4222,38.0856],[127.42229,38.08558],[127.42229,38.08569],[127.42215,38.0858],[127.42221,38.08602],[127.42218,38.08638],[127.4222,38.08659],[127.42224,38.08661],[127.42226,38.08668],[127.42226,38.08681],[127.42224,38.08692],[127.42214,38.08697],[127.42214,38.08702],[127.42207,38.08702]]]}},{"type":"Feature","properties":{"valleyId":"baegun","layer":"cast","date":"2026-08-01","timeLocal":"17:00"},"geometry":{"type":"Polygon","coordinates":[[[127.42737,38.08563],[127.42737,38.08556],[127.42744,38.08556],[127.42744,38.08563],[127.42737,38.08563]]]}},{"type":"Feature","properties":{"valleyId":"baegun","layer":"cast","date":"2026-08-01","timeLocal":"17:00"},"geometry":{"type":"Polygon","coordinates":[[[127.42418,38.08583],[127.42418,38.0855],[127.42423,38.08547],[127.4243,38.08547],[127.42429,38.08577],[127.42424,38.08579],[127.42424,38.08583],[127.42418,38.08583]]]}},{"type":"Feature","properties":{"valleyId":"baegun","layer":"cast","date":"2026-08-01","timeLocal":"17:00"},"geometry":{"type":"Polygon","coordinates":[[[127.42509,38.08557],[127.42512,38.08548],[127.42519,38.08548],[127.42516,38.08557],[127.42509,38.08557]]]}},{"type":"Feature","properties":{"valleyId":"baegun","layer":"cast","date":"2026-08-01","timeLocal":"17:00"},"geometry":{"type":"Polygon","coordinates":[[[127.39494,38.08599],[127.39494,38.08593],[127.39487,38.08593],[127.39487,38.0859],[127.39483,38.08588],[127.39471,38.08588],[127.39469,38.08582],[127.39464,38.08582],[127.39462,38.08579],[127.39455,38.08578],[127.39455,38.08586],[127.39444,38.08587],[127.39444,38.08578],[127.39455,38.08577],[127.39456,38.08571],[127.39442,38.08566],[127.3944,38.08555],[127.39456,38.08557],[127.39463,38.0855],[127.3947,38.0855],[127.39477,38.08545],[127.39479,38.08528],[127.39486,38.08519],[127.39487,38.08509],[127.39496,38.08509],[127.39496,38.08505],[127.39503,38.08505],[127.39502,38.08512],[127.39493,38.08527],[127.3949,38.08552],[127.39481,38.08552],[127.39481,38.08561],[127.39472,38.08564],[127.39474,38.08577],[127.39478,38.08581],[127.39487,38.08581],[127.39489,38.08586],[127.39496,38.08586],[127.39496,38.08593],[127.39501,38.08594],[127.39501,38.08599],[127.39494,38.08599]]]}},{"type":"Feature","properties":{"valleyId":"baegun","layer":"cast","date":"2026-08-01","timeLocal":"17:00"},"geometry":{"type":"Polygon","coordinates":[[[127.39676,38.08504],[127.39676,38.08499],[127.39683,38.08499],[127.39683,38.08504],[127.39676,38.08504]]]}},{"type":"Feature","properties":{"valleyId":"baegun","layer":"cast","date":"2026-08-01","timeLocal":"17:00"},"geometry":{"type":"Polygon","coordinates":[[[127.41317,38.08521],[127.41318,38.08514],[127.41327,38.08514],[127.41327,38.08521],[127.41317,38.08521]]]}},{"type":"Feature","properties":{"valleyId":"baegun","layer":"cast","date":"2026-08-01","timeLocal":"17:00"},"geometry":{"type":"Polygon","coordinates":[[[127.42136,38.08528],[127.42134,38.08519],[127.42141,38.08519],[127.42143,38.08528],[127.42136,38.08528]]]}},{"type":"Feature","properties":{"valleyId":"baegun","layer":"cast","date":"2026-08-01","timeLocal":"17:00"},"geometry":{"type":"Polygon","coordinates":[[[127.42019,38.08556],[127.42015,38.08545],[127.42013,38.0851],[127.42022,38.08511],[127.42024,38.08516],[127.42024,38.08538],[127.42028,38.08556],[127.42019,38.08556]]]}},{"type":"Feature","properties":{"valleyId":"baegun","layer":"cast","date":"2026-08-01","timeLocal":"17:00"},"geometry":{"type":"Polygon","coordinates":[[[127.42229,38.08555],[127.42231,38.08539],[127.42248,38.08526],[127.42248,38.08514],[127.42257,38.08512],[127.42257,38.08524],[127.42243,38.08539],[127.42243,38.08551],[127.42229,38.08555]]]}},{"type":"Feature","properties":{"valleyId":"baegun","layer":"cast","date":"2026-08-01","timeLocal":"17:00"},"geometry":{"type":"Polygon","coordinates":[[[127.43573,38.08607],[127.43569,38.08603],[127.43569,38.08598],[127.43573,38.08594],[127.43574,38.08584],[127.43581,38.08578],[127.43585,38.08578],[127.43585,38.08571],[127.4359,38.08569],[127.43592,38.08559],[127.43584,38.08544],[127.43572,38.08544],[127.43568,38.08526],[127.43577,38.08526],[127.43577,38.0853],[127.43595,38.08541],[127.43595,38.08546],[127.43602,38.08548],[127.43602,38.08557],[127.43606,38.08559],[127.43606,38.08562],[127.43611,38.08562],[127.4361,38.08589],[127.43592,38.08593],[127.43587,38.08607],[127.43573,38.08607]]]}},{"type":"Feature","properties":{"valleyId":"baegun","layer":"cast","date":"2026-08-01","timeLocal":"17:00"},"geometry":{"type":"Polygon","coordinates":[[[127.42127,38.08514],[127.42125,38.08497],[127.42132,38.08498],[127.42136,38.08514],[127.42127,38.08514]]]}},{"type":"Feature","properties":{"valleyId":"baegun","layer":"cast","date":"2026-08-01","timeLocal":"17:00"},"geometry":{"type":"Polygon","coordinates":[[[127.42428,38.08543],[127.42428,38.08532],[127.42435,38.08527],[127.42435,38.08502],[127.42442,38.08502],[127.42444,38.08527],[127.42437,38.08532],[127.42437,38.08541],[127.42428,38.08543]]]}},{"type":"Feature","properties":{"valleyId":"baegun","layer":"cast","date":"2026-08-01","timeLocal":"17:00"},"geometry":{"type":"Polygon","coordinates":[[[127.42029,38.08509],[127.42029,38.08503],[127.42025,38.08493],[127.42034,38.08493],[127.42038,38.085],[127.42038,38.08507],[127.42029,38.08509]]]}},{"type":"Feature","properties":{"valleyId":"baegun","layer":"cast","date":"2026-08-01","timeLocal":"17:00"},"geometry":{"type":"Polygon","coordinates":[[[127.42102,38.08499],[127.42102,38.08494],[127.42109,38.08494],[127.42109,38.08499],[127.42102,38.08499]]]}},{"type":"Feature","properties":{"valleyId":"baegun","layer":"cast","date":"2026-08-01","timeLocal":"17:00"},"geometry":{"type":"Polygon","coordinates":[[[127.41366,38.08485],[127.41366,38.0848],[127.41382,38.08478],[127.41382,38.08484],[127.41366,38.08485]]]}},{"type":"Feature","properties":{"valleyId":"baegun","layer":"cast","date":"2026-08-01","timeLocal":"17:00"},"geometry":{"type":"Polygon","coordinates":[[[127.39246,38.08442],[127.39246,38.08435],[127.39251,38.08435],[127.39251,38.08442],[127.39246,38.08442]]]}},{"type":"Feature","properties":{"valleyId":"baegun","layer":"cast","date":"2026-08-01","timeLocal":"17:00"},"geometry":{"type":"Polygon","coordinates":[[[127.42418,38.08474],[127.42415,38.08465],[127.42425,38.08465],[127.42424,38.08474],[127.42418,38.08474]]]}},{"type":"Feature","properties":{"valleyId":"baegun","layer":"cast","date":"2026-08-01","timeLocal":"17:00"},"geometry":{"type":"Polygon","coordinates":[[[127.42673,38.08557],[127.42667,38.08555],[127.42667,38.08543],[127.4266,38.08537],[127.42653,38.08537],[127.42654,38.08532],[127.42663,38.08532],[127.42667,38.08525],[127.42679,38.08519],[127.42677,38.08498],[127.42668,38.0849],[127.42668,38.08478],[127.4268,38.08478],[127.4268,38.08467],[127.42687,38.08467],[127.42689,38.08489],[127.42693,38.08491],[127.42693,38.08498],[127.427,38.08505],[127.42699,38.08523],[127.42695,38.08523],[127.4269,38.0853],[127.42685,38.08554],[127.4268,38.08554],[127.4268,38.08557],[127.42673,38.08557]]]}},{"type":"Feature","properties":{"valleyId":"baegun","layer":"cast","date":"2026-08-01","timeLocal":"17:00"},"geometry":{"type":"Polygon","coordinates":[[[127.42048,38.08462],[127.42049,38.08457],[127.42055,38.08457],[127.42055,38.08462],[127.42048,38.08462]]]}},{"type":"Feature","properties":{"valleyId":"baegun","layer":"cast","date":"2026-08-01","timeLocal":"17:00"},"geometry":{"type":"Polygon","coordinates":[[[127.43525,38.08522],[127.4352,38.08516],[127.43521,38.08495],[127.43528,38.08495],[127.43528,38.08475],[127.43535,38.08475],[127.43537,38.08506],[127.4353,38.08509],[127.43532,38.08522],[127.43525,38.08522]]]}},{"type":"Feature","properties":{"valleyId":"baegun","layer":"cast","date":"2026-08-01","timeLocal":"17:00"},"geometry":{"type":"Polygon","coordinates":[[[127.4198,38.08463],[127.41982,38.08454],[127.41994,38.08454],[127.41996,38.08463],[127.4198,38.08463]]]}},{"type":"Feature","properties":{"valleyId":"baegun","layer":"cast","date":"2026-08-01","timeLocal":"17:00"},"geometry":{"type":"Polygon","coordinates":[[[127.41962,38.08461],[127.41957,38.0845],[127.41967,38.08448],[127.41969,38.08461],[127.41962,38.08461]]]}},{"type":"Feature","properties":{"valleyId":"baegun","layer":"cast","date":"2026-08-01","timeLocal":"17:00"},"geometry":{"type":"Polygon","coordinates":[[[127.41919,38.08444],[127.41921,38.08435],[127.41937,38.08435],[127.41937,38.08443],[127.41919,38.08444]]]}},{"type":"Feature","properties":{"valleyId":"baegun","layer":"cast","date":"2026-08-01","timeLocal":"17:00"},"geometry":{"type":"Polygon","coordinates":[[[127.42669,38.08447],[127.42667,38.08433],[127.42674,38.08433],[127.42676,38.08447],[127.42669,38.08447]]]}},{"type":"Feature","properties":{"valleyId":"baegun","layer":"cast","date":"2026-08-01","timeLocal":"17:00"},"geometry":{"type":"Polygon","coordinates":[[[127.42666,38.08463],[127.4263,38.08441],[127.42628,38.08434],[127.42624,38.08432],[127.42626,38.08425],[127.42633,38.08425],[127.42633,38.08432],[127.4264,38.08432],[127.42649,38.08445],[127.42676,38.08456],[127.42676,38.08463],[127.42666,38.08463]]]}},{"type":"Feature","properties":{"valleyId":"baegun","layer":"cast","date":"2026-08-01","timeLocal":"17:00"},"geometry":{"type":"Polygon","coordinates":[[[127.43807,38.08543],[127.43807,38.08527],[127.43805,38.08522],[127.43798,38.08522],[127.43799,38.08509],[127.43813,38.08502],[127.4382,38.08491],[127.4382,38.08482],[127.43824,38.08481],[127.43823,38.08439],[127.43832,38.08439],[127.43838,38.08475],[127.43829,38.08486],[127.43824,38.08506],[127.43808,38.08511],[127.43808,38.0852],[127.43814,38.0852],[127.43814,38.08543],[127.43807,38.08543]]]}},{"type":"Feature","properties":{"valleyId":"baegun","layer":"cast","date":"2026-08-01","timeLocal":"17:00"},"geometry":{"type":"Polygon","coordinates":[[[127.43187,38.08438],[127.43187,38.08434],[127.43182,38.08434],[127.43183,38.08427],[127.43189,38.08427],[127.43189,38.08432],[127.43194,38.08432],[127.43194,38.08438],[127.43187,38.08438]]]}},{"type":"Feature","properties":{"valleyId":"baegun","layer":"cast","date":"2026-08-01","timeLocal":"17:00"},"geometry":{"type":"Polygon","coordinates":[[[127.42034,38.08397],[127.42034,38.08392],[127.42041,38.08392],[127.42041,38.08397],[127.42034,38.08397]]]}},{"type":"Feature","properties":{"valleyId":"baegun","layer":"cast","date":"2026-08-01","timeLocal":"17:00"},"geometry":{"type":"Polygon","coordinates":[[[127.42337,38.08399],[127.42335,38.08392],[127.42346,38.08392],[127.42346,38.084],[127.42337,38.08399]]]}},{"type":"Feature","properties":{"valleyId":"baegun","layer":"cast","date":"2026-08-01","timeLocal":"17:00"},"geometry":{"type":"Polygon","coordinates":[[[127.43272,38.08405],[127.43272,38.08399],[127.43279,38.08399],[127.43279,38.08405],[127.43272,38.08405]]]}},{"type":"Feature","properties":{"valleyId":"baegun","layer":"cast","date":"2026-08-01","timeLocal":"17:00"},"geometry":{"type":"Polygon","coordinates":[[[127.43552,38.08408],[127.43548,38.08399],[127.43543,38.08398],[127.43548,38.08383],[127.43542,38.08381],[127.43542,38.08372],[127.43546,38.08369],[127.43553,38.08369],[127.43553,38.08372],[127.43558,38.08372],[127.43558,38.0838],[127.43571,38.08382],[127.43571,38.08389],[127.43564,38.08392],[127.43564,38.08407],[127.43552,38.08408]]]}},{"type":"Feature","properties":{"valleyId":"baegun","layer":"cast","date":"2026-08-01","timeLocal":"17:00"},"geometry":{"type":"Polygon","coordinates":[[[127.43264,38.08354],[127.43264,38.08343],[127.43271,38.08343],[127.43271,38.08354],[127.43264,38.08354]]]}},{"type":"Feature","properties":{"valleyId":"baegun","layer":"cast","date":"2026-08-01","timeLocal":"17:00"},"geometry":{"type":"Polygon","coordinates":[[[127.42345,38.08333],[127.42345,38.08327],[127.42357,38.08328],[127.42357,38.08333],[127.42345,38.08333]]]}},{"type":"Feature","properties":{"valleyId":"baegun","layer":"cast","date":"2026-08-01","timeLocal":"17:00"},"geometry":{"type":"Polygon","coordinates":[[[127.42327,38.08322],[127.42327,38.08316],[127.42337,38.08316],[127.42336,38.08322],[127.42327,38.08322]]]}},{"type":"Feature","properties":{"valleyId":"baegun","layer":"cast","date":"2026-08-01","timeLocal":"17:00"},"geometry":{"type":"Polygon","coordinates":[[[127.40657,38.08288],[127.40657,38.08283],[127.40664,38.08283],[127.40663,38.08289],[127.40657,38.08288]]]}},{"type":"Feature","properties":{"valleyId":"baegun","layer":"cast","date":"2026-08-01","timeLocal":"17:00"},"geometry":{"type":"Polygon","coordinates":[[[127.42316,38.08314],[127.423,38.08305],[127.42301,38.08296],[127.42319,38.083],[127.42319,38.08309],[127.42325,38.08309],[127.42325,38.08315],[127.42316,38.08314]]]}},{"type":"Feature","properties":{"valleyId":"baegun","layer":"cast","date":"2026-08-01","timeLocal":"17:00"},"geometry":{"type":"Polygon","coordinates":[[[127.42339,38.08298],[127.42339,38.08289],[127.42349,38.0829],[127.42348,38.08299],[127.42339,38.08298]]]}},{"type":"Feature","properties":{"valleyId":"baegun","layer":"cast","date":"2026-08-01","timeLocal":"17:00"},"geometry":{"type":"Polygon","coordinates":[[[127.41357,38.0828],[127.41357,38.08274],[127.41364,38.08275],[127.41364,38.0828],[127.41357,38.0828]]]}},{"type":"Feature","properties":{"valleyId":"baegun","layer":"cast","date":"2026-08-01","timeLocal":"17:00"},"geometry":{"type":"Polygon","coordinates":[[[127.42292,38.08292],[127.42292,38.08287],[127.42298,38.08287],[127.42298,38.08293],[127.42292,38.08292]]]}},{"type":"Feature","properties":{"valleyId":"baegun","layer":"cast","date":"2026-08-01","timeLocal":"17:00"},"geometry":{"type":"Polygon","coordinates":[[[127.39633,38.08258],[127.39634,38.08247],[127.3964,38.08248],[127.3964,38.08258],[127.39633,38.08258]]]}},{"type":"Feature","properties":{"valleyId":"baegun","layer":"cast","date":"2026-08-01","timeLocal":"17:00"},"geometry":{"type":"Polygon","coordinates":[[[127.43798,38.08316],[127.43803,38.08302],[127.43812,38.083],[127.43812,38.08311],[127.43808,38.08311],[127.43805,38.08316],[127.43798,38.08316]]]}},{"type":"Feature","properties":{"valleyId":"baegun","layer":"cast","date":"2026-08-01","timeLocal":"17:00"},"geometry":{"type":"Polygon","coordinates":[[[127.41412,38.0827],[127.41412,38.08264],[127.41423,38.08265],[127.41423,38.0827],[127.41412,38.0827]]]}},{"type":"Feature","properties":{"valleyId":"baegun","layer":"cast","date":"2026-08-01","timeLocal":"17:00"},"geometry":{"type":"Polygon","coordinates":[[[127.43564,38.08376],[127.43565,38.08358],[127.4356,38.08358],[127.43558,38.08353],[127.43547,38.08349],[127.43547,38.08343],[127.43556,38.08338],[127.43556,38.08329],[127.43563,38.08327],[127.43564,38.08304],[127.43557,38.08295],[127.4356,38.08286],[127.43566,38.08286],[127.43571,38.08304],[127.4357,38.08337],[127.43565,38.08342],[127.43565,38.08351],[127.43569,38.08353],[127.43569,38.08358],[127.43576,38.08365],[127.43576,38.08375],[127.43564,38.08376]]]}},{"type":"Feature","properties":{"valleyId":"baegun","layer":"cast","date":"2026-08-01","timeLocal":"17:00"},"geometry":{"type":"Polygon","coordinates":[[[127.42321,38.08282],[127.4231,38.08275],[127.4231,38.08269],[127.42322,38.08269],[127.42326,38.08275],[127.42331,38.08275],[127.4233,38.08282],[127.42321,38.08282]]]}},{"type":"Feature","properties":{"valleyId":"baegun","layer":"cast","date":"2026-08-01","timeLocal":"17:00"},"geometry":{"type":"Polygon","coordinates":[[[127.41337,38.08267],[127.41332,38.08265],[127.41332,38.0826],[127.41337,38.08258],[127.41337,38.08254],[127.41344,38.08254],[127.41343,38.08267],[127.41337,38.08267]]]}},{"type":"Feature","properties":{"valleyId":"baegun","layer":"cast","date":"2026-08-01","timeLocal":"17:00"},"geometry":{"type":"Polygon","coordinates":[[[127.42285,38.08287],[127.42262,38.08269],[127.42253,38.08265],[127.42253,38.08259],[127.42269,38.08263],[127.42274,38.08271],[127.42292,38.08282],[127.42292,38.08287],[127.42285,38.08287]]]}},{"type":"Feature","properties":{"valleyId":"baegun","layer":"cast","date":"2026-08-01","timeLocal":"17:00"},"geometry":{"type":"Polygon","coordinates":[[[127.42212,38.08263],[127.42212,38.08257],[127.42219,38.08257],[127.42219,38.08263],[127.42212,38.08263]]]}},{"type":"Feature","properties":{"valleyId":"baegun","layer":"cast","date":"2026-08-01","timeLocal":"17:00"},"geometry":{"type":"Polygon","coordinates":[[[127.39625,38.08244],[127.39623,38.0822],[127.3963,38.0822],[127.39631,38.08244],[127.39625,38.08244]]]}},{"type":"Feature","properties":{"valleyId":"baegun","layer":"cast","date":"2026-08-01","timeLocal":"17:00"},"geometry":{"type":"Polygon","coordinates":[[[127.43812,38.08295],[127.43801,38.0828],[127.43799,38.08268],[127.43822,38.08268],[127.43822,38.08295],[127.43812,38.08295]]]}},{"type":"Feature","properties":{"valleyId":"baegun","layer":"cast","date":"2026-08-01","timeLocal":"17:00"},"geometry":{"type":"Polygon","coordinates":[[[127.41337,38.08245],[127.41337,38.0824],[127.41344,38.08238],[127.41344,38.08233],[127.41353,38.08233],[127.41349,38.08244],[127.41337,38.08245]]]}},{"type":"Feature","properties":{"valleyId":"baegun","layer":"cast","date":"2026-08-01","timeLocal":"17:00"},"geometry":{"type":"Polygon","coordinates":[[[127.43763,38.08269],[127.43763,38.08258],[127.43774,38.08258],[127.43777,38.08265],[127.43772,38.08265],[127.43772,38.08269],[127.43763,38.08269]]]}},{"type":"Feature","properties":{"valleyId":"baegun","layer":"cast","date":"2026-08-01","timeLocal":"17:00"},"geometry":{"type":"Polygon","coordinates":[[[127.42475,38.08232],[127.42475,38.08228],[127.42471,38.08226],[127.42471,38.08214],[127.42478,38.08214],[127.42478,38.08221],[127.42482,38.08225],[127.42482,38.08232],[127.42475,38.08232]]]}},{"type":"Feature","properties":{"valleyId":"baegun","layer":"cast","date":"2026-08-01","timeLocal":"17:00"},"geometry":{"type":"Polygon","coordinates":[[[127.43756,38.08253],[127.43747,38.08251],[127.43745,38.08245],[127.43738,38.08245],[127.43741,38.08225],[127.43748,38.08225],[127.43752,38.08233],[127.43759,38.08236],[127.43759,38.0824],[127.43775,38.08247],[127.43782,38.08247],[127.43781,38.08253],[127.43756,38.08253]]]}},{"type":"Feature","properties":{"valleyId":"baegun","layer":"cast","date":"2026-08-01","timeLocal":"17:00"},"geometry":{"type":"Polygon","coordinates":[[[127.3948,38.0817],[127.3948,38.08159],[127.39487,38.08159],[127.39487,38.0817],[127.3948,38.0817]]]}},{"type":"Feature","properties":{"valleyId":"baegun","layer":"cast","date":"2026-08-01","timeLocal":"17:00"},"geometry":{"type":"Polygon","coordinates":[[[127.43561,38.0823],[127.43561,38.08223],[127.43556,38.08223],[127.43557,38.08212],[127.43566,38.08212],[127.43563,38.08223],[127.43568,38.08223],[127.43568,38.0823],[127.43561,38.0823]]]}},{"type":"Feature","properties":{"valleyId":"baegun","layer":"cast","date":"2026-08-01","timeLocal":"17:00"},"geometry":{"type":"Polygon","coordinates":[[[127.42154,38.08233],[127.42149,38.08226],[127.42145,38.08202],[127.42141,38.082],[127.42141,38.08193],[127.42154,38.08197],[127.42152,38.08209],[127.42159,38.08215],[127.42161,38.08226],[127.42161,38.08233],[127.42154,38.08233]]]}},{"type":"Feature","properties":{"valleyId":"baegun","layer":"cast","date":"2026-08-01","timeLocal":"17:00"},"geometry":{"type":"Polygon","coordinates":[[[127.43816,38.08221],[127.43812,38.08219],[127.43812,38.08214],[127.43823,38.08214],[127.43823,38.08221],[127.43816,38.08221]]]}},{"type":"Feature","properties":{"valleyId":"baegun","layer":"cast","date":"2026-08-01","timeLocal":"17:00"},"geometry":{"type":"Polygon","coordinates":[[[127.42473,38.0821],[127.42474,38.08194],[127.42485,38.08192],[127.4248,38.0821],[127.42473,38.0821]]]}},{"type":"Feature","properties":{"valleyId":"baegun","layer":"cast","date":"2026-08-01","timeLocal":"17:00"},"geometry":{"type":"Polygon","coordinates":[[[127.41026,38.0818],[127.41022,38.08173],[127.41022,38.08167],[127.41029,38.08167],[127.41033,38.08171],[127.41033,38.0818],[127.41026,38.0818]]]}},{"type":"Feature","properties":{"valleyId":"baegun","layer":"cast","date":"2026-08-01","timeLocal":"17:00"},"geometry":{"type":"Polygon","coordinates":[[[127.40901,38.08167],[127.40904,38.08153],[127.4091,38.08153],[127.40915,38.08168],[127.40901,38.08167]]]}},{"type":"Feature","properties":{"valleyId":"baegun","layer":"cast","date":"2026-08-01","timeLocal":"17:00"},"geometry":{"type":"Polygon","coordinates":[[[127.43721,38.08196],[127.43721,38.08187],[127.43728,38.08187],[127.43728,38.08196],[127.43721,38.08196]]]}},{"type":"Feature","properties":{"valleyId":"baegun","layer":"cast","date":"2026-08-01","timeLocal":"17:00"},"geometry":{"type":"Polygon","coordinates":[[[127.421,38.08185],[127.42102,38.08176],[127.42109,38.08176],[127.4211,38.08162],[127.42119,38.08162],[127.42116,38.08186],[127.421,38.08185]]]}},{"type":"Feature","properties":{"valleyId":"baegun","layer":"cast","date":"2026-08-01","timeLocal":"17:00"},"geometry":{"type":"Polygon","coordinates":[[[127.39456,38.0813],[127.39456,38.08121],[127.39463,38.08121],[127.39465,38.0813],[127.39456,38.0813]]]}},{"type":"Feature","properties":{"valleyId":"baegun","layer":"cast","date":"2026-08-01","timeLocal":"17:00"},"geometry":{"type":"Polygon","coordinates":[[[127.39668,38.08127],[127.39668,38.08122],[127.39675,38.08122],[127.39675,38.08127],[127.39668,38.08127]]]}},{"type":"Feature","properties":{"valleyId":"baegun","layer":"cast","date":"2026-08-01","timeLocal":"17:00"},"geometry":{"type":"Polygon","coordinates":[[[127.43554,38.0821],[127.43554,38.08201],[127.43548,38.08196],[127.43548,38.0819],[127.43553,38.08187],[127.43551,38.08169],[127.43562,38.08169],[127.43561,38.0821],[127.43554,38.0821]]]}},{"type":"Feature","properties":{"valleyId":"baegun","layer":"cast","date":"2026-08-01","timeLocal":"17:00"},"geometry":{"type":"Polygon","coordinates":[[[127.4136,38.08145],[127.4136,38.08139],[127.41367,38.08139],[127.41367,38.08145],[127.4136,38.08145]]]}},{"type":"Feature","properties":{"valleyId":"baegun","layer":"cast","date":"2026-08-01","timeLocal":"17:00"},"geometry":{"type":"Polygon","coordinates":[[[127.41435,38.08146],[127.41435,38.0814],[127.41449,38.08141],[127.41449,38.08146],[127.41435,38.08146]]]}},{"type":"Feature","properties":{"valleyId":"baegun","layer":"cast","date":"2026-08-01","timeLocal":"17:00"},"geometry":{"type":"Polygon","coordinates":[[[127.40924,38.08155],[127.40922,38.08146],[127.40915,38.08146],[127.4092,38.0813],[127.40929,38.08132],[127.40929,38.08146],[127.40933,38.08148],[127.40933,38.08155],[127.40924,38.08155]]]}},{"type":"Feature","properties":{"valleyId":"baegun","layer":"cast","date":"2026-08-01","timeLocal":"17:00"},"geometry":{"type":"Polygon","coordinates":[[[127.42085,38.08158],[127.42078,38.08154],[127.42078,38.08144],[127.42085,38.08144],[127.42094,38.08153],[127.42094,38.08158],[127.42085,38.08158]]]}},{"type":"Feature","properties":{"valleyId":"baegun","layer":"cast","date":"2026-08-01","timeLocal":"17:00"},"geometry":{"type":"Polygon","coordinates":[[[127.4146,38.08142],[127.41463,38.08135],[127.41472,38.08137],[127.41472,38.08143],[127.4146,38.08142]]]}},{"type":"Feature","properties":{"valleyId":"baegun","layer":"cast","date":"2026-08-01","timeLocal":"17:00"},"geometry":{"type":"Polygon","coordinates":[[[127.41389,38.08158],[127.41389,38.08154],[127.41376,38.08149],[127.41374,38.08132],[127.41383,38.08134],[127.41383,38.08141],[127.41399,38.0814],[127.41398,38.08149],[127.41403,38.08149],[127.41403,38.08156],[127.41389,38.08158]]]}},{"type":"Feature","properties":{"valleyId":"baegun","layer":"cast","date":"2026-08-01","timeLocal":"17:00"},"geometry":{"type":"Polygon","coordinates":[[[127.41613,38.08145],[127.41615,38.0813],[127.41625,38.08128],[127.41622,38.08143],[127.41613,38.08145]]]}},{"type":"Feature","properties":{"valleyId":"baegun","layer":"cast","date":"2026-08-01","timeLocal":"17:00"},"geometry":{"type":"Polygon","coordinates":[[[127.4141,38.08138],[127.4141,38.08127],[127.41415,38.08127],[127.41415,38.08122],[127.41424,38.08122],[127.41424,38.08128],[127.41417,38.08129],[127.41417,38.08138],[127.4141,38.08138]]]}},{"type":"Feature","properties":{"valleyId":"baegun","layer":"cast","date":"2026-08-01","timeLocal":"17:00"},"geometry":{"type":"Polygon","coordinates":[[[127.40984,38.08129],[127.40984,38.08118],[127.40998,38.08116],[127.40998,38.08125],[127.40984,38.08129]]]}},{"type":"Feature","properties":{"valleyId":"baegun","layer":"cast","date":"2026-08-01","timeLocal":"17:00"},"geometry":{"type":"Polygon","coordinates":[[[127.41367,38.08132],[127.4136,38.08127],[127.4136,38.08121],[127.41374,38.08121],[127.41374,38.08132],[127.41367,38.08132]]]}},{"type":"Feature","properties":{"valleyId":"baegun","layer":"cast","date":"2026-08-01","timeLocal":"17:00"},"geometry":{"type":"Polygon","coordinates":[[[127.42524,38.08204],[127.42524,38.08198],[127.42515,38.08193],[127.42516,38.08135],[127.42523,38.08135],[127.42523,38.08142],[127.42527,38.08142],[127.42529,38.08153],[127.42524,38.08178],[127.42531,38.08204],[127.42524,38.08204]]]}},{"type":"Feature","properties":{"valleyId":"baegun","layer":"cast","date":"2026-08-01","timeLocal":"17:00"},"geometry":{"type":"Polygon","coordinates":[[[127.42069,38.08125],[127.42069,38.0812],[127.42076,38.0812],[127.42076,38.08126],[127.42069,38.08125]]]}},{"type":"Feature","properties":{"valleyId":"baegun","layer":"cast","date":"2026-08-01","timeLocal":"17:00"},"geometry":{"type":"Polygon","coordinates":[[[127.42037,38.08125],[127.42035,38.08116],[127.42042,38.08116],[127.42044,38.08125],[127.42037,38.08125]]]}},{"type":"Feature","properties":{"valleyId":"baegun","layer":"cast","date":"2026-08-01","timeLocal":"17:00"},"geometry":{"type":"Polygon","coordinates":[[[127.41586,38.0811],[127.41586,38.08103],[127.41593,38.08103],[127.41595,38.0811],[127.41586,38.0811]]]}},{"type":"Feature","properties":{"valleyId":"baegun","layer":"cast","date":"2026-08-01","timeLocal":"17:00"},"geometry":{"type":"Polygon","coordinates":[[[127.41522,38.08107],[127.41523,38.08093],[127.41534,38.08093],[127.41536,38.08107],[127.41522,38.08107]]]}},{"type":"Feature","properties":{"valleyId":"baegun","layer":"cast","date":"2026-08-01","timeLocal":"17:00"},"geometry":{"type":"Polygon","coordinates":[[[127.43682,38.08116],[127.43682,38.08111],[127.43689,38.08111],[127.43689,38.08116],[127.43682,38.08116]]]}},{"type":"Feature","properties":{"valleyId":"baegun","layer":"cast","date":"2026-08-01","timeLocal":"17:00"},"geometry":{"type":"Polygon","coordinates":[[[127.40568,38.08073],[127.40568,38.08067],[127.40575,38.08067],[127.40575,38.08073],[127.40568,38.08073]]]}},{"type":"Feature","properties":{"valleyId":"baegun","layer":"cast","date":"2026-08-01","timeLocal":"17:00"},"geometry":{"type":"Polygon","coordinates":[[[127.42002,38.08099],[127.41997,38.08096],[127.41986,38.08094],[127.41986,38.08085],[127.41997,38.08085],[127.42004,38.08087],[127.42004,38.0809],[127.42009,38.0809],[127.42008,38.08099],[127.42002,38.08099]]]}},{"type":"Feature","properties":{"valleyId":"baegun","layer":"cast","date":"2026-08-01","timeLocal":"17:00"},"geometry":{"type":"Polygon","coordinates":[[[127.39631,38.08062],[127.39626,38.08055],[127.39627,38.08047],[127.39633,38.08047],[127.39642,38.08057],[127.39642,38.08062],[127.39631,38.08062]]]}},{"type":"Feature","properties":{"valleyId":"baegun","layer":"cast","date":"2026-08-01","timeLocal":"17:00"},"geometry":{"type":"Polygon","coordinates":[[[127.40675,38.08067],[127.40675,38.08058],[127.40682,38.08058],[127.40682,38.08067],[127.40675,38.08067]]]}},{"type":"Feature","properties":{"valleyId":"baegun","layer":"cast","date":"2026-08-01","timeLocal":"17:00"},"geometry":{"type":"Polygon","coordinates":[[[127.39511,38.08439],[127.39506,38.08433],[127.39491,38.08429],[127.3948,38.08402],[127.39475,38.08402],[127.39473,38.08397],[127.39464,38.08397],[127.3946,38.08377],[127.39455,38.08375],[127.39449,38.08364],[127.39449,38.08346],[127.39456,38.08344],[127.39456,38.08339],[127.39452,38.08337],[127.39452,38.08331],[127.39443,38.0833],[127.39443,38.08303],[127.39453,38.08288],[127.39453,38.08279],[127.3946,38.08272],[127.3946,38.0825],[127.39454,38.08243],[127.39454,38.08234],[127.39449,38.08231],[127.39454,38.08218],[127.39461,38.08214],[127.39461,38.08204],[127.39457,38.08202],[127.39459,38.08184],[127.39453,38.0818],[127.39453,38.08173],[127.39462,38.08169],[127.39462,38.08162],[127.39455,38.0816],[127.39451,38.08148],[127.39444,38.08142],[127.39444,38.08137],[127.3944,38.08133],[127.39433,38.08133],[127.39433,38.08122],[127.39429,38.0812],[127.39429,38.08115],[127.3942,38.08108],[127.39415,38.08107],[127.39416,38.08098],[127.39425,38.08097],[127.39425,38.08082],[127.39412,38.0808],[127.39409,38.08084],[127.39402,38.08084],[127.39396,38.08078],[127.39396,38.08071],[127.394,38.08069],[127.39401,38.08055],[127.39399,38.08046],[127.3939,38.08044],[127.39387,38.08037],[127.39397,38.08037],[127.39406,38.08042],[127.39414,38.08055],[127.39419,38.08055],[127.39427,38.08082],[127.39434,38.08083],[127.39441,38.08088],[127.39441,38.08095],[127.39432,38.08097],[127.39431,38.08106],[127.39443,38.0811],[127.39449,38.08131],[127.39454,38.08131],[127.39454,38.08135],[127.39465,38.08135],[127.39467,38.08144],[127.39476,38.08144],[127.39476,38.0815],[127.39472,38.0815],[127.39469,38.08166],[127.39473,38.0817],[127.39475,38.08182],[127.3948,38.08182],[127.3948,38.08188],[127.39484,38.0819],[127.39484,38.08193],[127.39489,38.08193],[127.39491,38.08208],[127.39491,38.08217],[127.39479,38.08218],[127.39479,38.08226],[127.39497,38.08229],[127.39497,38.08258],[127.39492,38.0826],[127.39494,38.08278],[127.39485,38.08283],[127.39477,38.08298],[127.39476,38.08368],[127.39478,38.08375],[127.39494,38.08384],[127.39494,38.08397],[127.39509,38.08399],[127.39509,38.0843],[127.39518,38.08433],[127.39518,38.08439],[127.39511,38.08439]]]}},{"type":"Feature","properties":{"valleyId":"baegun","layer":"cast","date":"2026-08-01","timeLocal":"17:00"},"geometry":{"type":"Polygon","coordinates":[[[127.4148,38.08074],[127.41478,38.08065],[127.41491,38.08064],[127.41489,38.08074],[127.4148,38.08074]]]}},{"type":"Feature","properties":{"valleyId":"baegun","layer":"cast","date":"2026-08-01","timeLocal":"17:00"},"geometry":{"type":"Polygon","coordinates":[[[127.41614,38.08112],[127.416,38.08108],[127.41598,38.08099],[127.41598,38.08094],[127.41607,38.08092],[127.41607,38.08083],[127.41587,38.08083],[127.41585,38.08079],[127.41573,38.08079],[127.41573,38.08074],[127.41587,38.0807],[127.4159,38.08063],[127.41603,38.08065],[127.41603,38.08072],[127.41612,38.08072],[127.41612,38.08076],[127.41617,38.08078],[127.41618,38.081],[127.41623,38.08101],[127.41623,38.08107],[127.4162,38.08112],[127.41614,38.08112]]]}},{"type":"Feature","properties":{"valleyId":"baegun","layer":"cast","date":"2026-08-01","timeLocal":"17:00"},"geometry":{"type":"Polygon","coordinates":[[[127.39378,38.08037],[127.39378,38.08028],[127.39385,38.08028],[127.39385,38.08037],[127.39378,38.08037]]]}},{"type":"Feature","properties":{"valleyId":"baegun","layer":"cast","date":"2026-08-01","timeLocal":"17:00"},"geometry":{"type":"Polygon","coordinates":[[[127.42568,38.08145],[127.42568,38.08138],[127.42573,38.08134],[127.42576,38.08125],[127.42576,38.08094],[127.42567,38.0808],[127.42568,38.08071],[127.42574,38.08071],[127.42583,38.08078],[127.42583,38.08084],[127.42588,38.08087],[127.42587,38.0812],[127.42585,38.08129],[127.42578,38.08134],[127.42577,38.08145],[127.42568,38.08145]]]}},{"type":"Feature","properties":{"valleyId":"baegun","layer":"cast","date":"2026-08-01","timeLocal":"17:00"},"geometry":{"type":"Polygon","coordinates":[[[127.41467,38.0813],[127.41465,38.08117],[127.41452,38.08117],[127.41452,38.08112],[127.41456,38.0811],[127.41457,38.08096],[127.4145,38.0809],[127.41443,38.0809],[127.41436,38.08084],[127.41427,38.08083],[127.414,38.08082],[127.41391,38.08078],[127.41391,38.08073],[127.41402,38.0807],[127.41405,38.08066],[127.41405,38.08055],[127.41426,38.08054],[127.41425,38.08061],[127.4143,38.08061],[127.4143,38.08066],[127.41441,38.08074],[127.41468,38.08074],[127.41468,38.08081],[127.41475,38.08081],[127.41475,38.0809],[127.41482,38.08096],[127.41491,38.08096],[127.41491,38.081],[127.415,38.08102],[127.41499,38.08127],[127.41492,38.0813],[127.41483,38.0813],[127.41481,38.08118],[127.41472,38.08117],[127.41474,38.0813],[127.41467,38.0813]],[[127.41465,38.08116],[127.41472,38.08116],[127.41472,38.08108],[127.41465,38.08108],[127.41465,38.08116]]]}},{"type":"Feature","properties":{"valleyId":"baegun","layer":"cast","date":"2026-08-01","timeLocal":"17:00"},"geometry":{"type":"Polygon","coordinates":[[[127.40755,38.0805],[127.40755,38.08043],[127.40767,38.08043],[127.40767,38.0805],[127.40755,38.0805]]]}},{"type":"Feature","properties":{"valleyId":"baegun","layer":"cast","date":"2026-08-01","timeLocal":"17:00"},"geometry":{"type":"Polygon","coordinates":[[[127.39638,38.08026],[127.39639,38.08019],[127.39645,38.08019],[127.39645,38.08026],[127.39638,38.08026]]]}},{"type":"Feature","properties":{"valleyId":"baegun","layer":"cast","date":"2026-08-01","timeLocal":"17:00"},"geometry":{"type":"Polygon","coordinates":[[[127.43653,38.08078],[127.43653,38.08073],[127.43662,38.08073],[127.43662,38.08078],[127.43653,38.08078]]]}},{"type":"Feature","properties":{"valleyId":"baegun","layer":"cast","date":"2026-08-01","timeLocal":"17:00"},"geometry":{"type":"Polygon","coordinates":[[[127.41551,38.08055],[127.41544,38.08048],[127.4154,38.08048],[127.4154,38.08043],[127.41556,38.08043],[127.41558,38.08055],[127.41551,38.08055]]]}},{"type":"Feature","properties":{"valleyId":"baegun","layer":"cast","date":"2026-08-01","timeLocal":"17:00"},"geometry":{"type":"Polygon","coordinates":[[[127.41657,38.08087],[127.41665,38.08055],[127.41651,38.08048],[127.41652,38.08042],[127.4167,38.08044],[127.41672,38.08048],[127.4169,38.08054],[127.4169,38.08066],[127.41683,38.08068],[127.41683,38.08075],[127.41669,38.08077],[127.41667,38.08086],[127.41657,38.08087]]]}},{"type":"Feature","properties":{"valleyId":"baegun","layer":"cast","date":"2026-08-01","timeLocal":"17:00"},"geometry":{"type":"Polygon","coordinates":[[[127.40812,38.08049],[127.40815,38.08033],[127.40819,38.08033],[127.4082,38.08029],[127.40829,38.08029],[127.40828,38.08042],[127.40819,38.08042],[127.40819,38.08049],[127.40812,38.08049]]]}},{"type":"Feature","properties":{"valleyId":"baegun","layer":"cast","date":"2026-08-01","timeLocal":"17:00"},"geometry":{"type":"Polygon","coordinates":[[[127.40648,38.08036],[127.40649,38.08025],[127.40658,38.08025],[127.4066,38.08036],[127.40648,38.08036]]]}},{"type":"Feature","properties":{"valleyId":"baegun","layer":"cast","date":"2026-08-01","timeLocal":"17:00"},"geometry":{"type":"Polygon","coordinates":[[[127.41403,38.08044],[127.41403,38.08035],[127.4141,38.08035],[127.4141,38.08044],[127.41403,38.08044]]]}},{"type":"Feature","properties":{"valleyId":"baegun","layer":"cast","date":"2026-08-01","timeLocal":"17:00"},"geometry":{"type":"Polygon","coordinates":[[[127.40787,38.08038],[127.40788,38.08032],[127.40783,38.08032],[127.40783,38.08025],[127.4079,38.08025],[127.4079,38.08032],[127.40794,38.08033],[127.40794,38.08038],[127.40787,38.08038]]]}},{"type":"Feature","properties":{"valleyId":"baegun","layer":"cast","date":"2026-08-01","timeLocal":"17:00"},"geometry":{"type":"Polygon","coordinates":[[[127.40872,38.08034],[127.40874,38.08025],[127.40886,38.08023],[127.40886,38.08028],[127.40879,38.0803],[127.40879,38.08034],[127.40872,38.08034]]]}},{"type":"Feature","properties":{"valleyId":"baegun","layer":"cast","date":"2026-08-01","timeLocal":"17:00"},"geometry":{"type":"Polygon","coordinates":[[[127.41433,38.08036],[127.41433,38.0803],[127.4144,38.0803],[127.4144,38.08036],[127.41433,38.08036]]]}},{"type":"Feature","properties":{"valleyId":"baegun","layer":"cast","date":"2026-08-01","timeLocal":"17:00"},"geometry":{"type":"Polygon","coordinates":[[[127.40706,38.08022],[127.40706,38.08017],[127.40713,38.08017],[127.40713,38.08022],[127.40706,38.08022]]]}},{"type":"Feature","properties":{"valleyId":"baegun","layer":"cast","date":"2026-08-01","timeLocal":"17:00"},"geometry":{"type":"Polygon","coordinates":[[[127.40605,38.08032],[127.40603,38.08021],[127.40612,38.08014],[127.40624,38.08014],[127.40621,38.08032],[127.40605,38.08032]]]}},{"type":"Feature","properties":{"valleyId":"baegun","layer":"cast","date":"2026-08-01","timeLocal":"17:00"},"geometry":{"type":"Polygon","coordinates":[[[127.39347,38.08004],[127.39345,38.07995],[127.39354,38.07995],[127.39354,38.08004],[127.39347,38.08004]]]}},{"type":"Feature","properties":{"valleyId":"baegun","layer":"cast","date":"2026-08-01","timeLocal":"17:00"},"geometry":{"type":"Polygon","coordinates":[[[127.40642,38.08023],[127.40635,38.08016],[127.40635,38.08009],[127.40644,38.08009],[127.40647,38.08013],[127.40649,38.08023],[127.40642,38.08023]]]}},{"type":"Feature","properties":{"valleyId":"baegun","layer":"cast","date":"2026-08-01","timeLocal":"17:00"},"geometry":{"type":"Polygon","coordinates":[[[127.40895,38.08021],[127.40895,38.08018],[127.40888,38.08018],[127.40891,38.08009],[127.40898,38.08009],[127.40897,38.08016],[127.40902,38.08016],[127.40902,38.08021],[127.40895,38.08021]]]}},{"type":"Feature","properties":{"valleyId":"baegun","layer":"cast","date":"2026-08-01","timeLocal":"17:00"},"geometry":{"type":"Polygon","coordinates":[[[127.41422,38.08025],[127.41424,38.08016],[127.41442,38.08016],[127.41442,38.08021],[127.41422,38.08025]]]}},{"type":"Feature","properties":{"valleyId":"baegun","layer":"cast","date":"2026-08-01","timeLocal":"17:00"},"geometry":{"type":"Polygon","coordinates":[[[127.40911,38.08011],[127.40911,38.08003],[127.40923,38.08004],[127.40923,38.08009],[127.40911,38.08011]]]}},{"type":"Feature","properties":{"valleyId":"baegun","layer":"cast","date":"2026-08-01","timeLocal":"17:00"},"geometry":{"type":"Polygon","coordinates":[[[127.41629,38.08019],[127.41629,38.08013],[127.41636,38.08013],[127.41636,38.08019],[127.41629,38.08019]]]}},{"type":"Feature","properties":{"valleyId":"baegun","layer":"cast","date":"2026-08-01","timeLocal":"17:00"},"geometry":{"type":"Polygon","coordinates":[[[127.41807,38.08019],[127.41807,38.08014],[127.41819,38.08012],[127.41819,38.08019],[127.41807,38.08019]]]}},{"type":"Feature","properties":{"valleyId":"baegun","layer":"cast","date":"2026-08-01","timeLocal":"17:00"},"geometry":{"type":"Polygon","coordinates":[[[127.4197,38.08084],[127.41961,38.08083],[127.41959,38.08064],[127.41964,38.08063],[127.41964,38.08056],[127.41957,38.08052],[127.41957,38.08046],[127.41984,38.08049],[127.41987,38.08045],[127.41991,38.08045],[127.41994,38.08029],[127.42001,38.08027],[127.42001,38.08013],[127.42008,38.08013],[127.42015,38.08018],[127.42014,38.08026],[127.42008,38.08027],[127.42007,38.08042],[127.42,38.08043],[127.42002,38.08058],[127.41993,38.08063],[127.41995,38.08076],[127.41984,38.08077],[127.41984,38.08085],[127.4197,38.08084]],[[127.41972,38.08075],[127.41981,38.08076],[127.41982,38.08068],[127.41973,38.08068],[127.41972,38.08075]]]}},{"type":"Feature","properties":{"valleyId":"baegun","layer":"cast","date":"2026-08-01","timeLocal":"17:00"},"geometry":{"type":"Polygon","coordinates":[[[127.41545,38.08026],[127.41545,38.08021],[127.41538,38.08019],[127.41538,38.08012],[127.41545,38.08008],[127.41545,38.08001],[127.41554,38.08001],[127.41561,38.08007],[127.41563,38.08021],[127.41559,38.08021],[127.41558,38.08025],[127.41545,38.08026]]]}},{"type":"Feature","properties":{"valleyId":"baegun","layer":"cast","date":"2026-08-01","timeLocal":"17:00"},"geometry":{"type":"Polygon","coordinates":[[[127.40717,38.08013],[127.40718,38.0799],[127.40727,38.0799],[127.40724,38.08014],[127.40717,38.08013]]]}},{"type":"Feature","properties":{"valleyId":"baegun","layer":"cast","date":"2026-08-01","timeLocal":"17:00"},"geometry":{"type":"Polygon","coordinates":[[[127.4093,38.08004],[127.4093,38.07998],[127.40937,38.07998],[127.40939,38.07993],[127.40946,38.07993],[127.40943,38.08004],[127.4093,38.08004]]]}},{"type":"Feature","properties":{"valleyId":"baegun","layer":"cast","date":"2026-08-01","timeLocal":"17:00"},"geometry":{"type":"Polygon","coordinates":[[[127.40953,38.07995],[127.40953,38.07988],[127.4096,38.07988],[127.40959,38.07995],[127.40953,38.07995]]]}},{"type":"Feature","properties":{"valleyId":"baegun","layer":"cast","date":"2026-08-01","timeLocal":"17:00"},"geometry":{"type":"Polygon","coordinates":[[[127.41598,38.08004],[127.41593,38.08002],[127.41593,38.07996],[127.41605,38.07998],[127.41605,38.08004],[127.41598,38.08004]]]}},{"type":"Feature","properties":{"valleyId":"baegun","layer":"cast","date":"2026-08-01","timeLocal":"17:00"},"geometry":{"type":"Polygon","coordinates":[[[127.41648,38.08003],[127.41648,38.07997],[127.41655,38.07997],[127.41655,38.08003],[127.41648,38.08003]]]}},{"type":"Feature","properties":{"valleyId":"baegun","layer":"cast","date":"2026-08-01","timeLocal":"17:00"},"geometry":{"type":"Polygon","coordinates":[[[127.41525,38.07999],[127.41523,38.07985],[127.41537,38.07985],[127.41539,38.07989],[127.41546,38.07989],[127.41545,38.07996],[127.41539,38.07996],[127.41538,38.07999],[127.41525,38.07999]]]}},{"type":"Feature","properties":{"valleyId":"baegun","layer":"cast","date":"2026-08-01","timeLocal":"17:00"},"geometry":{"type":"Polygon","coordinates":[[[127.41634,38.07997],[127.41637,38.07983],[127.41646,38.07981],[127.41643,38.07997],[127.41634,38.07997]]]}},{"type":"Feature","properties":{"valleyId":"baegun","layer":"cast","date":"2026-08-01","timeLocal":"17:00"},"geometry":{"type":"Polygon","coordinates":[[[127.42923,38.08002],[127.42923,38.07991],[127.4293,38.07991],[127.42929,38.08002],[127.42923,38.08002]]]}},{"type":"Feature","properties":{"valleyId":"baegun","layer":"cast","date":"2026-08-01","timeLocal":"17:00"},"geometry":{"type":"Polygon","coordinates":[[[127.41519,38.08048],[127.41506,38.08046],[127.41501,38.0804],[127.41487,38.0804],[127.41485,38.08029],[127.4149,38.08029],[127.4149,38.08026],[127.41499,38.08022],[127.41499,38.08017],[127.41488,38.08017],[127.41481,38.08008],[127.41472,38.08007],[127.41472,38.08004],[127.41452,38.08],[127.41452,38.07991],[127.41461,38.07991],[127.41461,38.0798],[127.41468,38.0798],[127.41469,38.07962],[127.41475,38.07962],[127.41475,38.07968],[127.41489,38.07968],[127.41491,38.07959],[127.41512,38.07956],[127.41507,38.07966],[127.41512,38.07977],[127.41482,38.07977],[127.4148,38.07981],[127.41475,38.0798],[127.41475,38.07989],[127.41486,38.0799],[127.41486,38.07993],[127.41504,38.07995],[127.41518,38.08003],[127.41518,38.08008],[127.41511,38.0801],[127.41513,38.08026],[127.4152,38.08026],[127.4152,38.08021],[127.41527,38.08021],[127.41527,38.08024],[127.41538,38.08025],[127.41538,38.0803],[127.41529,38.08033],[127.41529,38.08039],[127.41535,38.08039],[127.41535,38.08046],[127.41519,38.08048]]]}},{"type":"Feature","properties":{"valleyId":"baegun","layer":"cast","date":"2026-08-01","timeLocal":"17:00"},"geometry":{"type":"Polygon","coordinates":[[[127.41568,38.07993],[127.41559,38.07987],[127.41559,38.07982],[127.41575,38.07984],[127.41585,38.0798],[127.41585,38.07971],[127.41578,38.07967],[127.41578,38.07962],[127.41594,38.07966],[127.41603,38.07959],[127.41606,38.07952],[127.41612,38.07952],[127.41615,38.07963],[127.41605,38.07966],[127.41603,38.07984],[127.41589,38.07984],[127.41589,38.07993],[127.41568,38.07993]]]}},{"type":"Feature","properties":{"valleyId":"baegun","layer":"cast","date":"2026-08-01","timeLocal":"17:00"},"geometry":{"type":"Polygon","coordinates":[[[127.41576,38.0796],[127.41569,38.07956],[127.41569,38.07942],[127.41585,38.07939],[127.41585,38.07957],[127.41583,38.0796],[127.41576,38.0796]]]}},{"type":"Feature","properties":{"valleyId":"baegun","layer":"cast","date":"2026-08-01","timeLocal":"17:00"},"geometry":{"type":"Polygon","coordinates":[[[127.43646,38.07979],[127.43644,38.07963],[127.43658,38.07963],[127.4366,38.0797],[127.43676,38.0797],[127.43676,38.07977],[127.43646,38.07979]]]}},{"type":"Feature","properties":{"valleyId":"baegun","layer":"cast","date":"2026-08-01","timeLocal":"17:00"},"geometry":{"type":"Polygon","coordinates":[[[127.39297,38.07893],[127.39297,38.07888],[127.39293,38.07888],[127.39295,38.07879],[127.39313,38.07883],[127.39311,38.07892],[127.39297,38.07893]]]}},{"type":"Feature","properties":{"valleyId":"baegun","layer":"cast","date":"2026-08-01","timeLocal":"17:00"},"geometry":{"type":"Polygon","coordinates":[[[127.43651,38.07939],[127.43651,38.0793],[127.43661,38.0793],[127.4366,38.07939],[127.43651,38.07939]]]}},{"type":"Feature","properties":{"valleyId":"baegun","layer":"cast","date":"2026-08-01","timeLocal":"17:00"},"geometry":{"type":"Polygon","coordinates":[[[127.43875,38.0794],[127.43875,38.0793],[127.43882,38.0793],[127.43882,38.07941],[127.43875,38.0794]]]}},{"type":"Feature","properties":{"valleyId":"baegun","layer":"cast","date":"2026-08-01","timeLocal":"17:00"},"geometry":{"type":"Polygon","coordinates":[[[127.43649,38.07928],[127.43649,38.07921],[127.43656,38.07921],[127.43656,38.07929],[127.43649,38.07928]]]}},{"type":"Feature","properties":{"valleyId":"baegun","layer":"cast","date":"2026-08-01","timeLocal":"17:00"},"geometry":{"type":"Polygon","coordinates":[[[127.41014,38.07886],[127.41014,38.07881],[127.41019,38.07877],[127.41026,38.07877],[127.41023,38.07886],[127.41014,38.07886]]]}},{"type":"Feature","properties":{"valleyId":"baegun","layer":"cast","date":"2026-08-01","timeLocal":"17:00"},"geometry":{"type":"Polygon","coordinates":[[[127.43859,38.07929],[127.43859,38.07924],[127.43864,38.07924],[127.43864,38.07913],[127.4388,38.07914],[127.4388,38.07919],[127.43873,38.07921],[127.43873,38.07926],[127.43868,38.07926],[127.43868,38.0793],[127.43859,38.07929]]]}},{"type":"Feature","properties":{"valleyId":"baegun","layer":"cast","date":"2026-08-01","timeLocal":"17:00"},"geometry":{"type":"Polygon","coordinates":[[[127.41575,38.07872],[127.41576,38.07866],[127.41582,38.07867],[127.41582,38.07872],[127.41575,38.07872]]]}},{"type":"Feature","properties":{"valleyId":"baegun","layer":"cast","date":"2026-08-01","timeLocal":"17:00"},"geometry":{"type":"Polygon","coordinates":[[[127.41997,38.07885],[127.41993,38.07863],[127.42013,38.07867],[127.42008,38.07883],[127.41997,38.07885]]]}},{"type":"Feature","properties":{"valleyId":"baegun","layer":"cast","date":"2026-08-01","timeLocal":"17:00"},"geometry":{"type":"Polygon","coordinates":[[[127.44012,38.07903],[127.44013,38.07883],[127.4402,38.07883],[127.44022,38.07899],[127.44019,38.07903],[127.44012,38.07903]]]}},{"type":"Feature","properties":{"valleyId":"baegun","layer":"cast","date":"2026-08-01","timeLocal":"17:00"},"geometry":{"type":"Polygon","coordinates":[[[127.41991,38.07858],[127.41991,38.07852],[127.41998,38.07852],[127.41998,38.07858],[127.41991,38.07858]]]}},{"type":"Feature","properties":{"valleyId":"baegun","layer":"cast","date":"2026-08-01","timeLocal":"17:00"},"geometry":{"type":"Polygon","coordinates":[[[127.43653,38.07878],[127.43653,38.07873],[127.4366,38.07873],[127.43659,38.07878],[127.43653,38.07878]]]}},{"type":"Feature","properties":{"valleyId":"baegun","layer":"cast","date":"2026-08-01","timeLocal":"17:00"},"geometry":{"type":"Polygon","coordinates":[[[127.39334,38.07987],[127.39325,38.0798],[127.39325,38.07975],[127.39336,38.07971],[127.39337,38.07962],[127.39321,38.07962],[127.39314,38.07949],[127.39315,38.07915],[127.39322,38.07912],[127.39338,38.07914],[127.39342,38.0791],[127.39342,38.07905],[127.39324,38.07908],[127.3932,38.07897],[127.39334,38.07886],[127.39338,38.07887],[127.39339,38.07858],[127.39346,38.07854],[127.39346,38.07843],[127.3936,38.07836],[127.39367,38.0782],[127.39372,38.0782],[127.39374,38.0781],[127.39379,38.07806],[127.39386,38.07806],[127.39385,38.07811],[127.39392,38.07812],[127.39385,38.0783],[127.39385,38.07857],[127.39373,38.07856],[127.39368,38.07869],[127.39361,38.07872],[127.39361,38.07878],[127.39357,38.07881],[127.3935,38.07881],[127.39347,38.07988],[127.39334,38.07987]]]}},{"type":"Feature","properties":{"valleyId":"baegun","layer":"cast","date":"2026-08-01","timeLocal":"17:00"},"geometry":{"type":"Polygon","coordinates":[[[127.41029,38.0783],[127.41029,38.07823],[127.41036,38.07823],[127.41036,38.0783],[127.41029,38.0783]]]}},{"type":"Feature","properties":{"valleyId":"baegun","layer":"cast","date":"2026-08-01","timeLocal":"17:00"},"geometry":{"type":"Polygon","coordinates":[[[127.41989,38.07843],[127.41989,38.07836],[127.41998,38.07836],[127.41998,38.07842],[127.41989,38.07843]]]}},{"type":"Feature","properties":{"valleyId":"baegun","layer":"cast","date":"2026-08-01","timeLocal":"17:00"},"geometry":{"type":"Polygon","coordinates":[[[127.44011,38.07879],[127.44009,38.07863],[127.44015,38.07863],[127.44017,38.07879],[127.44011,38.07879]]]}},{"type":"Feature","properties":{"valleyId":"baegun","layer":"cast","date":"2026-08-01","timeLocal":"17:00"},"geometry":{"type":"Polygon","coordinates":[[[127.4092,38.07834],[127.40911,38.0783],[127.40908,38.0782],[127.40924,38.0782],[127.40926,38.07834],[127.4092,38.07834]]]}},{"type":"Feature","properties":{"valleyId":"baegun","layer":"cast","date":"2026-08-01","timeLocal":"17:00"},"geometry":{"type":"Polygon","coordinates":[[[127.39395,38.07804],[127.39395,38.07799],[127.39402,38.07799],[127.39402,38.07805],[127.39395,38.07804]]]}},{"type":"Feature","properties":{"valleyId":"baegun","layer":"cast","date":"2026-08-01","timeLocal":"17:00"},"geometry":{"type":"Polygon","coordinates":[[[127.43867,38.07874],[127.43865,38.07865],[127.4386,38.07863],[127.43861,38.07857],[127.43872,38.07858],[127.43872,38.07861],[127.43876,38.07861],[127.43879,38.07865],[127.43878,38.07872],[127.43867,38.07874]]]}},{"type":"Feature","properties":{"valleyId":"baegun","layer":"cast","date":"2026-08-01","timeLocal":"17:00"},"geometry":{"type":"Polygon","coordinates":[[[127.43995,38.07857],[127.43993,38.0785],[127.44,38.0785],[127.44002,38.07857],[127.43995,38.07857]]]}},{"type":"Feature","properties":{"valleyId":"baegun","layer":"cast","date":"2026-08-01","timeLocal":"17:00"},"geometry":{"type":"Polygon","coordinates":[[[127.41981,38.08003],[127.41981,38.08],[127.41972,38.07996],[127.41972,38.07989],[127.41958,38.07982],[127.41959,38.07976],[127.4195,38.07963],[127.4195,38.07935],[127.41957,38.07922],[127.4196,38.07899],[127.41958,38.07893],[127.41949,38.0789],[127.41949,38.07882],[127.41942,38.07879],[127.41943,38.07868],[127.41938,38.07866],[127.41938,38.07861],[127.41929,38.07851],[127.41927,38.07841],[127.41921,38.07837],[127.41916,38.07821],[127.4193,38.07823],[127.41939,38.0783],[127.41939,38.07839],[127.41945,38.07843],[127.41945,38.07846],[127.4195,38.07846],[127.4195,38.07852],[127.41959,38.07857],[127.41959,38.07864],[127.4197,38.07872],[127.4197,38.07879],[127.41985,38.07894],[127.41985,38.07899],[127.4199,38.07899],[127.4199,38.07903],[127.42001,38.0791],[127.42001,38.07919],[127.42017,38.07919],[127.42016,38.07946],[127.42,38.07946],[127.41998,38.07962],[127.41986,38.07971],[127.41983,38.07989],[127.41988,38.07991],[127.41988,38.08004],[127.41981,38.08003]]]}},{"type":"Feature","properties":{"valleyId":"baegun","layer":"cast","date":"2026-08-01","timeLocal":"17:00"},"geometry":{"type":"Polygon","coordinates":[[[127.39395,38.07785],[127.39395,38.07779],[127.39402,38.07779],[127.39402,38.07785],[127.39395,38.07785]]]}},{"type":"Feature","properties":{"valleyId":"baegun","layer":"cast","date":"2026-08-01","timeLocal":"17:00"},"geometry":{"type":"Polygon","coordinates":[[[127.43874,38.07852],[127.43877,38.07832],[127.43886,38.07833],[127.43881,38.07852],[127.43874,38.07852]]]}},{"type":"Feature","properties":{"valleyId":"baegun","layer":"cast","date":"2026-08-01","timeLocal":"17:00"},"geometry":{"type":"Polygon","coordinates":[[[127.41907,38.0782],[127.41898,38.07815],[127.41898,38.07811],[127.41891,38.07809],[127.41889,38.07799],[127.41903,38.07801],[127.41905,38.07811],[127.41914,38.07815],[127.41914,38.07821],[127.41907,38.0782]]]}},{"type":"Feature","properties":{"valleyId":"baegun","layer":"cast","date":"2026-08-01","timeLocal":"17:00"},"geometry":{"type":"Polygon","coordinates":[[[127.41917,38.07806],[127.41917,38.07799],[127.41924,38.07799],[127.41926,38.07806],[127.41917,38.07806]]]}},{"type":"Feature","properties":{"valleyId":"baegun","layer":"cast","date":"2026-08-01","timeLocal":"17:00"},"geometry":{"type":"Polygon","coordinates":[[[127.43739,38.08222],[127.43739,38.08207],[127.43732,38.08207],[127.43735,38.08196],[127.43739,38.08196],[127.4374,38.08162],[127.43717,38.08164],[127.43717,38.08158],[127.43708,38.08156],[127.43707,38.08126],[127.43697,38.08126],[127.43698,38.0812],[127.43707,38.0812],[127.43707,38.08115],[127.43736,38.08115],[127.43746,38.08106],[127.43746,38.08097],[127.43741,38.08094],[127.4373,38.08094],[127.43728,38.0809],[127.43705,38.08093],[127.43705,38.08099],[127.43698,38.08099],[127.43698,38.08093],[127.43673,38.08095],[127.43674,38.08059],[127.43681,38.08057],[127.43681,38.08051],[127.43676,38.0805],[127.43681,38.08026],[127.43691,38.08019],[127.43709,38.08018],[127.43718,38.08012],[127.43714,38.07998],[127.43693,38.07998],[127.43691,38.07994],[127.43684,38.07994],[127.43685,38.07985],[127.43691,38.0798],[127.43692,38.07972],[127.43678,38.07972],[127.43678,38.07866],[127.43687,38.07864],[127.43689,38.07868],[127.43705,38.0787],[127.43705,38.07864],[127.43696,38.07862],[127.43696,38.07855],[127.43701,38.07855],[127.43701,38.0785],[127.43696,38.0785],[127.43694,38.07844],[127.43678,38.07844],[127.43678,38.07839],[127.43685,38.07839],[127.43686,38.0783],[127.43679,38.0783],[127.43679,38.07823],[127.43688,38.07823],[127.43688,38.0783],[127.43695,38.0783],[127.43697,38.07837],[127.43708,38.07841],[127.43708,38.07848],[127.43717,38.07848],[127.43717,38.07859],[127.43728,38.07861],[127.43728,38.0787],[127.43737,38.07874],[127.43741,38.07888],[127.43762,38.07889],[127.43761,38.07923],[127.43777,38.07925],[127.43775,38.07934],[127.43763,38.07934],[127.43763,38.07941],[127.43795,38.07943],[127.43795,38.08046],[127.43793,38.08051],[127.43774,38.08053],[127.43769,38.08067],[127.43765,38.08071],[127.43765,38.08078],[127.43758,38.08078],[127.43758,38.08089],[127.43762,38.08089],[127.43762,38.08094],[127.43769,38.08096],[127.43771,38.08103],[127.43791,38.08105],[127.4379,38.08181],[127.43794,38.08197],[127.43808,38.08196],[127.4381,38.08217],[127.43805,38.08217],[127.43803,38.08221],[127.43793,38.08221],[127.43784,38.08215],[127.43778,38.08215],[127.43773,38.08219],[127.43755,38.08218],[127.43739,38.08222]],[[127.43756,38.08161],[127.43763,38.08161],[127.43759,38.08146],[127.43743,38.08144],[127.43738,38.08148],[127.43738,38.08153],[127.43745,38.08159],[127.43756,38.08161]],[[127.43717,38.08072],[127.43735,38.08072],[127.43738,38.08061],[127.43731,38.08059],[127.43724,38.0805],[127.43713,38.08048],[127.43708,38.08066],[127.43712,38.08066],[127.43717,38.08072]]]}},{"type":"Feature","properties":{"valleyId":"baegun","layer":"cast","date":"2026-08-01","timeLocal":"17:00"},"geometry":{"type":"Polygon","coordinates":[[[127.4367,38.07822],[127.4367,38.07812],[127.43679,38.07812],[127.43679,38.07823],[127.4367,38.07822]]]}},{"type":"Feature","properties":{"valleyId":"baegun","layer":"cast","date":"2026-08-01","timeLocal":"17:00"},"geometry":{"type":"Polygon","coordinates":[[[127.4251,38.078],[127.4251,38.07794],[127.42517,38.07794],[127.42516,38.078],[127.4251,38.078]]]}},{"type":"Feature","properties":{"valleyId":"baegun","layer":"cast","date":"2026-08-01","timeLocal":"17:00"},"geometry":{"type":"Polygon","coordinates":[[[127.43681,38.0781],[127.43682,38.07805],[127.43688,38.07805],[127.43688,38.0781],[127.43681,38.0781]]]}},{"type":"Feature","properties":{"valleyId":"baegun","layer":"cast","date":"2026-08-01","timeLocal":"17:00"},"geometry":{"type":"Polygon","coordinates":[[[127.41869,38.07789],[127.41865,38.07782],[127.41865,38.07777],[127.41876,38.07779],[127.41876,38.07789],[127.41869,38.07789]]]}},{"type":"Feature","properties":{"valleyId":"baegun","layer":"cast","date":"2026-08-01","timeLocal":"17:00"},"geometry":{"type":"Polygon","coordinates":[[[127.41897,38.07777],[127.41897,38.07772],[127.41904,38.07772],[127.41904,38.07777],[127.41897,38.07777]]]}},{"type":"Feature","properties":{"valleyId":"baegun","layer":"cast","date":"2026-08-01","timeLocal":"17:00"},"geometry":{"type":"Polygon","coordinates":[[[127.39366,38.07748],[127.39362,38.07744],[127.39362,38.07739],[127.39367,38.07737],[127.39367,38.07734],[127.39374,38.07734],[127.39373,38.07748],[127.39366,38.07748]]]}},{"type":"Feature","properties":{"valleyId":"baegun","layer":"cast","date":"2026-08-01","timeLocal":"17:00"},"geometry":{"type":"Polygon","coordinates":[[[127.43887,38.07807],[127.43889,38.07796],[127.43885,38.07795],[127.43885,38.07786],[127.43892,38.07786],[127.43898,38.07788],[127.43898,38.078],[127.43896,38.07807],[127.43887,38.07807]]]}},{"type":"Feature","properties":{"valleyId":"baegun","layer":"cast","date":"2026-08-01","timeLocal":"17:00"},"geometry":{"type":"Polygon","coordinates":[[[127.40949,38.07755],[127.40947,38.07748],[127.40958,38.07746],[127.40958,38.07755],[127.40949,38.07755]]]}},{"type":"Feature","properties":{"valleyId":"baegun","layer":"cast","date":"2026-08-01","timeLocal":"17:00"},"geometry":{"type":"Polygon","coordinates":[[[127.42498,38.07794],[127.42492,38.07789],[127.42492,38.0778],[127.42501,38.07776],[127.42501,38.07769],[127.42506,38.07769],[127.42506,38.07765],[127.42513,38.07766],[127.42512,38.07778],[127.42505,38.07782],[127.4251,38.07794],[127.42498,38.07794]]]}},{"type":"Feature","properties":{"valleyId":"baegun","layer":"cast","date":"2026-08-01","timeLocal":"17:00"},"geometry":{"type":"Polygon","coordinates":[[[127.43679,38.07799],[127.4368,38.0779],[127.43691,38.07788],[127.43691,38.07781],[127.437,38.07781],[127.437,38.07796],[127.43686,38.07796],[127.43686,38.07799],[127.43679,38.07799]]]}},{"type":"Feature","properties":{"valleyId":"baegun","layer":"cast","date":"2026-08-01","timeLocal":"17:00"},"geometry":{"type":"Polygon","coordinates":[[[127.43703,38.07781],[127.43703,38.07774],[127.4371,38.07774],[127.43712,38.07782],[127.43703,38.07781]]]}},{"type":"Feature","properties":{"valleyId":"baegun","layer":"cast","date":"2026-08-01","timeLocal":"17:00"},"geometry":{"type":"Polygon","coordinates":[[[127.39333,38.07717],[127.39331,38.07708],[127.39338,38.07708],[127.39342,38.07712],[127.39342,38.07717],[127.39333,38.07717]]]}},{"type":"Feature","properties":{"valleyId":"baegun","layer":"cast","date":"2026-08-01","timeLocal":"17:00"},"geometry":{"type":"Polygon","coordinates":[[[127.43684,38.07778],[127.4368,38.07772],[127.4368,38.07765],[127.43694,38.07767],[127.43691,38.07778],[127.43684,38.07778]]]}},{"type":"Feature","properties":{"valleyId":"baegun","layer":"cast","date":"2026-08-01","timeLocal":"17:00"},"geometry":{"type":"Polygon","coordinates":[[[127.41835,38.07785],[127.41833,38.07774],[127.41822,38.07765],[127.41809,38.07742],[127.41809,38.07736],[127.41815,38.07736],[127.4182,38.07745],[127.41838,38.0776],[127.4184,38.07771],[127.41847,38.07776],[127.41846,38.07785],[127.41835,38.07785]]]}},{"type":"Feature","properties":{"valleyId":"baegun","layer":"cast","date":"2026-08-01","timeLocal":"17:00"},"geometry":{"type":"Polygon","coordinates":[[[127.41881,38.07743],[127.41882,38.07737],[127.41888,38.07737],[127.41888,38.07743],[127.41881,38.07743]]]}},{"type":"Feature","properties":{"valleyId":"baegun","layer":"cast","date":"2026-08-01","timeLocal":"17:00"},"geometry":{"type":"Polygon","coordinates":[[[127.43701,38.07765],[127.43701,38.0776],[127.43708,38.0776],[127.43707,38.07765],[127.43701,38.07765]]]}},{"type":"Feature","properties":{"valleyId":"baegun","layer":"cast","date":"2026-08-01","timeLocal":"17:00"},"geometry":{"type":"Polygon","coordinates":[[[127.41797,38.07734],[127.41791,38.07731],[127.41791,38.07725],[127.41804,38.07729],[127.41804,38.07734],[127.41797,38.07734]]]}},{"type":"Feature","properties":{"valleyId":"baegun","layer":"cast","date":"2026-08-01","timeLocal":"17:00"},"geometry":{"type":"Polygon","coordinates":[[[127.39308,38.077],[127.39306,38.0769],[127.39313,38.0769],[127.39317,38.07693],[127.39317,38.07701],[127.39308,38.077]]]}},{"type":"Feature","properties":{"valleyId":"baegun","layer":"cast","date":"2026-08-01","timeLocal":"17:00"},"geometry":{"type":"Polygon","coordinates":[[[127.42522,38.07753],[127.42525,38.07728],[127.42527,38.07724],[127.42534,38.07724],[127.42534,38.07742],[127.42529,38.07742],[127.42529,38.07753],[127.42522,38.07753]]]}},{"type":"Feature","properties":{"valleyId":"baegun","layer":"cast","date":"2026-08-01","timeLocal":"17:00"},"geometry":{"type":"Polygon","coordinates":[[[127.4105,38.07713],[127.4105,38.07699],[127.41059,38.07699],[127.41061,38.0771],[127.41059,38.07713],[127.4105,38.07713]]]}},{"type":"Feature","properties":{"valleyId":"baegun","layer":"cast","date":"2026-08-01","timeLocal":"17:00"},"geometry":{"type":"Polygon","coordinates":[[[127.39295,38.07686],[127.3929,38.07675],[127.39284,38.07671],[127.39284,38.07666],[127.39297,38.0767],[127.39302,38.07686],[127.39295,38.07686]]]}},{"type":"Feature","properties":{"valleyId":"baegun","layer":"cast","date":"2026-08-01","timeLocal":"17:00"},"geometry":{"type":"Polygon","coordinates":[[[127.41057,38.07695],[127.41057,38.0769],[127.41066,38.07688],[127.41066,38.07694],[127.41057,38.07695]]]}},{"type":"Feature","properties":{"valleyId":"baegun","layer":"cast","date":"2026-08-01","timeLocal":"17:00"},"geometry":{"type":"Polygon","coordinates":[[[127.43699,38.07751],[127.43697,38.07733],[127.4369,38.07733],[127.4369,38.07727],[127.43695,38.07727],[127.43697,38.0772],[127.43706,38.0772],[127.43705,38.07751],[127.43699,38.07751]]]}},{"type":"Feature","properties":{"valleyId":"baegun","layer":"cast","date":"2026-08-01","timeLocal":"17:00"},"geometry":{"type":"Polygon","coordinates":[[[127.43906,38.07777],[127.43901,38.07761],[127.4389,38.0776],[127.4389,38.07744],[127.43895,38.07741],[127.43895,38.07735],[127.43888,38.07728],[127.43886,38.07715],[127.43893,38.07715],[127.43893,38.07721],[127.43906,38.07734],[127.43906,38.07743],[127.43899,38.07746],[127.43899,38.07753],[127.43904,38.07755],[127.43904,38.07759],[127.4391,38.07759],[127.43915,38.07763],[127.43915,38.07777],[127.43906,38.07777]]]}},{"type":"Feature","properties":{"valleyId":"baegun","layer":"cast","date":"2026-08-01","timeLocal":"17:00"},"geometry":{"type":"Polygon","coordinates":[[[127.4177,38.07727],[127.41766,38.07725],[127.41766,38.07714],[127.41759,38.0771],[127.41759,38.07694],[127.4175,38.07692],[127.41748,38.07685],[127.41762,38.07689],[127.41762,38.07692],[127.41766,38.07692],[127.41773,38.077],[127.4177,38.0771],[127.41782,38.07718],[127.41782,38.07723],[127.41779,38.07727],[127.4177,38.07727]]]}},{"type":"Feature","properties":{"valleyId":"baegun","layer":"cast","date":"2026-08-01","timeLocal":"17:00"},"geometry":{"type":"Polygon","coordinates":[[[127.43959,38.07718],[127.43959,38.07711],[127.43966,38.07711],[127.43968,38.07718],[127.43959,38.07718]]]}},{"type":"Feature","properties":{"valleyId":"baegun","layer":"cast","date":"2026-08-01","timeLocal":"17:00"},"geometry":{"type":"Polygon","coordinates":[[[127.39264,38.07655],[127.39268,38.07644],[127.39275,38.07644],[127.39273,38.07655],[127.39264,38.07655]]]}},{"type":"Feature","properties":{"valleyId":"baegun","layer":"cast","date":"2026-08-01","timeLocal":"17:00"},"geometry":{"type":"Polygon","coordinates":[[[127.41869,38.07674],[127.41869,38.07669],[127.41876,38.07669],[127.41876,38.07674],[127.41869,38.07674]]]}},{"type":"Feature","properties":{"valleyId":"baegun","layer":"cast","date":"2026-08-01","timeLocal":"17:00"},"geometry":{"type":"Polygon","coordinates":[[[127.39264,38.07642],[127.39264,38.07631],[127.39269,38.07631],[127.39268,38.07642],[127.39264,38.07642]]]}},{"type":"Feature","properties":{"valleyId":"baegun","layer":"cast","date":"2026-08-01","timeLocal":"17:00"},"geometry":{"type":"Polygon","coordinates":[[[127.4176,38.07649],[127.4176,38.07644],[127.41767,38.07644],[127.41767,38.07649],[127.4176,38.07649]]]}},{"type":"Feature","properties":{"valleyId":"baegun","layer":"cast","date":"2026-08-01","timeLocal":"17:00"},"geometry":{"type":"Polygon","coordinates":[[[127.42583,38.07651],[127.42581,38.07644],[127.42588,38.07644],[127.4259,38.07651],[127.42583,38.07651]]]}},{"type":"Feature","properties":{"valleyId":"baegun","layer":"cast","date":"2026-08-01","timeLocal":"17:00"},"geometry":{"type":"Polygon","coordinates":[[[127.42664,38.07631],[127.42664,38.07618],[127.42671,38.07618],[127.42671,38.07631],[127.42664,38.07631]]]}},{"type":"Feature","properties":{"valleyId":"baegun","layer":"cast","date":"2026-08-01","timeLocal":"17:00"},"geometry":{"type":"Polygon","coordinates":[[[127.41777,38.07615],[127.41775,38.07606],[127.41782,38.07606],[127.41784,38.07615],[127.41777,38.07615]]]}},{"type":"Feature","properties":{"valleyId":"baegun","layer":"cast","date":"2026-08-01","timeLocal":"17:00"},"geometry":{"type":"Polygon","coordinates":[[[127.41732,38.0769],[127.41725,38.07688],[127.41721,38.07674],[127.4171,38.07674],[127.41701,38.07666],[127.41701,38.07654],[127.41712,38.07654],[127.41713,38.07647],[127.41697,38.0765],[127.41697,38.07646],[127.41688,38.07643],[127.41688,38.07639],[127.41674,38.07626],[127.41674,38.07617],[127.4167,38.07614],[127.41663,38.07614],[127.41652,38.07603],[127.41647,38.07602],[127.41634,38.07593],[127.41634,38.07581],[127.4165,38.07583],[127.41652,38.0759],[127.41682,38.0759],[127.41681,38.07608],[127.41688,38.07614],[127.41695,38.07614],[127.41697,38.07618],[127.41715,38.07618],[127.41715,38.07632],[127.41717,38.07638],[127.41724,38.07638],[127.41724,38.07643],[127.41749,38.07645],[127.41746,38.07672],[127.41737,38.07672],[127.41737,38.07679],[127.41741,38.07679],[127.41741,38.07685],[127.41739,38.0769],[127.41732,38.0769]]]}},{"type":"Feature","properties":{"valleyId":"baegun","layer":"cast","date":"2026-08-01","timeLocal":"17:00"},"geometry":{"type":"Polygon","coordinates":[[[127.40535,38.07573],[127.40535,38.07568],[127.4054,38.07564],[127.40556,38.07564],[127.40554,38.07573],[127.40535,38.07573]]]}},{"type":"Feature","properties":{"valleyId":"baegun","layer":"cast","date":"2026-08-01","timeLocal":"17:00"},"geometry":{"type":"Polygon","coordinates":[[[127.41746,38.07579],[127.41746,38.07573],[127.41753,38.07573],[127.41753,38.07579],[127.41746,38.07579]]]}},{"type":"Feature","properties":{"valleyId":"baegun","layer":"cast","date":"2026-08-01","timeLocal":"17:00"},"geometry":{"type":"Polygon","coordinates":[[[127.42664,38.07595],[127.42665,38.07584],[127.42672,38.07584],[127.42671,38.07595],[127.42664,38.07595]]]}},{"type":"Feature","properties":{"valleyId":"baegun","layer":"cast","date":"2026-08-01","timeLocal":"17:00"},"geometry":{"type":"Polygon","coordinates":[[[127.41627,38.07581],[127.41625,38.0757],[127.41632,38.0757],[127.41634,38.07581],[127.41627,38.07581]]]}},{"type":"Feature","properties":{"valleyId":"baegun","layer":"cast","date":"2026-08-01","timeLocal":"17:00"},"geometry":{"type":"Polygon","coordinates":[[[127.41199,38.07577],[127.41197,38.07564],[127.41201,38.0756],[127.4121,38.07561],[127.4121,38.0757],[127.41206,38.07577],[127.41199,38.07577]]]}},{"type":"Feature","properties":{"valleyId":"baegun","layer":"cast","date":"2026-08-01","timeLocal":"17:00"},"geometry":{"type":"Polygon","coordinates":[[[127.416,38.07573],[127.41596,38.07571],[127.41598,38.07559],[127.41607,38.07559],[127.41607,38.07573],[127.416,38.07573]]]}},{"type":"Feature","properties":{"valleyId":"baegun","layer":"cast","date":"2026-08-01","timeLocal":"17:00"},"geometry":{"type":"Polygon","coordinates":[[[127.41575,38.07556],[127.41573,38.07546],[127.41585,38.07546],[127.41585,38.07557],[127.41575,38.07556]]]}},{"type":"Feature","properties":{"valleyId":"baegun","layer":"cast","date":"2026-08-01","timeLocal":"17:00"},"geometry":{"type":"Polygon","coordinates":[[[127.41585,38.07544],[127.41585,38.07528],[127.41594,38.07528],[127.41598,38.07544],[127.41585,38.07544]]]}},{"type":"Feature","properties":{"valleyId":"baegun","layer":"cast","date":"2026-08-01","timeLocal":"17:00"},"geometry":{"type":"Polygon","coordinates":[[[127.40099,38.07522],[127.40097,38.07513],[127.40106,38.07506],[127.40113,38.07506],[127.40115,38.07515],[127.40108,38.07522],[127.40099,38.07522]]]}},{"type":"Feature","properties":{"valleyId":"baegun","layer":"cast","date":"2026-08-01","timeLocal":"17:00"},"geometry":{"type":"Polygon","coordinates":[[[127.42789,38.07537],[127.42789,38.07531],[127.42796,38.07531],[127.42796,38.07537],[127.42789,38.07537]]]}},{"type":"Feature","properties":{"valleyId":"baegun","layer":"cast","date":"2026-08-01","timeLocal":"17:00"},"geometry":{"type":"Polygon","coordinates":[[[127.43669,38.07543],[127.43669,38.07538],[127.43685,38.07536],[127.43685,38.07543],[127.43669,38.07543]]]}},{"type":"Feature","properties":{"valleyId":"baegun","layer":"cast","date":"2026-08-01","timeLocal":"17:00"},"geometry":{"type":"Polygon","coordinates":[[[127.43628,38.07546],[127.43628,38.07541],[127.43644,38.07537],[127.43649,38.0753],[127.43665,38.0753],[127.43664,38.07539],[127.4366,38.07539],[127.4366,38.07545],[127.43628,38.07546]]]}},{"type":"Feature","properties":{"valleyId":"baegun","layer":"cast","date":"2026-08-01","timeLocal":"17:00"},"geometry":{"type":"Polygon","coordinates":[[[127.41729,38.07512],[127.41729,38.07504],[127.41738,38.07505],[127.41738,38.0751],[127.41729,38.07512]]]}},{"type":"Feature","properties":{"valleyId":"baegun","layer":"cast","date":"2026-08-01","timeLocal":"17:00"},"geometry":{"type":"Polygon","coordinates":[[[127.41597,38.07499],[127.41597,38.07492],[127.41604,38.07492],[127.41606,38.07499],[127.41597,38.07499]]]}},{"type":"Feature","properties":{"valleyId":"baegun","layer":"cast","date":"2026-08-01","timeLocal":"17:00"},"geometry":{"type":"Polygon","coordinates":[[[127.42094,38.07504],[127.42094,38.07495],[127.42106,38.07495],[127.42106,38.07504],[127.42094,38.07504]]]}},{"type":"Feature","properties":{"valleyId":"baegun","layer":"cast","date":"2026-08-01","timeLocal":"17:00"},"geometry":{"type":"Polygon","coordinates":[[[127.42771,38.07517],[127.42764,38.07504],[127.4276,38.07504],[127.4276,38.07498],[127.42774,38.07499],[127.42778,38.07517],[127.42771,38.07517]]]}},{"type":"Feature","properties":{"valleyId":"baegun","layer":"cast","date":"2026-08-01","timeLocal":"17:00"},"geometry":{"type":"Polygon","coordinates":[[[127.42747,38.07489],[127.42742,38.07486],[127.42742,38.0748],[127.42751,38.0748],[127.42753,38.07484],[127.42753,38.07489],[127.42747,38.07489]]]}},{"type":"Feature","properties":{"valleyId":"baegun","layer":"cast","date":"2026-08-01","timeLocal":"17:00"},"geometry":{"type":"Polygon","coordinates":[[[127.41531,38.07509],[127.41522,38.07503],[127.41522,38.075],[127.41515,38.075],[127.41506,38.07494],[127.41504,38.07485],[127.41493,38.07478],[127.41493,38.07474],[127.41486,38.07472],[127.41482,38.07465],[127.41473,38.07461],[127.41473,38.07456],[127.41486,38.07458],[127.41486,38.07462],[127.41502,38.07469],[127.41504,38.07476],[127.41522,38.07491],[127.41524,38.07498],[127.41538,38.07504],[127.41538,38.07509],[127.41531,38.07509]]]}},{"type":"Feature","properties":{"valleyId":"baegun","layer":"cast","date":"2026-08-01","timeLocal":"17:00"},"geometry":{"type":"Polygon","coordinates":[[[127.41584,38.07457],[127.41584,38.07452],[127.41591,38.07452],[127.41591,38.07458],[127.41584,38.07457]]]}},{"type":"Feature","properties":{"valleyId":"baegun","layer":"cast","date":"2026-08-01","timeLocal":"17:00"},"geometry":{"type":"Polygon","coordinates":[[[127.41457,38.07454],[127.41448,38.07448],[127.41448,38.07443],[127.41464,38.07445],[127.41464,38.07454],[127.41457,38.07454]]]}},{"type":"Feature","properties":{"valleyId":"baegun","layer":"cast","date":"2026-08-01","timeLocal":"17:00"},"geometry":{"type":"Polygon","coordinates":[[[127.41464,38.07443],[127.41464,38.07438],[127.41473,38.07438],[127.41473,38.07443],[127.41464,38.07443]]]}},{"type":"Feature","properties":{"valleyId":"baegun","layer":"cast","date":"2026-08-01","timeLocal":"17:00"},"geometry":{"type":"Polygon","coordinates":[[[127.43545,38.07471],[127.43545,38.07466],[127.43552,38.07466],[127.43552,38.07471],[127.43545,38.07471]]]}},{"type":"Feature","properties":{"valleyId":"baegun","layer":"cast","date":"2026-08-01","timeLocal":"17:00"},"geometry":{"type":"Polygon","coordinates":[[[127.42793,38.07466],[127.42793,38.0745],[127.42802,38.0745],[127.42802,38.07463],[127.42799,38.07467],[127.42793,38.07466]]]}},{"type":"Feature","properties":{"valleyId":"baegun","layer":"cast","date":"2026-08-01","timeLocal":"17:00"},"geometry":{"type":"Polygon","coordinates":[[[127.414,38.07435],[127.414,38.0743],[127.41407,38.0743],[127.41407,38.07435],[127.414,38.07435]]]}},{"type":"Feature","properties":{"valleyId":"baegun","layer":"cast","date":"2026-08-01","timeLocal":"17:00"},"geometry":{"type":"Polygon","coordinates":[[[127.41459,38.07436],[127.4146,38.07429],[127.41466,38.07429],[127.41466,38.07436],[127.41459,38.07436]]]}},{"type":"Feature","properties":{"valleyId":"baegun","layer":"cast","date":"2026-08-01","timeLocal":"17:00"},"geometry":{"type":"Polygon","coordinates":[[[127.41505,38.07431],[127.41505,38.07424],[127.41512,38.07424],[127.41512,38.07431],[127.41505,38.07431]]]}},{"type":"Feature","properties":{"valleyId":"baegun","layer":"cast","date":"2026-08-01","timeLocal":"17:00"},"geometry":{"type":"Polygon","coordinates":[[[127.42788,38.07447],[127.42789,38.07441],[127.42795,38.07441],[127.42795,38.07447],[127.42788,38.07447]]]}},{"type":"Feature","properties":{"valleyId":"baegun","layer":"cast","date":"2026-08-01","timeLocal":"17:00"},"geometry":{"type":"Polygon","coordinates":[[[127.40831,38.07415],[127.40831,38.07409],[127.40838,38.07409],[127.40837,38.07415],[127.40831,38.07415]]]}},{"type":"Feature","properties":{"valleyId":"baegun","layer":"cast","date":"2026-08-01","timeLocal":"17:00"},"geometry":{"type":"Polygon","coordinates":[[[127.41446,38.0742],[127.41446,38.07412],[127.41453,38.07412],[127.41453,38.0742],[127.41446,38.0742]]]}},{"type":"Feature","properties":{"valleyId":"baegun","layer":"cast","date":"2026-08-01","timeLocal":"17:00"},"geometry":{"type":"Polygon","coordinates":[[[127.41353,38.07418],[127.41351,38.07411],[127.41346,38.07411],[127.41346,38.07404],[127.41353,38.07404],[127.41357,38.07411],[127.41364,38.07413],[127.41364,38.07418],[127.41353,38.07418]]]}},{"type":"Feature","properties":{"valleyId":"baegun","layer":"cast","date":"2026-08-01","timeLocal":"17:00"},"geometry":{"type":"Polygon","coordinates":[[[127.41492,38.07417],[127.41487,38.07413],[127.41487,38.07404],[127.41499,38.07406],[127.41499,38.07417],[127.41492,38.07417]]]}},{"type":"Feature","properties":{"valleyId":"baegun","layer":"cast","date":"2026-08-01","timeLocal":"17:00"},"geometry":{"type":"Polygon","coordinates":[[[127.41337,38.07404],[127.41337,38.07398],[127.41344,38.07398],[127.41344,38.07404],[127.41337,38.07404]]]}},{"type":"Feature","properties":{"valleyId":"baegun","layer":"cast","date":"2026-08-01","timeLocal":"17:00"},"geometry":{"type":"Polygon","coordinates":[[[127.41426,38.07387],[127.41426,38.07381],[127.41433,38.07382],[127.41433,38.07387],[127.41426,38.07387]]]}},{"type":"Feature","properties":{"valleyId":"baegun","layer":"cast","date":"2026-08-01","timeLocal":"17:00"},"geometry":{"type":"Polygon","coordinates":[[[127.41317,38.07391],[127.41312,38.07389],[127.4131,38.07378],[127.41319,38.07378],[127.41324,38.07384],[127.41324,38.07391],[127.41317,38.07391]]]}},{"type":"Feature","properties":{"valleyId":"baegun","layer":"cast","date":"2026-08-01","timeLocal":"17:00"},"geometry":{"type":"Polygon","coordinates":[[[127.42858,38.07395],[127.42858,38.0739],[127.42867,38.07388],[127.42867,38.07395],[127.42858,38.07395]]]}},{"type":"Feature","properties":{"valleyId":"baegun","layer":"cast","date":"2026-08-01","timeLocal":"17:00"},"geometry":{"type":"Polygon","coordinates":[[[127.42858,38.07384],[127.42858,38.07379],[127.42865,38.07379],[127.42865,38.07385],[127.42858,38.07384]]]}},{"type":"Feature","properties":{"valleyId":"baegun","layer":"cast","date":"2026-08-01","timeLocal":"17:00"},"geometry":{"type":"Polygon","coordinates":[[[127.41372,38.07364],[127.41372,38.07357],[127.41379,38.07357],[127.41379,38.07365],[127.41372,38.07364]]]}},{"type":"Feature","properties":{"valleyId":"baegun","layer":"cast","date":"2026-08-01","timeLocal":"17:00"},"geometry":{"type":"Polygon","coordinates":[[[127.41301,38.07374],[127.41294,38.07367],[127.4129,38.07367],[127.41286,38.07356],[127.41292,38.07356],[127.41297,38.07362],[127.41306,38.07365],[127.41308,38.07374],[127.41301,38.07374]]]}},{"type":"Feature","properties":{"valleyId":"baegun","layer":"cast","date":"2026-08-01","timeLocal":"17:00"},"geometry":{"type":"Polygon","coordinates":[[[127.40697,38.07352],[127.40693,38.0735],[127.40693,38.07343],[127.40707,38.07343],[127.40707,38.07352],[127.40697,38.07352]]]}},{"type":"Feature","properties":{"valleyId":"baegun","layer":"cast","date":"2026-08-01","timeLocal":"17:00"},"geometry":{"type":"Polygon","coordinates":[[[127.41304,38.07349],[127.41304,38.07338],[127.41311,38.07338],[127.41313,38.07346],[127.41311,38.07349],[127.41304,38.07349]]]}},{"type":"Feature","properties":{"valleyId":"baegun","layer":"cast","date":"2026-08-01","timeLocal":"17:00"},"geometry":{"type":"Polygon","coordinates":[[[127.40752,38.0734],[127.40753,38.07331],[127.40759,38.07331],[127.40762,38.07338],[127.40752,38.0734]]]}},{"type":"Feature","properties":{"valleyId":"baegun","layer":"cast","date":"2026-08-01","timeLocal":"17:00"},"geometry":{"type":"Polygon","coordinates":[[[127.41846,38.07374],[127.41849,38.07338],[127.41856,38.07339],[127.4186,38.07357],[127.41853,38.0736],[127.41853,38.07375],[127.41846,38.07374]]]}},{"type":"Feature","properties":{"valleyId":"baegun","layer":"cast","date":"2026-08-01","timeLocal":"17:00"},"geometry":{"type":"Polygon","coordinates":[[[127.4067,38.07337],[127.40659,38.07328],[127.40659,38.07322],[127.40673,38.07324],[127.40684,38.07332],[127.40684,38.07337],[127.4067,38.07337]]]}},{"type":"Feature","properties":{"valleyId":"baegun","layer":"cast","date":"2026-08-01","timeLocal":"17:00"},"geometry":{"type":"Polygon","coordinates":[[[127.41147,38.07324],[127.41147,38.07318],[127.41156,38.07318],[127.41156,38.07324],[127.41147,38.07324]]]}},{"type":"Feature","properties":{"valleyId":"baegun","layer":"cast","date":"2026-08-01","timeLocal":"17:00"},"geometry":{"type":"Polygon","coordinates":[[[127.41854,38.07333],[127.41854,38.07326],[127.41861,38.07326],[127.41861,38.07333],[127.41854,38.07333]]]}},{"type":"Feature","properties":{"valleyId":"baegun","layer":"cast","date":"2026-08-01","timeLocal":"17:00"},"geometry":{"type":"Polygon","coordinates":[[[127.41621,38.07328],[127.41622,38.07316],[127.41628,38.07316],[127.41628,38.07328],[127.41621,38.07328]]]}},{"type":"Feature","properties":{"valleyId":"baegun","layer":"cast","date":"2026-08-01","timeLocal":"17:00"},"geometry":{"type":"Polygon","coordinates":[[[127.41307,38.07315],[127.41307,38.07308],[127.41316,38.07306],[127.41316,38.07315],[127.41307,38.07315]]]}},{"type":"Feature","properties":{"valleyId":"baegun","layer":"cast","date":"2026-08-01","timeLocal":"17:00"},"geometry":{"type":"Polygon","coordinates":[[[127.40542,38.07287],[127.4054,38.0727],[127.40546,38.0727],[127.40551,38.07274],[127.40551,38.07283],[127.40548,38.07287],[127.40542,38.07287]]]}},{"type":"Feature","properties":{"valleyId":"baegun","layer":"cast","date":"2026-08-01","timeLocal":"17:00"},"geometry":{"type":"Polygon","coordinates":[[[127.40914,38.07263],[127.40914,38.07256],[127.40923,38.07256],[127.40923,38.07263],[127.40914,38.07263]]]}},{"type":"Feature","properties":{"valleyId":"baegun","layer":"cast","date":"2026-08-01","timeLocal":"17:00"},"geometry":{"type":"Polygon","coordinates":[[[127.40989,38.0726],[127.40989,38.07255],[127.40996,38.07255],[127.40996,38.0726],[127.40989,38.0726]]]}},{"type":"Feature","properties":{"valleyId":"baegun","layer":"cast","date":"2026-08-01","timeLocal":"17:00"},"geometry":{"type":"Polygon","coordinates":[[[127.41199,38.07263],[127.41199,38.07258],[127.41206,38.07258],[127.41206,38.07263],[127.41199,38.07263]]]}},{"type":"Feature","properties":{"valleyId":"baegun","layer":"cast","date":"2026-08-01","timeLocal":"17:00"},"geometry":{"type":"Polygon","coordinates":[[[127.41231,38.07263],[127.41231,38.07258],[127.41242,38.07258],[127.41242,38.07264],[127.41231,38.07263]]]}},{"type":"Feature","properties":{"valleyId":"baegun","layer":"cast","date":"2026-08-01","timeLocal":"17:00"},"geometry":{"type":"Polygon","coordinates":[[[127.41586,38.07293],[127.41584,38.07257],[127.41596,38.07258],[127.41602,38.07259],[127.41602,38.07265],[127.416,38.07274],[127.41595,38.07276],[127.41595,38.0729],[127.41592,38.07294],[127.41586,38.07293]]]}},{"type":"Feature","properties":{"valleyId":"baegun","layer":"cast","date":"2026-08-01","timeLocal":"17:00"},"geometry":{"type":"Polygon","coordinates":[[[127.41037,38.07257],[127.41037,38.0725],[127.41044,38.0725],[127.41044,38.07257],[127.41037,38.07257]]]}},{"type":"Feature","properties":{"valleyId":"baegun","layer":"cast","date":"2026-08-01","timeLocal":"17:00"},"geometry":{"type":"Polygon","coordinates":[[[127.41646,38.07228],[127.41646,38.07222],[127.41653,38.07222],[127.41653,38.07228],[127.41646,38.07228]]]}},{"type":"Feature","properties":{"valleyId":"baegun","layer":"cast","date":"2026-08-01","timeLocal":"17:00"},"geometry":{"type":"Polygon","coordinates":[[[127.39317,38.07196],[127.39315,38.07187],[127.39328,38.07187],[127.39326,38.07196],[127.39317,38.07196]]]}},{"type":"Feature","properties":{"valleyId":"baegun","layer":"cast","date":"2026-08-01","timeLocal":"17:00"},"geometry":{"type":"Polygon","coordinates":[[[127.41692,38.07223],[127.41692,38.07208],[127.41704,38.07209],[127.41704,38.07218],[127.41699,38.07217],[127.41699,38.07223],[127.41692,38.07223]]]}},{"type":"Feature","properties":{"valleyId":"baegun","layer":"cast","date":"2026-08-01","timeLocal":"17:00"},"geometry":{"type":"Polygon","coordinates":[[[127.40653,38.07196],[127.40653,38.07191],[127.40662,38.07191],[127.40662,38.07196],[127.40653,38.07196]]]}},{"type":"Feature","properties":{"valleyId":"baegun","layer":"cast","date":"2026-08-01","timeLocal":"17:00"},"geometry":{"type":"Polygon","coordinates":[[[127.41688,38.07199],[127.41688,38.07194],[127.417,38.07194],[127.41699,38.07199],[127.41688,38.07199]]]}},{"type":"Feature","properties":{"valleyId":"baegun","layer":"cast","date":"2026-08-01","timeLocal":"17:00"},"geometry":{"type":"Polygon","coordinates":[[[127.4066,38.07171],[127.4066,38.07164],[127.40667,38.07164],[127.40667,38.07171],[127.4066,38.07171]]]}},{"type":"Feature","properties":{"valleyId":"baegun","layer":"cast","date":"2026-08-01","timeLocal":"17:00"},"geometry":{"type":"Polygon","coordinates":[[[127.39274,38.07167],[127.39275,38.07141],[127.39279,38.07141],[127.39291,38.07151],[127.39295,38.07165],[127.39281,38.07163],[127.39279,38.07167],[127.39274,38.07167]]]}},{"type":"Feature","properties":{"valleyId":"baegun","layer":"cast","date":"2026-08-01","timeLocal":"17:00"},"geometry":{"type":"Polygon","coordinates":[[[127.40869,38.07221],[127.40867,38.07208],[127.40876,38.07201],[127.40877,38.07188],[127.40881,38.07185],[127.4088,38.07149],[127.40889,38.07147],[127.40891,38.07156],[127.40895,38.0716],[127.40895,38.07176],[127.409,38.0718],[127.40899,38.0719],[127.40895,38.0719],[127.40895,38.07194],[127.40888,38.07196],[127.40885,38.07206],[127.40878,38.07212],[127.40876,38.07221],[127.40869,38.07221]]]}},{"type":"Feature","properties":{"valleyId":"baegun","layer":"cast","date":"2026-08-01","timeLocal":"17:00"},"geometry":{"type":"Polygon","coordinates":[[[127.43415,38.07168],[127.43415,38.07163],[127.43422,38.07163],[127.43421,38.07168],[127.43415,38.07168]]]}},{"type":"Feature","properties":{"valleyId":"baegun","layer":"cast","date":"2026-08-01","timeLocal":"17:00"},"geometry":{"type":"Polygon","coordinates":[[[127.40645,38.07133],[127.40645,38.07124],[127.40652,38.07124],[127.40654,38.07131],[127.40645,38.07133]]]}},{"type":"Feature","properties":{"valleyId":"baegun","layer":"cast","date":"2026-08-01","timeLocal":"17:00"},"geometry":{"type":"Polygon","coordinates":[[[127.39859,38.07113],[127.39859,38.07108],[127.39866,38.07108],[127.39866,38.07113],[127.39859,38.07113]]]}},{"type":"Feature","properties":{"valleyId":"baegun","layer":"cast","date":"2026-08-01","timeLocal":"17:00"},"geometry":{"type":"Polygon","coordinates":[[[127.39843,38.07108],[127.39843,38.07099],[127.3985,38.07099],[127.39852,38.07106],[127.39843,38.07108]]]}},{"type":"Feature","properties":{"valleyId":"baegun","layer":"cast","date":"2026-08-01","timeLocal":"17:00"},"geometry":{"type":"Polygon","coordinates":[[[127.40887,38.0714],[127.40892,38.07122],[127.40901,38.07117],[127.40901,38.07111],[127.40906,38.07108],[127.40912,38.07108],[127.40912,38.07113],[127.40905,38.07118],[127.40905,38.07126],[127.40901,38.07126],[127.40901,38.07135],[127.40896,38.07136],[127.40896,38.0714],[127.40887,38.0714]]]}},{"type":"Feature","properties":{"valleyId":"baegun","layer":"cast","date":"2026-08-01","timeLocal":"17:00"},"geometry":{"type":"Polygon","coordinates":[[[127.4344,38.07142],[127.4344,38.07136],[127.43447,38.07136],[127.43447,38.07142],[127.4344,38.07142]]]}},{"type":"Feature","properties":{"valleyId":"baegun","layer":"cast","date":"2026-08-01","timeLocal":"17:00"},"geometry":{"type":"Polygon","coordinates":[[[127.40106,38.07095],[127.40106,38.07082],[127.40113,38.07082],[127.40113,38.07095],[127.40106,38.07095]]]}},{"type":"Feature","properties":{"valleyId":"baegun","layer":"cast","date":"2026-08-01","timeLocal":"17:00"},"geometry":{"type":"Polygon","coordinates":[[[127.40912,38.07108],[127.40913,38.07101],[127.40917,38.07093],[127.40924,38.0709],[127.40924,38.07086],[127.40938,38.07086],[127.40938,38.07092],[127.40926,38.07095],[127.40922,38.07106],[127.40912,38.07108]]]}},{"type":"Feature","properties":{"valleyId":"baegun","layer":"cast","date":"2026-08-01","timeLocal":"17:00"},"geometry":{"type":"Polygon","coordinates":[[[127.43158,38.07125],[127.43156,38.07116],[127.43163,38.07116],[127.43165,38.07125],[127.43158,38.07125]]]}},{"type":"Feature","properties":{"valleyId":"baegun","layer":"cast","date":"2026-08-01","timeLocal":"17:00"},"geometry":{"type":"Polygon","coordinates":[[[127.39789,38.07078],[127.39785,38.07074],[127.39785,38.07069],[127.39792,38.07069],[127.39796,38.07073],[127.39796,38.07078],[127.39789,38.07078]]]}},{"type":"Feature","properties":{"valleyId":"baegun","layer":"cast","date":"2026-08-01","timeLocal":"17:00"},"geometry":{"type":"Polygon","coordinates":[[[127.40102,38.07075],[127.40097,38.07071],[127.40097,38.07066],[127.40106,38.07066],[127.40108,38.0707],[127.40108,38.07075],[127.40102,38.07075]]]}},{"type":"Feature","properties":{"valleyId":"baegun","layer":"cast","date":"2026-08-01","timeLocal":"17:00"},"geometry":{"type":"Polygon","coordinates":[[[127.39767,38.07069],[127.39767,38.07065],[127.39762,38.07065],[127.39762,38.0706],[127.39769,38.0706],[127.39769,38.07063],[127.39773,38.07063],[127.39773,38.07069],[127.39767,38.07069]]]}},{"type":"Feature","properties":{"valleyId":"baegun","layer":"cast","date":"2026-08-01","timeLocal":"17:00"},"geometry":{"type":"Polygon","coordinates":[[[127.40143,38.07067],[127.40143,38.07061],[127.4015,38.07061],[127.4015,38.07067],[127.40143,38.07067]]]}},{"type":"Feature","properties":{"valleyId":"baegun","layer":"cast","date":"2026-08-01","timeLocal":"17:00"},"geometry":{"type":"Polygon","coordinates":[[[127.40934,38.07081],[127.40934,38.07068],[127.40941,38.07068],[127.40943,38.07081],[127.40934,38.07081]]]}},{"type":"Feature","properties":{"valleyId":"baegun","layer":"cast","date":"2026-08-01","timeLocal":"17:00"},"geometry":{"type":"Polygon","coordinates":[[[127.39942,38.07062],[127.39942,38.07051],[127.39958,38.07053],[127.39958,38.07061],[127.39942,38.07062]]]}},{"type":"Feature","properties":{"valleyId":"baegun","layer":"cast","date":"2026-08-01","timeLocal":"17:00"},"geometry":{"type":"Polygon","coordinates":[[[127.39532,38.07051],[127.39532,38.07046],[127.39541,38.07046],[127.39541,38.07051],[127.39532,38.07051]]]}},{"type":"Feature","properties":{"valleyId":"baegun","layer":"cast","date":"2026-08-01","timeLocal":"17:00"},"geometry":{"type":"Polygon","coordinates":[[[127.39785,38.07055],[127.39785,38.07049],[127.39797,38.07049],[127.39796,38.07055],[127.39785,38.07055]]]}},{"type":"Feature","properties":{"valleyId":"baegun","layer":"cast","date":"2026-08-01","timeLocal":"17:00"},"geometry":{"type":"Polygon","coordinates":[[[127.40138,38.07056],[127.40139,38.0705],[127.40145,38.0705],[127.40145,38.07056],[127.40138,38.07056]]]}},{"type":"Feature","properties":{"valleyId":"baegun","layer":"cast","date":"2026-08-01","timeLocal":"17:00"},"geometry":{"type":"Polygon","coordinates":[[[127.39751,38.07059],[127.39749,38.07052],[127.39744,38.07052],[127.39744,38.07043],[127.39749,38.07031],[127.39756,38.07031],[127.39753,38.07049],[127.39762,38.07054],[127.39762,38.0706],[127.39751,38.07059]]]}},{"type":"Feature","properties":{"valleyId":"baegun","layer":"cast","date":"2026-08-01","timeLocal":"17:00"},"geometry":{"type":"Polygon","coordinates":[[[127.39704,38.07028],[127.39702,38.07017],[127.39708,38.07017],[127.3971,38.07028],[127.39704,38.07028]]]}},{"type":"Feature","properties":{"valleyId":"baegun","layer":"cast","date":"2026-08-01","timeLocal":"17:00"},"geometry":{"type":"Polygon","coordinates":[[[127.41224,38.07045],[127.41224,38.07036],[127.41233,38.07035],[127.41235,38.07045],[127.41224,38.07045]]]}},{"type":"Feature","properties":{"valleyId":"baegun","layer":"cast","date":"2026-08-01","timeLocal":"17:00"},"geometry":{"type":"Polygon","coordinates":[[[127.39936,38.07022],[127.39936,38.07017],[127.39945,38.07017],[127.39945,38.07022],[127.39936,38.07022]]]}},{"type":"Feature","properties":{"valleyId":"baegun","layer":"cast","date":"2026-08-01","timeLocal":"17:00"},"geometry":{"type":"Polygon","coordinates":[[[127.40059,38.07022],[127.4006,38.07015],[127.40066,38.07015],[127.40066,38.07022],[127.40059,38.07022]]]}},{"type":"Feature","properties":{"valleyId":"baegun","layer":"cast","date":"2026-08-01","timeLocal":"17:00"},"geometry":{"type":"Polygon","coordinates":[[[127.39718,38.07012],[127.39718,38.07003],[127.39725,38.07003],[127.39724,38.07012],[127.39718,38.07012]]]}},{"type":"Feature","properties":{"valleyId":"baegun","layer":"cast","date":"2026-08-01","timeLocal":"17:00"},"geometry":{"type":"Polygon","coordinates":[[[127.4005,38.07013],[127.40051,38.07008],[127.40057,38.07008],[127.40057,38.07013],[127.4005,38.07013]]]}},{"type":"Feature","properties":{"valleyId":"baegun","layer":"cast","date":"2026-08-01","timeLocal":"17:00"},"geometry":{"type":"Polygon","coordinates":[[[127.41062,38.07038],[127.4106,38.0702],[127.41067,38.0702],[127.41071,38.07034],[127.41069,38.07038],[127.41062,38.07038]]]}},{"type":"Feature","properties":{"valleyId":"baegun","layer":"cast","date":"2026-08-01","timeLocal":"17:00"},"geometry":{"type":"Polygon","coordinates":[[[127.41238,38.07029],[127.41238,38.0702],[127.41245,38.0702],[127.41245,38.07029],[127.41238,38.07029]]]}},{"type":"Feature","properties":{"valleyId":"baegun","layer":"cast","date":"2026-08-01","timeLocal":"17:00"},"geometry":{"type":"Polygon","coordinates":[[[127.3985,38.07007],[127.3985,38.07],[127.39859,38.07],[127.39859,38.07007],[127.3985,38.07007]]]}},{"type":"Feature","properties":{"valleyId":"baegun","layer":"cast","date":"2026-08-01","timeLocal":"17:00"},"geometry":{"type":"Polygon","coordinates":[[[127.40639,38.07322],[127.40632,38.07317],[127.40632,38.07313],[127.40621,38.07309],[127.40621,38.07297],[127.40617,38.07295],[127.40617,38.07289],[127.40621,38.07288],[127.40622,38.07279],[127.40617,38.07279],[127.40617,38.07273],[127.40626,38.07273],[127.40626,38.07268],[127.4062,38.07266],[127.4062,38.07259],[127.40611,38.07259],[127.40615,38.07269],[127.40601,38.07269],[127.40601,38.0726],[127.40595,38.07255],[127.406,38.0724],[127.40593,38.0724],[127.40593,38.07231],[127.40588,38.07231],[127.40589,38.07215],[127.4058,38.07208],[127.4058,38.07202],[127.40587,38.07199],[127.40587,38.07193],[127.40582,38.0719],[127.40581,38.07172],[127.40574,38.07161],[127.40574,38.07154],[127.40581,38.0715],[127.40579,38.07125],[127.40586,38.07123],[127.40595,38.07114],[127.40605,38.07114],[127.40605,38.07107],[127.40603,38.07098],[127.40594,38.07087],[127.40596,38.07076],[127.40592,38.07073],[127.40592,38.07067],[127.40583,38.07062],[127.40583,38.07056],[127.40574,38.07056],[127.40565,38.07047],[127.40556,38.07045],[127.40556,38.07038],[127.40552,38.07033],[127.40545,38.07032],[127.40547,38.07025],[127.40565,38.07026],[127.40566,38.0702],[127.40559,38.0702],[127.40559,38.07015],[127.40566,38.07015],[127.40566,38.07007],[127.406,38.07008],[127.40599,38.07035],[127.40634,38.07035],[127.40633,38.07061],[127.4064,38.07066],[127.40642,38.07073],[127.40651,38.07079],[127.40651,38.07092],[127.40646,38.07091],[127.4065,38.07106],[127.40641,38.07109],[127.40636,38.07124],[127.40632,38.07124],[127.4063,38.07198],[127.40639,38.07198],[127.40641,38.07207],[127.40641,38.07214],[127.40634,38.07217],[127.40636,38.0723],[127.40629,38.07237],[127.40629,38.0725],[127.40631,38.07255],[127.40636,38.07255],[127.40638,38.07272],[127.40642,38.07272],[127.40642,38.07277],[127.40635,38.07277],[127.40635,38.07282],[127.4064,38.07282],[127.40642,38.0729],[127.40646,38.07292],[127.40646,38.07301],[127.40642,38.073],[127.40641,38.07313],[127.4065,38.07317],[127.4065,38.07322],[127.40639,38.07322]]]}},{"type":"Feature","properties":{"valleyId":"baegun","layer":"cast","date":"2026-08-01","timeLocal":"17:00"},"geometry":{"type":"Polygon","coordinates":[[[127.40276,38.07009],[127.40276,38.07004],[127.40283,38.07004],[127.40283,38.07009],[127.40276,38.07009]]]}},{"type":"Feature","properties":{"valleyId":"baegun","layer":"cast","date":"2026-08-01","timeLocal":"17:00"},"geometry":{"type":"Polygon","coordinates":[[[127.41058,38.07018],[127.41058,38.07012],[127.41065,38.07012],[127.41065,38.07018],[127.41058,38.07018]]]}},{"type":"Feature","properties":{"valleyId":"baegun","layer":"cast","date":"2026-08-01","timeLocal":"17:00"},"geometry":{"type":"Polygon","coordinates":[[[127.40632,38.07026],[127.40632,38.07014],[127.40625,38.07008],[127.40625,38.07001],[127.40632,38.07001],[127.40637,38.07005],[127.40636,38.07014],[127.40641,38.07014],[127.40638,38.07026],[127.40632,38.07026]]]}},{"type":"Feature","properties":{"valleyId":"baegun","layer":"cast","date":"2026-08-01","timeLocal":"17:00"},"geometry":{"type":"Polygon","coordinates":[[[127.39683,38.07017],[127.39683,38.07008],[127.39688,38.07005],[127.39684,38.06988],[127.39691,38.06988],[127.39691,38.06992],[127.39695,38.06992],[127.397,38.06998],[127.39697,38.07015],[127.39683,38.07017]]]}},{"type":"Feature","properties":{"valleyId":"baegun","layer":"cast","date":"2026-08-01","timeLocal":"17:00"},"geometry":{"type":"Polygon","coordinates":[[[127.4124,38.07018],[127.41241,38.07011],[127.41245,38.07009],[127.41245,38.07006],[127.41252,38.07006],[127.4125,38.07017],[127.4124,38.07018]]]}},{"type":"Feature","properties":{"valleyId":"baegun","layer":"cast","date":"2026-08-01","timeLocal":"17:00"},"geometry":{"type":"Polygon","coordinates":[[[127.40529,38.07023],[127.40527,38.07011],[127.40518,38.07009],[127.40518,38.07005],[127.40511,38.07005],[127.40509,38.06994],[127.40516,38.06994],[127.40518,38.07003],[127.40527,38.07003],[127.40529,38.07011],[127.40534,38.07011],[127.40536,38.07023],[127.40529,38.07023]]]}},{"type":"Feature","properties":{"valleyId":"baegun","layer":"cast","date":"2026-08-01","timeLocal":"17:00"},"geometry":{"type":"Polygon","coordinates":[[[127.40619,38.06994],[127.40619,38.06987],[127.40626,38.06987],[127.40625,38.06994],[127.40619,38.06994]]]}},{"type":"Feature","properties":{"valleyId":"baegun","layer":"cast","date":"2026-08-01","timeLocal":"17:00"},"geometry":{"type":"Polygon","coordinates":[[[127.39689,38.06976],[127.39689,38.0697],[127.39696,38.0697],[127.39696,38.06976],[127.39689,38.06976]]]}},{"type":"Feature","properties":{"valleyId":"baegun","layer":"cast","date":"2026-08-01","timeLocal":"17:00"},"geometry":{"type":"Polygon","coordinates":[[[127.40115,38.06998],[127.40115,38.06991],[127.40119,38.06989],[127.40119,38.06985],[127.40126,38.06985],[127.40127,38.06974],[127.40133,38.06975],[127.40133,38.06985],[127.40129,38.06985],[127.40126,38.06994],[127.40121,38.06998],[127.40115,38.06998]]]}},{"type":"Feature","properties":{"valleyId":"baegun","layer":"cast","date":"2026-08-01","timeLocal":"17:00"},"geometry":{"type":"Polygon","coordinates":[[[127.42337,38.07024],[127.42335,38.07001],[127.42347,38.06999],[127.42346,38.07024],[127.42337,38.07024]]]}},{"type":"Feature","properties":{"valleyId":"baegun","layer":"cast","date":"2026-08-01","timeLocal":"17:00"},"geometry":{"type":"Polygon","coordinates":[[[127.40564,38.06973],[127.40564,38.06966],[127.40571,38.06966],[127.40571,38.06973],[127.40564,38.06973]]]}},{"type":"Feature","properties":{"valleyId":"baegun","layer":"cast","date":"2026-08-01","timeLocal":"17:00"},"geometry":{"type":"Polygon","coordinates":[[[127.40532,38.06973],[127.40535,38.06964],[127.40546,38.06964],[127.40546,38.06971],[127.40532,38.06973]]]}},{"type":"Feature","properties":{"valleyId":"baegun","layer":"cast","date":"2026-08-01","timeLocal":"17:00"},"geometry":{"type":"Polygon","coordinates":[[[127.39668,38.06999],[127.39666,38.06992],[127.39652,38.06982],[127.3965,38.06973],[127.39639,38.06968],[127.39639,38.06962],[127.39646,38.06957],[127.39646,38.06948],[127.39662,38.0695],[127.39662,38.06956],[127.3965,38.06959],[127.3965,38.06966],[127.39664,38.06975],[127.39664,38.06983],[127.39677,38.06988],[127.39675,38.06999],[127.39668,38.06999]]]}},{"type":"Feature","properties":{"valleyId":"baegun","layer":"cast","date":"2026-08-01","timeLocal":"17:00"},"geometry":{"type":"Polygon","coordinates":[[[127.39322,38.06945],[127.39322,38.0694],[127.39332,38.0694],[127.39331,38.06946],[127.39322,38.06945]]]}},{"type":"Feature","properties":{"valleyId":"baegun","layer":"cast","date":"2026-08-01","timeLocal":"17:00"},"geometry":{"type":"Polygon","coordinates":[[[127.40544,38.0696],[127.40544,38.06955],[127.40551,38.06955],[127.40551,38.0696],[127.40544,38.0696]]]}},{"type":"Feature","properties":{"valleyId":"baegun","layer":"cast","date":"2026-08-01","timeLocal":"17:00"},"geometry":{"type":"Polygon","coordinates":[[[127.43354,38.07],[127.43355,38.06987],[127.43361,38.06987],[127.43363,38.07],[127.43354,38.07]]]}},{"type":"Feature","properties":{"valleyId":"baegun","layer":"cast","date":"2026-08-01","timeLocal":"17:00"},"geometry":{"type":"Polygon","coordinates":[[[127.40191,38.0695],[127.40191,38.06945],[127.40198,38.06945],[127.40198,38.0695],[127.40191,38.0695]]]}},{"type":"Feature","properties":{"valleyId":"baegun","layer":"cast","date":"2026-08-01","timeLocal":"17:00"},"geometry":{"type":"Polygon","coordinates":[[[127.40451,38.06961],[127.40453,38.06946],[127.4046,38.06947],[127.40462,38.06957],[127.40457,38.06961],[127.40451,38.06961]]]}},{"type":"Feature","properties":{"valleyId":"baegun","layer":"cast","date":"2026-08-01","timeLocal":"17:00"},"geometry":{"type":"Polygon","coordinates":[[[127.40501,38.06965],[127.40494,38.06961],[127.40494,38.06947],[127.40501,38.06947],[127.40508,38.06953],[127.40507,38.06965],[127.40501,38.06965]]]}},{"type":"Feature","properties":{"valleyId":"baegun","layer":"cast","date":"2026-08-01","timeLocal":"17:00"},"geometry":{"type":"Polygon","coordinates":[[[127.40597,38.06948],[127.40597,38.06939],[127.40604,38.0694],[127.40604,38.06949],[127.40597,38.06948]]]}},{"type":"Feature","properties":{"valleyId":"baegun","layer":"cast","date":"2026-08-01","timeLocal":"17:00"},"geometry":{"type":"Polygon","coordinates":[[[127.40218,38.0694],[127.40219,38.06932],[127.40225,38.06933],[127.40225,38.0694],[127.40218,38.0694]]]}},{"type":"Feature","properties":{"valleyId":"baegun","layer":"cast","date":"2026-08-01","timeLocal":"17:00"},"geometry":{"type":"Polygon","coordinates":[[[127.41248,38.06997],[127.41246,38.06982],[127.41241,38.06979],[127.41244,38.06945],[127.41263,38.06941],[127.41262,38.06988],[127.41259,38.06992],[127.41255,38.06992],[127.41255,38.06997],[127.41248,38.06997]]]}},{"type":"Feature","properties":{"valleyId":"baegun","layer":"cast","date":"2026-08-01","timeLocal":"17:00"},"geometry":{"type":"Polygon","coordinates":[[[127.40276,38.06933],[127.40276,38.06928],[127.40285,38.06926],[127.40285,38.06932],[127.40276,38.06933]]]}},{"type":"Feature","properties":{"valleyId":"baegun","layer":"cast","date":"2026-08-01","timeLocal":"17:00"},"geometry":{"type":"Polygon","coordinates":[[[127.41951,38.06969],[127.41944,38.06947],[127.41951,38.06947],[127.4196,38.06952],[127.41985,38.06949],[127.41983,38.06967],[127.41964,38.06965],[127.41962,38.06969],[127.41951,38.06969]]]}},{"type":"Feature","properties":{"valleyId":"baegun","layer":"cast","date":"2026-08-01","timeLocal":"17:00"},"geometry":{"type":"Polygon","coordinates":[[[127.40321,38.06937],[127.40317,38.06927],[127.40317,38.06921],[127.40324,38.06921],[127.40328,38.0693],[127.40328,38.06938],[127.40321,38.06937]]]}},{"type":"Feature","properties":{"valleyId":"baegun","layer":"cast","date":"2026-08-01","timeLocal":"17:00"},"geometry":{"type":"Polygon","coordinates":[[[127.40276,38.06922],[127.40276,38.06915],[127.40283,38.06915],[127.40283,38.06923],[127.40276,38.06922]]]}},{"type":"Feature","properties":{"valleyId":"baegun","layer":"cast","date":"2026-08-01","timeLocal":"17:00"},"geometry":{"type":"Polygon","coordinates":[[[127.39341,38.0691],[127.39342,38.06897],[127.39348,38.06897],[127.39348,38.0691],[127.39341,38.0691]]]}},{"type":"Feature","properties":{"valleyId":"baegun","layer":"cast","date":"2026-08-01","timeLocal":"17:00"},"geometry":{"type":"Polygon","coordinates":[[[127.4346,38.0696],[127.43456,38.06945],[127.4347,38.06946],[127.43467,38.0696],[127.4346,38.0696]]]}},{"type":"Feature","properties":{"valleyId":"baegun","layer":"cast","date":"2026-08-01","timeLocal":"17:00"},"geometry":{"type":"Polygon","coordinates":[[[127.41263,38.06938],[127.41263,38.06929],[127.41267,38.06929],[127.41268,38.06925],[127.41272,38.06925],[127.41272,38.06922],[127.41277,38.06922],[127.41284,38.06914],[127.41291,38.06915],[127.4129,38.0692],[127.41286,38.06922],[127.41286,38.06933],[127.41272,38.06938],[127.41263,38.06938]]]}},{"type":"Feature","properties":{"valleyId":"baegun","layer":"cast","date":"2026-08-01","timeLocal":"17:00"},"geometry":{"type":"Polygon","coordinates":[[[127.4036,38.06913],[127.40361,38.06902],[127.40367,38.06902],[127.4037,38.06911],[127.4036,38.06913]]]}},{"type":"Feature","properties":{"valleyId":"baegun","layer":"cast","date":"2026-08-01","timeLocal":"17:00"},"geometry":{"type":"Polygon","coordinates":[[[127.41113,38.06916],[127.41113,38.0691],[127.4112,38.0691],[127.4112,38.06916],[127.41113,38.06916]]]}},{"type":"Feature","properties":{"valleyId":"baegun","layer":"cast","date":"2026-08-01","timeLocal":"17:00"},"geometry":{"type":"Polygon","coordinates":[[[127.43358,38.06946],[127.43358,38.0694],[127.43365,38.06941],[127.43365,38.06946],[127.43358,38.06946]]]}},{"type":"Feature","properties":{"valleyId":"baegun","layer":"cast","date":"2026-08-01","timeLocal":"17:00"},"geometry":{"type":"Polygon","coordinates":[[[127.40504,38.06906],[127.40504,38.06899],[127.40514,38.06897],[127.40513,38.06904],[127.40504,38.06906]]]}},{"type":"Feature","properties":{"valleyId":"baegun","layer":"cast","date":"2026-08-01","timeLocal":"17:00"},"geometry":{"type":"Polygon","coordinates":[[[127.41484,38.06914],[127.41485,38.06908],[127.41491,38.06908],[127.41491,38.06914],[127.41484,38.06914]]]}},{"type":"Feature","properties":{"valleyId":"baegun","layer":"cast","date":"2026-08-01","timeLocal":"17:00"},"geometry":{"type":"Polygon","coordinates":[[[127.40272,38.06899],[127.40274,38.06888],[127.40281,38.06888],[127.40281,38.06897],[127.40272,38.06899]]]}},{"type":"Feature","properties":{"valleyId":"baegun","layer":"cast","date":"2026-08-01","timeLocal":"17:00"},"geometry":{"type":"Polygon","coordinates":[[[127.40443,38.06898],[127.40443,38.06889],[127.40454,38.06887],[127.40452,38.06896],[127.40443,38.06898]]]}},{"type":"Feature","properties":{"valleyId":"baegun","layer":"cast","date":"2026-08-01","timeLocal":"17:00"},"geometry":{"type":"Polygon","coordinates":[[[127.40322,38.0691],[127.40322,38.06901],[127.40315,38.069],[127.40318,38.0688],[127.40331,38.0688],[127.40329,38.069],[127.40336,38.06903],[127.40335,38.06909],[127.40322,38.0691]]]}},{"type":"Feature","properties":{"valleyId":"baegun","layer":"cast","date":"2026-08-01","timeLocal":"17:00"},"geometry":{"type":"Polygon","coordinates":[[[127.40254,38.06884],[127.40254,38.06879],[127.40263,38.06879],[127.40263,38.06884],[127.40254,38.06884]]]}},{"type":"Feature","properties":{"valleyId":"baegun","layer":"cast","date":"2026-08-01","timeLocal":"17:00"},"geometry":{"type":"Polygon","coordinates":[[[127.4048,38.06886],[127.4048,38.06878],[127.40487,38.06878],[127.40486,38.06886],[127.4048,38.06886]]]}},{"type":"Feature","properties":{"valleyId":"baegun","layer":"cast","date":"2026-08-01","timeLocal":"17:00"},"geometry":{"type":"Polygon","coordinates":[[[127.42622,38.06911],[127.42622,38.06905],[127.42629,38.06906],[127.42629,38.06911],[127.42622,38.06911]]]}},{"type":"Feature","properties":{"valleyId":"baegun","layer":"cast","date":"2026-08-01","timeLocal":"17:00"},"geometry":{"type":"Polygon","coordinates":[[[127.41977,38.06922],[127.41977,38.06909],[127.41982,38.06906],[127.4198,38.06895],[127.41986,38.06895],[127.41988,38.06908],[127.41984,38.06913],[127.41984,38.06922],[127.41977,38.06922]]]}},{"type":"Feature","properties":{"valleyId":"baegun","layer":"cast","date":"2026-08-01","timeLocal":"17:00"},"geometry":{"type":"Polygon","coordinates":[[[127.43381,38.06919],[127.43381,38.06914],[127.43388,38.06914],[127.43388,38.06919],[127.43381,38.06919]]]}},{"type":"Feature","properties":{"valleyId":"baegun","layer":"cast","date":"2026-08-01","timeLocal":"17:00"},"geometry":{"type":"Polygon","coordinates":[[[127.4027,38.06875],[127.4027,38.0687],[127.40279,38.0687],[127.40279,38.06876],[127.4027,38.06875]]]}},{"type":"Feature","properties":{"valleyId":"baegun","layer":"cast","date":"2026-08-01","timeLocal":"17:00"},"geometry":{"type":"Polygon","coordinates":[[[127.43413,38.06923],[127.43411,38.06911],[127.4342,38.06911],[127.4342,38.06923],[127.43413,38.06923]]]}},{"type":"Feature","properties":{"valleyId":"baegun","layer":"cast","date":"2026-08-01","timeLocal":"17:00"},"geometry":{"type":"Polygon","coordinates":[[[127.39575,38.06864],[127.39575,38.06859],[127.39582,38.06859],[127.39582,38.06864],[127.39575,38.06864]]]}},{"type":"Feature","properties":{"valleyId":"baegun","layer":"cast","date":"2026-08-01","timeLocal":"17:00"},"geometry":{"type":"Polygon","coordinates":[[[127.41218,38.06896],[127.41212,38.06879],[127.41232,38.06883],[127.41237,38.06871],[127.41244,38.06871],[127.41244,38.06874],[127.41255,38.06874],[127.41259,38.06878],[127.41259,38.06887],[127.41243,38.06887],[127.41239,38.06892],[127.41218,38.06896]]]}},{"type":"Feature","properties":{"valleyId":"baegun","layer":"cast","date":"2026-08-01","timeLocal":"17:00"},"geometry":{"type":"Polygon","coordinates":[[[127.39397,38.06851],[127.39397,38.06846],[127.39402,38.06842],[127.39411,38.06842],[127.39411,38.06851],[127.39397,38.06851]]]}},{"type":"Feature","properties":{"valleyId":"baegun","layer":"cast","date":"2026-08-01","timeLocal":"17:00"},"geometry":{"type":"Polygon","coordinates":[[[127.39365,38.06867],[127.39363,38.06849],[127.39366,38.0684],[127.39373,38.0684],[127.39372,38.06867],[127.39365,38.06867]]]}},{"type":"Feature","properties":{"valleyId":"baegun","layer":"cast","date":"2026-08-01","timeLocal":"17:00"},"geometry":{"type":"Polygon","coordinates":[[[127.41207,38.06872],[127.41203,38.0687],[127.41203,38.06865],[127.41216,38.06863],[127.41214,38.06872],[127.41207,38.06872]]]}},{"type":"Feature","properties":{"valleyId":"baegun","layer":"cast","date":"2026-08-01","timeLocal":"17:00"},"geometry":{"type":"Polygon","coordinates":[[[127.39632,38.06948],[127.39632,38.06943],[127.3961,38.06939],[127.3961,38.06933],[127.39624,38.06926],[127.39624,38.06917],[127.3961,38.06912],[127.39613,38.06885],[127.39595,38.0687],[127.39595,38.06865],[127.39584,38.06863],[127.39584,38.0685],[127.39575,38.0685],[127.39575,38.06846],[127.39571,38.06844],[127.39571,38.06837],[127.39582,38.06839],[127.39582,38.06843],[127.39587,38.06843],[127.39587,38.06848],[127.39598,38.06852],[127.39598,38.06863],[127.39605,38.06863],[127.39616,38.06879],[127.39627,38.06885],[127.39627,38.06901],[127.39633,38.06903],[127.39635,38.06914],[127.39645,38.06914],[127.39644,38.06948],[127.39632,38.06948]]]}},{"type":"Feature","properties":{"valleyId":"baegun","layer":"cast","date":"2026-08-01","timeLocal":"17:00"},"geometry":{"type":"Polygon","coordinates":[[[127.43384,38.06905],[127.43386,38.06883],[127.43407,38.06883],[127.43407,38.06891],[127.43414,38.06893],[127.43414,38.06898],[127.43407,38.06898],[127.43407,38.06905],[127.43384,38.06905]]]}},{"type":"Feature","properties":{"valleyId":"baegun","layer":"cast","date":"2026-08-01","timeLocal":"17:00"},"geometry":{"type":"Polygon","coordinates":[[[127.40458,38.06846],[127.40458,38.06833],[127.40465,38.06833],[127.40467,38.06846],[127.40458,38.06846]]]}},{"type":"Feature","properties":{"valleyId":"baegun","layer":"cast","date":"2026-08-01","timeLocal":"17:00"},"geometry":{"type":"Polygon","coordinates":[[[127.39548,38.06837],[127.39549,38.06819],[127.39558,38.06819],[127.39557,38.06837],[127.39548,38.06837]]]}},{"type":"Feature","properties":{"valleyId":"baegun","layer":"cast","date":"2026-08-01","timeLocal":"17:00"},"geometry":{"type":"Polygon","coordinates":[[[127.39459,38.06841],[127.39459,38.06836],[127.39455,38.06834],[127.39455,38.06828],[127.3946,38.06825],[127.39457,38.06814],[127.39464,38.06814],[127.39466,38.06841],[127.39459,38.06841]]]}},{"type":"Feature","properties":{"valleyId":"baegun","layer":"cast","date":"2026-08-01","timeLocal":"17:00"},"geometry":{"type":"Polygon","coordinates":[[[127.39521,38.06815],[127.39521,38.06809],[127.39528,38.0681],[127.39528,38.06815],[127.39521,38.06815]]]}},{"type":"Feature","properties":{"valleyId":"baegun","layer":"cast","date":"2026-08-01","timeLocal":"17:00"},"geometry":{"type":"Polygon","coordinates":[[[127.41565,38.06871],[127.41568,38.06852],[127.41572,38.06848],[127.4157,38.06834],[127.4158,38.06832],[127.41581,38.06855],[127.41577,38.06859],[127.41574,38.0687],[127.41565,38.06871]]]}},{"type":"Feature","properties":{"valleyId":"baegun","layer":"cast","date":"2026-08-01","timeLocal":"17:00"},"geometry":{"type":"Polygon","coordinates":[[[127.41196,38.06843],[127.4119,38.06837],[127.4119,38.06832],[127.41197,38.06832],[127.41197,38.06827],[127.41208,38.06827],[127.41211,38.0682],[127.41224,38.0682],[127.41219,38.06834],[127.4121,38.06834],[127.41206,38.06836],[127.41205,38.06843],[127.41196,38.06843]]]}},{"type":"Feature","properties":{"valleyId":"baegun","layer":"cast","date":"2026-08-01","timeLocal":"17:00"},"geometry":{"type":"Polygon","coordinates":[[[127.41577,38.06828],[127.41578,38.06814],[127.41585,38.06814],[127.41584,38.06828],[127.41577,38.06828]]]}},{"type":"Feature","properties":{"valleyId":"baegun","layer":"cast","date":"2026-08-01","timeLocal":"17:00"},"geometry":{"type":"Polygon","coordinates":[[[127.39282,38.06788],[127.39283,38.06781],[127.39296,38.06783],[127.39296,38.06788],[127.39282,38.06788]]]}},{"type":"Feature","properties":{"valleyId":"baegun","layer":"cast","date":"2026-08-01","timeLocal":"17:00"},"geometry":{"type":"Polygon","coordinates":[[[127.41204,38.06816],[127.41202,38.06811],[127.41193,38.06809],[127.41193,38.06801],[127.412,38.06802],[127.41202,38.06809],[127.41211,38.06809],[127.41211,38.06816],[127.41204,38.06816]]]}},{"type":"Feature","properties":{"valleyId":"baegun","layer":"cast","date":"2026-08-01","timeLocal":"17:00"},"geometry":{"type":"Polygon","coordinates":[[[127.42668,38.06892],[127.42669,38.06865],[127.42678,38.06856],[127.42678,38.06836],[127.42674,38.06825],[127.42679,38.0682],[127.42686,38.0682],[127.42685,38.06827],[127.42692,38.06834],[127.42692,38.06854],[127.42678,38.06868],[127.42675,38.06892],[127.42668,38.06892]]]}},{"type":"Feature","properties":{"valleyId":"baegun","layer":"cast","date":"2026-08-01","timeLocal":"17:00"},"geometry":{"type":"Polygon","coordinates":[[[127.41158,38.06815],[127.41161,38.06806],[127.41165,38.06807],[127.41161,38.06796],[127.41168,38.06796],[127.41168,38.06801],[127.41172,38.06801],[127.4117,38.06816],[127.41158,38.06815]]]}},{"type":"Feature","properties":{"valleyId":"baegun","layer":"cast","date":"2026-08-01","timeLocal":"17:00"},"geometry":{"type":"Polygon","coordinates":[[[127.39296,38.06774],[127.39297,38.06769],[127.39303,38.06769],[127.39303,38.06774],[127.39296,38.06774]]]}},{"type":"Feature","properties":{"valleyId":"baegun","layer":"cast","date":"2026-08-01","timeLocal":"17:00"},"geometry":{"type":"Polygon","coordinates":[[[127.41931,38.06815],[127.41929,38.06804],[127.4194,38.06803],[127.41938,38.06815],[127.41931,38.06815]]]}},{"type":"Feature","properties":{"valleyId":"baegun","layer":"cast","date":"2026-08-01","timeLocal":"17:00"},"geometry":{"type":"Polygon","coordinates":[[[127.40447,38.06831],[127.4044,38.06808],[127.40448,38.06786],[127.40457,38.06786],[127.40457,38.06781],[127.40464,38.06781],[127.40463,38.06788],[127.40459,38.06788],[127.40459,38.06795],[127.40454,38.06797],[127.40449,38.06808],[127.40453,38.06831],[127.40447,38.06831]]]}},{"type":"Feature","properties":{"valleyId":"baegun","layer":"cast","date":"2026-08-01","timeLocal":"17:00"},"geometry":{"type":"Polygon","coordinates":[[[127.41596,38.068],[127.41596,38.06793],[127.41603,38.06793],[127.41603,38.068],[127.41596,38.068]]]}},{"type":"Feature","properties":{"valleyId":"baegun","layer":"cast","date":"2026-08-01","timeLocal":"17:00"},"geometry":{"type":"Polygon","coordinates":[[[127.39939,38.06775],[127.3994,38.06766],[127.39946,38.06767],[127.39946,38.06776],[127.39939,38.06775]]]}},{"type":"Feature","properties":{"valleyId":"baegun","layer":"cast","date":"2026-08-01","timeLocal":"17:00"},"geometry":{"type":"Polygon","coordinates":[[[127.39383,38.06766],[127.39383,38.06759],[127.3939,38.06759],[127.3939,38.06766],[127.39383,38.06766]]]}},{"type":"Feature","properties":{"valleyId":"baegun","layer":"cast","date":"2026-08-01","timeLocal":"17:00"},"geometry":{"type":"Polygon","coordinates":[[[127.40461,38.06779],[127.40462,38.06772],[127.40468,38.06772],[127.40468,38.06779],[127.40461,38.06779]]]}},{"type":"Feature","properties":{"valleyId":"baegun","layer":"cast","date":"2026-08-01","timeLocal":"17:00"},"geometry":{"type":"Polygon","coordinates":[[[127.41601,38.06789],[127.41601,38.06782],[127.4161,38.0678],[127.41608,38.06789],[127.41601,38.06789]]]}},{"type":"Feature","properties":{"valleyId":"baegun","layer":"cast","date":"2026-08-01","timeLocal":"17:00"},"geometry":{"type":"Polygon","coordinates":[[[127.41957,38.0679],[127.41957,38.06781],[127.41964,38.06781],[127.41964,38.0679],[127.41957,38.0679]]]}},{"type":"Feature","properties":{"valleyId":"baegun","layer":"cast","date":"2026-08-01","timeLocal":"17:00"},"geometry":{"type":"Polygon","coordinates":[[[127.41531,38.06781],[127.41531,38.06775],[127.41538,38.06776],[127.41537,38.06781],[127.41531,38.06781]]]}},{"type":"Feature","properties":{"valleyId":"baegun","layer":"cast","date":"2026-08-01","timeLocal":"17:00"},"geometry":{"type":"Polygon","coordinates":[[[127.41624,38.06778],[127.41624,38.06773],[127.41631,38.06773],[127.41631,38.06779],[127.41624,38.06778]]]}},{"type":"Feature","properties":{"valleyId":"baegun","layer":"cast","date":"2026-08-01","timeLocal":"17:00"},"geometry":{"type":"Polygon","coordinates":[[[127.4125,38.06773],[127.4125,38.06766],[127.41257,38.06766],[127.41257,38.06774],[127.4125,38.06773]]]}},{"type":"Feature","properties":{"valleyId":"baegun","layer":"cast","date":"2026-08-01","timeLocal":"17:00"},"geometry":{"type":"Polygon","coordinates":[[[127.39439,38.06731],[127.39439,38.06725],[127.39446,38.06725],[127.39446,38.06731],[127.39439,38.06731]]]}},{"type":"Feature","properties":{"valleyId":"baegun","layer":"cast","date":"2026-08-01","timeLocal":"17:00"},"geometry":{"type":"Polygon","coordinates":[[[127.41955,38.06774],[127.41955,38.06756],[127.41962,38.06756],[127.41962,38.06774],[127.41955,38.06774]]]}},{"type":"Feature","properties":{"valleyId":"baegun","layer":"cast","date":"2026-08-01","timeLocal":"17:00"},"geometry":{"type":"Polygon","coordinates":[[[127.41228,38.06773],[127.41226,38.06755],[127.41217,38.06755],[127.41219,38.06746],[127.41228,38.06746],[127.41228,38.06753],[127.41237,38.06755],[127.41237,38.06773],[127.41228,38.06773]]]}},{"type":"Feature","properties":{"valleyId":"baegun","layer":"cast","date":"2026-08-01","timeLocal":"17:00"},"geometry":{"type":"Polygon","coordinates":[[[127.39298,38.06723],[127.39295,38.06716],[127.39302,38.06716],[127.39304,38.06724],[127.39298,38.06723]]]}},{"type":"Feature","properties":{"valleyId":"baegun","layer":"cast","date":"2026-08-01","timeLocal":"17:00"},"geometry":{"type":"Polygon","coordinates":[[[127.39416,38.06716],[127.39416,38.06711],[127.39423,38.06711],[127.39423,38.06716],[127.39416,38.06716]]]}},{"type":"Feature","properties":{"valleyId":"baegun","layer":"cast","date":"2026-08-01","timeLocal":"17:00"},"geometry":{"type":"Polygon","coordinates":[[[127.41449,38.06744],[127.41449,38.06736],[127.41456,38.06737],[127.41456,38.06744],[127.41449,38.06744]]]}},{"type":"Feature","properties":{"valleyId":"baegun","layer":"cast","date":"2026-08-01","timeLocal":"17:00"},"geometry":{"type":"Polygon","coordinates":[[[127.40513,38.06729],[127.40513,38.06724],[127.4052,38.06724],[127.40519,38.06729],[127.40513,38.06729]]]}},{"type":"Feature","properties":{"valleyId":"baegun","layer":"cast","date":"2026-08-01","timeLocal":"17:00"},"geometry":{"type":"Polygon","coordinates":[[[127.43288,38.0679],[127.43282,38.06772],[127.43277,38.0677],[127.43282,38.06756],[127.43289,38.06756],[127.43291,38.06772],[127.43307,38.06774],[127.43307,38.06785],[127.43311,38.06785],[127.43311,38.0679],[127.43288,38.0679]]]}},{"type":"Feature","properties":{"valleyId":"baegun","layer":"cast","date":"2026-08-01","timeLocal":"17:00"},"geometry":{"type":"Polygon","coordinates":[[[127.40159,38.06719],[127.4016,38.06714],[127.40167,38.06708],[127.40178,38.0671],[127.40178,38.06716],[127.40159,38.06719]]]}},{"type":"Feature","properties":{"valleyId":"baegun","layer":"cast","date":"2026-08-01","timeLocal":"17:00"},"geometry":{"type":"Polygon","coordinates":[[[127.39307,38.06698],[127.39307,38.06689],[127.39314,38.06689],[127.39316,38.06697],[127.39307,38.06698]]]}},{"type":"Feature","properties":{"valleyId":"baegun","layer":"cast","date":"2026-08-01","timeLocal":"17:00"},"geometry":{"type":"Polygon","coordinates":[[[127.41995,38.06719],[127.41995,38.06711],[127.42002,38.06711],[127.42002,38.06719],[127.41995,38.06719]]]}},{"type":"Feature","properties":{"valleyId":"baegun","layer":"cast","date":"2026-08-01","timeLocal":"17:00"},"geometry":{"type":"Polygon","coordinates":[[[127.41667,38.06709],[127.41667,38.06703],[127.41674,38.06703],[127.41673,38.06709],[127.41667,38.06709]]]}},{"type":"Feature","properties":{"valleyId":"baegun","layer":"cast","date":"2026-08-01","timeLocal":"17:00"},"geometry":{"type":"Polygon","coordinates":[[[127.41436,38.06725],[127.41441,38.06711],[127.41434,38.06707],[127.41434,38.06702],[127.41439,38.06702],[127.41439,38.06695],[127.41448,38.06695],[127.41447,38.06722],[127.41445,38.06726],[127.41436,38.06725]]]}},{"type":"Feature","properties":{"valleyId":"baegun","layer":"cast","date":"2026-08-01","timeLocal":"17:00"},"geometry":{"type":"Polygon","coordinates":[[[127.40137,38.06686],[127.40126,38.06682],[127.40126,38.06672],[127.40154,38.0667],[127.40154,38.06677],[127.40163,38.06678],[127.40162,38.06685],[127.40137,38.06686]]]}},{"type":"Feature","properties":{"valleyId":"baegun","layer":"cast","date":"2026-08-01","timeLocal":"17:00"},"geometry":{"type":"Polygon","coordinates":[[[127.41993,38.0671],[127.41993,38.06695],[127.42002,38.06693],[127.41999,38.0671],[127.41993,38.0671]]]}},{"type":"Feature","properties":{"valleyId":"baegun","layer":"cast","date":"2026-08-01","timeLocal":"17:00"},"geometry":{"type":"Polygon","coordinates":[[[127.41423,38.06693],[127.41421,38.06682],[127.4143,38.06682],[127.4143,38.06693],[127.41423,38.06693]]]}},{"type":"Feature","properties":{"valleyId":"baegun","layer":"cast","date":"2026-08-01","timeLocal":"17:00"},"geometry":{"type":"Polygon","coordinates":[[[127.4156,38.06696],[127.4156,38.06693],[127.41551,38.06689],[127.41551,38.06684],[127.41567,38.06688],[127.41567,38.06697],[127.4156,38.06696]]]}},{"type":"Feature","properties":{"valleyId":"baegun","layer":"cast","date":"2026-08-01","timeLocal":"17:00"},"geometry":{"type":"Polygon","coordinates":[[[127.41453,38.06681],[127.41453,38.06673],[127.41462,38.06672],[127.41462,38.06681],[127.41453,38.06681]]]}},{"type":"Feature","properties":{"valleyId":"baegun","layer":"cast","date":"2026-08-01","timeLocal":"17:00"},"geometry":{"type":"Polygon","coordinates":[[[127.41565,38.0668],[127.41565,38.06671],[127.41572,38.06671],[127.41574,38.0668],[127.41565,38.0668]]]}},{"type":"Feature","properties":{"valleyId":"baegun","layer":"cast","date":"2026-08-01","timeLocal":"17:00"},"geometry":{"type":"Polygon","coordinates":[[[127.40115,38.06655],[127.40115,38.0665],[127.40122,38.0665],[127.40122,38.06655],[127.40115,38.06655]]]}},{"type":"Feature","properties":{"valleyId":"baegun","layer":"cast","date":"2026-08-01","timeLocal":"17:00"},"geometry":{"type":"Polygon","coordinates":[[[127.4355,38.06696],[127.43548,38.06689],[127.43555,38.06689],[127.43557,38.06696],[127.4355,38.06696]]]}},{"type":"Feature","properties":{"valleyId":"baegun","layer":"cast","date":"2026-08-01","timeLocal":"17:00"},"geometry":{"type":"Polygon","coordinates":[[[127.41736,38.06672],[127.41734,38.06659],[127.41741,38.06659],[127.41743,38.06672],[127.41736,38.06672]]]}},{"type":"Feature","properties":{"valleyId":"baegun","layer":"cast","date":"2026-08-01","timeLocal":"17:00"},"geometry":{"type":"Polygon","coordinates":[[[127.43539,38.06689],[127.43534,38.06683],[127.43534,38.06678],[127.43541,38.06678],[127.43546,38.06683],[127.43546,38.06689],[127.43539,38.06689]]]}},{"type":"Feature","properties":{"valleyId":"baegun","layer":"cast","date":"2026-08-01","timeLocal":"17:00"},"geometry":{"type":"Polygon","coordinates":[[[127.40227,38.06637],[127.40227,38.06632],[127.40234,38.06632],[127.40234,38.06637],[127.40227,38.06637]]]}},{"type":"Feature","properties":{"valleyId":"baegun","layer":"cast","date":"2026-08-01","timeLocal":"17:00"},"geometry":{"type":"Polygon","coordinates":[[[127.4035,38.06639],[127.40351,38.06633],[127.40357,38.06633],[127.40357,38.06639],[127.4035,38.06639]]]}},{"type":"Feature","properties":{"valleyId":"baegun","layer":"cast","date":"2026-08-01","timeLocal":"17:00"},"geometry":{"type":"Polygon","coordinates":[[[127.40093,38.06637],[127.40093,38.0663],[127.40104,38.0663],[127.40104,38.06626],[127.40125,38.06625],[127.40125,38.06632],[127.40113,38.06632],[127.40113,38.06637],[127.40093,38.06637]]]}},{"type":"Feature","properties":{"valleyId":"baegun","layer":"cast","date":"2026-08-01","timeLocal":"17:00"},"geometry":{"type":"Polygon","coordinates":[[[127.41527,38.06644],[127.41527,38.06638],[127.41534,38.06638],[127.41534,38.06644],[127.41527,38.06644]]]}},{"type":"Feature","properties":{"valleyId":"baegun","layer":"cast","date":"2026-08-01","timeLocal":"17:00"},"geometry":{"type":"Polygon","coordinates":[[[127.41456,38.06643],[127.41456,38.06636],[127.41465,38.06636],[127.41465,38.06641],[127.41456,38.06643]]]}},{"type":"Feature","properties":{"valleyId":"baegun","layer":"cast","date":"2026-08-01","timeLocal":"17:00"},"geometry":{"type":"Polygon","coordinates":[[[127.41486,38.06643],[127.41486,38.06634],[127.41493,38.06634],[127.41493,38.06643],[127.41486,38.06643]]]}},{"type":"Feature","properties":{"valleyId":"baegun","layer":"cast","date":"2026-08-01","timeLocal":"17:00"},"geometry":{"type":"Polygon","coordinates":[[[127.40788,38.0663],[127.40788,38.06625],[127.40795,38.06625],[127.40795,38.0663],[127.40788,38.0663]]]}},{"type":"Feature","properties":{"valleyId":"baegun","layer":"cast","date":"2026-08-01","timeLocal":"17:00"},"geometry":{"type":"Polygon","coordinates":[[[127.41572,38.06652],[127.41572,38.06646],[127.41563,38.06641],[127.41564,38.06628],[127.41575,38.06628],[127.41579,38.06652],[127.41572,38.06652]]]}},{"type":"Feature","properties":{"valleyId":"baegun","layer":"cast","date":"2026-08-01","timeLocal":"17:00"},"geometry":{"type":"Polygon","coordinates":[[[127.41745,38.06649],[127.41748,38.06629],[127.41755,38.06629],[127.41755,38.06649],[127.41745,38.06649]]]}},{"type":"Feature","properties":{"valleyId":"baegun","layer":"cast","date":"2026-08-01","timeLocal":"17:00"},"geometry":{"type":"Polygon","coordinates":[[[127.42867,38.06655],[127.42867,38.06644],[127.42876,38.06644],[127.42874,38.06655],[127.42867,38.06655]]]}},{"type":"Feature","properties":{"valleyId":"baegun","layer":"cast","date":"2026-08-01","timeLocal":"17:00"},"geometry":{"type":"Polygon","coordinates":[[[127.40285,38.06618],[127.40287,38.06609],[127.40294,38.06609],[127.40292,38.06618],[127.40285,38.06618]]]}},{"type":"Feature","properties":{"valleyId":"baegun","layer":"cast","date":"2026-08-01","timeLocal":"17:00"},"geometry":{"type":"Polygon","coordinates":[[[127.39649,38.06598],[127.39652,38.0659],[127.39658,38.0659],[127.39658,38.06599],[127.39649,38.06598]]]}},{"type":"Feature","properties":{"valleyId":"baegun","layer":"cast","date":"2026-08-01","timeLocal":"17:00"},"geometry":{"type":"Polygon","coordinates":[[[127.41541,38.06615],[127.41541,38.0661],[127.41548,38.0661],[127.41548,38.06615],[127.41541,38.06615]]]}},{"type":"Feature","properties":{"valleyId":"baegun","layer":"cast","date":"2026-08-01","timeLocal":"17:00"},"geometry":{"type":"Polygon","coordinates":[[[127.41735,38.06616],[127.41735,38.06611],[127.41742,38.06611],[127.41742,38.06616],[127.41735,38.06616]]]}},{"type":"Feature","properties":{"valleyId":"baegun","layer":"cast","date":"2026-08-01","timeLocal":"17:00"},"geometry":{"type":"Polygon","coordinates":[[[127.41568,38.0661],[127.41569,38.06603],[127.41575,38.06603],[127.41575,38.0661],[127.41568,38.0661]]]}},{"type":"Feature","properties":{"valleyId":"baegun","layer":"cast","date":"2026-08-01","timeLocal":"17:00"},"geometry":{"type":"Polygon","coordinates":[[[127.41585,38.06605],[127.41585,38.066],[127.41594,38.06598],[127.41594,38.06603],[127.41585,38.06605]]]}},{"type":"Feature","properties":{"valleyId":"baegun","layer":"cast","date":"2026-08-01","timeLocal":"17:00"},"geometry":{"type":"Polygon","coordinates":[[[127.41505,38.06598],[127.41505,38.06593],[127.41512,38.06593],[127.41512,38.06599],[127.41505,38.06598]]]}},{"type":"Feature","properties":{"valleyId":"baegun","layer":"cast","date":"2026-08-01","timeLocal":"17:00"},"geometry":{"type":"Polygon","coordinates":[[[127.41692,38.06597],[127.41692,38.06592],[127.41699,38.06592],[127.41699,38.06597],[127.41692,38.06597]]]}},{"type":"Feature","properties":{"valleyId":"baegun","layer":"cast","date":"2026-08-01","timeLocal":"17:00"},"geometry":{"type":"Polygon","coordinates":[[[127.4156,38.06597],[127.4156,38.06587],[127.41569,38.06587],[127.41566,38.06597],[127.4156,38.06597]]]}},{"type":"Feature","properties":{"valleyId":"baegun","layer":"cast","date":"2026-08-01","timeLocal":"17:00"},"geometry":{"type":"Polygon","coordinates":[[[127.41592,38.06594],[127.41592,38.06587],[127.41596,38.06587],[127.41596,38.06582],[127.41603,38.06582],[127.41605,38.06594],[127.41592,38.06594]]]}},{"type":"Feature","properties":{"valleyId":"baegun","layer":"cast","date":"2026-08-01","timeLocal":"17:00"},"geometry":{"type":"Polygon","coordinates":[[[127.41735,38.06603],[127.41733,38.06582],[127.41745,38.06582],[127.41742,38.06603],[127.41735,38.06603]]]}},{"type":"Feature","properties":{"valleyId":"baegun","layer":"cast","date":"2026-08-01","timeLocal":"17:00"},"geometry":{"type":"Polygon","coordinates":[[[127.41585,38.06581],[127.41585,38.06576],[127.41592,38.06576],[127.41592,38.06582],[127.41585,38.06581]]]}},{"type":"Feature","properties":{"valleyId":"baegun","layer":"cast","date":"2026-08-01","timeLocal":"17:00"},"geometry":{"type":"Polygon","coordinates":[[[127.39659,38.06554],[127.39659,38.06548],[127.39666,38.06548],[127.39666,38.06554],[127.39659,38.06554]]]}},{"type":"Feature","properties":{"valleyId":"baegun","layer":"cast","date":"2026-08-01","timeLocal":"17:00"},"geometry":{"type":"Polygon","coordinates":[[[127.4148,38.06589],[127.41478,38.06576],[127.41483,38.06571],[127.4149,38.06571],[127.41489,38.06589],[127.4148,38.06589]]]}},{"type":"Feature","properties":{"valleyId":"baegun","layer":"cast","date":"2026-08-01","timeLocal":"17:00"},"geometry":{"type":"Polygon","coordinates":[[[127.41877,38.06584],[127.41877,38.06576],[127.41886,38.06575],[127.41886,38.06584],[127.41877,38.06584]]]}},{"type":"Feature","properties":{"valleyId":"baegun","layer":"cast","date":"2026-08-01","timeLocal":"17:00"},"geometry":{"type":"Polygon","coordinates":[[[127.41943,38.06581],[127.41943,38.06574],[127.4195,38.06574],[127.4195,38.06581],[127.41943,38.06581]]]}},{"type":"Feature","properties":{"valleyId":"baegun","layer":"cast","date":"2026-08-01","timeLocal":"17:00"},"geometry":{"type":"Polygon","coordinates":[[[127.41565,38.06581],[127.41565,38.06572],[127.41569,38.0657],[127.41569,38.06565],[127.41576,38.06565],[127.41574,38.06581],[127.41565,38.06581]]]}},{"type":"Feature","properties":{"valleyId":"baegun","layer":"cast","date":"2026-08-01","timeLocal":"17:00"},"geometry":{"type":"Polygon","coordinates":[[[127.405,38.06576],[127.40495,38.06574],[127.40496,38.0656],[127.405,38.0656],[127.40501,38.06549],[127.40507,38.06549],[127.40507,38.06576],[127.405,38.06576]]]}},{"type":"Feature","properties":{"valleyId":"baegun","layer":"cast","date":"2026-08-01","timeLocal":"17:00"},"geometry":{"type":"Polygon","coordinates":[[[127.40259,38.0654],[127.40259,38.06533],[127.40266,38.06533],[127.40266,38.0654],[127.40259,38.0654]]]}},{"type":"Feature","properties":{"valleyId":"baegun","layer":"cast","date":"2026-08-01","timeLocal":"17:00"},"geometry":{"type":"Polygon","coordinates":[[[127.4342,38.06583],[127.4342,38.06575],[127.43427,38.06576],[127.43427,38.06583],[127.4342,38.06583]]]}},{"type":"Feature","properties":{"valleyId":"baegun","layer":"cast","date":"2026-08-01","timeLocal":"17:00"},"geometry":{"type":"Polygon","coordinates":[[[127.41711,38.06551],[127.41711,38.06544],[127.41718,38.06544],[127.41718,38.06551],[127.41711,38.06551]]]}},{"type":"Feature","properties":{"valleyId":"baegun","layer":"cast","date":"2026-08-01","timeLocal":"17:00"},"geometry":{"type":"Polygon","coordinates":[[[127.41693,38.06545],[127.41693,38.0654],[127.417,38.0654],[127.417,38.06545],[127.41693,38.06545]]]}},{"type":"Feature","properties":{"valleyId":"baegun","layer":"cast","date":"2026-08-01","timeLocal":"17:00"},"geometry":{"type":"Polygon","coordinates":[[[127.4332,38.06567],[127.4332,38.06561],[127.43327,38.06562],[127.43327,38.06567],[127.4332,38.06567]]]}},{"type":"Feature","properties":{"valleyId":"baegun","layer":"cast","date":"2026-08-01","timeLocal":"17:00"},"geometry":{"type":"Polygon","coordinates":[[[127.41944,38.06547],[127.41944,38.06539],[127.41953,38.0654],[127.41953,38.06547],[127.41944,38.06547]]]}},{"type":"Feature","properties":{"valleyId":"baegun","layer":"cast","date":"2026-08-01","timeLocal":"17:00"},"geometry":{"type":"Polygon","coordinates":[[[127.40782,38.06589],[127.40783,38.06551],[127.40774,38.06549],[127.40774,38.0654],[127.40767,38.0654],[127.4077,38.06524],[127.40777,38.0652],[127.40788,38.06522],[127.40788,38.06536],[127.40799,38.06538],[127.40799,38.06569],[127.40796,38.06573],[127.40792,38.06573],[127.40789,38.06589],[127.40782,38.06589]]]}},{"type":"Feature","properties":{"valleyId":"baegun","layer":"cast","date":"2026-08-01","timeLocal":"17:00"},"geometry":{"type":"Polygon","coordinates":[[[127.41617,38.06557],[127.41615,38.06549],[127.41609,38.06549],[127.41604,38.06555],[127.41595,38.06555],[127.41595,38.06551],[127.41581,38.06554],[127.41581,38.06536],[127.41586,38.06536],[127.41586,38.06533],[127.41604,38.06531],[127.41604,38.06538],[127.41616,38.06539],[127.41622,38.06544],[127.41627,38.06544],[127.41627,38.06557],[127.41617,38.06557]]]}},{"type":"Feature","properties":{"valleyId":"baegun","layer":"cast","date":"2026-08-01","timeLocal":"17:00"},"geometry":{"type":"Polygon","coordinates":[[[127.40349,38.06516],[127.40349,38.06507],[127.40356,38.06507],[127.40355,38.06516],[127.40349,38.06516]]]}},{"type":"Feature","properties":{"valleyId":"baegun","layer":"cast","date":"2026-08-01","timeLocal":"17:00"},"geometry":{"type":"Polygon","coordinates":[[[127.40492,38.06536],[127.40492,38.0652],[127.40504,38.06518],[127.40501,38.06507],[127.40517,38.06508],[127.40517,38.06511],[127.40524,38.06513],[127.40524,38.06518],[127.40506,38.0652],[127.40506,38.06525],[127.40515,38.06526],[127.40515,38.06531],[127.40503,38.06531],[127.40501,38.06536],[127.40492,38.06536]]]}},{"type":"Feature","properties":{"valleyId":"baegun","layer":"cast","date":"2026-08-01","timeLocal":"17:00"},"geometry":{"type":"Polygon","coordinates":[[[127.41698,38.06531],[127.417,38.06516],[127.4171,38.06516],[127.41705,38.06531],[127.41698,38.06531]]]}},{"type":"Feature","properties":{"valleyId":"baegun","layer":"cast","date":"2026-08-01","timeLocal":"17:00"},"geometry":{"type":"Polygon","coordinates":[[[127.41882,38.06533],[127.41883,38.06526],[127.41876,38.06526],[127.41874,38.06511],[127.41881,38.06512],[127.41883,38.06517],[127.4189,38.06517],[127.41889,38.06526],[127.41896,38.06528],[127.41896,38.06533],[127.41882,38.06533]]]}},{"type":"Feature","properties":{"valleyId":"baegun","layer":"cast","date":"2026-08-01","timeLocal":"17:00"},"geometry":{"type":"Polygon","coordinates":[[[127.40158,38.06485],[127.40156,38.06476],[127.40165,38.06476],[127.40165,38.06485],[127.40158,38.06485]]]}},{"type":"Feature","properties":{"valleyId":"baegun","layer":"cast","date":"2026-08-01","timeLocal":"17:00"},"geometry":{"type":"Polygon","coordinates":[[[127.41685,38.06509],[127.41685,38.06498],[127.41689,38.06498],[127.4169,38.06493],[127.41696,38.06493],[127.41696,38.06507],[127.41685,38.06509]]]}},{"type":"Feature","properties":{"valleyId":"baegun","layer":"cast","date":"2026-08-01","timeLocal":"17:00"},"geometry":{"type":"Polygon","coordinates":[[[127.40071,38.06482],[127.40067,38.06476],[127.40067,38.06469],[127.40076,38.06469],[127.40076,38.06475],[127.4008,38.06475],[127.4008,38.0648],[127.40071,38.06482]]]}},{"type":"Feature","properties":{"valleyId":"baegun","layer":"cast","date":"2026-08-01","timeLocal":"17:00"},"geometry":{"type":"Polygon","coordinates":[[[127.4199,38.06502],[127.41988,38.06495],[127.41997,38.06495],[127.41997,38.06502],[127.4199,38.06502]]]}},{"type":"Feature","properties":{"valleyId":"baegun","layer":"cast","date":"2026-08-01","timeLocal":"17:00"},"geometry":{"type":"Polygon","coordinates":[[[127.41593,38.06731],[127.41594,38.06717],[127.41587,38.06717],[127.41587,38.06722],[127.41577,38.06722],[127.41575,38.06711],[127.41569,38.06711],[127.41569,38.06698],[127.41576,38.06699],[127.41576,38.06695],[127.41603,38.06697],[127.41603,38.06688],[127.41608,38.06686],[127.41626,38.0669],[127.41626,38.06685],[127.41615,38.06685],[127.41615,38.06679],[127.41626,38.06676],[127.41627,38.06665],[127.41622,38.06665],[127.41618,38.06658],[127.41606,38.06652],[127.41606,38.06647],[127.41595,38.06647],[127.41595,38.06641],[127.41586,38.06641],[127.41586,38.0663],[127.41595,38.06628],[127.41597,38.06639],[127.41611,38.06641],[127.41614,38.06632],[127.41623,38.06632],[127.41623,38.06629],[127.4163,38.06629],[127.41634,38.06622],[127.41646,38.06618],[127.41644,38.06599],[127.41628,38.06596],[127.41628,38.06584],[127.41635,38.06584],[127.41635,38.06589],[127.41646,38.06588],[127.41647,38.06582],[127.4164,38.06582],[127.4164,38.06577],[127.41631,38.06577],[127.41631,38.06566],[127.41636,38.06562],[127.41636,38.06548],[127.41641,38.06546],[127.41641,38.06537],[127.41627,38.06523],[127.41609,38.06522],[127.41607,38.06526],[127.41591,38.06524],[127.41591,38.06518],[127.41596,38.06519],[127.41596,38.06506],[127.41589,38.06506],[127.41587,38.06511],[127.4158,38.06511],[127.4158,38.06502],[127.41594,38.065],[127.41596,38.06488],[127.41603,38.06488],[127.41605,38.06495],[127.41621,38.06497],[127.41621,38.06508],[127.4163,38.06508],[127.4163,38.06505],[127.41637,38.06505],[127.41639,38.06521],[127.41643,38.06521],[127.41643,38.06528],[127.41652,38.0653],[127.41657,38.06545],[127.41654,38.06566],[127.4166,38.06573],[127.4166,38.0659],[127.41669,38.0659],[127.41669,38.06619],[127.41666,38.06622],[127.41653,38.0662],[127.41653,38.06624],[127.41648,38.06624],[127.41648,38.06629],[127.41643,38.06629],[127.41643,38.06635],[127.41629,38.06638],[127.41629,38.06643],[127.41634,38.06643],[127.41634,38.06647],[127.41638,38.06647],[127.4164,38.06653],[127.41645,38.06653],[127.41647,38.06667],[127.41652,38.06671],[127.41665,38.06671],[127.41665,38.06664],[127.41672,38.06664],[127.41672,38.06682],[127.41665,38.06682],[127.41667,38.06698],[127.41637,38.06698],[127.41637,38.06705],[127.41642,38.06705],[127.41641,38.06716],[127.41637,38.06716],[127.4163,38.06723],[127.41621,38.06723],[127.41621,38.06715],[127.4161,38.06713],[127.41612,38.06724],[127.41605,38.0673],[127.41593,38.06731]]]}},{"type":"Feature","properties":{"valleyId":"baegun","layer":"cast","date":"2026-08-01","timeLocal":"17:00"},"geometry":{"type":"Polygon","coordinates":[[[127.4052,38.06491],[127.40516,38.06484],[127.40507,38.06482],[127.40507,38.06471],[127.40514,38.06471],[127.40514,38.06475],[127.40523,38.06475],[127.40527,38.06491],[127.4052,38.06491]]]}},{"type":"Feature","properties":{"valleyId":"baegun","layer":"cast","date":"2026-08-01","timeLocal":"17:00"},"geometry":{"type":"Polygon","coordinates":[[[127.40874,38.06482],[127.40874,38.06476],[127.40881,38.06476],[127.4088,38.06482],[127.40874,38.06482]]]}},{"type":"Feature","properties":{"valleyId":"baegun","layer":"cast","date":"2026-08-01","timeLocal":"17:00"},"geometry":{"type":"Polygon","coordinates":[[[127.40188,38.06469],[127.40188,38.06462],[127.40197,38.06462],[127.40197,38.06469],[127.40188,38.06469]]]}},{"type":"Feature","properties":{"valleyId":"baegun","layer":"cast","date":"2026-08-01","timeLocal":"17:00"},"geometry":{"type":"Polygon","coordinates":[[[127.39404,38.0646],[127.39399,38.06456],[127.39399,38.06447],[127.39406,38.06447],[127.39411,38.06451],[127.3941,38.0646],[127.39404,38.0646]]]}},{"type":"Feature","properties":{"valleyId":"baegun","layer":"cast","date":"2026-08-01","timeLocal":"17:00"},"geometry":{"type":"Polygon","coordinates":[[[127.41865,38.06493],[127.41861,38.0649],[127.41859,38.06477],[127.41865,38.06477],[127.41865,38.06481],[127.4187,38.06483],[127.41872,38.06493],[127.41865,38.06493]]]}},{"type":"Feature","properties":{"valleyId":"baegun","layer":"cast","date":"2026-08-01","timeLocal":"17:00"},"geometry":{"type":"Polygon","coordinates":[[[127.43106,38.06553],[127.43102,38.06551],[127.431,38.06539],[127.43095,38.06539],[127.43103,38.06501],[127.43099,38.06488],[127.43105,38.06488],[127.43108,38.06492],[127.43117,38.06494],[127.43119,38.06503],[127.43123,38.06505],[127.4312,38.06528],[127.43116,38.0653],[127.43116,38.06541],[127.43111,38.06541],[127.43115,38.06552],[127.43106,38.06553]]]}},{"type":"Feature","properties":{"valleyId":"baegun","layer":"cast","date":"2026-08-01","timeLocal":"17:00"},"geometry":{"type":"Polygon","coordinates":[[[127.4159,38.06479],[127.4159,38.06473],[127.41597,38.06472],[127.41597,38.06466],[127.41603,38.06466],[127.41603,38.06475],[127.4159,38.06479]]]}},{"type":"Feature","properties":{"valleyId":"baegun","layer":"cast","date":"2026-08-01","timeLocal":"17:00"},"geometry":{"type":"Polygon","coordinates":[[[127.43636,38.06501],[127.43636,38.06494],[127.43646,38.06494],[127.43645,38.06501],[127.43636,38.06501]]]}},{"type":"Feature","properties":{"valleyId":"baegun","layer":"cast","date":"2026-08-01","timeLocal":"17:00"},"geometry":{"type":"Polygon","coordinates":[[[127.43946,38.06514],[127.43949,38.065],[127.43958,38.06492],[127.43965,38.06493],[127.43965,38.065],[127.4396,38.06502],[127.43958,38.06509],[127.43953,38.06509],[127.43953,38.06514],[127.43946,38.06514]]]}},{"type":"Feature","properties":{"valleyId":"baegun","layer":"cast","date":"2026-08-01","timeLocal":"17:00"},"geometry":{"type":"Polygon","coordinates":[[[127.40063,38.06451],[127.40058,38.06449],[127.40058,38.06444],[127.40079,38.06439],[127.40079,38.06444],[127.4007,38.06446],[127.4007,38.06451],[127.40063,38.06451]]]}},{"type":"Feature","properties":{"valleyId":"baegun","layer":"cast","date":"2026-08-01","timeLocal":"17:00"},"geometry":{"type":"Polygon","coordinates":[[[127.43999,38.06504],[127.44001,38.06489],[127.4401,38.0649],[127.44008,38.06504],[127.43999,38.06504]]]}},{"type":"Feature","properties":{"valleyId":"baegun","layer":"cast","date":"2026-08-01","timeLocal":"17:00"},"geometry":{"type":"Polygon","coordinates":[[[127.42956,38.06856],[127.42956,38.06847],[127.42968,38.0684],[127.42968,38.06834],[127.42959,38.06832],[127.42959,38.06829],[127.4295,38.06827],[127.4295,38.06823],[127.42918,38.06823],[127.42914,38.06817],[127.42915,38.06747],[127.42927,38.06745],[127.42933,38.06749],[127.42936,38.06755],[127.42942,38.06755],[127.42949,38.06749],[127.42949,38.06744],[127.42938,38.06737],[127.42936,38.06728],[127.42925,38.06724],[127.42925,38.06702],[127.42914,38.06698],[127.42917,38.06684],[127.42912,38.0668],[127.42912,38.06673],[127.42903,38.06673],[127.42906,38.06655],[127.42899,38.06655],[127.42899,38.0666],[127.42892,38.0666],[127.42895,38.06642],[127.42904,38.06642],[127.42913,38.06655],[127.42912,38.06668],[127.42924,38.0667],[127.42924,38.06673],[127.4293,38.06673],[127.4293,38.06677],[127.42935,38.06677],[127.42942,38.06683],[127.42942,38.06686],[127.42951,38.06688],[127.42953,38.06692],[127.42987,38.06692],[127.42987,38.06687],[127.4298,38.06685],[127.4298,38.06678],[127.42971,38.06672],[127.42967,38.06665],[127.42967,38.06658],[127.42956,38.06641],[127.42956,38.06636],[127.42947,38.06632],[127.42948,38.0662],[127.42952,38.06612],[127.42955,38.06596],[127.42951,38.06587],[127.42941,38.06583],[127.42942,38.06573],[127.42949,38.06571],[127.42949,38.06551],[127.42942,38.06549],[127.4294,38.06538],[127.42949,38.06539],[127.42949,38.06533],[127.42943,38.06531],[127.42943,38.06517],[127.42952,38.06495],[127.42953,38.06474],[127.4296,38.06474],[127.42962,38.06486],[127.42959,38.06508],[127.42954,38.06513],[127.42956,38.06526],[127.4297,38.06526],[127.4297,38.06548],[127.42979,38.06553],[127.42981,38.06564],[127.42987,38.0657],[127.42987,38.0658],[127.42983,38.06582],[127.42982,38.06588],[127.42991,38.06595],[127.42991,38.06604],[127.42987,38.06606],[127.42984,38.06615],[127.42988,38.06631],[127.42993,38.06635],[127.42993,38.06649],[127.42997,38.06651],[127.42997,38.0666],[127.43001,38.06662],[127.43001,38.06689],[127.43005,38.06696],[127.43005,38.06709],[127.43009,38.06709],[127.43016,38.06716],[127.43034,38.06716],[127.43034,38.06743],[127.43016,38.06745],[127.43015,38.06757],[127.43006,38.06768],[127.43003,38.06777],[127.42999,38.06779],[127.42998,38.06824],[127.42977,38.06824],[127.42977,38.06829],[127.42982,38.06829],[127.42982,38.06836],[127.42977,38.06838],[127.42977,38.06843],[127.4297,38.06845],[127.42968,38.06854],[127.42956,38.06856]],[[127.42982,38.06705],[127.42991,38.06705],[127.42991,38.06699],[127.42982,38.06698],[127.42982,38.06705]]]}},{"type":"Feature","properties":{"valleyId":"baegun","layer":"cast","date":"2026-08-01","timeLocal":"17:00"},"geometry":{"type":"Polygon","coordinates":[[[127.39397,38.06435],[127.39398,38.06426],[127.39404,38.06426],[127.39406,38.06435],[127.39397,38.06435]]]}},{"type":"Feature","properties":{"valleyId":"baegun","layer":"cast","date":"2026-08-01","timeLocal":"17:00"},"geometry":{"type":"Polygon","coordinates":[[[127.40758,38.06455],[127.40756,38.06444],[127.40765,38.06442],[127.40765,38.06455],[127.40758,38.06455]]]}},{"type":"Feature","properties":{"valleyId":"baegun","layer":"cast","date":"2026-08-01","timeLocal":"17:00"},"geometry":{"type":"Polygon","coordinates":[[[127.39694,38.06435],[127.39694,38.06428],[127.39705,38.06428],[127.39703,38.06435],[127.39694,38.06435]]]}},{"type":"Feature","properties":{"valleyId":"baegun","layer":"cast","date":"2026-08-01","timeLocal":"17:00"},"geometry":{"type":"Polygon","coordinates":[[[127.40512,38.06443],[127.40512,38.06437],[127.40519,38.06437],[127.40519,38.06443],[127.40512,38.06443]]]}},{"type":"Feature","properties":{"valleyId":"baegun","layer":"cast","date":"2026-08-01","timeLocal":"17:00"},"geometry":{"type":"Polygon","coordinates":[[[127.41683,38.06457],[127.41681,38.06448],[127.41688,38.06448],[127.4169,38.06457],[127.41683,38.06457]]]}},{"type":"Feature","properties":{"valleyId":"baegun","layer":"cast","date":"2026-08-01","timeLocal":"17:00"},"geometry":{"type":"Polygon","coordinates":[[[127.41984,38.06472],[127.41984,38.06468],[127.41973,38.06468],[127.41969,38.06451],[127.41991,38.06454],[127.41996,38.06466],[127.41991,38.06472],[127.41984,38.06472]]]}},{"type":"Feature","properties":{"valleyId":"baegun","layer":"cast","date":"2026-08-01","timeLocal":"17:00"},"geometry":{"type":"Polygon","coordinates":[[[127.39393,38.0642],[127.39393,38.06413],[127.394,38.06413],[127.394,38.0642],[127.39393,38.0642]]]}},{"type":"Feature","properties":{"valleyId":"baegun","layer":"cast","date":"2026-08-01","timeLocal":"17:00"},"geometry":{"type":"Polygon","coordinates":[[[127.43345,38.06499],[127.4334,38.06491],[127.43322,38.0648],[127.43322,38.06477],[127.43313,38.06477],[127.43313,38.0648],[127.43302,38.0648],[127.43304,38.06466],[127.43343,38.06466],[127.43343,38.0647],[127.43356,38.06479],[127.43356,38.06483],[127.43365,38.06485],[127.43365,38.0649],[127.43356,38.06492],[127.43351,38.06499],[127.43345,38.06499]]]}},{"type":"Feature","properties":{"valleyId":"baegun","layer":"cast","date":"2026-08-01","timeLocal":"17:00"},"geometry":{"type":"Polygon","coordinates":[[[127.40729,38.06438],[127.40729,38.06429],[127.40736,38.06429],[127.40735,38.06438],[127.40729,38.06438]]]}},{"type":"Feature","properties":{"valleyId":"baegun","layer":"cast","date":"2026-08-01","timeLocal":"17:00"},"geometry":{"type":"Polygon","coordinates":[[[127.39678,38.06422],[127.39678,38.06415],[127.39685,38.06415],[127.39685,38.06422],[127.39678,38.06422]]]}},{"type":"Feature","properties":{"valleyId":"baegun","layer":"cast","date":"2026-08-01","timeLocal":"17:00"},"geometry":{"type":"Polygon","coordinates":[[[127.40843,38.06433],[127.40843,38.06427],[127.4085,38.06427],[127.4085,38.06433],[127.40843,38.06433]]]}},{"type":"Feature","properties":{"valleyId":"baegun","layer":"cast","date":"2026-08-01","timeLocal":"17:00"},"geometry":{"type":"Polygon","coordinates":[[[127.41839,38.06444],[127.41839,38.06439],[127.41846,38.06439],[127.41846,38.06444],[127.41839,38.06444]]]}},{"type":"Feature","properties":{"valleyId":"baegun","layer":"cast","date":"2026-08-01","timeLocal":"17:00"},"geometry":{"type":"Polygon","coordinates":[[[127.40305,38.06422],[127.40305,38.06416],[127.40312,38.06416],[127.40312,38.06422],[127.40305,38.06422]]]}},{"type":"Feature","properties":{"valleyId":"baegun","layer":"cast","date":"2026-08-01","timeLocal":"17:00"},"geometry":{"type":"Polygon","coordinates":[[[127.40098,38.06421],[127.40095,38.06412],[127.40102,38.06412],[127.40107,38.06415],[127.40107,38.06421],[127.40098,38.06421]]]}},{"type":"Feature","properties":{"valleyId":"baegun","layer":"cast","date":"2026-08-01","timeLocal":"17:00"},"geometry":{"type":"Polygon","coordinates":[[[127.40323,38.06424],[127.40323,38.06418],[127.40328,38.06418],[127.40328,38.06411],[127.40335,38.06411],[127.40332,38.06424],[127.40323,38.06424]]]}},{"type":"Feature","properties":{"valleyId":"baegun","layer":"cast","date":"2026-08-01","timeLocal":"17:00"},"geometry":{"type":"Polygon","coordinates":[[[127.43662,38.06487],[127.43662,38.06471],[127.43655,38.06461],[127.43656,38.06454],[127.43665,38.06456],[127.43671,38.06471],[127.43669,38.06487],[127.43662,38.06487]]]}},{"type":"Feature","properties":{"valleyId":"baegun","layer":"cast","date":"2026-08-01","timeLocal":"17:00"},"geometry":{"type":"Polygon","coordinates":[[[127.39678,38.06402],[127.39679,38.06397],[127.39685,38.06397],[127.39685,38.06403],[127.39678,38.06402]]]}},{"type":"Feature","properties":{"valleyId":"baegun","layer":"cast","date":"2026-08-01","timeLocal":"17:00"},"geometry":{"type":"Polygon","coordinates":[[[127.39722,38.06416],[127.39719,38.06412],[127.39715,38.06412],[127.3971,38.06399],[127.3972,38.06399],[127.3972,38.06396],[127.39726,38.06396],[127.39728,38.06416],[127.39722,38.06416]]]}},{"type":"Feature","properties":{"valleyId":"baegun","layer":"cast","date":"2026-08-01","timeLocal":"17:00"},"geometry":{"type":"Polygon","coordinates":[[[127.39701,38.06399],[127.39701,38.06394],[127.39711,38.06394],[127.3971,38.06399],[127.39701,38.06399]]]}},{"type":"Feature","properties":{"valleyId":"baegun","layer":"cast","date":"2026-08-01","timeLocal":"17:00"},"geometry":{"type":"Polygon","coordinates":[[[127.40317,38.06411],[127.40319,38.06399],[127.40326,38.06399],[127.40328,38.06411],[127.40317,38.06411]]]}},{"type":"Feature","properties":{"valleyId":"baegun","layer":"cast","date":"2026-08-01","timeLocal":"17:00"},"geometry":{"type":"Polygon","coordinates":[[[127.41898,38.06429],[127.41896,38.0642],[127.41905,38.0642],[127.41905,38.06429],[127.41898,38.06429]]]}},{"type":"Feature","properties":{"valleyId":"baegun","layer":"cast","date":"2026-08-01","timeLocal":"17:00"},"geometry":{"type":"Polygon","coordinates":[[[127.40715,38.06426],[127.40718,38.064],[127.40727,38.064],[127.40731,38.06426],[127.40715,38.06426]]]}},{"type":"Feature","properties":{"valleyId":"baegun","layer":"cast","date":"2026-08-01","timeLocal":"17:00"},"geometry":{"type":"Polygon","coordinates":[[[127.401,38.06399],[127.401,38.06392],[127.40107,38.06392],[127.40107,38.06399],[127.401,38.06399]]]}},{"type":"Feature","properties":{"valleyId":"baegun","layer":"cast","date":"2026-08-01","timeLocal":"17:00"},"geometry":{"type":"Polygon","coordinates":[[[127.43229,38.06447],[127.43227,38.06434],[127.43241,38.06432],[127.43243,38.06447],[127.43229,38.06447]]]}},{"type":"Feature","properties":{"valleyId":"baegun","layer":"cast","date":"2026-08-01","timeLocal":"17:00"},"geometry":{"type":"Polygon","coordinates":[[[127.4328,38.06438],[127.4328,38.06433],[127.43287,38.06433],[127.43287,38.06438],[127.4328,38.06438]]]}},{"type":"Feature","properties":{"valleyId":"baegun","layer":"cast","date":"2026-08-01","timeLocal":"17:00"},"geometry":{"type":"Polygon","coordinates":[[[127.43298,38.06453],[127.43298,38.06442],[127.43289,38.06442],[127.43289,38.06435],[127.43293,38.06435],[127.43296,38.06431],[127.43305,38.06432],[127.43309,38.06433],[127.43309,38.06437],[127.43318,38.06441],[127.4332,38.0645],[127.43298,38.06453]]]}},{"type":"Feature","properties":{"valleyId":"baegun","layer":"cast","date":"2026-08-01","timeLocal":"17:00"},"geometry":{"type":"Polygon","coordinates":[[[127.40156,38.06443],[127.40156,38.06436],[127.40147,38.06432],[127.40143,38.06421],[127.40139,38.0642],[127.40139,38.06403],[127.40153,38.06405],[127.40151,38.06389],[127.40158,38.06389],[127.4016,38.06395],[127.40159,38.06409],[127.40152,38.06411],[127.4015,38.06421],[127.40166,38.06434],[127.40165,38.06443],[127.40156,38.06443]]]}},{"type":"Feature","properties":{"valleyId":"baegun","layer":"cast","date":"2026-08-01","timeLocal":"17:00"},"geometry":{"type":"Polygon","coordinates":[[[127.43646,38.0645],[127.43642,38.06443],[127.43642,38.06434],[127.43654,38.06434],[127.43656,38.06445],[127.43653,38.06451],[127.43646,38.0645]]]}},{"type":"Feature","properties":{"valleyId":"baegun","layer":"cast","date":"2026-08-01","timeLocal":"17:00"},"geometry":{"type":"Polygon","coordinates":[[[127.40046,38.06397],[127.40044,38.06386],[127.4005,38.06386],[127.40052,38.06397],[127.40046,38.06397]]]}},{"type":"Feature","properties":{"valleyId":"baegun","layer":"cast","date":"2026-08-01","timeLocal":"17:00"},"geometry":{"type":"Polygon","coordinates":[[[127.40846,38.06409],[127.40846,38.06395],[127.40853,38.06395],[127.40852,38.06409],[127.40846,38.06409]]]}},{"type":"Feature","properties":{"valleyId":"baegun","layer":"cast","date":"2026-08-01","timeLocal":"17:00"},"geometry":{"type":"Polygon","coordinates":[[[127.40283,38.06402],[127.40278,38.06398],[127.40278,38.06387],[127.40285,38.06387],[127.40285,38.06394],[127.40292,38.06395],[127.40292,38.06402],[127.40283,38.06402]]]}},{"type":"Feature","properties":{"valleyId":"baegun","layer":"cast","date":"2026-08-01","timeLocal":"17:00"},"geometry":{"type":"Polygon","coordinates":[[[127.39699,38.06392],[127.39699,38.06388],[127.39695,38.06388],[127.39695,38.06377],[127.39706,38.06379],[127.39706,38.06392],[127.39699,38.06392]]]}},{"type":"Feature","properties":{"valleyId":"baegun","layer":"cast","date":"2026-08-01","timeLocal":"17:00"},"geometry":{"type":"Polygon","coordinates":[[[127.41901,38.06413],[127.41901,38.06407],[127.41908,38.06407],[127.41908,38.06413],[127.41901,38.06413]]]}},{"type":"Feature","properties":{"valleyId":"baegun","layer":"cast","date":"2026-08-01","timeLocal":"17:00"},"geometry":{"type":"Polygon","coordinates":[[[127.39756,38.06382],[127.39757,38.06376],[127.39763,38.06377],[127.39763,38.06382],[127.39756,38.06382]]]}},{"type":"Feature","properties":{"valleyId":"baegun","layer":"cast","date":"2026-08-01","timeLocal":"17:00"},"geometry":{"type":"Polygon","coordinates":[[[127.40716,38.06395],[127.40716,38.06389],[127.40723,38.0639],[127.40723,38.06395],[127.40716,38.06395]]]}},{"type":"Feature","properties":{"valleyId":"baegun","layer":"cast","date":"2026-08-01","timeLocal":"17:00"},"geometry":{"type":"Polygon","coordinates":[[[127.4031,38.06391],[127.4031,38.06382],[127.4032,38.06382],[127.40319,38.06391],[127.4031,38.06391]]]}},{"type":"Feature","properties":{"valleyId":"baegun","layer":"cast","date":"2026-08-01","timeLocal":"17:00"},"geometry":{"type":"Polygon","coordinates":[[[127.40062,38.06386],[127.40062,38.06377],[127.40071,38.06377],[127.40071,38.06386],[127.40062,38.06386]]]}},{"type":"Feature","properties":{"valleyId":"baegun","layer":"cast","date":"2026-08-01","timeLocal":"17:00"},"geometry":{"type":"Polygon","coordinates":[[[127.40169,38.06387],[127.40169,38.06382],[127.40174,38.06379],[127.40181,38.06379],[127.4018,38.06384],[127.40176,38.06388],[127.40169,38.06387]]]}},{"type":"Feature","properties":{"valleyId":"baegun","layer":"cast","date":"2026-08-01","timeLocal":"17:00"},"geometry":{"type":"Polygon","coordinates":[[[127.44043,38.06436],[127.44044,38.06425],[127.44051,38.06425],[127.4405,38.06436],[127.44043,38.06436]]]}},{"type":"Feature","properties":{"valleyId":"baegun","layer":"cast","date":"2026-08-01","timeLocal":"17:00"},"geometry":{"type":"Polygon","coordinates":[[[127.407,38.06391],[127.40698,38.06384],[127.40702,38.06384],[127.40705,38.0638],[127.40714,38.0638],[127.40714,38.06388],[127.407,38.06391]]]}},{"type":"Feature","properties":{"valleyId":"baegun","layer":"cast","date":"2026-08-01","timeLocal":"17:00"},"geometry":{"type":"Polygon","coordinates":[[[127.39686,38.06377],[127.39677,38.06375],[127.39677,38.06365],[127.39684,38.06365],[127.39684,38.0637],[127.39693,38.0637],[127.39693,38.06377],[127.39686,38.06377]]]}},{"type":"Feature","properties":{"valleyId":"baegun","layer":"cast","date":"2026-08-01","timeLocal":"17:00"},"geometry":{"type":"Polygon","coordinates":[[[127.40053,38.06373],[127.40053,38.06368],[127.40062,38.06368],[127.40062,38.06373],[127.40053,38.06373]]]}},{"type":"Feature","properties":{"valleyId":"baegun","layer":"cast","date":"2026-08-01","timeLocal":"17:00"},"geometry":{"type":"Polygon","coordinates":[[[127.41402,38.06401],[127.41398,38.0639],[127.41407,38.06388],[127.41409,38.06383],[127.41416,38.06383],[127.41416,38.06392],[127.41411,38.06392],[127.41409,38.06401],[127.41402,38.06401]]]}},{"type":"Feature","properties":{"valleyId":"baegun","layer":"cast","date":"2026-08-01","timeLocal":"17:00"},"geometry":{"type":"Polygon","coordinates":[[[127.4068,38.06382],[127.4068,38.06375],[127.40689,38.06373],[127.40689,38.06382],[127.4068,38.06382]]]}},{"type":"Feature","properties":{"valleyId":"baegun","layer":"cast","date":"2026-08-01","timeLocal":"17:00"},"geometry":{"type":"Polygon","coordinates":[[[127.4178,38.06398],[127.41778,38.06386],[127.41788,38.06386],[127.41787,38.06399],[127.4178,38.06398]]]}},{"type":"Feature","properties":{"valleyId":"baegun","layer":"cast","date":"2026-08-01","timeLocal":"17:00"},"geometry":{"type":"Polygon","coordinates":[[[127.41129,38.06382],[127.41129,38.06377],[127.41138,38.06375],[127.41138,38.06383],[127.41129,38.06382]]]}},{"type":"Feature","properties":{"valleyId":"baegun","layer":"cast","date":"2026-08-01","timeLocal":"17:00"},"geometry":{"type":"Polygon","coordinates":[[[127.39745,38.06374],[127.39743,38.06353],[127.39746,38.06349],[127.39753,38.06349],[127.39753,38.06353],[127.39759,38.06355],[127.39759,38.06366],[127.39754,38.06369],[127.39754,38.06375],[127.39745,38.06374]]]}},{"type":"Feature","properties":{"valleyId":"baegun","layer":"cast","date":"2026-08-01","timeLocal":"17:00"},"geometry":{"type":"Polygon","coordinates":[[[127.40297,38.06375],[127.4029,38.06373],[127.4029,38.06362],[127.40286,38.0636],[127.40286,38.06355],[127.40293,38.06355],[127.40295,38.0636],[127.40299,38.0636],[127.40299,38.06368],[127.40306,38.06368],[127.40306,38.06375],[127.40297,38.06375]]]}},{"type":"Feature","properties":{"valleyId":"baegun","layer":"cast","date":"2026-08-01","timeLocal":"17:00"},"geometry":{"type":"Polygon","coordinates":[[[127.3968,38.06348],[127.3968,38.06339],[127.39689,38.06339],[127.39689,38.06348],[127.3968,38.06348]]]}},{"type":"Feature","properties":{"valleyId":"baegun","layer":"cast","date":"2026-08-01","timeLocal":"17:00"},"geometry":{"type":"Polygon","coordinates":[[[127.40092,38.06367],[127.4009,38.06341],[127.40102,38.06342],[127.40101,38.06347],[127.40106,38.06349],[127.40106,38.06361],[127.40099,38.06367],[127.40092,38.06367]]]}},{"type":"Feature","properties":{"valleyId":"baegun","layer":"cast","date":"2026-08-01","timeLocal":"17:00"},"geometry":{"type":"Polygon","coordinates":[[[127.41375,38.06368],[127.41376,38.06359],[127.41382,38.06359],[127.41382,38.06362],[127.41387,38.06363],[127.41387,38.06368],[127.41375,38.06368]]]}},{"type":"Feature","properties":{"valleyId":"baegun","layer":"cast","date":"2026-08-01","timeLocal":"17:00"},"geometry":{"type":"Polygon","coordinates":[[[127.40648,38.06356],[127.40646,38.06343],[127.40653,38.06344],[127.40658,38.06345],[127.40658,38.06351],[127.40655,38.06356],[127.40648,38.06356]]]}},{"type":"Feature","properties":{"valleyId":"baegun","layer":"cast","date":"2026-08-01","timeLocal":"17:00"},"geometry":{"type":"Polygon","coordinates":[[[127.40083,38.06341],[127.40083,38.06334],[127.4009,38.06334],[127.4009,38.06341],[127.40083,38.06341]]]}},{"type":"Feature","properties":{"valleyId":"baegun","layer":"cast","date":"2026-08-01","timeLocal":"17:00"},"geometry":{"type":"Polygon","coordinates":[[[127.40102,38.0634],[127.40102,38.06334],[127.40111,38.06334],[127.40111,38.0634],[127.40102,38.0634]]]}},{"type":"Feature","properties":{"valleyId":"baegun","layer":"cast","date":"2026-08-01","timeLocal":"17:00"},"geometry":{"type":"Polygon","coordinates":[[[127.41396,38.06361],[127.41396,38.06352],[127.4141,38.06348],[127.4141,38.06359],[127.41396,38.06361]]]}},{"type":"Feature","properties":{"valleyId":"baegun","layer":"cast","date":"2026-08-01","timeLocal":"17:00"},"geometry":{"type":"Polygon","coordinates":[[[127.44044,38.06391],[127.44045,38.06384],[127.44051,38.06384],[127.44051,38.06391],[127.44044,38.06391]]]}},{"type":"Feature","properties":{"valleyId":"baegun","layer":"cast","date":"2026-08-01","timeLocal":"17:00"},"geometry":{"type":"Polygon","coordinates":[[[127.43238,38.06384],[127.43235,38.0638],[127.43231,38.0638],[127.43231,38.06375],[127.43235,38.06375],[127.43236,38.06371],[127.43242,38.06371],[127.43247,38.06378],[127.4326,38.06379],[127.4326,38.06384],[127.43238,38.06384]]]}},{"type":"Feature","properties":{"valleyId":"baegun","layer":"cast","date":"2026-08-01","timeLocal":"17:00"},"geometry":{"type":"Polygon","coordinates":[[[127.43206,38.06378],[127.43199,38.06376],[127.43199,38.06371],[127.43215,38.06373],[127.43215,38.06378],[127.43206,38.06378]]]}},{"type":"Feature","properties":{"valleyId":"baegun","layer":"cast","date":"2026-08-01","timeLocal":"17:00"},"geometry":{"type":"Polygon","coordinates":[[[127.43391,38.06561],[127.4338,38.06559],[127.43378,38.06553],[127.43371,38.06553],[127.43364,38.06548],[127.43364,38.0654],[127.43357,38.0654],[127.43357,38.06533],[127.43367,38.06531],[127.43376,38.06523],[127.43392,38.06523],[127.43394,38.06514],[127.43408,38.06509],[127.43408,38.06503],[127.43404,38.06501],[127.43404,38.06482],[127.43393,38.06472],[127.43391,38.06461],[127.43382,38.06452],[127.43382,38.06443],[127.43366,38.06438],[127.43367,38.06429],[127.43355,38.06429],[127.43351,38.06403],[127.43333,38.06401],[127.43319,38.06396],[127.43299,38.06397],[127.43281,38.06386],[127.43263,38.06386],[127.43263,38.0638],[127.43322,38.06385],[127.43322,38.06378],[127.43317,38.06378],[127.43318,38.06372],[127.43324,38.06372],[127.43324,38.06378],[127.43329,38.06378],[127.43329,38.06387],[127.43347,38.06389],[127.43354,38.06393],[127.43367,38.06393],[127.43372,38.06396],[127.43383,38.06397],[127.43383,38.06407],[127.43397,38.06413],[127.43396,38.06424],[127.43417,38.06424],[127.43416,38.06442],[127.43423,38.06451],[127.4345,38.06451],[127.43449,38.06533],[127.43435,38.06534],[127.4343,38.0655],[127.43414,38.06548],[127.43414,38.06559],[127.43391,38.06561]]]}},{"type":"Feature","properties":{"valleyId":"baegun","layer":"cast","date":"2026-08-01","timeLocal":"17:00"},"geometry":{"type":"Polygon","coordinates":[[[127.40927,38.06344],[127.40927,38.06336],[127.40934,38.06337],[127.40934,38.06344],[127.40927,38.06344]]]}},{"type":"Feature","properties":{"valleyId":"baegun","layer":"cast","date":"2026-08-01","timeLocal":"17:00"},"geometry":{"type":"Polygon","coordinates":[[[127.41743,38.06362],[127.41743,38.06353],[127.41747,38.06351],[127.41747,38.06346],[127.41754,38.06346],[127.41752,38.06362],[127.41743,38.06362]]]}},{"type":"Feature","properties":{"valleyId":"baegun","layer":"cast","date":"2026-08-01","timeLocal":"17:00"},"geometry":{"type":"Polygon","coordinates":[[[127.42142,38.0636],[127.42142,38.06351],[127.42149,38.06351],[127.42148,38.0636],[127.42142,38.0636]]]}},{"type":"Feature","properties":{"valleyId":"baegun","layer":"cast","date":"2026-08-01","timeLocal":"17:00"},"geometry":{"type":"Polygon","coordinates":[[[127.40095,38.06329],[127.40095,38.06323],[127.40102,38.06323],[127.40102,38.06329],[127.40095,38.06329]]]}},{"type":"Feature","properties":{"valleyId":"baegun","layer":"cast","date":"2026-08-01","timeLocal":"17:00"},"geometry":{"type":"Polygon","coordinates":[[[127.39716,38.06334],[127.39712,38.06333],[127.39712,38.06325],[127.39717,38.06325],[127.39717,38.06316],[127.39724,38.06317],[127.39723,38.06335],[127.39716,38.06334]]]}},{"type":"Feature","properties":{"valleyId":"baegun","layer":"cast","date":"2026-08-01","timeLocal":"17:00"},"geometry":{"type":"Polygon","coordinates":[[[127.41992,38.06436],[127.41969,38.06426],[127.41967,38.06415],[127.41958,38.06415],[127.41956,38.06404],[127.4194,38.06408],[127.41933,38.06404],[127.41933,38.06401],[127.41924,38.064],[127.41924,38.06406],[127.41917,38.06406],[127.41917,38.06388],[127.41931,38.06386],[127.41931,38.06379],[127.4192,38.06377],[127.4192,38.06386],[127.41913,38.06386],[127.41916,38.06366],[127.41927,38.06363],[127.41927,38.06359],[127.41934,38.06357],[127.41934,38.06352],[127.41943,38.06352],[127.41943,38.06365],[127.41952,38.06365],[127.41952,38.06354],[127.41948,38.06354],[127.41948,38.06347],[127.41957,38.06347],[127.41957,38.0635],[127.41971,38.06351],[127.41971,38.06356],[127.41984,38.0636],[127.41984,38.06365],[127.41957,38.06368],[127.41954,38.06377],[127.4195,38.06379],[127.41949,38.06385],[127.41954,38.06386],[127.41954,38.06397],[127.41961,38.06397],[127.41959,38.06385],[127.41975,38.06385],[127.41975,38.06376],[127.41982,38.06371],[127.41982,38.06367],[127.42007,38.06364],[127.42011,38.06382],[127.42016,38.06384],[127.42015,38.06394],[127.42006,38.06394],[127.42006,38.06407],[127.42015,38.06411],[127.42015,38.06432],[127.41999,38.06432],[127.41999,38.06436],[127.41992,38.06436]],[[127.41979,38.06407],[127.4199,38.06407],[127.41988,38.06394],[127.41974,38.06394],[127.41974,38.06403],[127.41979,38.06407]]]}},{"type":"Feature","properties":{"valleyId":"baegun","layer":"cast","date":"2026-08-01","timeLocal":"17:00"},"geometry":{"type":"Polygon","coordinates":[[[127.40056,38.06326],[127.40056,38.06323],[127.40052,38.06323],[127.40052,38.06317],[127.40059,38.06317],[127.40059,38.06321],[127.40063,38.06321],[127.40063,38.06327],[127.40056,38.06326]]]}},{"type":"Feature","properties":{"valleyId":"baegun","layer":"cast","date":"2026-08-01","timeLocal":"17:00"},"geometry":{"type":"Polygon","coordinates":[[[127.40827,38.06337],[127.40829,38.06326],[127.40838,38.06324],[127.40838,38.06333],[127.40833,38.06337],[127.40827,38.06337]]]}},{"type":"Feature","properties":{"valleyId":"baegun","layer":"cast","date":"2026-08-01","timeLocal":"17:00"},"geometry":{"type":"Polygon","coordinates":[[[127.40116,38.06329],[127.40113,38.06318],[127.40116,38.06315],[127.40123,38.06315],[127.40125,38.06329],[127.40116,38.06329]]]}},{"type":"Feature","properties":{"valleyId":"baegun","layer":"cast","date":"2026-08-01","timeLocal":"17:00"},"geometry":{"type":"Polygon","coordinates":[[[127.43815,38.06373],[127.43815,38.06364],[127.43822,38.06364],[127.43821,38.06374],[127.43815,38.06373]]]}},{"type":"Feature","properties":{"valleyId":"baegun","layer":"cast","date":"2026-08-01","timeLocal":"17:00"},"geometry":{"type":"Polygon","coordinates":[[[127.40932,38.06331],[127.40932,38.06326],[127.40941,38.06326],[127.40941,38.06331],[127.40932,38.06331]]]}},{"type":"Feature","properties":{"valleyId":"baegun","layer":"cast","date":"2026-08-01","timeLocal":"17:00"},"geometry":{"type":"Polygon","coordinates":[[[127.40318,38.06341],[127.40318,38.06335],[127.40311,38.06332],[127.40312,38.06316],[127.40319,38.06316],[127.40321,38.06328],[127.40325,38.06332],[127.40325,38.06341],[127.40318,38.06341]]]}},{"type":"Feature","properties":{"valleyId":"baegun","layer":"cast","date":"2026-08-01","timeLocal":"17:00"},"geometry":{"type":"Polygon","coordinates":[[[127.41955,38.06345],[127.41955,38.06338],[127.41969,38.0634],[127.41969,38.06345],[127.41955,38.06345]]]}},{"type":"Feature","properties":{"valleyId":"baegun","layer":"cast","date":"2026-08-01","timeLocal":"17:00"},"geometry":{"type":"Polygon","coordinates":[[[127.43167,38.06365],[127.43167,38.06359],[127.43172,38.06359],[127.43172,38.06352],[127.43179,38.06352],[127.43179,38.0636],[127.43174,38.06359],[127.43174,38.06365],[127.43167,38.06365]]]}},{"type":"Feature","properties":{"valleyId":"baegun","layer":"cast","date":"2026-08-01","timeLocal":"17:00"},"geometry":{"type":"Polygon","coordinates":[[[127.41976,38.06338],[127.41976,38.06333],[127.41985,38.06333],[127.41985,38.06338],[127.41976,38.06338]]]}},{"type":"Feature","properties":{"valleyId":"baegun","layer":"cast","date":"2026-08-01","timeLocal":"17:00"},"geometry":{"type":"Polygon","coordinates":[[[127.40145,38.06329],[127.40143,38.06319],[127.4015,38.06313],[127.4015,38.06306],[127.40157,38.06306],[127.40152,38.0633],[127.40145,38.06329]]]}},{"type":"Feature","properties":{"valleyId":"baegun","layer":"cast","date":"2026-08-01","timeLocal":"17:00"},"geometry":{"type":"Polygon","coordinates":[[[127.41255,38.06325],[127.41256,38.06319],[127.41262,38.06319],[127.41262,38.06325],[127.41255,38.06325]]]}},{"type":"Feature","properties":{"valleyId":"baegun","layer":"cast","date":"2026-08-01","timeLocal":"17:00"},"geometry":{"type":"Polygon","coordinates":[[[127.43156,38.06375],[127.43156,38.0637],[127.43149,38.06363],[127.43135,38.06361],[127.43134,38.06345],[127.43145,38.06345],[127.43147,38.06352],[127.43152,38.06352],[127.43151,38.06359],[127.43163,38.06363],[127.43162,38.06376],[127.43156,38.06375]]]}},{"type":"Feature","properties":{"valleyId":"baegun","layer":"cast","date":"2026-08-01","timeLocal":"17:00"},"geometry":{"type":"Polygon","coordinates":[[[127.43828,38.06365],[127.43826,38.06352],[127.43836,38.06352],[127.4384,38.06363],[127.43828,38.06365]]]}},{"type":"Feature","properties":{"valleyId":"baegun","layer":"cast","date":"2026-08-01","timeLocal":"17:00"},"geometry":{"type":"Polygon","coordinates":[[[127.40678,38.06337],[127.40669,38.06329],[127.40665,38.06315],[127.40658,38.06313],[127.40659,38.06302],[127.40668,38.06302],[127.40668,38.06311],[127.40674,38.06311],[127.40679,38.06324],[127.40683,38.06324],[127.40685,38.06337],[127.40678,38.06337]]]}},{"type":"Feature","properties":{"valleyId":"baegun","layer":"cast","date":"2026-08-01","timeLocal":"17:00"},"geometry":{"type":"Polygon","coordinates":[[[127.41705,38.06327],[127.41702,38.06316],[127.41712,38.06316],[127.41711,38.06327],[127.41705,38.06327]]]}},{"type":"Feature","properties":{"valleyId":"baegun","layer":"cast","date":"2026-08-01","timeLocal":"17:00"},"geometry":{"type":"Polygon","coordinates":[[[127.40052,38.0631],[127.40052,38.06292],[127.40071,38.06292],[127.40066,38.0631],[127.40052,38.0631]]]}},{"type":"Feature","properties":{"valleyId":"baegun","layer":"cast","date":"2026-08-01","timeLocal":"17:00"},"geometry":{"type":"Polygon","coordinates":[[[127.39748,38.06342],[127.39748,38.06338],[127.39735,38.0634],[127.39732,38.06336],[127.39733,38.06329],[127.39744,38.06329],[127.39746,38.06322],[127.39751,38.06322],[127.39751,38.06317],[127.39746,38.06317],[127.39744,38.06313],[127.39742,38.06295],[127.39765,38.06294],[127.39774,38.06288],[127.39775,38.06285],[127.39781,38.06285],[127.39781,38.06296],[127.3977,38.06297],[127.39767,38.06305],[127.39781,38.06303],[127.39783,38.06294],[127.39795,38.06294],[127.39794,38.06321],[127.39778,38.06321],[127.39778,38.06335],[127.3976,38.06335],[127.39755,38.06337],[127.39755,38.06342],[127.39748,38.06342]]]}},{"type":"Feature","properties":{"valleyId":"baegun","layer":"cast","date":"2026-08-01","timeLocal":"17:00"},"geometry":{"type":"Polygon","coordinates":[[[127.4095,38.06308],[127.40951,38.06295],[127.4096,38.06295],[127.40964,38.06299],[127.40964,38.06308],[127.4095,38.06308]]]}},{"type":"Feature","properties":{"valleyId":"baegun","layer":"cast","date":"2026-08-01","timeLocal":"17:00"},"geometry":{"type":"Polygon","coordinates":[[[127.41361,38.0631],[127.41361,38.06301],[127.41372,38.06301],[127.41372,38.0631],[127.41361,38.0631]]]}},{"type":"Feature","properties":{"valleyId":"baegun","layer":"cast","date":"2026-08-01","timeLocal":"17:00"},"geometry":{"type":"Polygon","coordinates":[[[127.41905,38.06319],[127.41903,38.06312],[127.41908,38.06308],[127.41917,38.06308],[127.41921,38.06312],[127.41921,38.06317],[127.41905,38.06319]]]}},{"type":"Feature","properties":{"valleyId":"baegun","layer":"cast","date":"2026-08-01","timeLocal":"17:00"},"geometry":{"type":"Polygon","coordinates":[[[127.40613,38.06298],[127.40613,38.06289],[127.4062,38.06289],[127.4062,38.06298],[127.40613,38.06298]]]}},{"type":"Feature","properties":{"valleyId":"baegun","layer":"cast","date":"2026-08-01","timeLocal":"17:00"},"geometry":{"type":"Polygon","coordinates":[[[127.40116,38.06288],[127.40117,38.06282],[127.40126,38.06282],[127.40126,38.06288],[127.40116,38.06288]]]}},{"type":"Feature","properties":{"valleyId":"baegun","layer":"cast","date":"2026-08-01","timeLocal":"17:00"},"geometry":{"type":"Polygon","coordinates":[[[127.43131,38.06339],[127.43131,38.06334],[127.43122,38.06334],[127.4312,38.06321],[127.43129,38.06321],[127.43141,38.0633],[127.4314,38.06339],[127.43131,38.06339]]]}},{"type":"Feature","properties":{"valleyId":"baegun","layer":"cast","date":"2026-08-01","timeLocal":"17:00"},"geometry":{"type":"Polygon","coordinates":[[[127.40657,38.06295],[127.40657,38.06286],[127.40666,38.06286],[127.40668,38.06295],[127.40657,38.06295]]]}},{"type":"Feature","properties":{"valleyId":"baegun","layer":"cast","date":"2026-08-01","timeLocal":"17:00"},"geometry":{"type":"Polygon","coordinates":[[[127.40741,38.063],[127.40741,38.06285],[127.4075,38.06284],[127.4075,38.06298],[127.40741,38.063]]]}},{"type":"Feature","properties":{"valleyId":"baegun","layer":"cast","date":"2026-08-01","timeLocal":"17:00"},"geometry":{"type":"Polygon","coordinates":[[[127.39763,38.06276],[127.39759,38.06274],[127.39759,38.06267],[127.39775,38.06267],[127.39777,38.0627],[127.39782,38.0627],[127.39782,38.06276],[127.39763,38.06276]]]}},{"type":"Feature","properties":{"valleyId":"baegun","layer":"cast","date":"2026-08-01","timeLocal":"17:00"},"geometry":{"type":"Polygon","coordinates":[[[127.41946,38.06325],[127.41944,38.0632],[127.41937,38.06319],[127.41937,38.06314],[127.4194,38.06309],[127.41944,38.06309],[127.41944,38.06303],[127.41949,38.06302],[127.41949,38.06293],[127.41956,38.06293],[127.41961,38.06295],[127.4196,38.06304],[127.41947,38.06309],[127.41946,38.06314],[127.41951,38.06314],[127.41953,38.06318],[127.41953,38.06325],[127.41946,38.06325]]]}},{"type":"Feature","properties":{"valleyId":"baegun","layer":"cast","date":"2026-08-01","timeLocal":"17:00"},"geometry":{"type":"Polygon","coordinates":[[[127.39732,38.06268],[127.39732,38.06261],[127.39741,38.06261],[127.39741,38.06268],[127.39732,38.06268]]]}},{"type":"Feature","properties":{"valleyId":"baegun","layer":"cast","date":"2026-08-01","timeLocal":"17:00"},"geometry":{"type":"Polygon","coordinates":[[[127.40725,38.06278],[127.40725,38.06272],[127.40732,38.06273],[127.40732,38.06278],[127.40725,38.06278]]]}},{"type":"Feature","properties":{"valleyId":"baegun","layer":"cast","date":"2026-08-01","timeLocal":"17:00"},"geometry":{"type":"Polygon","coordinates":[[[127.4091,38.0628],[127.4091,38.06273],[127.40917,38.06273],[127.40917,38.0628],[127.4091,38.0628]]]}},{"type":"Feature","properties":{"valleyId":"baegun","layer":"cast","date":"2026-08-01","timeLocal":"17:00"},"geometry":{"type":"Polygon","coordinates":[[[127.41924,38.06289],[127.41924,38.06283],[127.41933,38.06283],[127.41933,38.06289],[127.41924,38.06289]]]}},{"type":"Feature","properties":{"valleyId":"baegun","layer":"cast","date":"2026-08-01","timeLocal":"17:00"},"geometry":{"type":"Polygon","coordinates":[[[127.4024,38.06266],[127.4024,38.06259],[127.40249,38.06259],[127.40249,38.06264],[127.4024,38.06266]]]}},{"type":"Feature","properties":{"valleyId":"baegun","layer":"cast","date":"2026-08-01","timeLocal":"17:00"},"geometry":{"type":"Polygon","coordinates":[[[127.41263,38.06274],[127.41266,38.06267],[127.41275,38.06267],[127.41275,38.06274],[127.41263,38.06274]]]}},{"type":"Feature","properties":{"valleyId":"baegun","layer":"cast","date":"2026-08-01","timeLocal":"17:00"},"geometry":{"type":"Polygon","coordinates":[[[127.40655,38.06264],[127.40655,38.06259],[127.40662,38.06259],[127.40662,38.06264],[127.40655,38.06264]]]}},{"type":"Feature","properties":{"valleyId":"baegun","layer":"cast","date":"2026-08-01","timeLocal":"17:00"},"geometry":{"type":"Polygon","coordinates":[[[127.40108,38.06271],[127.40108,38.06268],[127.40103,38.06268],[127.40099,38.0626],[127.40085,38.06258],[127.40085,38.06249],[127.40092,38.06249],[127.40094,38.06253],[127.40106,38.06253],[127.40106,38.06257],[127.40112,38.06262],[127.40117,38.06262],[127.40117,38.06271],[127.40108,38.06271]]]}},{"type":"Feature","properties":{"valleyId":"baegun","layer":"cast","date":"2026-08-01","timeLocal":"17:00"},"geometry":{"type":"Polygon","coordinates":[[[127.44044,38.06308],[127.44044,38.06303],[127.44051,38.06303],[127.44051,38.06308],[127.44044,38.06308]]]}},{"type":"Feature","properties":{"valleyId":"baegun","layer":"cast","date":"2026-08-01","timeLocal":"17:00"},"geometry":{"type":"Polygon","coordinates":[[[127.41856,38.06284],[127.41856,38.06272],[127.41863,38.06272],[127.4187,38.06279],[127.4187,38.06284],[127.41856,38.06284]]]}},{"type":"Feature","properties":{"valleyId":"baegun","layer":"cast","date":"2026-08-01","timeLocal":"17:00"},"geometry":{"type":"Polygon","coordinates":[[[127.41929,38.06278],[127.41929,38.06273],[127.41936,38.06273],[127.41936,38.06278],[127.41929,38.06278]]]}},{"type":"Feature","properties":{"valleyId":"baegun","layer":"cast","date":"2026-08-01","timeLocal":"17:00"},"geometry":{"type":"Polygon","coordinates":[[[127.39766,38.06256],[127.39766,38.0625],[127.39771,38.0625],[127.39771,38.06243],[127.3978,38.06242],[127.3978,38.06251],[127.39773,38.06251],[127.39773,38.06256],[127.39766,38.06256]]]}},{"type":"Feature","properties":{"valleyId":"baegun","layer":"cast","date":"2026-08-01","timeLocal":"17:00"},"geometry":{"type":"Polygon","coordinates":[[[127.41323,38.06279],[127.41318,38.06271],[127.41318,38.06262],[127.4133,38.06263],[127.41329,38.06279],[127.41323,38.06279]]]}},{"type":"Feature","properties":{"valleyId":"baegun","layer":"cast","date":"2026-08-01","timeLocal":"17:00"},"geometry":{"type":"Polygon","coordinates":[[[127.40204,38.06255],[127.40204,38.06247],[127.40211,38.06247],[127.40211,38.06255],[127.40204,38.06255]]]}},{"type":"Feature","properties":{"valleyId":"baegun","layer":"cast","date":"2026-08-01","timeLocal":"17:00"},"geometry":{"type":"Polygon","coordinates":[[[127.42182,38.0628],[127.42182,38.06274],[127.42189,38.06274],[127.42189,38.0628],[127.42182,38.0628]]]}},{"type":"Feature","properties":{"valleyId":"baegun","layer":"cast","date":"2026-08-01","timeLocal":"17:00"},"geometry":{"type":"Polygon","coordinates":[[[127.40719,38.06269],[127.40714,38.06265],[127.40714,38.0626],[127.40717,38.06253],[127.40724,38.06253],[127.40725,38.06269],[127.40719,38.06269]]]}},{"type":"Feature","properties":{"valleyId":"baegun","layer":"cast","date":"2026-08-01","timeLocal":"17:00"},"geometry":{"type":"Polygon","coordinates":[[[127.40646,38.06259],[127.40646,38.06252],[127.40655,38.06252],[127.40655,38.06259],[127.40646,38.06259]]]}},{"type":"Feature","properties":{"valleyId":"baegun","layer":"cast","date":"2026-08-01","timeLocal":"17:00"},"geometry":{"type":"Polygon","coordinates":[[[127.41986,38.06279],[127.41986,38.0627],[127.42002,38.0627],[127.42002,38.06279],[127.41986,38.06279]]]}},{"type":"Feature","properties":{"valleyId":"baegun","layer":"cast","date":"2026-08-01","timeLocal":"17:00"},"geometry":{"type":"Polygon","coordinates":[[[127.41827,38.06269],[127.41827,38.06264],[127.41834,38.06264],[127.41833,38.06269],[127.41827,38.06269]]]}},{"type":"Feature","properties":{"valleyId":"baegun","layer":"cast","date":"2026-08-01","timeLocal":"17:00"},"geometry":{"type":"Polygon","coordinates":[[[127.41852,38.0627],[127.41852,38.06264],[127.41859,38.06264],[127.41858,38.0627],[127.41852,38.0627]]]}},{"type":"Feature","properties":{"valleyId":"baegun","layer":"cast","date":"2026-08-01","timeLocal":"17:00"},"geometry":{"type":"Polygon","coordinates":[[[127.40026,38.06247],[127.40024,38.06236],[127.40038,38.06238],[127.40038,38.06243],[127.40033,38.06247],[127.40026,38.06247]]]}},{"type":"Feature","properties":{"valleyId":"baegun","layer":"cast","date":"2026-08-01","timeLocal":"17:00"},"geometry":{"type":"Polygon","coordinates":[[[127.42178,38.0627],[127.42178,38.06265],[127.42187,38.06265],[127.42187,38.06271],[127.42178,38.0627]]]}},{"type":"Feature","properties":{"valleyId":"baegun","layer":"cast","date":"2026-08-01","timeLocal":"17:00"},"geometry":{"type":"Polygon","coordinates":[[[127.40069,38.06249],[127.40065,38.06245],[127.40065,38.06238],[127.4007,38.06233],[127.40077,38.06233],[127.40078,38.06249],[127.40069,38.06249]]]}},{"type":"Feature","properties":{"valleyId":"baegun","layer":"cast","date":"2026-08-01","timeLocal":"17:00"},"geometry":{"type":"Polygon","coordinates":[[[127.41309,38.06252],[127.4131,38.06246],[127.41316,38.06246],[127.41316,38.06252],[127.41309,38.06252]]]}},{"type":"Feature","properties":{"valleyId":"baegun","layer":"cast","date":"2026-08-01","timeLocal":"17:00"},"geometry":{"type":"Polygon","coordinates":[[[127.42141,38.06263],[127.42141,38.06257],[127.42148,38.06257],[127.42148,38.06263],[127.42141,38.06263]]]}},{"type":"Feature","properties":{"valleyId":"baegun","layer":"cast","date":"2026-08-01","timeLocal":"17:00"},"geometry":{"type":"Polygon","coordinates":[[[127.41731,38.06259],[127.41729,38.06248],[127.4174,38.06248],[127.41742,38.06257],[127.41731,38.06259]]]}},{"type":"Feature","properties":{"valleyId":"baegun","layer":"cast","date":"2026-08-01","timeLocal":"17:00"},"geometry":{"type":"Polygon","coordinates":[[[127.40348,38.06233],[127.40348,38.06228],[127.40355,38.06228],[127.40355,38.06233],[127.40348,38.06233]]]}},{"type":"Feature","properties":{"valleyId":"baegun","layer":"cast","date":"2026-08-01","timeLocal":"17:00"},"geometry":{"type":"Polygon","coordinates":[[[127.40852,38.0624],[127.40852,38.06235],[127.40861,38.06235],[127.40861,38.0624],[127.40852,38.0624]]]}},{"type":"Feature","properties":{"valleyId":"baegun","layer":"cast","date":"2026-08-01","timeLocal":"17:00"},"geometry":{"type":"Polygon","coordinates":[[[127.42324,38.06265],[127.42324,38.0626],[127.42328,38.0626],[127.42328,38.06253],[127.42335,38.06253],[127.42335,38.0626],[127.42331,38.0626],[127.4233,38.06265],[127.42324,38.06265]]]}},{"type":"Feature","properties":{"valleyId":"baegun","layer":"cast","date":"2026-08-01","timeLocal":"17:00"},"geometry":{"type":"Polygon","coordinates":[[[127.43381,38.06281],[127.43381,38.06265],[127.43388,38.06265],[127.43388,38.06281],[127.43381,38.06281]]]}},{"type":"Feature","properties":{"valleyId":"baegun","layer":"cast","date":"2026-08-01","timeLocal":"17:00"},"geometry":{"type":"Polygon","coordinates":[[[127.42367,38.06259],[127.4237,38.0625],[127.42379,38.0625],[127.42376,38.06259],[127.42367,38.06259]]]}},{"type":"Feature","properties":{"valleyId":"baegun","layer":"cast","date":"2026-08-01","timeLocal":"17:00"},"geometry":{"type":"Polygon","coordinates":[[[127.40712,38.06243],[127.40712,38.06238],[127.40708,38.06238],[127.40708,38.06231],[127.40701,38.06229],[127.40701,38.06223],[127.40711,38.06224],[127.4071,38.06231],[127.40715,38.06231],[127.40715,38.06236],[127.40719,38.06236],[127.40719,38.06244],[127.40712,38.06243]]]}},{"type":"Feature","properties":{"valleyId":"baegun","layer":"cast","date":"2026-08-01","timeLocal":"17:00"},"geometry":{"type":"Polygon","coordinates":[[[127.41339,38.06238],[127.4134,38.06232],[127.41346,38.06232],[127.41346,38.06238],[127.41339,38.06238]]]}},{"type":"Feature","properties":{"valleyId":"baegun","layer":"cast","date":"2026-08-01","timeLocal":"17:00"},"geometry":{"type":"Polygon","coordinates":[[[127.39803,38.06244],[127.39799,38.06218],[127.3979,38.06218],[127.3979,38.06213],[127.39801,38.06213],[127.39808,38.06211],[127.39808,38.06208],[127.39815,38.06208],[127.39815,38.06215],[127.3981,38.06215],[127.39812,38.06226],[127.39808,38.06226],[127.39812,38.0624],[127.3981,38.06244],[127.39803,38.06244]]]}},{"type":"Feature","properties":{"valleyId":"baegun","layer":"cast","date":"2026-08-01","timeLocal":"17:00"},"geometry":{"type":"Polygon","coordinates":[[[127.42326,38.06249],[127.42324,38.06242],[127.42333,38.06242],[127.42333,38.06249],[127.42326,38.06249]]]}},{"type":"Feature","properties":{"valleyId":"baegun","layer":"cast","date":"2026-08-01","timeLocal":"17:00"},"geometry":{"type":"Polygon","coordinates":[[[127.41408,38.06339],[127.41406,38.06314],[127.41399,38.06314],[127.414,38.063],[127.41388,38.06298],[127.41386,38.06289],[127.41373,38.06288],[127.41372,38.06292],[127.41363,38.06292],[127.41354,38.06286],[127.41352,38.06281],[127.41355,38.06245],[127.41369,38.0624],[127.41372,38.06225],[127.41388,38.06226],[127.4139,38.06235],[127.41403,38.06235],[127.41403,38.06258],[127.41414,38.06258],[127.41414,38.06267],[127.41403,38.06269],[127.41402,38.06291],[127.41404,38.06296],[127.41413,38.06298],[127.41413,38.06303],[127.41418,38.06303],[127.41413,38.0632],[127.41417,38.06321],[127.41419,38.06338],[127.41408,38.06339]]]}},{"type":"Feature","properties":{"valleyId":"baegun","layer":"cast","date":"2026-08-01","timeLocal":"17:00"},"geometry":{"type":"Polygon","coordinates":[[[127.40355,38.06213],[127.40355,38.06208],[127.40362,38.06208],[127.40362,38.06213],[127.40355,38.06213]]]}},{"type":"Feature","properties":{"valleyId":"baegun","layer":"cast","date":"2026-08-01","timeLocal":"17:00"},"geometry":{"type":"Polygon","coordinates":[[[127.41962,38.06246],[127.41962,38.06242],[127.41957,38.06242],[127.41957,38.06231],[127.41971,38.06228],[127.41973,38.06246],[127.41962,38.06246]]]}},{"type":"Feature","properties":{"valleyId":"baegun","layer":"cast","date":"2026-08-01","timeLocal":"17:00"},"geometry":{"type":"Polygon","coordinates":[[[127.41346,38.06229],[127.41351,38.06218],[127.41358,38.06218],[127.41358,38.06227],[127.41346,38.06229]]]}},{"type":"Feature","properties":{"valleyId":"baegun","layer":"cast","date":"2026-08-01","timeLocal":"17:00"},"geometry":{"type":"Polygon","coordinates":[[[127.40141,38.06218],[127.40139,38.06201],[127.40148,38.06202],[127.40148,38.06218],[127.40141,38.06218]]]}},{"type":"Feature","properties":{"valleyId":"baegun","layer":"cast","date":"2026-08-01","timeLocal":"17:00"},"geometry":{"type":"Polygon","coordinates":[[[127.402,38.06204],[127.40198,38.06197],[127.40205,38.06197],[127.40207,38.06204],[127.402,38.06204]]]}},{"type":"Feature","properties":{"valleyId":"baegun","layer":"cast","date":"2026-08-01","timeLocal":"17:00"},"geometry":{"type":"Polygon","coordinates":[[[127.43361,38.06241],[127.43362,38.06236],[127.43368,38.06236],[127.43368,38.06241],[127.43361,38.06241]]]}},{"type":"Feature","properties":{"valleyId":"baegun","layer":"cast","date":"2026-08-01","timeLocal":"17:00"},"geometry":{"type":"Polygon","coordinates":[[[127.41287,38.06235],[127.41285,38.06206],[127.41294,38.06206],[127.41292,38.06224],[127.41296,38.06224],[127.41298,38.06235],[127.41287,38.06235]]]}},{"type":"Feature","properties":{"valleyId":"baegun","layer":"cast","date":"2026-08-01","timeLocal":"17:00"},"geometry":{"type":"Polygon","coordinates":[[[127.41379,38.0622],[127.41379,38.06209],[127.41388,38.06208],[127.41388,38.0622],[127.41379,38.0622]]]}},{"type":"Feature","properties":{"valleyId":"baegun","layer":"cast","date":"2026-08-01","timeLocal":"17:00"},"geometry":{"type":"Polygon","coordinates":[[[127.40918,38.06237],[127.40913,38.06223],[127.40902,38.06221],[127.40902,38.0621],[127.40895,38.0621],[127.40891,38.06206],[127.40891,38.06201],[127.40902,38.06201],[127.40902,38.06205],[127.40916,38.06207],[127.4092,38.06214],[127.4092,38.06225],[127.40927,38.06228],[127.40927,38.06236],[127.40918,38.06237]]]}},{"type":"Feature","properties":{"valleyId":"baegun","layer":"cast","date":"2026-08-01","timeLocal":"17:00"},"geometry":{"type":"Polygon","coordinates":[[[127.40854,38.06217],[127.40852,38.06198],[127.40871,38.06199],[127.4087,38.06206],[127.40866,38.06206],[127.40861,38.06217],[127.40854,38.06217]]]}},{"type":"Feature","properties":{"valleyId":"baegun","layer":"cast","date":"2026-08-01","timeLocal":"17:00"},"geometry":{"type":"Polygon","coordinates":[[[127.40832,38.06204],[127.40832,38.06198],[127.40841,38.06198],[127.40841,38.06204],[127.40832,38.06204]]]}},{"type":"Feature","properties":{"valleyId":"baegun","layer":"cast","date":"2026-08-01","timeLocal":"17:00"},"geometry":{"type":"Polygon","coordinates":[[[127.39785,38.06202],[127.39786,38.06182],[127.39795,38.06182],[127.39799,38.06186],[127.39801,38.06202],[127.39785,38.06202]]]}},{"type":"Feature","properties":{"valleyId":"baegun","layer":"cast","date":"2026-08-01","timeLocal":"17:00"},"geometry":{"type":"Polygon","coordinates":[[[127.41853,38.06216],[127.41853,38.0621],[127.4186,38.0621],[127.4186,38.06216],[127.41853,38.06216]]]}},{"type":"Feature","properties":{"valleyId":"baegun","layer":"cast","date":"2026-08-01","timeLocal":"17:00"},"geometry":{"type":"Polygon","coordinates":[[[127.41784,38.06231],[127.41777,38.06227],[127.41766,38.06227],[127.41766,38.06223],[127.41761,38.06222],[127.41762,38.06202],[127.41771,38.06202],[127.41773,38.06211],[127.41787,38.06218],[127.41787,38.06224],[127.41798,38.06226],[127.41798,38.06231],[127.41784,38.06231]]]}},{"type":"Feature","properties":{"valleyId":"baegun","layer":"cast","date":"2026-08-01","timeLocal":"17:00"},"geometry":{"type":"Polygon","coordinates":[[[127.40184,38.06207],[127.40184,38.06198],[127.4018,38.06197],[127.4018,38.06191],[127.40185,38.06191],[127.40183,38.0618],[127.40189,38.0618],[127.40192,38.06184],[127.40196,38.06184],[127.40196,38.0619],[127.40191,38.0619],[127.40191,38.06208],[127.40184,38.06207]]]}},{"type":"Feature","properties":{"valleyId":"baegun","layer":"cast","date":"2026-08-01","timeLocal":"17:00"},"geometry":{"type":"Polygon","coordinates":[[[127.40713,38.06191],[127.40714,38.06186],[127.4072,38.06186],[127.4072,38.06191],[127.40713,38.06191]]]}},{"type":"Feature","properties":{"valleyId":"baegun","layer":"cast","date":"2026-08-01","timeLocal":"17:00"},"geometry":{"type":"Polygon","coordinates":[[[127.41256,38.06199],[127.41256,38.06193],[127.41263,38.06193],[127.41263,38.06199],[127.41256,38.06199]]]}},{"type":"Feature","properties":{"valleyId":"baegun","layer":"cast","date":"2026-08-01","timeLocal":"17:00"},"geometry":{"type":"Polygon","coordinates":[[[127.40331,38.06182],[127.40331,38.06175],[127.40338,38.06175],[127.40338,38.06182],[127.40331,38.06182]]]}},{"type":"Feature","properties":{"valleyId":"baegun","layer":"cast","date":"2026-08-01","timeLocal":"17:00"},"geometry":{"type":"Polygon","coordinates":[[[127.41354,38.06196],[127.41352,38.06187],[127.41359,38.06187],[127.41361,38.06196],[127.41354,38.06196]]]}},{"type":"Feature","properties":{"valleyId":"baegun","layer":"cast","date":"2026-08-01","timeLocal":"17:00"},"geometry":{"type":"Polygon","coordinates":[[[127.40675,38.06187],[127.40675,38.06174],[127.40682,38.06175],[127.40682,38.06187],[127.40675,38.06187]]]}},{"type":"Feature","properties":{"valleyId":"baegun","layer":"cast","date":"2026-08-01","timeLocal":"17:00"},"geometry":{"type":"Polygon","coordinates":[[[127.41858,38.06203],[127.41856,38.0619],[127.41862,38.0619],[127.41864,38.06203],[127.41858,38.06203]]]}},{"type":"Feature","properties":{"valleyId":"baegun","layer":"cast","date":"2026-08-01","timeLocal":"17:00"},"geometry":{"type":"Polygon","coordinates":[[[127.41317,38.06199],[127.41311,38.06197],[127.41306,38.06192],[127.41295,38.06192],[127.41295,38.06185],[127.41281,38.06184],[127.41281,38.06177],[127.41295,38.06176],[127.41295,38.06179],[127.413,38.06179],[127.41302,38.06185],[127.41309,38.06185],[127.41309,38.06179],[127.41325,38.0618],[127.41324,38.06199],[127.41317,38.06199]]]}},{"type":"Feature","properties":{"valleyId":"baegun","layer":"cast","date":"2026-08-01","timeLocal":"17:00"},"geometry":{"type":"Polygon","coordinates":[[[127.40867,38.06175],[127.40867,38.0617],[127.40874,38.0617],[127.40873,38.06175],[127.40867,38.06175]]]}},{"type":"Feature","properties":{"valleyId":"baegun","layer":"cast","date":"2026-08-01","timeLocal":"17:00"},"geometry":{"type":"Polygon","coordinates":[[[127.43136,38.06208],[127.43139,38.06199],[127.43146,38.06199],[127.43146,38.06208],[127.43136,38.06208]]]}},{"type":"Feature","properties":{"valleyId":"baegun","layer":"cast","date":"2026-08-01","timeLocal":"17:00"},"geometry":{"type":"Polygon","coordinates":[[[127.41755,38.06196],[127.41755,38.06191],[127.41749,38.06185],[127.41749,38.0618],[127.41758,38.0618],[127.41758,38.06185],[127.41762,38.06189],[127.41762,38.06196],[127.41755,38.06196]]]}},{"type":"Feature","properties":{"valleyId":"baegun","layer":"cast","date":"2026-08-01","timeLocal":"17:00"},"geometry":{"type":"Polygon","coordinates":[[[127.43389,38.06207],[127.4339,38.062],[127.43396,38.062],[127.43396,38.06207],[127.43389,38.06207]]]}},{"type":"Feature","properties":{"valleyId":"baegun","layer":"cast","date":"2026-08-01","timeLocal":"17:00"},"geometry":{"type":"Polygon","coordinates":[[[127.41896,38.06207],[127.41887,38.06202],[127.41887,38.06198],[127.41878,38.06198],[127.41876,38.06185],[127.41869,38.06185],[127.4187,38.06178],[127.41879,38.06178],[127.41879,38.06184],[127.41885,38.06184],[127.41885,38.06187],[127.41892,38.06189],[127.41894,38.06196],[127.41906,38.062],[127.41905,38.06207],[127.41896,38.06207]]]}},{"type":"Feature","properties":{"valleyId":"baegun","layer":"cast","date":"2026-08-01","timeLocal":"17:00"},"geometry":{"type":"Polygon","coordinates":[[[127.40128,38.06178],[127.40124,38.06167],[127.40124,38.06153],[127.40131,38.06153],[127.40131,38.06163],[127.40135,38.06165],[127.40135,38.06178],[127.40128,38.06178]]]}},{"type":"Feature","properties":{"valleyId":"baegun","layer":"cast","date":"2026-08-01","timeLocal":"17:00"},"geometry":{"type":"Polygon","coordinates":[[[127.41414,38.06179],[127.41414,38.0617],[127.41425,38.06172],[127.41425,38.06179],[127.41414,38.06179]]]}},{"type":"Feature","properties":{"valleyId":"baegun","layer":"cast","date":"2026-08-01","timeLocal":"17:00"},"geometry":{"type":"Polygon","coordinates":[[[127.41332,38.06176],[127.41332,38.06167],[127.41339,38.06167],[127.41338,38.06176],[127.41332,38.06176]]]}},{"type":"Feature","properties":{"valleyId":"baegun","layer":"cast","date":"2026-08-01","timeLocal":"17:00"},"geometry":{"type":"Polygon","coordinates":[[[127.41254,38.06171],[127.41254,38.06164],[127.41261,38.06164],[127.41261,38.06172],[127.41254,38.06171]]]}},{"type":"Feature","properties":{"valleyId":"baegun","layer":"cast","date":"2026-08-01","timeLocal":"17:00"},"geometry":{"type":"Polygon","coordinates":[[[127.41772,38.06177],[127.41772,38.06171],[127.41779,38.06171],[127.41778,38.06177],[127.41772,38.06177]]]}},{"type":"Feature","properties":{"valleyId":"baegun","layer":"cast","date":"2026-08-01","timeLocal":"17:00"},"geometry":{"type":"Polygon","coordinates":[[[127.43351,38.06198],[127.43351,38.06192],[127.43358,38.06193],[127.43358,38.06198],[127.43351,38.06198]]]}},{"type":"Feature","properties":{"valleyId":"baegun","layer":"cast","date":"2026-08-01","timeLocal":"17:00"},"geometry":{"type":"Polygon","coordinates":[[[127.40898,38.06199],[127.40898,38.06196],[127.40893,38.06195],[127.40891,38.06192],[127.40891,38.06185],[127.40882,38.06184],[127.40876,38.06177],[127.40876,38.06172],[127.40885,38.06172],[127.40887,38.06158],[127.40899,38.06158],[127.40899,38.06165],[127.40892,38.06165],[127.40892,38.06172],[127.40896,38.06176],[127.409,38.0619],[127.4091,38.06192],[127.40909,38.06199],[127.40898,38.06199]]]}},{"type":"Feature","properties":{"valleyId":"baegun","layer":"cast","date":"2026-08-01","timeLocal":"17:00"},"geometry":{"type":"Polygon","coordinates":[[[127.43546,38.06251],[127.43528,38.06236],[127.43531,38.06216],[127.43528,38.06211],[127.4351,38.062],[127.43511,38.06193],[127.43517,38.06193],[127.43524,38.06198],[127.43529,38.06198],[127.43533,38.06209],[127.4354,38.06213],[127.43544,38.06224],[127.43544,38.06236],[127.43548,38.06238],[127.43548,38.06244],[127.43553,38.06244],[127.43553,38.06251],[127.43546,38.06251]]]}},{"type":"Feature","properties":{"valleyId":"baegun","layer":"cast","date":"2026-08-01","timeLocal":"17:00"},"geometry":{"type":"Polygon","coordinates":[[[127.39784,38.06153],[127.39787,38.06144],[127.39803,38.06145],[127.39803,38.06141],[127.3981,38.06141],[127.39809,38.06146],[127.39803,38.06146],[127.39803,38.0615],[127.39791,38.0615],[127.39791,38.06153],[127.39784,38.06153]]]}},{"type":"Feature","properties":{"valleyId":"baegun","layer":"cast","date":"2026-08-01","timeLocal":"17:00"},"geometry":{"type":"Polygon","coordinates":[[[127.40144,38.06151],[127.40147,38.06144],[127.40158,38.06144],[127.40156,38.06151],[127.40144,38.06151]]]}},{"type":"Feature","properties":{"valleyId":"baegun","layer":"cast","date":"2026-08-01","timeLocal":"17:00"},"geometry":{"type":"Polygon","coordinates":[[[127.40826,38.0616],[127.40828,38.06153],[127.40837,38.06153],[127.40835,38.0616],[127.40826,38.0616]]]}},{"type":"Feature","properties":{"valleyId":"baegun","layer":"cast","date":"2026-08-01","timeLocal":"17:00"},"geometry":{"type":"Polygon","coordinates":[[[127.39819,38.06141],[127.39819,38.06136],[127.39826,38.06136],[127.39826,38.06141],[127.39819,38.06141]]]}},{"type":"Feature","properties":{"valleyId":"baegun","layer":"cast","date":"2026-08-01","timeLocal":"17:00"},"geometry":{"type":"Polygon","coordinates":[[[127.41988,38.06198],[127.41986,38.06189],[127.41974,38.06188],[127.41972,38.06167],[127.41977,38.06163],[127.41984,38.06163],[127.41995,38.06178],[127.41997,38.06198],[127.41988,38.06198]]]}},{"type":"Feature","properties":{"valleyId":"baegun","layer":"cast","date":"2026-08-01","timeLocal":"17:00"},"geometry":{"type":"Polygon","coordinates":[[[127.40897,38.06156],[127.40897,38.06147],[127.40904,38.06147],[127.40903,38.06156],[127.40897,38.06156]]]}},{"type":"Feature","properties":{"valleyId":"baegun","layer":"cast","date":"2026-08-01","timeLocal":"17:00"},"geometry":{"type":"Polygon","coordinates":[[[127.40815,38.06148],[127.40815,38.06142],[127.40822,38.06142],[127.40822,38.06148],[127.40815,38.06148]]]}},{"type":"Feature","properties":{"valleyId":"baegun","layer":"cast","date":"2026-08-01","timeLocal":"17:00"},"geometry":{"type":"Polygon","coordinates":[[[127.41938,38.06173],[127.41936,38.06155],[127.41943,38.06156],[127.41943,38.06159],[127.41952,38.06159],[127.41952,38.06172],[127.41938,38.06173]]]}},{"type":"Feature","properties":{"valleyId":"baegun","layer":"cast","date":"2026-08-01","timeLocal":"17:00"},"geometry":{"type":"Polygon","coordinates":[[[127.40983,38.06148],[127.40984,38.06143],[127.40993,38.06143],[127.40993,38.06148],[127.40983,38.06148]]]}},{"type":"Feature","properties":{"valleyId":"baegun","layer":"cast","date":"2026-08-01","timeLocal":"17:00"},"geometry":{"type":"Polygon","coordinates":[[[127.42337,38.06168],[127.42335,38.06161],[127.42342,38.06161],[127.42344,38.06168],[127.42337,38.06168]]]}},{"type":"Feature","properties":{"valleyId":"baegun","layer":"cast","date":"2026-08-01","timeLocal":"17:00"},"geometry":{"type":"Polygon","coordinates":[[[127.43352,38.06374],[127.43352,38.06367],[127.43343,38.06367],[127.43339,38.06353],[127.43334,38.06353],[127.43327,38.06347],[127.4333,38.06333],[127.43325,38.06333],[127.43321,38.06322],[127.43305,38.06323],[127.43303,38.06305],[127.43296,38.06298],[127.43283,38.06296],[127.43276,38.06285],[127.43251,38.06285],[127.43247,38.06274],[127.4324,38.06268],[127.43231,38.06268],[127.43231,38.06272],[127.43219,38.06272],[127.43213,38.06264],[127.43197,38.06264],[127.43194,38.0627],[127.43183,38.06269],[127.43181,38.06266],[127.43144,38.06264],[127.43144,38.06258],[127.4316,38.06258],[127.43156,38.06246],[127.43152,38.06246],[127.43152,38.06238],[127.4314,38.06238],[127.43141,38.06231],[127.43152,38.06229],[127.43152,38.06219],[127.43161,38.06221],[127.43163,38.06233],[127.43168,38.06235],[127.43168,38.06246],[127.43177,38.06248],[127.43179,38.06242],[127.43202,38.06241],[127.432,38.06212],[127.43175,38.06212],[127.43175,38.06206],[127.432,38.06207],[127.43201,38.06192],[127.43217,38.06191],[127.43235,38.06202],[127.43244,38.06202],[127.43246,38.06205],[127.43271,38.06208],[127.4328,38.06195],[127.43281,38.06182],[127.43274,38.06181],[127.43274,38.06175],[127.43278,38.06175],[127.43279,38.06168],[127.43285,38.06168],[127.43285,38.06174],[127.43294,38.06174],[127.43294,38.06179],[127.43319,38.06179],[127.43318,38.06233],[127.43309,38.06233],[127.43309,38.06241],[127.43293,38.06239],[127.43293,38.06235],[127.43275,38.06233],[127.43275,38.06236],[127.43268,38.06238],[127.4327,38.06249],[127.43263,38.06249],[127.43263,38.06254],[127.43268,38.06258],[127.43274,38.06258],[127.43275,38.06253],[127.43281,38.06253],[127.43281,38.0626],[127.43318,38.0626],[127.43317,38.06277],[127.43326,38.06277],[127.43336,38.06281],[127.43338,38.06286],[127.43345,38.06286],[127.43349,38.06297],[127.43356,38.06299],[127.43358,38.06306],[127.43369,38.0631],[127.43371,38.06331],[127.43366,38.06344],[127.43362,38.06344],[127.43364,38.06355],[127.43354,38.06355],[127.43354,38.06367],[127.43366,38.06367],[127.43365,38.06375],[127.43352,38.06374]],[[127.43242,38.06259],[127.43252,38.0626],[127.43252,38.0624],[127.43241,38.06227],[127.43232,38.06227],[127.43227,38.0623],[127.43229,38.06243],[127.43225,38.06243],[127.43224,38.06248],[127.43234,38.06249],[127.43234,38.06252],[127.43238,38.06252],[127.43238,38.06258],[127.43242,38.06259]],[[127.43206,38.06254],[127.43215,38.06254],[127.43215,38.06248],[127.43206,38.06246],[127.43206,38.06254]],[[127.43243,38.06222],[127.43257,38.0622],[127.43259,38.06213],[127.43244,38.06211],[127.43243,38.06222]]]}},{"type":"Feature","properties":{"valleyId":"baegun","layer":"cast","date":"2026-08-01","timeLocal":"17:00"},"geometry":{"type":"Polygon","coordinates":[[[127.40908,38.0614],[127.40909,38.06134],[127.40915,38.06134],[127.40915,38.0614],[127.40908,38.0614]]]}},{"type":"Feature","properties":{"valleyId":"baegun","layer":"cast","date":"2026-08-01","timeLocal":"17:00"},"geometry":{"type":"Polygon","coordinates":[[[127.40334,38.06134],[127.40332,38.06125],[127.40341,38.06125],[127.40343,38.06134],[127.40334,38.06134]]]}},{"type":"Feature","properties":{"valleyId":"baegun","layer":"cast","date":"2026-08-01","timeLocal":"17:00"},"geometry":{"type":"Polygon","coordinates":[[[127.43146,38.06168],[127.43147,38.06163],[127.43153,38.06163],[127.43153,38.06168],[127.43146,38.06168]]]}},{"type":"Feature","properties":{"valleyId":"baegun","layer":"cast","date":"2026-08-01","timeLocal":"17:00"},"geometry":{"type":"Polygon","coordinates":[[[127.41856,38.06174],[127.41854,38.06171],[127.41831,38.06165],[127.41824,38.06158],[127.41799,38.06155],[127.418,38.0615],[127.41809,38.06143],[127.4182,38.06143],[127.4182,38.06148],[127.41836,38.0615],[127.41836,38.06156],[127.41852,38.06158],[127.41856,38.06162],[127.41856,38.06165],[127.41863,38.06169],[127.41863,38.06174],[127.41856,38.06174]]]}},{"type":"Feature","properties":{"valleyId":"baegun","layer":"cast","date":"2026-08-01","timeLocal":"17:00"},"geometry":{"type":"Polygon","coordinates":[[[127.41305,38.06154],[127.41305,38.06149],[127.41298,38.06143],[127.41298,38.06136],[127.41312,38.06136],[127.41312,38.06142],[127.41316,38.06142],[127.41316,38.06154],[127.41305,38.06154]]]}},{"type":"Feature","properties":{"valleyId":"baegun","layer":"cast","date":"2026-08-01","timeLocal":"17:00"},"geometry":{"type":"Polygon","coordinates":[[[127.40963,38.06139],[127.40959,38.06137],[127.40959,38.06131],[127.40975,38.06132],[127.40975,38.06139],[127.40963,38.06139]]]}},{"type":"Feature","properties":{"valleyId":"baegun","layer":"cast","date":"2026-08-01","timeLocal":"17:00"},"geometry":{"type":"Polygon","coordinates":[[[127.40749,38.06132],[127.40749,38.06127],[127.40756,38.06127],[127.40756,38.06132],[127.40749,38.06132]]]}},{"type":"Feature","properties":{"valleyId":"baegun","layer":"cast","date":"2026-08-01","timeLocal":"17:00"},"geometry":{"type":"Polygon","coordinates":[[[127.41414,38.06143],[127.41412,38.06132],[127.41424,38.06132],[127.41421,38.06143],[127.41414,38.06143]]]}},{"type":"Feature","properties":{"valleyId":"baegun","layer":"cast","date":"2026-08-01","timeLocal":"17:00"},"geometry":{"type":"Polygon","coordinates":[[[127.40893,38.06132],[127.40893,38.06123],[127.409,38.06123],[127.40899,38.06132],[127.40893,38.06132]]]}},{"type":"Feature","properties":{"valleyId":"baegun","layer":"cast","date":"2026-08-01","timeLocal":"17:00"},"geometry":{"type":"Polygon","coordinates":[[[127.43249,38.06166],[127.4324,38.06162],[127.4324,38.06157],[127.43245,38.06153],[127.43252,38.06153],[127.43251,38.06159],[127.43256,38.06159],[127.43256,38.06166],[127.43249,38.06166]]]}},{"type":"Feature","properties":{"valleyId":"baegun","layer":"cast","date":"2026-08-01","timeLocal":"17:00"},"geometry":{"type":"Polygon","coordinates":[[[127.41916,38.06143],[127.41916,38.06135],[127.41923,38.06135],[127.41923,38.06143],[127.41916,38.06143]]]}},{"type":"Feature","properties":{"valleyId":"baegun","layer":"cast","date":"2026-08-01","timeLocal":"17:00"},"geometry":{"type":"Polygon","coordinates":[[[127.43171,38.0619],[127.43171,38.06181],[127.43167,38.06179],[127.43167,38.0617],[127.43171,38.0617],[127.43172,38.06159],[127.43183,38.0616],[127.43183,38.06151],[127.43206,38.06151],[127.43208,38.06156],[127.43217,38.0616],[127.43212,38.06174],[127.43194,38.06174],[127.43194,38.06178],[127.43185,38.06183],[127.43185,38.0619],[127.43171,38.0619]]]}},{"type":"Feature","properties":{"valleyId":"baegun","layer":"cast","date":"2026-08-01","timeLocal":"17:00"},"geometry":{"type":"Polygon","coordinates":[[[127.41841,38.06143],[127.41839,38.06133],[127.4185,38.06133],[127.4185,38.06143],[127.41841,38.06143]]]}},{"type":"Feature","properties":{"valleyId":"baegun","layer":"cast","date":"2026-08-01","timeLocal":"17:00"},"geometry":{"type":"Polygon","coordinates":[[[127.41369,38.06153],[127.41369,38.06144],[127.41357,38.06144],[127.41358,38.06133],[127.41349,38.06129],[127.41349,38.06124],[127.41369,38.06128],[127.41369,38.06132],[127.41374,38.06133],[127.41373,38.06141],[127.41396,38.06137],[127.41396,38.06145],[127.41387,38.06144],[127.41387,38.0615],[127.41369,38.06153]]]}},{"type":"Feature","properties":{"valleyId":"baegun","layer":"cast","date":"2026-08-01","timeLocal":"17:00"},"geometry":{"type":"Polygon","coordinates":[[[127.42513,38.06143],[127.42513,38.06136],[127.4252,38.06136],[127.4252,38.06143],[127.42513,38.06143]]]}},{"type":"Feature","properties":{"valleyId":"baegun","layer":"cast","date":"2026-08-01","timeLocal":"17:00"},"geometry":{"type":"Polygon","coordinates":[[[127.42396,38.06205],[127.42396,38.0619],[127.42389,38.0619],[127.42387,38.06194],[127.42382,38.06194],[127.42382,38.06197],[127.42375,38.06197],[127.42375,38.06188],[127.42371,38.06188],[127.42371,38.06183],[127.42366,38.06183],[127.42367,38.06177],[127.42371,38.06178],[127.42369,38.06165],[127.42376,38.06156],[127.42383,38.06156],[127.42383,38.0616],[127.42392,38.0616],[127.42392,38.06154],[127.42383,38.06154],[127.42383,38.06149],[127.42388,38.06149],[127.4239,38.06144],[127.42404,38.06145],[127.42406,38.06133],[127.42415,38.06133],[127.42415,38.06146],[127.42406,38.06147],[127.42403,38.06156],[127.42405,38.06205],[127.42396,38.06205]]]}},{"type":"Feature","properties":{"valleyId":"baegun","layer":"cast","date":"2026-08-01","timeLocal":"17:00"},"geometry":{"type":"Polygon","coordinates":[[[127.43258,38.06152],[127.43259,38.06144],[127.43265,38.06144],[127.43265,38.06152],[127.43258,38.06152]]]}},{"type":"Feature","properties":{"valleyId":"baegun","layer":"cast","date":"2026-08-01","timeLocal":"17:00"},"geometry":{"type":"Polygon","coordinates":[[[127.41426,38.06123],[127.41426,38.06118],[127.41433,38.06118],[127.41433,38.06123],[127.41426,38.06123]]]}},{"type":"Feature","properties":{"valleyId":"baegun","layer":"cast","date":"2026-08-01","timeLocal":"17:00"},"geometry":{"type":"Polygon","coordinates":[[[127.40711,38.06115],[127.40711,38.06108],[127.4072,38.06107],[127.4072,38.06116],[127.40711,38.06115]]]}},{"type":"Feature","properties":{"valleyId":"baegun","layer":"cast","date":"2026-08-01","timeLocal":"17:00"},"geometry":{"type":"Polygon","coordinates":[[[127.40961,38.06121],[127.40964,38.06106],[127.40975,38.06106],[127.4097,38.06121],[127.40961,38.06121]]]}},{"type":"Feature","properties":{"valleyId":"baegun","layer":"cast","date":"2026-08-01","timeLocal":"17:00"},"geometry":{"type":"Polygon","coordinates":[[[127.40801,38.06146],[127.40802,38.06111],[127.4082,38.06112],[127.4082,38.06104],[127.40827,38.06104],[127.40824,38.06119],[127.40831,38.06119],[127.40831,38.06115],[127.40845,38.06115],[127.40845,38.06119],[127.40859,38.06117],[127.40858,38.0613],[127.40845,38.0613],[127.4084,38.06142],[127.40829,38.06142],[127.40829,38.0613],[127.40824,38.06126],[127.40815,38.06126],[127.40815,38.06135],[127.40808,38.06135],[127.4081,38.06146],[127.40801,38.06146]]]}},{"type":"Feature","properties":{"valleyId":"baegun","layer":"cast","date":"2026-08-01","timeLocal":"17:00"},"geometry":{"type":"Polygon","coordinates":[[[127.4332,38.06167],[127.4332,38.06154],[127.43309,38.06147],[127.43309,38.06136],[127.43316,38.06136],[127.43318,38.06143],[127.43329,38.06152],[127.43336,38.06153],[127.43336,38.06163],[127.43329,38.06163],[127.43329,38.06167],[127.4332,38.06167]]]}},{"type":"Feature","properties":{"valleyId":"baegun","layer":"cast","date":"2026-08-01","timeLocal":"17:00"},"geometry":{"type":"Polygon","coordinates":[[[127.41383,38.06134],[127.41383,38.06125],[127.41371,38.06124],[127.41369,38.06121],[127.41372,38.06105],[127.41381,38.06105],[127.41385,38.06121],[127.41394,38.06121],[127.41394,38.0613],[127.4139,38.06134],[127.41383,38.06134]]]}},{"type":"Feature","properties":{"valleyId":"baegun","layer":"cast","date":"2026-08-01","timeLocal":"17:00"},"geometry":{"type":"Polygon","coordinates":[[[127.41923,38.06132],[127.41921,38.06114],[127.4193,38.06112],[127.4193,38.06118],[127.41939,38.06119],[127.41939,38.06128],[127.41934,38.06128],[127.41934,38.06132],[127.41923,38.06132]]]}},{"type":"Feature","properties":{"valleyId":"baegun","layer":"cast","date":"2026-08-01","timeLocal":"17:00"},"geometry":{"type":"Polygon","coordinates":[[[127.40825,38.06103],[127.40825,38.06097],[127.40832,38.06097],[127.40832,38.06103],[127.40825,38.06103]]]}},{"type":"Feature","properties":{"valleyId":"baegun","layer":"cast","date":"2026-08-01","timeLocal":"17:00"},"geometry":{"type":"Polygon","coordinates":[[[127.43241,38.06137],[127.43238,38.0613],[127.43248,38.0613],[127.43247,38.06137],[127.43241,38.06137]]]}},{"type":"Feature","properties":{"valleyId":"baegun","layer":"cast","date":"2026-08-01","timeLocal":"17:00"},"geometry":{"type":"Polygon","coordinates":[[[127.40695,38.06106],[127.40697,38.06094],[127.40704,38.06094],[127.40704,38.06106],[127.40695,38.06106]]]}},{"type":"Feature","properties":{"valleyId":"baegun","layer":"cast","date":"2026-08-01","timeLocal":"17:00"},"geometry":{"type":"Polygon","coordinates":[[[127.43254,38.06132],[127.43257,38.06121],[127.43264,38.06121],[127.43261,38.06132],[127.43254,38.06132]]]}},{"type":"Feature","properties":{"valleyId":"baegun","layer":"cast","date":"2026-08-01","timeLocal":"17:00"},"geometry":{"type":"Polygon","coordinates":[[[127.40781,38.06109],[127.40779,38.06104],[127.40772,38.061],[127.40773,38.06086],[127.40782,38.06086],[127.40782,38.06089],[127.40789,38.06089],[127.40786,38.06104],[127.40793,38.06104],[127.40793,38.06109],[127.40781,38.06109]]]}},{"type":"Feature","properties":{"valleyId":"baegun","layer":"cast","date":"2026-08-01","timeLocal":"17:00"},"geometry":{"type":"Polygon","coordinates":[[[127.43343,38.06126],[127.43344,38.06118],[127.4335,38.06119],[127.4335,38.06126],[127.43343,38.06126]]]}},{"type":"Feature","properties":{"valleyId":"baegun","layer":"cast","date":"2026-08-01","timeLocal":"17:00"},"geometry":{"type":"Polygon","coordinates":[[[127.40739,38.06089],[127.40736,38.0608],[127.40743,38.0608],[127.40743,38.06083],[127.40748,38.06084],[127.40748,38.06089],[127.40739,38.06089]]]}},{"type":"Feature","properties":{"valleyId":"baegun","layer":"cast","date":"2026-08-01","timeLocal":"17:00"},"geometry":{"type":"Polygon","coordinates":[[[127.40714,38.06083],[127.40711,38.06074],[127.40721,38.06074],[127.40723,38.06083],[127.40714,38.06083]]]}},{"type":"Feature","properties":{"valleyId":"baegun","layer":"cast","date":"2026-08-01","timeLocal":"17:00"},"geometry":{"type":"Polygon","coordinates":[[[127.41776,38.0609],[127.41776,38.06085],[127.41783,38.06085],[127.41783,38.0609],[127.41776,38.0609]]]}},{"type":"Feature","properties":{"valleyId":"baegun","layer":"cast","date":"2026-08-01","timeLocal":"17:00"},"geometry":{"type":"Polygon","coordinates":[[[127.40809,38.06086],[127.40809,38.06083],[127.40805,38.06082],[127.40805,38.06077],[127.40821,38.06079],[127.40821,38.06074],[127.40825,38.06074],[127.40826,38.0607],[127.40839,38.0607],[127.40839,38.06076],[127.40828,38.06076],[127.40828,38.06081],[127.40823,38.06081],[127.40821,38.06086],[127.40809,38.06086]]]}},{"type":"Feature","properties":{"valleyId":"baegun","layer":"cast","date":"2026-08-01","timeLocal":"17:00"},"geometry":{"type":"Polygon","coordinates":[[[127.42006,38.06099],[127.41999,38.06091],[127.41999,38.06086],[127.42006,38.06086],[127.42013,38.06093],[127.42013,38.06099],[127.42006,38.06099]]]}},{"type":"Feature","properties":{"valleyId":"baegun","layer":"cast","date":"2026-08-01","timeLocal":"17:00"},"geometry":{"type":"Polygon","coordinates":[[[127.4183,38.06132],[127.41809,38.0613],[127.418,38.06127],[127.418,38.06119],[127.41791,38.06112],[127.41791,38.06107],[127.41796,38.06107],[127.41796,38.06098],[127.41805,38.06098],[127.41803,38.06082],[127.41817,38.06082],[127.41817,38.06087],[127.41812,38.06089],[127.41812,38.06098],[127.41807,38.06098],[127.41807,38.06107],[127.41819,38.06111],[127.41818,38.06116],[127.41828,38.0612],[127.4183,38.06127],[127.41839,38.06127],[127.41839,38.06133],[127.4183,38.06132]]]}},{"type":"Feature","properties":{"valleyId":"baegun","layer":"cast","date":"2026-08-01","timeLocal":"17:00"},"geometry":{"type":"Polygon","coordinates":[[[127.42325,38.06094],[127.42325,38.06089],[127.42339,38.06089],[127.42339,38.06094],[127.42325,38.06094]]]}},{"type":"Feature","properties":{"valleyId":"baegun","layer":"cast","date":"2026-08-01","timeLocal":"17:00"},"geometry":{"type":"Polygon","coordinates":[[[127.4081,38.06072],[127.4081,38.06066],[127.40817,38.06066],[127.40816,38.06072],[127.4081,38.06072]]]}},{"type":"Feature","properties":{"valleyId":"baegun","layer":"cast","date":"2026-08-01","timeLocal":"17:00"},"geometry":{"type":"Polygon","coordinates":[[[127.43248,38.06105],[127.43248,38.06099],[127.43255,38.06099],[127.43255,38.06105],[127.43248,38.06105]]]}},{"type":"Feature","properties":{"valleyId":"baegun","layer":"cast","date":"2026-08-01","timeLocal":"17:00"},"geometry":{"type":"Polygon","coordinates":[[[127.43232,38.06117],[127.43232,38.06112],[127.43237,38.0611],[127.43235,38.06097],[127.43241,38.06097],[127.43246,38.06112],[127.43243,38.06115],[127.43232,38.06117]]]}},{"type":"Feature","properties":{"valleyId":"baegun","layer":"cast","date":"2026-08-01","timeLocal":"17:00"},"geometry":{"type":"Polygon","coordinates":[[[127.41418,38.06075],[127.41418,38.06069],[127.41425,38.06069],[127.41425,38.06075],[127.41418,38.06075]]]}},{"type":"Feature","properties":{"valleyId":"baegun","layer":"cast","date":"2026-08-01","timeLocal":"17:00"},"geometry":{"type":"Polygon","coordinates":[[[127.41297,38.06069],[127.41298,38.06062],[127.41304,38.06062],[127.41304,38.06069],[127.41297,38.06069]]]}},{"type":"Feature","properties":{"valleyId":"baegun","layer":"cast","date":"2026-08-01","timeLocal":"17:00"},"geometry":{"type":"Polygon","coordinates":[[[127.43193,38.06102],[127.43196,38.06086],[127.43203,38.06086],[127.43205,38.06102],[127.43193,38.06102]]]}},{"type":"Feature","properties":{"valleyId":"baegun","layer":"cast","date":"2026-08-01","timeLocal":"17:00"},"geometry":{"type":"Polygon","coordinates":[[[127.41313,38.06084],[127.41316,38.06059],[127.41323,38.06059],[127.41327,38.06063],[127.41325,38.06082],[127.41313,38.06084]]]}},{"type":"Feature","properties":{"valleyId":"baegun","layer":"cast","date":"2026-08-01","timeLocal":"17:00"},"geometry":{"type":"Polygon","coordinates":[[[127.41803,38.06073],[127.41804,38.06064],[127.41813,38.06064],[127.41813,38.06073],[127.41803,38.06073]]]}},{"type":"Feature","properties":{"valleyId":"baegun","layer":"cast","date":"2026-08-01","timeLocal":"17:00"},"geometry":{"type":"Polygon","coordinates":[[[127.41326,38.06122],[127.41324,38.06115],[127.41329,38.06108],[127.41329,38.06097],[127.41336,38.06091],[127.41338,38.06077],[127.41347,38.06077],[127.41348,38.06057],[127.41357,38.06058],[127.41357,38.06052],[127.41364,38.06052],[127.41364,38.06061],[127.41359,38.06061],[127.41359,38.06067],[127.41366,38.06067],[127.41366,38.06072],[127.41354,38.06072],[127.41354,38.06081],[127.41359,38.06083],[127.41359,38.06086],[127.41368,38.06087],[127.4137,38.06094],[127.41358,38.06095],[127.41358,38.06103],[127.41345,38.06101],[127.41345,38.06106],[127.41338,38.06111],[127.41337,38.06122],[127.41326,38.06122]]]}},{"type":"Feature","properties":{"valleyId":"baegun","layer":"cast","date":"2026-08-01","timeLocal":"17:00"},"geometry":{"type":"Polygon","coordinates":[[[127.42371,38.06077],[127.42367,38.06073],[127.42367,38.06067],[127.42376,38.06066],[127.4238,38.06077],[127.42371,38.06077]]]}},{"type":"Feature","properties":{"valleyId":"baegun","layer":"cast","date":"2026-08-01","timeLocal":"17:00"},"geometry":{"type":"Polygon","coordinates":[[[127.41332,38.06057],[127.41332,38.06052],[127.41346,38.06052],[127.41346,38.06057],[127.41332,38.06057]]]}},{"type":"Feature","properties":{"valleyId":"baegun","layer":"cast","date":"2026-08-01","timeLocal":"17:00"},"geometry":{"type":"Polygon","coordinates":[[[127.41965,38.06087],[127.41963,38.06067],[127.41954,38.06066],[127.41954,38.0606],[127.41966,38.0606],[127.41965,38.06068],[127.41972,38.06069],[127.41972,38.06077],[127.41983,38.06079],[127.41981,38.06086],[127.41965,38.06087]]]}},{"type":"Feature","properties":{"valleyId":"baegun","layer":"cast","date":"2026-08-01","timeLocal":"17:00"},"geometry":{"type":"Polygon","coordinates":[[[127.41933,38.06069],[127.41927,38.06063],[127.41918,38.06063],[127.41918,38.06058],[127.41929,38.06058],[127.41943,38.06064],[127.41943,38.06069],[127.41933,38.06069]]]}},{"type":"Feature","properties":{"valleyId":"baegun","layer":"cast","date":"2026-08-01","timeLocal":"17:00"},"geometry":{"type":"Polygon","coordinates":[[[127.41898,38.06117],[127.41898,38.06113],[127.41889,38.06113],[127.41889,38.0611],[127.4188,38.06106],[127.41878,38.06101],[127.41867,38.061],[127.41862,38.06091],[127.41853,38.06091],[127.41853,38.06084],[127.41842,38.06082],[127.41842,38.06075],[127.4186,38.06073],[127.41858,38.06066],[127.41845,38.06066],[127.41843,38.06057],[127.41859,38.06055],[127.41858,38.06059],[127.41868,38.06059],[127.4187,38.06064],[127.41883,38.06065],[127.41883,38.06075],[127.41876,38.06075],[127.41876,38.06083],[127.41872,38.06082],[127.41872,38.06088],[127.41876,38.06088],[127.41876,38.06095],[127.41885,38.06095],[127.41887,38.06103],[127.41899,38.06103],[127.41898,38.06108],[127.41905,38.0611],[127.41905,38.06117],[127.41898,38.06117]]]}},{"type":"Feature","properties":{"valleyId":"baegun","layer":"cast","date":"2026-08-01","timeLocal":"17:00"},"geometry":{"type":"Polygon","coordinates":[[[127.42403,38.06059],[127.42403,38.06054],[127.42417,38.06054],[127.42417,38.06059],[127.42403,38.06059]]]}},{"type":"Feature","properties":{"valleyId":"baegun","layer":"cast","date":"2026-08-01","timeLocal":"17:00"},"geometry":{"type":"Polygon","coordinates":[[[127.40833,38.06036],[127.40833,38.06031],[127.40842,38.06031],[127.40842,38.06036],[127.40833,38.06036]]]}},{"type":"Feature","properties":{"valleyId":"baegun","layer":"cast","date":"2026-08-01","timeLocal":"17:00"},"geometry":{"type":"Polygon","coordinates":[[[127.41927,38.06049],[127.41927,38.06044],[127.41934,38.06044],[127.41934,38.06049],[127.41927,38.06049]]]}},{"type":"Feature","properties":{"valleyId":"baegun","layer":"cast","date":"2026-08-01","timeLocal":"17:00"},"geometry":{"type":"Polygon","coordinates":[[[127.41337,38.06039],[127.41337,38.06034],[127.41342,38.06034],[127.41342,38.0603],[127.41348,38.0603],[127.41348,38.06039],[127.41337,38.06039]]]}},{"type":"Feature","properties":{"valleyId":"baegun","layer":"cast","date":"2026-08-01","timeLocal":"17:00"},"geometry":{"type":"Polygon","coordinates":[[[127.41902,38.06045],[127.41902,38.06036],[127.41909,38.06036],[127.41909,38.06045],[127.41902,38.06045]]]}},{"type":"Feature","properties":{"valleyId":"baegun","layer":"cast","date":"2026-08-01","timeLocal":"17:00"},"geometry":{"type":"Polygon","coordinates":[[[127.41893,38.06063],[127.41893,38.06056],[127.41874,38.06055],[127.4187,38.06052],[127.41861,38.06052],[127.41859,38.06043],[127.41852,38.06037],[127.41852,38.0603],[127.41866,38.06028],[127.4187,38.06043],[127.41879,38.06045],[127.41879,38.06048],[127.41886,38.06048],[127.41886,38.06041],[127.41895,38.06041],[127.41893,38.06054],[127.41909,38.06054],[127.41909,38.06061],[127.41893,38.06063]]]}},{"type":"Feature","properties":{"valleyId":"baegun","layer":"cast","date":"2026-08-01","timeLocal":"17:00"},"geometry":{"type":"Polygon","coordinates":[[[127.43828,38.0608],[127.43826,38.0606],[127.43828,38.06051],[127.43835,38.06051],[127.43837,38.06078],[127.43828,38.0608]]]}},{"type":"Feature","properties":{"valleyId":"baegun","layer":"cast","date":"2026-08-01","timeLocal":"17:00"},"geometry":{"type":"Polygon","coordinates":[[[127.41323,38.06028],[127.41326,38.06017],[127.41335,38.06018],[127.41333,38.06028],[127.41323,38.06028]]]}},{"type":"Feature","properties":{"valleyId":"baegun","layer":"cast","date":"2026-08-01","timeLocal":"17:00"},"geometry":{"type":"Polygon","coordinates":[[[127.41948,38.06031],[127.41948,38.06022],[127.41957,38.06022],[127.41955,38.06031],[127.41948,38.06031]]]}},{"type":"Feature","properties":{"valleyId":"baegun","layer":"cast","date":"2026-08-01","timeLocal":"17:00"},"geometry":{"type":"Polygon","coordinates":[[[127.41875,38.06027],[127.41875,38.06019],[127.41884,38.0602],[127.41884,38.06025],[127.41875,38.06027]]]}},{"type":"Feature","properties":{"valleyId":"baegun","layer":"cast","date":"2026-08-01","timeLocal":"17:00"},"geometry":{"type":"Polygon","coordinates":[[[127.4136,38.06003],[127.41361,38.05994],[127.41367,38.05995],[127.4137,38.06004],[127.4136,38.06003]]]}},{"type":"Feature","properties":{"valleyId":"baegun","layer":"cast","date":"2026-08-01","timeLocal":"17:00"},"geometry":{"type":"Polygon","coordinates":[[[127.43824,38.06047],[127.43822,38.06029],[127.43824,38.06026],[127.43831,38.06026],[127.43831,38.06047],[127.43824,38.06047]]]}},{"type":"Feature","properties":{"valleyId":"baegun","layer":"cast","date":"2026-08-01","timeLocal":"17:00"},"geometry":{"type":"Polygon","coordinates":[[[127.41914,38.06009],[127.41914,38.06],[127.41921,38.06],[127.41921,38.06009],[127.41914,38.06009]]]}},{"type":"Feature","properties":{"valleyId":"baegun","layer":"cast","date":"2026-08-01","timeLocal":"17:00"},"geometry":{"type":"Polygon","coordinates":[[[127.43197,38.06021],[127.43198,38.06014],[127.43204,38.06014],[127.43204,38.06021],[127.43197,38.06021]]]}},{"type":"Feature","properties":{"valleyId":"baegun","layer":"cast","date":"2026-08-01","timeLocal":"17:00"},"geometry":{"type":"Polygon","coordinates":[[[127.43254,38.06022],[127.43257,38.06015],[127.43266,38.06015],[127.43266,38.0602],[127.43254,38.06022]]]}},{"type":"Feature","properties":{"valleyId":"baegun","layer":"cast","date":"2026-08-01","timeLocal":"17:00"},"geometry":{"type":"Polygon","coordinates":[[[127.4144,38.05996],[127.41441,38.05987],[127.41447,38.05987],[127.41447,38.05996],[127.4144,38.05996]]]}},{"type":"Feature","properties":{"valleyId":"baegun","layer":"cast","date":"2026-08-01","timeLocal":"17:00"},"geometry":{"type":"Polygon","coordinates":[[[127.40957,38.05985],[127.40957,38.0598],[127.40964,38.0598],[127.40964,38.05986],[127.40957,38.05985]]]}},{"type":"Feature","properties":{"valleyId":"baegun","layer":"cast","date":"2026-08-01","timeLocal":"17:00"},"geometry":{"type":"Polygon","coordinates":[[[127.43266,38.06013],[127.43266,38.06007],[127.43273,38.06008],[127.43273,38.06013],[127.43266,38.06013]]]}},{"type":"Feature","properties":{"valleyId":"baegun","layer":"cast","date":"2026-08-01","timeLocal":"17:00"},"geometry":{"type":"Polygon","coordinates":[[[127.43122,38.06013],[127.43122,38.06007],[127.43129,38.06002],[127.43139,38.06002],[127.43138,38.06009],[127.43134,38.06009],[127.43131,38.06013],[127.43122,38.06013]]]}},{"type":"Feature","properties":{"valleyId":"baegun","layer":"cast","date":"2026-08-01","timeLocal":"17:00"},"geometry":{"type":"Polygon","coordinates":[[[127.41361,38.05985],[127.41361,38.05978],[127.41372,38.05978],[127.41372,38.05986],[127.41361,38.05985]]]}},{"type":"Feature","properties":{"valleyId":"baegun","layer":"cast","date":"2026-08-01","timeLocal":"17:00"},"geometry":{"type":"Polygon","coordinates":[[[127.42368,38.05995],[127.42368,38.0599],[127.42375,38.0599],[127.42375,38.05996],[127.42368,38.05995]]]}},{"type":"Feature","properties":{"valleyId":"baegun","layer":"cast","date":"2026-08-01","timeLocal":"17:00"},"geometry":{"type":"Polygon","coordinates":[[[127.42336,38.06031],[127.42333,38.06027],[127.42317,38.06024],[127.42323,38.05998],[127.42316,38.05991],[127.42316,38.05982],[127.42323,38.05982],[127.42325,38.05988],[127.42346,38.05986],[127.42348,38.05999],[127.42359,38.05999],[127.42359,38.06004],[127.42338,38.06008],[127.42342,38.06031],[127.42336,38.06031]]]}},{"type":"Feature","properties":{"valleyId":"baegun","layer":"cast","date":"2026-08-01","timeLocal":"17:00"},"geometry":{"type":"Polygon","coordinates":[[[127.43856,38.06022],[127.43859,38.06012],[127.43863,38.06012],[127.4387,38.06006],[127.4387,38.05997],[127.4388,38.05998],[127.43882,38.06008],[127.43877,38.06008],[127.43863,38.06023],[127.43856,38.06022]]]}},{"type":"Feature","properties":{"valleyId":"baegun","layer":"cast","date":"2026-08-01","timeLocal":"17:00"},"geometry":{"type":"Polygon","coordinates":[[[127.41338,38.0598],[127.41341,38.05964],[127.41352,38.05964],[127.41352,38.05967],[127.41359,38.05967],[127.41359,38.05973],[127.41347,38.05974],[127.41345,38.0598],[127.41338,38.0598]]]}},{"type":"Feature","properties":{"valleyId":"baegun","layer":"cast","date":"2026-08-01","timeLocal":"17:00"},"geometry":{"type":"Polygon","coordinates":[[[127.43148,38.06],[127.43153,38.05988],[127.43162,38.05988],[127.43159,38.05997],[127.43155,38.06001],[127.43148,38.06]]]}},{"type":"Feature","properties":{"valleyId":"baegun","layer":"cast","date":"2026-08-01","timeLocal":"17:00"},"geometry":{"type":"Polygon","coordinates":[[[127.42355,38.05986],[127.42355,38.05977],[127.42364,38.05977],[127.42364,38.05986],[127.42355,38.05986]]]}},{"type":"Feature","properties":{"valleyId":"baegun","layer":"cast","date":"2026-08-01","timeLocal":"17:00"},"geometry":{"type":"Polygon","coordinates":[[[127.39506,38.05946],[127.39506,38.05939],[127.39515,38.05939],[127.39513,38.05946],[127.39506,38.05946]]]}},{"type":"Feature","properties":{"valleyId":"baegun","layer":"cast","date":"2026-08-01","timeLocal":"17:00"},"geometry":{"type":"Polygon","coordinates":[[[127.40913,38.06131],[127.40913,38.0612],[127.4092,38.06118],[127.4092,38.06113],[127.40914,38.06113],[127.40914,38.06107],[127.40905,38.06102],[127.40907,38.06089],[127.409,38.06089],[127.40901,38.06082],[127.40891,38.06084],[127.40893,38.06096],[127.40887,38.06096],[127.40887,38.06093],[127.40875,38.06092],[127.40871,38.06094],[127.4087,38.061],[127.40864,38.061],[127.40866,38.0608],[127.40873,38.0608],[127.40882,38.06075],[127.40883,38.06067],[127.40887,38.06062],[127.40894,38.0606],[127.40894,38.06053],[127.40881,38.06047],[127.40881,38.06033],[127.40854,38.06029],[127.40854,38.06022],[127.40859,38.0602],[127.40857,38.06007],[127.40841,38.06007],[127.40836,38.06],[127.40832,38.06],[127.40829,38.05995],[127.40818,38.05987],[127.40818,38.05982],[127.40823,38.05978],[127.40821,38.05966],[127.4083,38.05966],[127.40827,38.05984],[127.40848,38.05984],[127.4085,38.0598],[127.40859,38.05979],[127.40878,38.05979],[127.40884,38.05981],[127.40887,38.05986],[127.409,38.05986],[127.40909,38.05985],[127.4091,38.05976],[127.40903,38.05976],[127.40903,38.05972],[127.40894,38.05965],[127.40878,38.05961],[127.40878,38.05957],[127.40903,38.05958],[127.40905,38.05963],[127.40917,38.05963],[127.40917,38.05958],[127.40965,38.05958],[127.40965,38.05966],[127.40946,38.05967],[127.40948,38.05989],[127.40932,38.05989],[127.40932,38.0598],[127.40921,38.0598],[127.40921,38.05987],[127.4093,38.05989],[127.4093,38.06005],[127.40934,38.06009],[127.40948,38.06011],[127.40948,38.06007],[127.40955,38.06007],[127.40954,38.06012],[127.40964,38.06013],[127.40968,38.06023],[127.40981,38.06027],[127.40981,38.0604],[127.40997,38.0604],[127.40997,38.06067],[127.40965,38.06067],[127.40967,38.06079],[127.40962,38.06079],[127.40962,38.06094],[127.40948,38.06093],[127.40937,38.06097],[127.40939,38.0611],[127.4093,38.06109],[127.40929,38.06118],[127.40925,38.06118],[127.40922,38.06129],[127.40913,38.06131]],[[127.4092,38.06109],[127.40927,38.06109],[127.40927,38.06102],[127.40921,38.06102],[127.4092,38.06109]],[[127.40865,38.06017],[127.40879,38.06017],[127.40879,38.0601],[127.40873,38.06004],[127.40866,38.06004],[127.40865,38.06017]]]}},{"type":"Feature","properties":{"valleyId":"baegun","layer":"cast","date":"2026-08-01","timeLocal":"17:00"},"geometry":{"type":"Polygon","coordinates":[[[127.41407,38.0606],[127.41405,38.06051],[127.41396,38.06051],[127.41396,38.06045],[127.41403,38.06046],[127.41401,38.06031],[127.41412,38.06031],[127.41415,38.06019],[127.41406,38.06019],[127.41401,38.06026],[127.41392,38.06026],[127.4139,38.06009],[127.41417,38.06011],[127.41415,38.05997],[127.41408,38.05997],[127.41409,38.0599],[127.41404,38.05984],[127.41388,38.05986],[127.41388,38.05991],[127.41393,38.05993],[127.4139,38.06007],[127.41379,38.06007],[127.41378,38.06011],[127.41372,38.06011],[127.41372,38.06005],[127.41379,38.06006],[127.41381,38.05984],[127.41388,38.05979],[127.41389,38.0597],[127.41375,38.05968],[127.41375,38.05964],[127.41409,38.05964],[127.41411,38.05972],[127.4142,38.05977],[127.41425,38.05988],[127.41429,38.0599],[127.41431,38.06004],[127.41426,38.06022],[127.41431,38.06022],[127.4143,38.06033],[127.41426,38.0604],[127.41419,38.0604],[127.41421,38.06051],[127.41414,38.06051],[127.41414,38.0606],[127.41407,38.0606]]]}}]}