{"type":"FeatureCollection","features":[{"type":"Feature","properties":{"valleyId":"baegun","layer":"cast","date":"2026-08-01","timeLocal":"16:00"},"geometry":{"type":"Polygon","coordinates":[[[127.41357,38.09529],[127.41357,38.09525],[127.41366,38.09525],[127.41366,38.09529],[127.41357,38.09529]]]}},{"type":"Feature","properties":{"valleyId":"baegun","layer":"cast","date":"2026-08-01","timeLocal":"16:00"},"geometry":{"type":"Polygon","coordinates":[[[127.41435,38.0953],[127.41435,38.09526],[127.41444,38.09526],[127.41444,38.0953],[127.41435,38.0953]]]}},{"type":"Feature","properties":{"valleyId":"baegun","layer":"cast","date":"2026-08-01","timeLocal":"16:00"},"geometry":{"type":"Polygon","coordinates":[[[127.41888,38.09536],[127.41886,38.09525],[127.41896,38.09525],[127.41898,38.09536],[127.41888,38.09536]]]}},{"type":"Feature","properties":{"valleyId":"baegun","layer":"cast","date":"2026-08-01","timeLocal":"16:00"},"geometry":{"type":"Polygon","coordinates":[[[127.42465,38.09538],[127.42466,38.09531],[127.42472,38.09531],[127.42472,38.09539],[127.42465,38.09538]]]}},{"type":"Feature","properties":{"valleyId":"baegun","layer":"cast","date":"2026-08-01","timeLocal":"16:00"},"geometry":{"type":"Polygon","coordinates":[[[127.4177,38.0952],[127.41768,38.09513],[127.41777,38.09513],[127.41777,38.0952],[127.4177,38.0952]]]}},{"type":"Feature","properties":{"valleyId":"baegun","layer":"cast","date":"2026-08-01","timeLocal":"16:00"},"geometry":{"type":"Polygon","coordinates":[[[127.41887,38.0952],[127.41887,38.09514],[127.41896,38.09515],[127.41896,38.0952],[127.41887,38.0952]]]}},{"type":"Feature","properties":{"valleyId":"baegun","layer":"cast","date":"2026-08-01","timeLocal":"16:00"},"geometry":{"type":"Polygon","coordinates":[[[127.42454,38.09535],[127.4245,38.09522],[127.42464,38.0952],[127.42463,38.09535],[127.42454,38.09535]]]}},{"type":"Feature","properties":{"valleyId":"baegun","layer":"cast","date":"2026-08-01","timeLocal":"16:00"},"geometry":{"type":"Polygon","coordinates":[[[127.41857,38.09521],[127.41852,38.09519],[127.41852,38.09514],[127.41857,38.09514],[127.41859,38.0951],[127.41868,38.09511],[127.41871,38.09521],[127.41857,38.09521]]]}},{"type":"Feature","properties":{"valleyId":"baegun","layer":"cast","date":"2026-08-01","timeLocal":"16:00"},"geometry":{"type":"Polygon","coordinates":[[[127.41757,38.09502],[127.41757,38.09496],[127.41764,38.09497],[127.41764,38.09502],[127.41757,38.09502]]]}},{"type":"Feature","properties":{"valleyId":"baegun","layer":"cast","date":"2026-08-01","timeLocal":"16:00"},"geometry":{"type":"Polygon","coordinates":[[[127.41837,38.0949],[127.41837,38.0948],[127.41849,38.0948],[127.41848,38.0949],[127.41837,38.0949]]]}},{"type":"Feature","properties":{"valleyId":"baegun","layer":"cast","date":"2026-08-01","timeLocal":"16:00"},"geometry":{"type":"Polygon","coordinates":[[[127.41669,38.09472],[127.41669,38.09466],[127.41676,38.09467],[127.41675,38.09472],[127.41669,38.09472]]]}},{"type":"Feature","properties":{"valleyId":"baegun","layer":"cast","date":"2026-08-01","timeLocal":"16:00"},"geometry":{"type":"Polygon","coordinates":[[[127.42915,38.09505],[127.42916,38.09499],[127.42923,38.09494],[127.42923,38.09487],[127.4293,38.09482],[127.42936,38.09482],[127.42936,38.09489],[127.42925,38.09505],[127.42915,38.09505]]]}},{"type":"Feature","properties":{"valleyId":"baegun","layer":"cast","date":"2026-08-01","timeLocal":"16:00"},"geometry":{"type":"Polygon","coordinates":[[[127.43184,38.09553],[127.43173,38.09523],[127.43164,38.09517],[127.43164,38.09505],[127.43157,38.09503],[127.43157,38.09492],[127.43153,38.09488],[127.43153,38.09483],[127.4316,38.09483],[127.43162,38.09492],[127.43169,38.09496],[127.43169,38.09505],[127.43178,38.09508],[127.43177,38.09523],[127.43184,38.09525],[127.43188,38.09544],[127.43193,38.0955],[127.43193,38.09554],[127.43184,38.09553]]]}},{"type":"Feature","properties":{"valleyId":"baegun","layer":"cast","date":"2026-08-01","timeLocal":"16:00"},"geometry":{"type":"Polygon","coordinates":[[[127.41801,38.09456],[127.41802,38.09443],[127.41815,38.09443],[127.41815,38.09456],[127.41801,38.09456]]]}},{"type":"Feature","properties":{"valleyId":"baegun","layer":"cast","date":"2026-08-01","timeLocal":"16:00"},"geometry":{"type":"Polygon","coordinates":[[[127.43192,38.09472],[127.43192,38.09462],[127.43199,38.09462],[127.43199,38.09473],[127.43192,38.09472]]]}},{"type":"Feature","properties":{"valleyId":"baegun","layer":"cast","date":"2026-08-01","timeLocal":"16:00"},"geometry":{"type":"Polygon","coordinates":[[[127.41931,38.09452],[127.41934,38.09443],[127.41941,38.09443],[127.4194,38.0945],[127.41931,38.09452]]]}},{"type":"Feature","properties":{"valleyId":"baegun","layer":"cast","date":"2026-08-01","timeLocal":"16:00"},"geometry":{"type":"Polygon","coordinates":[[[127.42946,38.09462],[127.42946,38.09457],[127.42953,38.09457],[127.42953,38.09462],[127.42946,38.09462]]]}},{"type":"Feature","properties":{"valleyId":"baegun","layer":"cast","date":"2026-08-01","timeLocal":"16:00"},"geometry":{"type":"Polygon","coordinates":[[[127.42011,38.09448],[127.42011,38.0944],[127.42018,38.09441],[127.42018,38.09448],[127.42011,38.09448]]]}},{"type":"Feature","properties":{"valleyId":"baegun","layer":"cast","date":"2026-08-01","timeLocal":"16:00"},"geometry":{"type":"Polygon","coordinates":[[[127.43429,38.09468],[127.4343,38.09458],[127.43436,38.09458],[127.43436,38.09468],[127.43429,38.09468]]]}},{"type":"Feature","properties":{"valleyId":"baegun","layer":"cast","date":"2026-08-01","timeLocal":"16:00"},"geometry":{"type":"Polygon","coordinates":[[[127.41995,38.09469],[127.41988,38.09465],[127.41988,38.0946],[127.41972,38.09458],[127.41973,38.09436],[127.41986,38.09436],[127.41986,38.09433],[127.41993,38.09433],[127.41995,38.09447],[127.42,38.09447],[127.41997,38.0946],[127.42002,38.09462],[127.42002,38.09469],[127.41995,38.09469]]]}},{"type":"Feature","properties":{"valleyId":"baegun","layer":"cast","date":"2026-08-01","timeLocal":"16:00"},"geometry":{"type":"Polygon","coordinates":[[[127.41883,38.09486],[127.41878,38.09482],[127.41879,38.09466],[127.41863,38.09467],[127.41863,38.09462],[127.41858,38.09458],[127.41859,38.09437],[127.41854,38.09436],[127.41854,38.09427],[127.41863,38.09428],[127.41863,38.09433],[127.41874,38.09446],[127.4189,38.09448],[127.4189,38.09455],[127.41902,38.09457],[127.41903,38.09486],[127.41883,38.09486]]]}},{"type":"Feature","properties":{"valleyId":"baegun","layer":"cast","date":"2026-08-01","timeLocal":"16:00"},"geometry":{"type":"Polygon","coordinates":[[[127.43188,38.0946],[127.43186,38.09445],[127.43193,38.09445],[127.43195,38.0946],[127.43188,38.0946]]]}},{"type":"Feature","properties":{"valleyId":"baegun","layer":"cast","date":"2026-08-01","timeLocal":"16:00"},"geometry":{"type":"Polygon","coordinates":[[[127.43428,38.09447],[127.43428,38.09441],[127.43435,38.09441],[127.43434,38.09447],[127.43428,38.09447]]]}},{"type":"Feature","properties":{"valleyId":"baegun","layer":"cast","date":"2026-08-01","timeLocal":"16:00"},"geometry":{"type":"Polygon","coordinates":[[[127.41565,38.0942],[127.41565,38.09415],[127.41581,38.09415],[127.41581,38.0942],[127.41565,38.0942]]]}},{"type":"Feature","properties":{"valleyId":"baegun","layer":"cast","date":"2026-08-01","timeLocal":"16:00"},"geometry":{"type":"Polygon","coordinates":[[[127.42981,38.09434],[127.42981,38.09426],[127.4299,38.09426],[127.4299,38.09434],[127.42981,38.09434]]]}},{"type":"Feature","properties":{"valleyId":"baegun","layer":"cast","date":"2026-08-01","timeLocal":"16:00"},"geometry":{"type":"Polygon","coordinates":[[[127.43396,38.09434],[127.43396,38.09428],[127.43405,38.09428],[127.43405,38.09434],[127.43396,38.09434]]]}},{"type":"Feature","properties":{"valleyId":"baegun","layer":"cast","date":"2026-08-01","timeLocal":"16:00"},"geometry":{"type":"Polygon","coordinates":[[[127.41884,38.09415],[127.41884,38.09408],[127.419,38.09406],[127.419,38.09414],[127.41884,38.09415]]]}},{"type":"Feature","properties":{"valleyId":"baegun","layer":"cast","date":"2026-08-01","timeLocal":"16:00"},"geometry":{"type":"Polygon","coordinates":[[[127.41833,38.09447],[127.41834,38.09438],[127.41822,38.09436],[127.41822,38.09431],[127.41813,38.09431],[127.41813,38.09438],[127.41802,38.09438],[127.41802,38.09425],[127.41809,38.09423],[127.41809,38.09411],[127.41825,38.09411],[127.41827,38.09407],[127.41839,38.09407],[127.41839,38.09402],[127.41848,38.09402],[127.41852,38.09429],[127.41845,38.09431],[127.41845,38.09436],[127.41852,38.09436],[127.41852,38.09442],[127.41847,38.09442],[127.41842,38.09447],[127.41833,38.09447]]]}},{"type":"Feature","properties":{"valleyId":"baegun","layer":"cast","date":"2026-08-01","timeLocal":"16:00"},"geometry":{"type":"Polygon","coordinates":[[[127.41615,38.09413],[127.41615,38.09406],[127.41622,38.09401],[127.41622,38.09396],[127.41632,38.09394],[127.41631,38.09408],[127.41622,38.09408],[127.41622,38.09414],[127.41615,38.09413]]]}},{"type":"Feature","properties":{"valleyId":"baegun","layer":"cast","date":"2026-08-01","timeLocal":"16:00"},"geometry":{"type":"Polygon","coordinates":[[[127.43417,38.0942],[127.43415,38.09412],[127.43406,38.09412],[127.43406,38.09403],[127.43419,38.09403],[127.43424,38.0942],[127.43417,38.0942]]]}},{"type":"Feature","properties":{"valleyId":"baegun","layer":"cast","date":"2026-08-01","timeLocal":"16:00"},"geometry":{"type":"Polygon","coordinates":[[[127.42533,38.09384],[127.42533,38.09379],[127.4254,38.09379],[127.42539,38.09384],[127.42533,38.09384]]]}},{"type":"Feature","properties":{"valleyId":"baegun","layer":"cast","date":"2026-08-01","timeLocal":"16:00"},"geometry":{"type":"Polygon","coordinates":[[[127.41875,38.09404],[127.41875,38.09401],[127.41869,38.09395],[127.41862,38.09395],[127.4186,38.09392],[127.41846,38.09388],[127.41826,38.09387],[127.41826,38.09384],[127.41819,38.09382],[127.41819,38.09368],[127.41842,38.09366],[127.41846,38.09373],[127.4186,38.09372],[127.4186,38.09377],[127.41878,38.09377],[127.41883,38.09381],[127.41882,38.09395],[127.41887,38.09395],[127.41887,38.09403],[127.41875,38.09404]]]}},{"type":"Feature","properties":{"valleyId":"baegun","layer":"cast","date":"2026-08-01","timeLocal":"16:00"},"geometry":{"type":"Polygon","coordinates":[[[127.43015,38.0943],[127.43015,38.09425],[127.43024,38.09423],[127.43027,38.09416],[127.43036,38.09411],[127.43034,38.09398],[127.43043,38.09397],[127.43043,38.09393],[127.4305,38.09388],[127.43057,38.09388],[127.43062,38.09382],[127.43066,38.09382],[127.43069,38.09377],[127.43076,38.09377],[127.43073,38.09388],[127.43064,38.0939],[127.43057,38.094],[127.43052,38.094],[127.43052,38.09409],[127.43045,38.09415],[127.43036,38.09416],[127.43031,38.09427],[127.43015,38.0943]]]}},{"type":"Feature","properties":{"valleyId":"baegun","layer":"cast","date":"2026-08-01","timeLocal":"16:00"},"geometry":{"type":"Polygon","coordinates":[[[127.4342,38.09393],[127.43418,38.09382],[127.43424,38.09382],[127.43424,38.09385],[127.43429,38.09385],[127.43429,38.09393],[127.4342,38.09393]]]}},{"type":"Feature","properties":{"valleyId":"baegun","layer":"cast","date":"2026-08-01","timeLocal":"16:00"},"geometry":{"type":"Polygon","coordinates":[[[127.41669,38.09366],[127.41669,38.09355],[127.41676,38.09355],[127.41675,38.09366],[127.41669,38.09366]]]}},{"type":"Feature","properties":{"valleyId":"baegun","layer":"cast","date":"2026-08-01","timeLocal":"16:00"},"geometry":{"type":"Polygon","coordinates":[[[127.41696,38.0936],[127.41696,38.09355],[127.41703,38.09355],[127.41703,38.09361],[127.41696,38.0936]]]}},{"type":"Feature","properties":{"valleyId":"baegun","layer":"cast","date":"2026-08-01","timeLocal":"16:00"},"geometry":{"type":"Polygon","coordinates":[[[127.43377,38.09379],[127.43377,38.09374],[127.43393,38.09372],[127.43393,38.09378],[127.43377,38.09379]]]}},{"type":"Feature","properties":{"valleyId":"baegun","layer":"cast","date":"2026-08-01","timeLocal":"16:00"},"geometry":{"type":"Polygon","coordinates":[[[127.41936,38.09362],[127.41931,38.0936],[127.41931,38.09355],[127.41936,38.09355],[127.41936,38.09349],[127.41943,38.09349],[127.41942,38.09362],[127.41936,38.09362]]]}},{"type":"Feature","properties":{"valleyId":"baegun","layer":"cast","date":"2026-08-01","timeLocal":"16:00"},"geometry":{"type":"Polygon","coordinates":[[[127.41662,38.09353],[127.41662,38.09346],[127.41669,38.09346],[127.41671,38.09353],[127.41662,38.09353]]]}},{"type":"Feature","properties":{"valleyId":"baegun","layer":"cast","date":"2026-08-01","timeLocal":"16:00"},"geometry":{"type":"Polygon","coordinates":[[[127.43042,38.09368],[127.43042,38.09362],[127.43049,38.09362],[127.43048,38.09368],[127.43042,38.09368]]]}},{"type":"Feature","properties":{"valleyId":"baegun","layer":"cast","date":"2026-08-01","timeLocal":"16:00"},"geometry":{"type":"Polygon","coordinates":[[[127.41969,38.09404],[127.41971,38.09388],[127.41985,38.09388],[127.42001,38.09383],[127.42004,38.09372],[127.41988,38.09372],[127.41981,38.09377],[127.41974,38.09377],[127.41972,38.0937],[127.41965,38.09369],[127.41965,38.0938],[127.41951,38.0938],[127.41949,38.09371],[127.41963,38.09368],[127.41963,38.09359],[127.41956,38.09355],[127.41956,38.09348],[127.41963,38.09348],[127.41965,38.09353],[127.41972,38.09353],[127.41977,38.09352],[127.41979,38.09344],[127.41988,38.09345],[127.41993,38.09359],[127.42004,38.09359],[127.42006,38.09352],[127.42016,38.0935],[127.4202,38.09354],[127.42022,38.0937],[127.42027,38.0937],[127.42031,38.09379],[127.42038,38.09379],[127.42037,38.09398],[127.42031,38.09397],[127.42028,38.09392],[127.42022,38.09392],[127.42021,38.09395],[127.42015,38.09395],[127.42008,38.09403],[127.42001,38.09402],[127.42001,38.09397],[127.4198,38.09397],[127.4198,38.09404],[127.41969,38.09404]]]}},{"type":"Feature","properties":{"valleyId":"baegun","layer":"cast","date":"2026-08-01","timeLocal":"16:00"},"geometry":{"type":"Polygon","coordinates":[[[127.41986,38.09341],[127.41986,38.09336],[127.41993,38.09336],[127.41993,38.09341],[127.41986,38.09341]]]}},{"type":"Feature","properties":{"valleyId":"baegun","layer":"cast","date":"2026-08-01","timeLocal":"16:00"},"geometry":{"type":"Polygon","coordinates":[[[127.41751,38.09338],[127.41752,38.09325],[127.41761,38.09323],[127.41758,38.09338],[127.41751,38.09338]]]}},{"type":"Feature","properties":{"valleyId":"baegun","layer":"cast","date":"2026-08-01","timeLocal":"16:00"},"geometry":{"type":"Polygon","coordinates":[[[127.42057,38.09333],[127.42057,38.09327],[127.42062,38.09324],[127.42071,38.09324],[127.42071,38.09333],[127.42057,38.09333]]]}},{"type":"Feature","properties":{"valleyId":"baegun","layer":"cast","date":"2026-08-01","timeLocal":"16:00"},"geometry":{"type":"Polygon","coordinates":[[[127.43163,38.09342],[127.43163,38.09337],[127.4317,38.09337],[127.4317,38.09342],[127.43163,38.09342]]]}},{"type":"Feature","properties":{"valleyId":"baegun","layer":"cast","date":"2026-08-01","timeLocal":"16:00"},"geometry":{"type":"Polygon","coordinates":[[[127.41708,38.0935],[127.41708,38.09335],[127.41703,38.09335],[127.41704,38.0933],[127.4171,38.0933],[127.41713,38.09319],[127.41718,38.09319],[127.41718,38.09314],[127.41724,38.09314],[127.41731,38.09321],[127.41726,38.09343],[127.41722,38.09343],[127.41715,38.0935],[127.41708,38.0935]]]}},{"type":"Feature","properties":{"valleyId":"baegun","layer":"cast","date":"2026-08-01","timeLocal":"16:00"},"geometry":{"type":"Polygon","coordinates":[[[127.43161,38.09333],[127.43161,38.09326],[127.43168,38.09326],[127.43168,38.09333],[127.43161,38.09333]]]}},{"type":"Feature","properties":{"valleyId":"baegun","layer":"cast","date":"2026-08-01","timeLocal":"16:00"},"geometry":{"type":"Polygon","coordinates":[[[127.41765,38.09316],[127.41763,38.09307],[127.4177,38.09307],[127.41775,38.09311],[127.41775,38.09316],[127.41765,38.09316]]]}},{"type":"Feature","properties":{"valleyId":"baegun","layer":"cast","date":"2026-08-01","timeLocal":"16:00"},"geometry":{"type":"Polygon","coordinates":[[[127.41692,38.09324],[127.41693,38.09312],[127.41697,38.09312],[127.41697,38.09306],[127.41713,38.09307],[127.41713,38.09312],[127.41706,38.09312],[127.41704,38.09325],[127.41692,38.09324]]]}},{"type":"Feature","properties":{"valleyId":"baegun","layer":"cast","date":"2026-08-01","timeLocal":"16:00"},"geometry":{"type":"Polygon","coordinates":[[[127.41732,38.09303],[127.41732,38.09298],[127.41727,38.09298],[127.41727,38.09292],[127.41736,38.09293],[127.41736,38.09298],[127.41741,38.09298],[127.41741,38.09303],[127.41732,38.09303]]]}},{"type":"Feature","properties":{"valleyId":"baegun","layer":"cast","date":"2026-08-01","timeLocal":"16:00"},"geometry":{"type":"Polygon","coordinates":[[[127.43085,38.09368],[127.43087,38.09354],[127.43095,38.09343],[127.43101,38.09341],[127.43104,38.09332],[127.43108,38.09331],[127.43113,38.09309],[127.4312,38.09309],[127.43122,38.09324],[127.43115,38.09333],[127.43115,38.09342],[127.4311,38.09347],[127.43104,38.09347],[127.43103,38.09351],[127.43099,38.0935],[127.43099,38.09363],[127.43092,38.09365],[127.43092,38.09368],[127.43085,38.09368]]]}},{"type":"Feature","properties":{"valleyId":"baegun","layer":"cast","date":"2026-08-01","timeLocal":"16:00"},"geometry":{"type":"Polygon","coordinates":[[[127.43111,38.09302],[127.43111,38.09297],[127.43121,38.09297],[127.4312,38.09302],[127.43111,38.09302]]]}},{"type":"Feature","properties":{"valleyId":"baegun","layer":"cast","date":"2026-08-01","timeLocal":"16:00"},"geometry":{"type":"Polygon","coordinates":[[[127.41805,38.09279],[127.41805,38.09265],[127.41812,38.09265],[127.41814,38.09268],[127.41819,38.09268],[127.41819,38.09277],[127.41805,38.09279]]]}},{"type":"Feature","properties":{"valleyId":"baegun","layer":"cast","date":"2026-08-01","timeLocal":"16:00"},"geometry":{"type":"Polygon","coordinates":[[[127.43041,38.09287],[127.43041,38.09279],[127.4305,38.0928],[127.4305,38.09287],[127.43041,38.09287]]]}},{"type":"Feature","properties":{"valleyId":"baegun","layer":"cast","date":"2026-08-01","timeLocal":"16:00"},"geometry":{"type":"Polygon","coordinates":[[[127.4198,38.09307],[127.41967,38.09294],[127.41962,38.09294],[127.41962,38.09288],[127.41967,38.09288],[127.41967,38.09281],[127.41956,38.09274],[127.41944,38.09274],[127.41942,38.09265],[127.41956,38.09265],[127.41967,38.09269],[127.41983,38.09267],[127.41983,38.09271],[127.41988,38.09271],[127.4199,38.09285],[127.41999,38.09287],[127.41999,38.09292],[127.42012,38.09298],[127.42012,38.09305],[127.42007,38.09307],[127.42001,38.09307],[127.42001,38.09303],[127.41994,38.09301],[127.41987,38.09301],[127.41987,38.09307],[127.4198,38.09307]]]}},{"type":"Feature","properties":{"valleyId":"baegun","layer":"cast","date":"2026-08-01","timeLocal":"16:00"},"geometry":{"type":"Polygon","coordinates":[[[127.43121,38.09295],[127.43126,38.09279],[127.43135,38.09277],[127.43127,38.09295],[127.43121,38.09295]]]}},{"type":"Feature","properties":{"valleyId":"baegun","layer":"cast","date":"2026-08-01","timeLocal":"16:00"},"geometry":{"type":"Polygon","coordinates":[[[127.41548,38.09256],[127.41548,38.0925],[127.41555,38.0925],[127.41555,38.09256],[127.41548,38.09256]]]}},{"type":"Feature","properties":{"valleyId":"baegun","layer":"cast","date":"2026-08-01","timeLocal":"16:00"},"geometry":{"type":"Polygon","coordinates":[[[127.42013,38.09276],[127.42015,38.0926],[127.4202,38.09258],[127.4202,38.09255],[127.42031,38.09253],[127.42031,38.09271],[127.42022,38.09271],[127.42019,38.09276],[127.42013,38.09276]]]}},{"type":"Feature","properties":{"valleyId":"baegun","layer":"cast","date":"2026-08-01","timeLocal":"16:00"},"geometry":{"type":"Polygon","coordinates":[[[127.4282,38.0928],[127.42813,38.09273],[127.42813,38.09264],[127.42823,38.09264],[127.42827,38.0928],[127.4282,38.0928]]]}},{"type":"Feature","properties":{"valleyId":"baegun","layer":"cast","date":"2026-08-01","timeLocal":"16:00"},"geometry":{"type":"Polygon","coordinates":[[[127.41783,38.09252],[127.41783,38.09246],[127.4179,38.09246],[127.4179,38.09252],[127.41783,38.09252]]]}},{"type":"Feature","properties":{"valleyId":"baegun","layer":"cast","date":"2026-08-01","timeLocal":"16:00"},"geometry":{"type":"Polygon","coordinates":[[[127.41926,38.09264],[127.41915,38.09262],[127.41908,38.09257],[127.41904,38.09243],[127.41911,38.09235],[127.41927,38.09237],[127.41927,38.09234],[127.41938,38.09234],[127.41938,38.09239],[127.41943,38.09241],[127.41942,38.09265],[127.41926,38.09264]]]}},{"type":"Feature","properties":{"valleyId":"baegun","layer":"cast","date":"2026-08-01","timeLocal":"16:00"},"geometry":{"type":"Polygon","coordinates":[[[127.41785,38.09236],[127.41783,38.09228],[127.41792,38.09228],[127.41792,38.09236],[127.41785,38.09236]]]}},{"type":"Feature","properties":{"valleyId":"baegun","layer":"cast","date":"2026-08-01","timeLocal":"16:00"},"geometry":{"type":"Polygon","coordinates":[[[127.41503,38.0923],[127.41501,38.09219],[127.41508,38.09219],[127.41512,38.0923],[127.41503,38.0923]]]}},{"type":"Feature","properties":{"valleyId":"baegun","layer":"cast","date":"2026-08-01","timeLocal":"16:00"},"geometry":{"type":"Polygon","coordinates":[[[127.41767,38.09226],[127.41768,38.09217],[127.41779,38.09217],[127.41779,38.09226],[127.41767,38.09226]]]}},{"type":"Feature","properties":{"valleyId":"baegun","layer":"cast","date":"2026-08-01","timeLocal":"16:00"},"geometry":{"type":"Polygon","coordinates":[[[127.43042,38.09238],[127.43042,38.09231],[127.43049,38.09231],[127.43049,38.09238],[127.43042,38.09238]]]}},{"type":"Feature","properties":{"valleyId":"baegun","layer":"cast","date":"2026-08-01","timeLocal":"16:00"},"geometry":{"type":"Polygon","coordinates":[[[127.43135,38.09277],[127.43137,38.09263],[127.43142,38.09259],[127.4314,38.09246],[127.43145,38.09243],[127.43145,38.09227],[127.43154,38.09227],[127.43151,38.09263],[127.43144,38.0927],[127.43144,38.09275],[127.43135,38.09277]]]}},{"type":"Feature","properties":{"valleyId":"baegun","layer":"cast","date":"2026-08-01","timeLocal":"16:00"},"geometry":{"type":"Polygon","coordinates":[[[127.41827,38.09234],[127.41818,38.09223],[127.41804,38.09223],[127.41802,38.09209],[127.41813,38.09209],[127.41816,38.09205],[127.41832,38.09202],[127.41841,38.09215],[127.41859,38.0922],[127.41859,38.09226],[127.41863,38.09226],[127.41863,38.09233],[127.4184,38.09231],[127.41836,38.09234],[127.41827,38.09234]]]}},{"type":"Feature","properties":{"valleyId":"baegun","layer":"cast","date":"2026-08-01","timeLocal":"16:00"},"geometry":{"type":"Polygon","coordinates":[[[127.42028,38.09206],[127.42028,38.09201],[127.42037,38.09201],[127.42037,38.09206],[127.42028,38.09206]]]}},{"type":"Feature","properties":{"valleyId":"baegun","layer":"cast","date":"2026-08-01","timeLocal":"16:00"},"geometry":{"type":"Polygon","coordinates":[[[127.4213,38.09211],[127.42133,38.09199],[127.42142,38.09199],[127.42139,38.09211],[127.4213,38.09211]]]}},{"type":"Feature","properties":{"valleyId":"baegun","layer":"cast","date":"2026-08-01","timeLocal":"16:00"},"geometry":{"type":"Polygon","coordinates":[[[127.41764,38.09194],[127.41764,38.09188],[127.41771,38.09188],[127.4177,38.09194],[127.41764,38.09194]]]}},{"type":"Feature","properties":{"valleyId":"baegun","layer":"cast","date":"2026-08-01","timeLocal":"16:00"},"geometry":{"type":"Polygon","coordinates":[[[127.42051,38.09198],[127.42051,38.09192],[127.42058,38.09192],[127.42058,38.09198],[127.42051,38.09198]]]}},{"type":"Feature","properties":{"valleyId":"baegun","layer":"cast","date":"2026-08-01","timeLocal":"16:00"},"geometry":{"type":"Polygon","coordinates":[[[127.41544,38.092],[127.41542,38.09196],[127.41526,38.09198],[127.41522,38.09183],[127.41529,38.09183],[127.41529,38.09191],[127.41554,38.09189],[127.41556,38.09196],[127.41551,38.09196],[127.41551,38.092],[127.41544,38.092]]]}},{"type":"Feature","properties":{"valleyId":"baegun","layer":"cast","date":"2026-08-01","timeLocal":"16:00"},"geometry":{"type":"Polygon","coordinates":[[[127.42138,38.09197],[127.42138,38.09186],[127.42145,38.09186],[127.42144,38.09197],[127.42138,38.09197]]]}},{"type":"Feature","properties":{"valleyId":"baegun","layer":"cast","date":"2026-08-01","timeLocal":"16:00"},"geometry":{"type":"Polygon","coordinates":[[[127.41768,38.09185],[127.41769,38.09176],[127.41773,38.09176],[127.41773,38.09172],[127.4178,38.09172],[127.4178,38.09185],[127.41768,38.09185]]]}},{"type":"Feature","properties":{"valleyId":"baegun","layer":"cast","date":"2026-08-01","timeLocal":"16:00"},"geometry":{"type":"Polygon","coordinates":[[[127.43154,38.09227],[127.43154,38.09221],[127.43159,38.09221],[127.43157,38.09202],[127.43161,38.09198],[127.43162,38.09185],[127.43169,38.09186],[127.43173,38.09189],[127.43173,38.09195],[127.43166,38.092],[127.43166,38.09223],[127.43161,38.09223],[127.43161,38.09227],[127.43154,38.09227]]]}},{"type":"Feature","properties":{"valleyId":"baegun","layer":"cast","date":"2026-08-01","timeLocal":"16:00"},"geometry":{"type":"Polygon","coordinates":[[[127.43148,38.09182],[127.43148,38.09176],[127.43155,38.09176],[127.43155,38.09182],[127.43148,38.09182]]]}},{"type":"Feature","properties":{"valleyId":"baegun","layer":"cast","date":"2026-08-01","timeLocal":"16:00"},"geometry":{"type":"Polygon","coordinates":[[[127.4209,38.09173],[127.42088,38.0916],[127.421,38.0916],[127.42104,38.09164],[127.42104,38.09173],[127.4209,38.09173]]]}},{"type":"Feature","properties":{"valleyId":"baegun","layer":"cast","date":"2026-08-01","timeLocal":"16:00"},"geometry":{"type":"Polygon","coordinates":[[[127.42982,38.09169],[127.4298,38.09158],[127.42989,38.09153],[127.42996,38.09153],[127.42996,38.09158],[127.42991,38.09158],[127.42991,38.09169],[127.42982,38.09169]]]}},{"type":"Feature","properties":{"valleyId":"baegun","layer":"cast","date":"2026-08-01","timeLocal":"16:00"},"geometry":{"type":"Polygon","coordinates":[[[127.41473,38.09143],[127.41468,38.09132],[127.41482,38.09132],[127.41482,38.09143],[127.41473,38.09143]]]}},{"type":"Feature","properties":{"valleyId":"baegun","layer":"cast","date":"2026-08-01","timeLocal":"16:00"},"geometry":{"type":"Polygon","coordinates":[[[127.41505,38.09136],[127.41505,38.09129],[127.41519,38.09129],[127.41519,38.09135],[127.41505,38.09136]]]}},{"type":"Feature","properties":{"valleyId":"baegun","layer":"cast","date":"2026-08-01","timeLocal":"16:00"},"geometry":{"type":"Polygon","coordinates":[[[127.41865,38.09152],[127.41863,38.09146],[127.41858,38.09146],[127.41851,38.09139],[127.41845,38.09139],[127.41845,38.09134],[127.41865,38.09136],[127.41865,38.09145],[127.41872,38.09145],[127.41872,38.09152],[127.41865,38.09152]]]}},{"type":"Feature","properties":{"valleyId":"baegun","layer":"cast","date":"2026-08-01","timeLocal":"16:00"},"geometry":{"type":"Polygon","coordinates":[[[127.41829,38.09135],[127.41831,38.09128],[127.4184,38.09128],[127.4184,38.09135],[127.41829,38.09135]]]}},{"type":"Feature","properties":{"valleyId":"baegun","layer":"cast","date":"2026-08-01","timeLocal":"16:00"},"geometry":{"type":"Polygon","coordinates":[[[127.4148,38.0913],[127.4148,38.09121],[127.41487,38.09122],[127.41487,38.09131],[127.4148,38.0913]]]}},{"type":"Feature","properties":{"valleyId":"baegun","layer":"cast","date":"2026-08-01","timeLocal":"16:00"},"geometry":{"type":"Polygon","coordinates":[[[127.4196,38.09169],[127.4196,38.0916],[127.4197,38.09155],[127.41979,38.09155],[127.41981,38.09152],[127.41979,38.09137],[127.42,38.09132],[127.42002,38.09127],[127.42011,38.09127],[127.42011,38.09152],[127.41999,38.09154],[127.41999,38.09161],[127.41985,38.09162],[127.41985,38.0917],[127.4196,38.09169]]]}},{"type":"Feature","properties":{"valleyId":"baegun","layer":"cast","date":"2026-08-01","timeLocal":"16:00"},"geometry":{"type":"Polygon","coordinates":[[[127.41462,38.09132],[127.4146,38.09119],[127.41466,38.09119],[127.41468,38.09132],[127.41462,38.09132]]]}},{"type":"Feature","properties":{"valleyId":"baegun","layer":"cast","date":"2026-08-01","timeLocal":"16:00"},"geometry":{"type":"Polygon","coordinates":[[[127.41936,38.09138],[127.41936,38.09135],[127.41927,38.09131],[127.41918,38.09131],[127.41918,38.09135],[127.41911,38.09134],[127.41911,38.09124],[127.41943,38.09122],[127.41943,38.09138],[127.41936,38.09138]]]}},{"type":"Feature","properties":{"valleyId":"baegun","layer":"cast","date":"2026-08-01","timeLocal":"16:00"},"geometry":{"type":"Polygon","coordinates":[[[127.41875,38.09125],[127.41875,38.0912],[127.41881,38.0912],[127.41881,38.09125],[127.41875,38.09125]]]}},{"type":"Feature","properties":{"valleyId":"baegun","layer":"cast","date":"2026-08-01","timeLocal":"16:00"},"geometry":{"type":"Polygon","coordinates":[[[127.43001,38.09138],[127.43001,38.09133],[127.43008,38.09133],[127.43008,38.09138],[127.43001,38.09138]]]}},{"type":"Feature","properties":{"valleyId":"baegun","layer":"cast","date":"2026-08-01","timeLocal":"16:00"},"geometry":{"type":"Polygon","coordinates":[[[127.42077,38.09128],[127.42078,38.09113],[127.42085,38.09113],[127.42087,38.09128],[127.42077,38.09128]]]}},{"type":"Feature","properties":{"valleyId":"baegun","layer":"cast","date":"2026-08-01","timeLocal":"16:00"},"geometry":{"type":"Polygon","coordinates":[[[127.43133,38.09131],[127.43133,38.09124],[127.4314,38.09124],[127.4314,38.09131],[127.43133,38.09131]]]}},{"type":"Feature","properties":{"valleyId":"baegun","layer":"cast","date":"2026-08-01","timeLocal":"16:00"},"geometry":{"type":"Polygon","coordinates":[[[127.4193,38.09106],[127.4193,38.09097],[127.41941,38.09097],[127.41941,38.09102],[127.41937,38.09102],[127.41936,38.09106],[127.4193,38.09106]]]}},{"type":"Feature","properties":{"valleyId":"baegun","layer":"cast","date":"2026-08-01","timeLocal":"16:00"},"geometry":{"type":"Polygon","coordinates":[[[127.41503,38.09097],[127.41504,38.09089],[127.4151,38.09089],[127.4151,38.09097],[127.41503,38.09097]]]}},{"type":"Feature","properties":{"valleyId":"baegun","layer":"cast","date":"2026-08-01","timeLocal":"16:00"},"geometry":{"type":"Polygon","coordinates":[[[127.41891,38.09114],[127.41891,38.09093],[127.41898,38.09093],[127.41903,38.09095],[127.41905,38.09107],[127.419,38.09114],[127.41891,38.09114]]]}},{"type":"Feature","properties":{"valleyId":"baegun","layer":"cast","date":"2026-08-01","timeLocal":"16:00"},"geometry":{"type":"Polygon","coordinates":[[[127.4315,38.09108],[127.4315,38.09101],[127.43157,38.09101],[127.43157,38.09108],[127.4315,38.09108]]]}},{"type":"Feature","properties":{"valleyId":"baegun","layer":"cast","date":"2026-08-01","timeLocal":"16:00"},"geometry":{"type":"Polygon","coordinates":[[[127.41577,38.09067],[127.41575,38.09054],[127.41582,38.09054],[127.41584,38.09067],[127.41577,38.09067]]]}},{"type":"Feature","properties":{"valleyId":"baegun","layer":"cast","date":"2026-08-01","timeLocal":"16:00"},"geometry":{"type":"Polygon","coordinates":[[[127.41561,38.09058],[127.41561,38.09047],[127.41568,38.09047],[127.41568,38.09058],[127.41561,38.09058]]]}},{"type":"Feature","properties":{"valleyId":"baegun","layer":"cast","date":"2026-08-01","timeLocal":"16:00"},"geometry":{"type":"Polygon","coordinates":[[[127.4298,38.09064],[127.42978,38.09055],[127.42994,38.09053],[127.42993,38.09061],[127.4298,38.09064]]]}},{"type":"Feature","properties":{"valleyId":"baegun","layer":"cast","date":"2026-08-01","timeLocal":"16:00"},"geometry":{"type":"Polygon","coordinates":[[[127.42097,38.09054],[127.42097,38.0905],[127.4209,38.0905],[127.42086,38.09047],[127.42086,38.09039],[127.42095,38.0904],[127.42097,38.09049],[127.42106,38.09049],[127.42106,38.09054],[127.42097,38.09054]]]}},{"type":"Feature","properties":{"valleyId":"baegun","layer":"cast","date":"2026-08-01","timeLocal":"16:00"},"geometry":{"type":"Polygon","coordinates":[[[127.42992,38.09026],[127.42992,38.09017],[127.42999,38.09017],[127.43001,38.09027],[127.42992,38.09026]]]}},{"type":"Feature","properties":{"valleyId":"baegun","layer":"cast","date":"2026-08-01","timeLocal":"16:00"},"geometry":{"type":"Polygon","coordinates":[[[127.41439,38.09002],[127.41439,38.08997],[127.41446,38.08997],[127.41446,38.09002],[127.41439,38.09002]]]}},{"type":"Feature","properties":{"valleyId":"baegun","layer":"cast","date":"2026-08-01","timeLocal":"16:00"},"geometry":{"type":"Polygon","coordinates":[[[127.41972,38.09052],[127.41963,38.0905],[127.41963,38.09043],[127.41952,38.09029],[127.41952,38.09023],[127.41972,38.09025],[127.41973,38.09022],[127.41984,38.09022],[127.41984,38.09027],[127.41991,38.09027],[127.41993,38.09018],[127.42002,38.09019],[127.42007,38.09015],[127.42007,38.0901],[127.42,38.09009],[127.42,38.09002],[127.42007,38.09002],[127.42009,38.09008],[127.42021,38.0901],[127.42021,38.09015],[127.42011,38.09019],[127.42009,38.09024],[127.42004,38.09024],[127.42002,38.0904],[127.41977,38.09042],[127.41979,38.09052],[127.41972,38.09052]]]}},{"type":"Feature","properties":{"valleyId":"baegun","layer":"cast","date":"2026-08-01","timeLocal":"16:00"},"geometry":{"type":"Polygon","coordinates":[[[127.41519,38.09005],[127.41522,38.08996],[127.41533,38.08994],[127.41533,38.09],[127.41526,38.09005],[127.41519,38.09005]]]}},{"type":"Feature","properties":{"valleyId":"baegun","layer":"cast","date":"2026-08-01","timeLocal":"16:00"},"geometry":{"type":"Polygon","coordinates":[[[127.39611,38.08972],[127.39611,38.08966],[127.39618,38.08966],[127.39618,38.08972],[127.39611,38.08972]]]}},{"type":"Feature","properties":{"valleyId":"baegun","layer":"cast","date":"2026-08-01","timeLocal":"16:00"},"geometry":{"type":"Polygon","coordinates":[[[127.41961,38.09016],[127.41961,38.09013],[127.4195,38.09012],[127.41948,38.08996],[127.41955,38.08996],[127.41955,38.09003],[127.41968,38.09009],[127.41968,38.09016],[127.41961,38.09016]]]}},{"type":"Feature","properties":{"valleyId":"baegun","layer":"cast","date":"2026-08-01","timeLocal":"16:00"},"geometry":{"type":"Polygon","coordinates":[[[127.4203,38.08986],[127.4203,38.08981],[127.42035,38.08978],[127.42042,38.08978],[127.42039,38.08987],[127.4203,38.08986]]]}},{"type":"Feature","properties":{"valleyId":"baegun","layer":"cast","date":"2026-08-01","timeLocal":"16:00"},"geometry":{"type":"Polygon","coordinates":[[[127.42072,38.08955],[127.42072,38.08949],[127.42079,38.08949],[127.42079,38.08955],[127.42072,38.08955]]]}},{"type":"Feature","properties":{"valleyId":"baegun","layer":"cast","date":"2026-08-01","timeLocal":"16:00"},"geometry":{"type":"Polygon","coordinates":[[[127.42047,38.08952],[127.42047,38.08947],[127.42054,38.08947],[127.42054,38.08953],[127.42047,38.08952]]]}},{"type":"Feature","properties":{"valleyId":"baegun","layer":"cast","date":"2026-08-01","timeLocal":"16:00"},"geometry":{"type":"Polygon","coordinates":[[[127.41616,38.08938],[127.41616,38.0893],[127.41628,38.08931],[127.41628,38.08938],[127.41616,38.08938]]]}},{"type":"Feature","properties":{"valleyId":"baegun","layer":"cast","date":"2026-08-01","timeLocal":"16:00"},"geometry":{"type":"Polygon","coordinates":[[[127.42061,38.08938],[127.42061,38.08931],[127.42068,38.08931],[127.42068,38.08938],[127.42061,38.08938]]]}},{"type":"Feature","properties":{"valleyId":"baegun","layer":"cast","date":"2026-08-01","timeLocal":"16:00"},"geometry":{"type":"Polygon","coordinates":[[[127.42063,38.08947],[127.42063,38.0894],[127.42075,38.0894],[127.42075,38.08928],[127.42082,38.08928],[127.42082,38.08922],[127.42096,38.08922],[127.42095,38.08928],[127.42082,38.08929],[127.42081,38.08942],[127.42077,38.08942],[127.42077,38.08947],[127.42063,38.08947]]]}},{"type":"Feature","properties":{"valleyId":"baegun","layer":"cast","date":"2026-08-01","timeLocal":"16:00"},"geometry":{"type":"Polygon","coordinates":[[[127.41573,38.08923],[127.41573,38.08917],[127.41583,38.08916],[127.41582,38.08923],[127.41573,38.08923]]]}},{"type":"Feature","properties":{"valleyId":"baegun","layer":"cast","date":"2026-08-01","timeLocal":"16:00"},"geometry":{"type":"Polygon","coordinates":[[[127.42809,38.08925],[127.42805,38.08898],[127.4281,38.08894],[127.4281,38.08887],[127.42817,38.08887],[127.42814,38.08905],[127.42819,38.08907],[127.42819,38.0892],[127.42816,38.08925],[127.42809,38.08925]]]}},{"type":"Feature","properties":{"valleyId":"baegun","layer":"cast","date":"2026-08-01","timeLocal":"16:00"},"geometry":{"type":"Polygon","coordinates":[[[127.42329,38.08884],[127.42329,38.08879],[127.42336,38.08879],[127.42336,38.08884],[127.42329,38.08884]]]}},{"type":"Feature","properties":{"valleyId":"baegun","layer":"cast","date":"2026-08-01","timeLocal":"16:00"},"geometry":{"type":"Polygon","coordinates":[[[127.42813,38.08878],[127.42813,38.08864],[127.4282,38.08864],[127.42819,38.08878],[127.42813,38.08878]]]}},{"type":"Feature","properties":{"valleyId":"baegun","layer":"cast","date":"2026-08-01","timeLocal":"16:00"},"geometry":{"type":"Polygon","coordinates":[[[127.42318,38.08879],[127.42318,38.08868],[127.42311,38.0886],[127.42311,38.0885],[127.42321,38.0885],[127.42321,38.08843],[127.4233,38.08843],[127.4233,38.08857],[127.42323,38.08857],[127.42323,38.08862],[127.42329,38.08866],[127.42329,38.08879],[127.42318,38.08879]]]}},{"type":"Feature","properties":{"valleyId":"baegun","layer":"cast","date":"2026-08-01","timeLocal":"16:00"},"geometry":{"type":"Polygon","coordinates":[[[127.41635,38.08833],[127.41635,38.08828],[127.41641,38.08828],[127.41641,38.08833],[127.41635,38.08833]]]}},{"type":"Feature","properties":{"valleyId":"baegun","layer":"cast","date":"2026-08-01","timeLocal":"16:00"},"geometry":{"type":"Polygon","coordinates":[[[127.41701,38.08831],[127.41701,38.08818],[127.41708,38.08818],[127.41708,38.08831],[127.41701,38.08831]]]}},{"type":"Feature","properties":{"valleyId":"baegun","layer":"cast","date":"2026-08-01","timeLocal":"16:00"},"geometry":{"type":"Polygon","coordinates":[[[127.41409,38.08814],[127.41402,38.08807],[127.41403,38.08801],[127.41419,38.08802],[127.41418,38.08814],[127.41409,38.08814]]]}},{"type":"Feature","properties":{"valleyId":"baegun","layer":"cast","date":"2026-08-01","timeLocal":"16:00"},"geometry":{"type":"Polygon","coordinates":[[[127.41389,38.08805],[127.41389,38.08799],[127.41398,38.088],[127.41398,38.08805],[127.41389,38.08805]]]}},{"type":"Feature","properties":{"valleyId":"baegun","layer":"cast","date":"2026-08-01","timeLocal":"16:00"},"geometry":{"type":"Polygon","coordinates":[[[127.41656,38.08796],[127.41658,38.08785],[127.4167,38.08785],[127.4167,38.08796],[127.41656,38.08796]]]}},{"type":"Feature","properties":{"valleyId":"baegun","layer":"cast","date":"2026-08-01","timeLocal":"16:00"},"geometry":{"type":"Polygon","coordinates":[[[127.42834,38.08837],[127.42837,38.08819],[127.42846,38.08812],[127.42851,38.08799],[127.42858,38.08799],[127.42857,38.08812],[127.42855,38.08815],[127.4285,38.08815],[127.4285,38.08821],[127.42846,38.08821],[127.42843,38.08835],[127.42834,38.08837]]]}},{"type":"Feature","properties":{"valleyId":"baegun","layer":"cast","date":"2026-08-01","timeLocal":"16:00"},"geometry":{"type":"Polygon","coordinates":[[[127.41679,38.08785],[127.41679,38.08762],[127.41688,38.08762],[127.41688,38.08773],[127.41693,38.08773],[127.41693,38.08782],[127.41688,38.08782],[127.41688,38.08785],[127.41679,38.08785]]]}},{"type":"Feature","properties":{"valleyId":"baegun","layer":"cast","date":"2026-08-01","timeLocal":"16:00"},"geometry":{"type":"Polygon","coordinates":[[[127.41798,38.0876],[127.41798,38.08753],[127.4181,38.08753],[127.41809,38.0876],[127.41798,38.0876]]]}},{"type":"Feature","properties":{"valleyId":"baegun","layer":"cast","date":"2026-08-01","timeLocal":"16:00"},"geometry":{"type":"Polygon","coordinates":[[[127.41691,38.08766],[127.41691,38.0876],[127.41695,38.08757],[127.41702,38.08757],[127.41702,38.0875],[127.41709,38.0875],[127.41709,38.08759],[127.41702,38.08759],[127.41702,38.08766],[127.41691,38.08766]]]}},{"type":"Feature","properties":{"valleyId":"baegun","layer":"cast","date":"2026-08-01","timeLocal":"16:00"},"geometry":{"type":"Polygon","coordinates":[[[127.42802,38.08744],[127.42802,38.08737],[127.42809,38.08737],[127.42809,38.08745],[127.42802,38.08744]]]}},{"type":"Feature","properties":{"valleyId":"baegun","layer":"cast","date":"2026-08-01","timeLocal":"16:00"},"geometry":{"type":"Polygon","coordinates":[[[127.41876,38.08743],[127.41876,38.08723],[127.41883,38.08723],[127.41885,38.08741],[127.41876,38.08743]]]}},{"type":"Feature","properties":{"valleyId":"baegun","layer":"cast","date":"2026-08-01","timeLocal":"16:00"},"geometry":{"type":"Polygon","coordinates":[[[127.42589,38.08788],[127.42592,38.0876],[127.42599,38.08754],[127.42594,38.08738],[127.42599,38.08731],[127.42608,38.08731],[127.42605,38.08758],[127.42598,38.08763],[127.42598,38.08783],[127.42596,38.08789],[127.42589,38.08788]]]}},{"type":"Feature","properties":{"valleyId":"baegun","layer":"cast","date":"2026-08-01","timeLocal":"16:00"},"geometry":{"type":"Polygon","coordinates":[[[127.42797,38.08734],[127.42798,38.08728],[127.42804,38.08728],[127.42804,38.08734],[127.42797,38.08734]]]}},{"type":"Feature","properties":{"valleyId":"baegun","layer":"cast","date":"2026-08-01","timeLocal":"16:00"},"geometry":{"type":"Polygon","coordinates":[[[127.42839,38.08693],[127.42839,38.08687],[127.42846,38.08687],[127.42846,38.08693],[127.42839,38.08693]]]}},{"type":"Feature","properties":{"valleyId":"baegun","layer":"cast","date":"2026-08-01","timeLocal":"16:00"},"geometry":{"type":"Polygon","coordinates":[[[127.4283,38.08685],[127.4283,38.08682],[127.42826,38.0868],[127.42826,38.08675],[127.42833,38.08675],[127.42837,38.08678],[127.42837,38.08685],[127.4283,38.08685]]]}},{"type":"Feature","properties":{"valleyId":"baegun","layer":"cast","date":"2026-08-01","timeLocal":"16:00"},"geometry":{"type":"Polygon","coordinates":[[[127.42204,38.0865],[127.42204,38.08637],[127.42211,38.08637],[127.42213,38.08646],[127.42211,38.0865],[127.42204,38.0865]]]}},{"type":"Feature","properties":{"valleyId":"baegun","layer":"cast","date":"2026-08-01","timeLocal":"16:00"},"geometry":{"type":"Polygon","coordinates":[[[127.4284,38.08648],[127.42834,38.0864],[127.42834,38.08635],[127.42841,38.08635],[127.42847,38.08641],[127.42847,38.08648],[127.4284,38.08648]]]}},{"type":"Feature","properties":{"valleyId":"baegun","layer":"cast","date":"2026-08-01","timeLocal":"16:00"},"geometry":{"type":"Polygon","coordinates":[[[127.41894,38.08646],[127.41897,38.08631],[127.41906,38.0863],[127.41911,38.08617],[127.41917,38.08617],[127.41919,38.08632],[127.41906,38.08635],[127.41905,38.08642],[127.41901,38.08642],[127.41901,38.08646],[127.41894,38.08646]]]}},{"type":"Feature","properties":{"valleyId":"baegun","layer":"cast","date":"2026-08-01","timeLocal":"16:00"},"geometry":{"type":"Polygon","coordinates":[[[127.42872,38.08635],[127.4287,38.08628],[127.4288,38.08627],[127.42882,38.08636],[127.42872,38.08635]]]}},{"type":"Feature","properties":{"valleyId":"baegun","layer":"cast","date":"2026-08-01","timeLocal":"16:00"},"geometry":{"type":"Polygon","coordinates":[[[127.39745,38.08575],[127.39745,38.0857],[127.39752,38.0857],[127.39752,38.08575],[127.39745,38.08575]]]}},{"type":"Feature","properties":{"valleyId":"baegun","layer":"cast","date":"2026-08-01","timeLocal":"16:00"},"geometry":{"type":"Polygon","coordinates":[[[127.39446,38.08569],[127.39447,38.08562],[127.39453,38.08562],[127.39453,38.08569],[127.39446,38.08569]]]}},{"type":"Feature","properties":{"valleyId":"baegun","layer":"cast","date":"2026-08-01","timeLocal":"16:00"},"geometry":{"type":"Polygon","coordinates":[[[127.40843,38.08547],[127.40843,38.08541],[127.40849,38.08542],[127.40849,38.08547],[127.40843,38.08547]]]}},{"type":"Feature","properties":{"valleyId":"baegun","layer":"cast","date":"2026-08-01","timeLocal":"16:00"},"geometry":{"type":"Polygon","coordinates":[[[127.43574,38.08589],[127.43574,38.08584],[127.43581,38.08582],[127.43581,38.08578],[127.43585,38.08578],[127.43585,38.08571],[127.43594,38.08571],[127.43594,38.0858],[127.4359,38.0858],[127.4359,38.08584],[127.43583,38.08584],[127.43583,38.08589],[127.43574,38.08589]]]}},{"type":"Feature","properties":{"valleyId":"baegun","layer":"cast","date":"2026-08-01","timeLocal":"16:00"},"geometry":{"type":"Polygon","coordinates":[[[127.42015,38.08545],[127.42015,38.08534],[127.42022,38.08534],[127.42022,38.08545],[127.42015,38.08545]]]}},{"type":"Feature","properties":{"valleyId":"baegun","layer":"cast","date":"2026-08-01","timeLocal":"16:00"},"geometry":{"type":"Polygon","coordinates":[[[127.42662,38.08541],[127.42663,38.0853],[127.42672,38.0853],[127.42672,38.08541],[127.42662,38.08541]]]}},{"type":"Feature","properties":{"valleyId":"baegun","layer":"cast","date":"2026-08-01","timeLocal":"16:00"},"geometry":{"type":"Polygon","coordinates":[[[127.43807,38.08538],[127.43807,38.08533],[127.43814,38.08533],[127.43814,38.08538],[127.43807,38.08538]]]}},{"type":"Feature","properties":{"valleyId":"baegun","layer":"cast","date":"2026-08-01","timeLocal":"16:00"},"geometry":{"type":"Polygon","coordinates":[[[127.39482,38.08409],[127.39482,38.08404],[127.39489,38.08404],[127.39489,38.08409],[127.39482,38.08409]]]}},{"type":"Feature","properties":{"valleyId":"baegun","layer":"cast","date":"2026-08-01","timeLocal":"16:00"},"geometry":{"type":"Polygon","coordinates":[[[127.41919,38.08442],[127.41919,38.08437],[127.41928,38.08435],[127.41928,38.08441],[127.41919,38.08442]]]}},{"type":"Feature","properties":{"valleyId":"baegun","layer":"cast","date":"2026-08-01","timeLocal":"16:00"},"geometry":{"type":"Polygon","coordinates":[[[127.43189,38.08445],[127.43189,38.0844],[127.43196,38.0844],[127.43196,38.08445],[127.43189,38.08445]]]}},{"type":"Feature","properties":{"valleyId":"baegun","layer":"cast","date":"2026-08-01","timeLocal":"16:00"},"geometry":{"type":"Polygon","coordinates":[[[127.43822,38.08473],[127.43823,38.08444],[127.4383,38.08445],[127.43829,38.08473],[127.43822,38.08473]]]}},{"type":"Feature","properties":{"valleyId":"baegun","layer":"cast","date":"2026-08-01","timeLocal":"16:00"},"geometry":{"type":"Polygon","coordinates":[[[127.43548,38.0839],[127.43548,38.0838],[127.43555,38.0838],[127.43562,38.08385],[127.43562,38.08391],[127.43548,38.0839]]]}},{"type":"Feature","properties":{"valleyId":"baegun","layer":"cast","date":"2026-08-01","timeLocal":"16:00"},"geometry":{"type":"Polygon","coordinates":[[[127.39443,38.0833],[127.39443,38.08304],[127.3945,38.08304],[127.39454,38.08324],[127.39452,38.0833],[127.39443,38.0833]]]}},{"type":"Feature","properties":{"valleyId":"baegun","layer":"cast","date":"2026-08-01","timeLocal":"16:00"},"geometry":{"type":"Polygon","coordinates":[[[127.39445,38.08303],[127.39446,38.08295],[127.39453,38.08288],[127.39453,38.08279],[127.3946,38.08279],[127.39459,38.08294],[127.39452,38.08303],[127.39445,38.08303]]]}},{"type":"Feature","properties":{"valleyId":"baegun","layer":"cast","date":"2026-08-01","timeLocal":"16:00"},"geometry":{"type":"Polygon","coordinates":[[[127.3946,38.08274],[127.3946,38.08269],[127.39467,38.08269],[127.39467,38.08274],[127.3946,38.08274]]]}},{"type":"Feature","properties":{"valleyId":"baegun","layer":"cast","date":"2026-08-01","timeLocal":"16:00"},"geometry":{"type":"Polygon","coordinates":[[[127.3946,38.08263],[127.3946,38.08254],[127.39467,38.08254],[127.39467,38.08263],[127.3946,38.08263]]]}},{"type":"Feature","properties":{"valleyId":"baegun","layer":"cast","date":"2026-08-01","timeLocal":"16:00"},"geometry":{"type":"Polygon","coordinates":[[[127.39456,38.08245],[127.39454,38.08243],[127.39452,38.08229],[127.39463,38.08231],[127.39463,38.08245],[127.39456,38.08245]]]}},{"type":"Feature","properties":{"valleyId":"baegun","layer":"cast","date":"2026-08-01","timeLocal":"16:00"},"geometry":{"type":"Polygon","coordinates":[[[127.43741,38.08213],[127.43741,38.08204],[127.43748,38.08204],[127.43748,38.08213],[127.43741,38.08213]]]}},{"type":"Feature","properties":{"valleyId":"baegun","layer":"cast","date":"2026-08-01","timeLocal":"16:00"},"geometry":{"type":"Polygon","coordinates":[[[127.39425,38.08097],[127.39425,38.0809],[127.39432,38.0809],[127.39432,38.08097],[127.39425,38.08097]]]}},{"type":"Feature","properties":{"valleyId":"baegun","layer":"cast","date":"2026-08-01","timeLocal":"16:00"},"geometry":{"type":"Polygon","coordinates":[[[127.42573,38.0813],[127.42573,38.08125],[127.4258,38.08125],[127.4258,38.0813],[127.42573,38.0813]]]}},{"type":"Feature","properties":{"valleyId":"baegun","layer":"cast","date":"2026-08-01","timeLocal":"16:00"},"geometry":{"type":"Polygon","coordinates":[[[127.41481,38.08127],[127.41484,38.08107],[127.41491,38.08107],[127.41488,38.08127],[127.41481,38.08127]]]}},{"type":"Feature","properties":{"valleyId":"baegun","layer":"cast","date":"2026-08-01","timeLocal":"16:00"},"geometry":{"type":"Polygon","coordinates":[[[127.4374,38.08142],[127.43741,38.08135],[127.43747,38.08135],[127.43747,38.08142],[127.4374,38.08142]]]}},{"type":"Feature","properties":{"valleyId":"baegun","layer":"cast","date":"2026-08-01","timeLocal":"16:00"},"geometry":{"type":"Polygon","coordinates":[[[127.41456,38.08106],[127.41456,38.08101],[127.41463,38.08101],[127.41463,38.08106],[127.41456,38.08106]]]}},{"type":"Feature","properties":{"valleyId":"baegun","layer":"cast","date":"2026-08-01","timeLocal":"16:00"},"geometry":{"type":"Polygon","coordinates":[[[127.39396,38.08078],[127.39396,38.08071],[127.39403,38.08071],[127.39402,38.08078],[127.39396,38.08078]]]}},{"type":"Feature","properties":{"valleyId":"baegun","layer":"cast","date":"2026-08-01","timeLocal":"16:00"},"geometry":{"type":"Polygon","coordinates":[[[127.41523,38.08104],[127.41523,38.08098],[127.41532,38.08098],[127.41532,38.08104],[127.41523,38.08104]]]}},{"type":"Feature","properties":{"valleyId":"baegun","layer":"cast","date":"2026-08-01","timeLocal":"16:00"},"geometry":{"type":"Polygon","coordinates":[[[127.42576,38.08118],[127.42576,38.08098],[127.42583,38.08098],[127.42583,38.08118],[127.42576,38.08118]]]}},{"type":"Feature","properties":{"valleyId":"baegun","layer":"cast","date":"2026-08-01","timeLocal":"16:00"},"geometry":{"type":"Polygon","coordinates":[[[127.41391,38.08078],[127.41391,38.08073],[127.414,38.08071],[127.414,38.08079],[127.41391,38.08078]]]}},{"type":"Feature","properties":{"valleyId":"baegun","layer":"cast","date":"2026-08-01","timeLocal":"16:00"},"geometry":{"type":"Polygon","coordinates":[[[127.42574,38.08094],[127.42572,38.08085],[127.42579,38.08085],[127.42581,38.08094],[127.42574,38.08094]]]}},{"type":"Feature","properties":{"valleyId":"baegun","layer":"cast","date":"2026-08-01","timeLocal":"16:00"},"geometry":{"type":"Polygon","coordinates":[[[127.41409,38.08071],[127.41409,38.08066],[127.41416,38.08066],[127.41416,38.08072],[127.41409,38.08071]]]}},{"type":"Feature","properties":{"valleyId":"baegun","layer":"cast","date":"2026-08-01","timeLocal":"16:00"},"geometry":{"type":"Polygon","coordinates":[[[127.4257,38.08083],[127.42568,38.08074],[127.42574,38.08075],[127.42576,38.08084],[127.4257,38.08083]]]}},{"type":"Feature","properties":{"valleyId":"baegun","layer":"cast","date":"2026-08-01","timeLocal":"16:00"},"geometry":{"type":"Polygon","coordinates":[[[127.41665,38.08064],[127.41665,38.08053],[127.41674,38.08053],[127.41672,38.08064],[127.41665,38.08064]]]}},{"type":"Feature","properties":{"valleyId":"baegun","layer":"cast","date":"2026-08-01","timeLocal":"16:00"},"geometry":{"type":"Polygon","coordinates":[[[127.4373,38.08079],[127.43731,38.08072],[127.43744,38.0807],[127.43744,38.08076],[127.43739,38.08079],[127.4373,38.08079]]]}},{"type":"Feature","properties":{"valleyId":"baegun","layer":"cast","date":"2026-08-01","timeLocal":"16:00"},"geometry":{"type":"Polygon","coordinates":[[[127.41963,38.08065],[127.41964,38.08056],[127.41957,38.08052],[127.41957,38.08046],[127.41971,38.08047],[127.41975,38.0805],[127.41975,38.08063],[127.41963,38.08065]]]}},{"type":"Feature","properties":{"valleyId":"baegun","layer":"cast","date":"2026-08-01","timeLocal":"16:00"},"geometry":{"type":"Polygon","coordinates":[[[127.40603,38.08026],[127.40603,38.08021],[127.40612,38.08019],[127.40612,38.08025],[127.40603,38.08026]]]}},{"type":"Feature","properties":{"valleyId":"baegun","layer":"cast","date":"2026-08-01","timeLocal":"16:00"},"geometry":{"type":"Polygon","coordinates":[[[127.4149,38.08033],[127.4149,38.08026],[127.41501,38.08024],[127.41501,38.08033],[127.4149,38.08033]]]}},{"type":"Feature","properties":{"valleyId":"baegun","layer":"cast","date":"2026-08-01","timeLocal":"16:00"},"geometry":{"type":"Polygon","coordinates":[[[127.42001,38.08027],[127.42001,38.0802],[127.42008,38.0802],[127.42008,38.08027],[127.42001,38.08027]]]}},{"type":"Feature","properties":{"valleyId":"baegun","layer":"cast","date":"2026-08-01","timeLocal":"16:00"},"geometry":{"type":"Polygon","coordinates":[[[127.41538,38.08017],[127.41538,38.08012],[127.41545,38.08012],[127.41545,38.08017],[127.41538,38.08017]]]}},{"type":"Feature","properties":{"valleyId":"baegun","layer":"cast","date":"2026-08-01","timeLocal":"16:00"},"geometry":{"type":"Polygon","coordinates":[[[127.43731,38.08059],[127.43731,38.08043],[127.43727,38.08043],[127.43727,38.08032],[127.43734,38.08032],[127.43736,38.08041],[127.43745,38.08042],[127.43745,38.08058],[127.43731,38.08059]]]}},{"type":"Feature","properties":{"valleyId":"baegun","layer":"cast","date":"2026-08-01","timeLocal":"16:00"},"geometry":{"type":"Polygon","coordinates":[[[127.41545,38.0801],[127.41545,38.08003],[127.41557,38.08005],[127.41556,38.0801],[127.41545,38.0801]]]}},{"type":"Feature","properties":{"valleyId":"baegun","layer":"cast","date":"2026-08-01","timeLocal":"16:00"},"geometry":{"type":"Polygon","coordinates":[[[127.41484,38.08011],[127.41481,38.08008],[127.41474,38.08007],[127.41475,38.08],[127.41491,38.08],[127.4149,38.08011],[127.41484,38.08011]]]}},{"type":"Feature","properties":{"valleyId":"baegun","layer":"cast","date":"2026-08-01","timeLocal":"16:00"},"geometry":{"type":"Polygon","coordinates":[[[127.41454,38.08002],[127.41454,38.07996],[127.41466,38.07997],[127.41465,38.08002],[127.41454,38.08002]]]}},{"type":"Feature","properties":{"valleyId":"baegun","layer":"cast","date":"2026-08-01","timeLocal":"16:00"},"geometry":{"type":"Polygon","coordinates":[[[127.41593,38.08002],[127.41593,38.07996],[127.416,38.07997],[127.416,38.08002],[127.41593,38.08002]]]}},{"type":"Feature","properties":{"valleyId":"baegun","layer":"cast","date":"2026-08-01","timeLocal":"16:00"},"geometry":{"type":"Polygon","coordinates":[[[127.43718,38.08032],[127.43718,38.08021],[127.43725,38.08021],[127.43725,38.08032],[127.43718,38.08032]]]}},{"type":"Feature","properties":{"valleyId":"baegun","layer":"cast","date":"2026-08-01","timeLocal":"16:00"},"geometry":{"type":"Polygon","coordinates":[[[127.41518,38.07999],[127.41518,38.07994],[127.41523,38.07994],[127.41523,38.07985],[127.41534,38.07985],[127.41534,38.07999],[127.41518,38.07999]]]}},{"type":"Feature","properties":{"valleyId":"baegun","layer":"cast","date":"2026-08-01","timeLocal":"16:00"},"geometry":{"type":"Polygon","coordinates":[[[127.43732,38.08022],[127.43732,38.08011],[127.43746,38.08011],[127.43745,38.08022],[127.43732,38.08022]]]}},{"type":"Feature","properties":{"valleyId":"baegun","layer":"cast","date":"2026-08-01","timeLocal":"16:00"},"geometry":{"type":"Polygon","coordinates":[[[127.41461,38.07989],[127.41461,38.0798],[127.41468,38.0798],[127.41468,38.07989],[127.41461,38.07989]]]}},{"type":"Feature","properties":{"valleyId":"baegun","layer":"cast","date":"2026-08-01","timeLocal":"16:00"},"geometry":{"type":"Polygon","coordinates":[[[127.43757,38.08029],[127.43757,38.08011],[127.43764,38.08011],[127.43764,38.08006],[127.43773,38.08006],[127.43773,38.08013],[127.43764,38.08013],[127.43763,38.08029],[127.43757,38.08029]]]}},{"type":"Feature","properties":{"valleyId":"baegun","layer":"cast","date":"2026-08-01","timeLocal":"16:00"},"geometry":{"type":"Polygon","coordinates":[[[127.41468,38.0798],[127.41471,38.0797],[127.4148,38.0797],[127.41477,38.0798],[127.41468,38.0798]]]}},{"type":"Feature","properties":{"valleyId":"baegun","layer":"cast","date":"2026-08-01","timeLocal":"16:00"},"geometry":{"type":"Polygon","coordinates":[[[127.41585,38.0798],[127.41585,38.07971],[127.41594,38.07971],[127.41594,38.07978],[127.41585,38.0798]]]}},{"type":"Feature","properties":{"valleyId":"baegun","layer":"cast","date":"2026-08-01","timeLocal":"16:00"},"geometry":{"type":"Polygon","coordinates":[[[127.41601,38.07964],[127.41603,38.07955],[127.4161,38.07955],[127.4161,38.07964],[127.41601,38.07964]]]}},{"type":"Feature","properties":{"valleyId":"baegun","layer":"cast","date":"2026-08-01","timeLocal":"16:00"},"geometry":{"type":"Polygon","coordinates":[[[127.43691,38.07981],[127.43692,38.07976],[127.43701,38.07974],[127.43701,38.07981],[127.43691,38.07981]]]}},{"type":"Feature","properties":{"valleyId":"baegun","layer":"cast","date":"2026-08-01","timeLocal":"16:00"},"geometry":{"type":"Polygon","coordinates":[[[127.39318,38.07958],[127.39314,38.07949],[127.39315,38.07915],[127.39324,38.07913],[127.39325,38.07958],[127.39318,38.07958]]]}},{"type":"Feature","properties":{"valleyId":"baegun","layer":"cast","date":"2026-08-01","timeLocal":"16:00"},"geometry":{"type":"Polygon","coordinates":[[[127.39293,38.07888],[127.39293,38.07881],[127.39302,38.07879],[127.39302,38.07888],[127.39293,38.07888]]]}},{"type":"Feature","properties":{"valleyId":"baegun","layer":"cast","date":"2026-08-01","timeLocal":"16:00"},"geometry":{"type":"Polygon","coordinates":[[[127.41961,38.07983],[127.4195,38.07963],[127.4195,38.07935],[127.41957,38.07922],[127.4196,38.079],[127.41967,38.07901],[127.41971,38.07929],[127.41966,38.07935],[127.41968,38.07955],[127.41963,38.07969],[127.41968,38.07983],[127.41961,38.07983]]]}},{"type":"Feature","properties":{"valleyId":"baegun","layer":"cast","date":"2026-08-01","timeLocal":"16:00"},"geometry":{"type":"Polygon","coordinates":[[[127.41951,38.07891],[127.41949,38.07882],[127.41956,38.07882],[127.41958,38.07891],[127.41951,38.07891]]]}},{"type":"Feature","properties":{"valleyId":"baegun","layer":"cast","date":"2026-08-01","timeLocal":"16:00"},"geometry":{"type":"Polygon","coordinates":[[[127.41942,38.07879],[127.41943,38.0787],[127.41949,38.0787],[127.41949,38.07879],[127.41942,38.07879]]]}},{"type":"Feature","properties":{"valleyId":"baegun","layer":"cast","date":"2026-08-01","timeLocal":"16:00"},"geometry":{"type":"Polygon","coordinates":[[[127.41997,38.07883],[127.41997,38.07878],[127.41993,38.07867],[127.42006,38.07869],[127.42006,38.07879],[127.42004,38.07883],[127.41997,38.07883]]]}},{"type":"Feature","properties":{"valleyId":"baegun","layer":"cast","date":"2026-08-01","timeLocal":"16:00"},"geometry":{"type":"Polygon","coordinates":[[[127.43698,38.07864],[127.43699,38.07859],[127.43708,38.07859],[127.43708,38.07864],[127.43698,38.07864]]]}},{"type":"Feature","properties":{"valleyId":"baegun","layer":"cast","date":"2026-08-01","timeLocal":"16:00"},"geometry":{"type":"Polygon","coordinates":[[[127.40908,38.07827],[127.40908,38.0782],[127.40915,38.0782],[127.40915,38.07827],[127.40908,38.07827]]]}},{"type":"Feature","properties":{"valleyId":"baegun","layer":"cast","date":"2026-08-01","timeLocal":"16:00"},"geometry":{"type":"Polygon","coordinates":[[[127.40946,38.07753],[127.40947,38.07748],[127.40956,38.07746],[127.40956,38.07752],[127.40946,38.07753]]]}},{"type":"Feature","properties":{"valleyId":"baegun","layer":"cast","date":"2026-08-01","timeLocal":"16:00"},"geometry":{"type":"Polygon","coordinates":[[[127.43697,38.07742],[127.43697,38.07736],[127.43703,38.07736],[127.43703,38.07742],[127.43697,38.07742]]]}},{"type":"Feature","properties":{"valleyId":"baegun","layer":"cast","date":"2026-08-01","timeLocal":"16:00"},"geometry":{"type":"Polygon","coordinates":[[[127.41723,38.07685],[127.41723,38.07677],[127.4173,38.07677],[127.4173,38.07685],[127.41723,38.07685]]]}},{"type":"Feature","properties":{"valleyId":"baegun","layer":"cast","date":"2026-08-01","timeLocal":"16:00"},"geometry":{"type":"Polygon","coordinates":[[[127.41688,38.07643],[127.41688,38.07635],[127.41695,38.07636],[127.41694,38.07643],[127.41688,38.07643]]]}},{"type":"Feature","properties":{"valleyId":"baegun","layer":"cast","date":"2026-08-01","timeLocal":"16:00"},"geometry":{"type":"Polygon","coordinates":[[[127.41679,38.07632],[127.41679,38.07628],[127.41674,38.07626],[127.41674,38.07619],[127.41686,38.07619],[127.41686,38.07632],[127.41679,38.07632]]]}},{"type":"Feature","properties":{"valleyId":"baegun","layer":"cast","date":"2026-08-01","timeLocal":"16:00"},"geometry":{"type":"Polygon","coordinates":[[[127.41659,38.0761],[127.41659,38.07604],[127.41666,38.07605],[127.41665,38.0761],[127.41659,38.0761]]]}},{"type":"Feature","properties":{"valleyId":"baegun","layer":"cast","date":"2026-08-01","timeLocal":"16:00"},"geometry":{"type":"Polygon","coordinates":[[[127.40535,38.07573],[127.40535,38.07568],[127.4054,38.07564],[127.40547,38.07564],[127.40547,38.0757],[127.40542,38.07573],[127.40535,38.07573]]]}},{"type":"Feature","properties":{"valleyId":"baegun","layer":"cast","date":"2026-08-01","timeLocal":"16:00"},"geometry":{"type":"Polygon","coordinates":[[[127.41487,38.07413],[127.41487,38.07407],[127.41494,38.07408],[127.41494,38.07413],[127.41487,38.07413]]]}},{"type":"Feature","properties":{"valleyId":"baegun","layer":"cast","date":"2026-08-01","timeLocal":"16:00"},"geometry":{"type":"Polygon","coordinates":[[[127.41846,38.07356],[127.41847,38.07351],[127.41853,38.07351],[127.41853,38.07357],[127.41846,38.07356]]]}},{"type":"Feature","properties":{"valleyId":"baegun","layer":"cast","date":"2026-08-01","timeLocal":"16:00"},"geometry":{"type":"Polygon","coordinates":[[[127.41854,38.07331],[127.41854,38.07326],[127.41861,38.07326],[127.41861,38.07331],[127.41854,38.07331]]]}},{"type":"Feature","properties":{"valleyId":"baegun","layer":"cast","date":"2026-08-01","timeLocal":"16:00"},"geometry":{"type":"Polygon","coordinates":[[[127.41307,38.07315],[127.41307,38.07308],[127.41314,38.07308],[127.41314,38.07315],[127.41307,38.07315]]]}},{"type":"Feature","properties":{"valleyId":"baegun","layer":"cast","date":"2026-08-01","timeLocal":"16:00"},"geometry":{"type":"Polygon","coordinates":[[[127.41228,38.07265],[127.41231,38.07258],[127.4124,38.07258],[127.41237,38.07265],[127.41228,38.07265]]]}},{"type":"Feature","properties":{"valleyId":"baegun","layer":"cast","date":"2026-08-01","timeLocal":"16:00"},"geometry":{"type":"Polygon","coordinates":[[[127.40597,38.07258],[127.40595,38.07249],[127.40599,38.07248],[127.40602,38.0724],[127.40609,38.07241],[127.40608,38.07255],[127.40604,38.07255],[127.40604,38.07259],[127.40597,38.07258]]]}},{"type":"Feature","properties":{"valleyId":"baegun","layer":"cast","date":"2026-08-01","timeLocal":"16:00"},"geometry":{"type":"Polygon","coordinates":[[[127.40588,38.07231],[127.40589,38.07215],[127.40596,38.07215],[127.40595,38.07231],[127.40588,38.07231]]]}},{"type":"Feature","properties":{"valleyId":"baegun","layer":"cast","date":"2026-08-01","timeLocal":"16:00"},"geometry":{"type":"Polygon","coordinates":[[[127.39315,38.07194],[127.39315,38.07187],[127.39322,38.07187],[127.39321,38.07194],[127.39315,38.07194]]]}},{"type":"Feature","properties":{"valleyId":"baegun","layer":"cast","date":"2026-08-01","timeLocal":"16:00"},"geometry":{"type":"Polygon","coordinates":[[[127.4058,38.07208],[127.4058,38.07202],[127.40589,38.07201],[127.40589,38.07208],[127.4058,38.07208]]]}},{"type":"Feature","properties":{"valleyId":"baegun","layer":"cast","date":"2026-08-01","timeLocal":"16:00"},"geometry":{"type":"Polygon","coordinates":[[[127.40587,38.07199],[127.40587,38.07193],[127.40594,38.07194],[127.40594,38.07199],[127.40587,38.07199]]]}},{"type":"Feature","properties":{"valleyId":"baegun","layer":"cast","date":"2026-08-01","timeLocal":"16:00"},"geometry":{"type":"Polygon","coordinates":[[[127.39274,38.07167],[127.39275,38.07149],[127.39279,38.07149],[127.39281,38.07165],[127.39274,38.07167]]]}},{"type":"Feature","properties":{"valleyId":"baegun","layer":"cast","date":"2026-08-01","timeLocal":"16:00"},"geometry":{"type":"Polygon","coordinates":[[[127.40576,38.07168],[127.40574,38.07154],[127.40583,38.07154],[127.40583,38.07168],[127.40576,38.07168]]]}},{"type":"Feature","properties":{"valleyId":"baegun","layer":"cast","date":"2026-08-01","timeLocal":"16:00"},"geometry":{"type":"Polygon","coordinates":[[[127.40579,38.07139],[127.40579,38.07125],[127.40586,38.07125],[127.40586,38.07139],[127.40579,38.07139]]]}},{"type":"Feature","properties":{"valleyId":"baegun","layer":"cast","date":"2026-08-01","timeLocal":"16:00"},"geometry":{"type":"Polygon","coordinates":[[[127.40605,38.07113],[127.40603,38.07098],[127.40609,38.07098],[127.40611,38.07113],[127.40605,38.07113]]]}},{"type":"Feature","properties":{"valleyId":"baegun","layer":"cast","date":"2026-08-01","timeLocal":"16:00"},"geometry":{"type":"Polygon","coordinates":[[[127.40598,38.07094],[127.40594,38.07087],[127.40596,38.07076],[127.40592,38.07073],[127.40592,38.07067],[127.40599,38.07067],[127.40599,38.07071],[127.40603,38.07073],[127.40605,38.07095],[127.40598,38.07094]]]}},{"type":"Feature","properties":{"valleyId":"baegun","layer":"cast","date":"2026-08-01","timeLocal":"16:00"},"geometry":{"type":"Polygon","coordinates":[[[127.39942,38.07062],[127.39942,38.07053],[127.39952,38.07053],[127.39954,38.0706],[127.39942,38.07062]]]}},{"type":"Feature","properties":{"valleyId":"baegun","layer":"cast","date":"2026-08-01","timeLocal":"16:00"},"geometry":{"type":"Polygon","coordinates":[[[127.40583,38.07062],[127.40583,38.07056],[127.40574,38.07056],[127.40567,38.07051],[127.40567,38.07045],[127.40579,38.07046],[127.40583,38.07055],[127.4059,38.07055],[127.4059,38.07062],[127.40583,38.07062]]]}},{"type":"Feature","properties":{"valleyId":"baegun","layer":"cast","date":"2026-08-01","timeLocal":"16:00"},"geometry":{"type":"Polygon","coordinates":[[[127.41224,38.07045],[127.41224,38.0704],[127.41231,38.0704],[127.41231,38.07045],[127.41224,38.07045]]]}},{"type":"Feature","properties":{"valleyId":"baegun","layer":"cast","date":"2026-08-01","timeLocal":"16:00"},"geometry":{"type":"Polygon","coordinates":[[[127.40554,38.07038],[127.40552,38.07029],[127.40559,38.07029],[127.40561,38.07038],[127.40554,38.07038]]]}},{"type":"Feature","properties":{"valleyId":"baegun","layer":"cast","date":"2026-08-01","timeLocal":"16:00"},"geometry":{"type":"Polygon","coordinates":[[[127.4008,38.07012],[127.4008,38.07006],[127.40089,38.07006],[127.40089,38.07012],[127.4008,38.07012]]]}},{"type":"Feature","properties":{"valleyId":"baegun","layer":"cast","date":"2026-08-01","timeLocal":"16:00"},"geometry":{"type":"Polygon","coordinates":[[[127.3985,38.07007],[127.3985,38.07001],[127.39857,38.07001],[127.39857,38.07007],[127.3985,38.07007]]]}},{"type":"Feature","properties":{"valleyId":"baegun","layer":"cast","date":"2026-08-01","timeLocal":"16:00"},"geometry":{"type":"Polygon","coordinates":[[[127.42335,38.07012],[127.42335,38.07003],[127.42342,38.07003],[127.42342,38.07012],[127.42335,38.07012]]]}},{"type":"Feature","properties":{"valleyId":"baegun","layer":"cast","date":"2026-08-01","timeLocal":"16:00"},"geometry":{"type":"Polygon","coordinates":[[[127.40532,38.06973],[127.40533,38.06967],[127.40539,38.06967],[127.40539,38.06973],[127.40532,38.06973]]]}},{"type":"Feature","properties":{"valleyId":"baegun","layer":"cast","date":"2026-08-01","timeLocal":"16:00"},"geometry":{"type":"Polygon","coordinates":[[[127.41241,38.06979],[127.41241,38.06973],[127.41248,38.06973],[127.41248,38.06979],[127.41241,38.06979]]]}},{"type":"Feature","properties":{"valleyId":"baegun","layer":"cast","date":"2026-08-01","timeLocal":"16:00"},"geometry":{"type":"Polygon","coordinates":[[[127.40496,38.06963],[127.40494,38.06954],[127.40503,38.06954],[127.40503,38.06963],[127.40496,38.06963]]]}},{"type":"Feature","properties":{"valleyId":"baegun","layer":"cast","date":"2026-08-01","timeLocal":"16:00"},"geometry":{"type":"Polygon","coordinates":[[[127.41244,38.06972],[127.41244,38.06946],[127.41251,38.06946],[127.41251,38.06972],[127.41244,38.06972]]]}},{"type":"Feature","properties":{"valleyId":"baegun","layer":"cast","date":"2026-08-01","timeLocal":"16:00"},"geometry":{"type":"Polygon","coordinates":[[[127.41948,38.06961],[127.41949,38.06956],[127.41955,38.06956],[127.41955,38.06961],[127.41948,38.06961]]]}},{"type":"Feature","properties":{"valleyId":"baegun","layer":"cast","date":"2026-08-01","timeLocal":"16:00"},"geometry":{"type":"Polygon","coordinates":[[[127.39624,38.06928],[127.39624,38.06921],[127.39631,38.06921],[127.39631,38.06928],[127.39624,38.06928]]]}},{"type":"Feature","properties":{"valleyId":"baegun","layer":"cast","date":"2026-08-01","timeLocal":"16:00"},"geometry":{"type":"Polygon","coordinates":[[[127.41944,38.06952],[127.41944,38.06947],[127.41951,38.06947],[127.41951,38.06952],[127.41944,38.06952]]]}},{"type":"Feature","properties":{"valleyId":"baegun","layer":"cast","date":"2026-08-01","timeLocal":"16:00"},"geometry":{"type":"Polygon","coordinates":[[[127.41263,38.06936],[127.41263,38.06929],[127.4127,38.06929],[127.4127,38.06936],[127.41263,38.06936]]]}},{"type":"Feature","properties":{"valleyId":"baegun","layer":"cast","date":"2026-08-01","timeLocal":"16:00"},"geometry":{"type":"Polygon","coordinates":[[[127.40322,38.0691],[127.40322,38.06905],[127.40329,38.06905],[127.40329,38.06911],[127.40322,38.0691]]]}},{"type":"Feature","properties":{"valleyId":"baegun","layer":"cast","date":"2026-08-01","timeLocal":"16:00"},"geometry":{"type":"Polygon","coordinates":[[[127.40315,38.069],[127.40318,38.0688],[127.40325,38.0688],[127.40322,38.069],[127.40315,38.069]]]}},{"type":"Feature","properties":{"valleyId":"baegun","layer":"cast","date":"2026-08-01","timeLocal":"16:00"},"geometry":{"type":"Polygon","coordinates":[[[127.39584,38.06861],[127.39584,38.06855],[127.39591,38.06855],[127.39591,38.06861],[127.39584,38.06861]]]}},{"type":"Feature","properties":{"valleyId":"baegun","layer":"cast","date":"2026-08-01","timeLocal":"16:00"},"geometry":{"type":"Polygon","coordinates":[[[127.39397,38.06853],[127.39397,38.06846],[127.39407,38.06844],[127.39406,38.06853],[127.39397,38.06853]]]}},{"type":"Feature","properties":{"valleyId":"baegun","layer":"cast","date":"2026-08-01","timeLocal":"16:00"},"geometry":{"type":"Polygon","coordinates":[[[127.42669,38.0687],[127.42669,38.06865],[127.42676,38.06865],[127.42675,38.0687],[127.42669,38.0687]]]}},{"type":"Feature","properties":{"valleyId":"baegun","layer":"cast","date":"2026-08-01","timeLocal":"16:00"},"geometry":{"type":"Polygon","coordinates":[[[127.41568,38.06861],[127.41573,38.06839],[127.41579,38.06839],[127.41574,38.06861],[127.41568,38.06861]]]}},{"type":"Feature","properties":{"valleyId":"baegun","layer":"cast","date":"2026-08-01","timeLocal":"16:00"},"geometry":{"type":"Polygon","coordinates":[[[127.42678,38.06849],[127.42678,38.06839],[127.42685,38.0684],[127.42685,38.06849],[127.42678,38.06849]]]}},{"type":"Feature","properties":{"valleyId":"baegun","layer":"cast","date":"2026-08-01","timeLocal":"16:00"},"geometry":{"type":"Polygon","coordinates":[[[127.41577,38.06827],[127.41578,38.06814],[127.41585,38.06814],[127.41584,38.06827],[127.41577,38.06827]]]}},{"type":"Feature","properties":{"valleyId":"baegun","layer":"cast","date":"2026-08-01","timeLocal":"16:00"},"geometry":{"type":"Polygon","coordinates":[[[127.42674,38.0683],[127.42674,38.06825],[127.42681,38.06825],[127.42681,38.06831],[127.42674,38.0683]]]}},{"type":"Feature","properties":{"valleyId":"baegun","layer":"cast","date":"2026-08-01","timeLocal":"16:00"},"geometry":{"type":"Polygon","coordinates":[[[127.42961,38.06823],[127.42959,38.06811],[127.42971,38.06811],[127.42968,38.06824],[127.42961,38.06823]]]}},{"type":"Feature","properties":{"valleyId":"baegun","layer":"cast","date":"2026-08-01","timeLocal":"16:00"},"geometry":{"type":"Polygon","coordinates":[[[127.41225,38.06768],[127.41226,38.0676],[127.41232,38.06761],[127.41232,38.06768],[127.41225,38.06768]]]}},{"type":"Feature","properties":{"valleyId":"baegun","layer":"cast","date":"2026-08-01","timeLocal":"16:00"},"geometry":{"type":"Polygon","coordinates":[[[127.40159,38.06719],[127.4016,38.06714],[127.40164,38.0671],[127.40173,38.0671],[127.40173,38.06717],[127.40159,38.06719]]]}},{"type":"Feature","properties":{"valleyId":"baegun","layer":"cast","date":"2026-08-01","timeLocal":"16:00"},"geometry":{"type":"Polygon","coordinates":[[[127.42926,38.06776],[127.42926,38.06756],[127.42942,38.06755],[127.42949,38.06749],[127.42949,38.06744],[127.4294,38.06738],[127.42941,38.06733],[127.42936,38.06733],[127.42936,38.06726],[127.42943,38.06726],[127.42943,38.06733],[127.42954,38.06733],[127.42956,38.06742],[127.42965,38.06742],[127.42965,38.06753],[127.4297,38.06753],[127.42969,38.06775],[127.4296,38.06775],[127.4296,38.06769],[127.42951,38.06769],[127.42951,38.06775],[127.4294,38.06775],[127.4294,38.06771],[127.42933,38.06771],[127.42933,38.06776],[127.42926,38.06776]]]}},{"type":"Feature","properties":{"valleyId":"baegun","layer":"cast","date":"2026-08-01","timeLocal":"16:00"},"geometry":{"type":"Polygon","coordinates":[[[127.42963,38.0673],[127.42964,38.06721],[127.4297,38.06721],[127.4297,38.0673],[127.42963,38.0673]]]}},{"type":"Feature","properties":{"valleyId":"baegun","layer":"cast","date":"2026-08-01","timeLocal":"16:00"},"geometry":{"type":"Polygon","coordinates":[[[127.41593,38.06731],[127.41594,38.06717],[127.41587,38.06717],[127.41587,38.06722],[127.41577,38.06722],[127.41575,38.06711],[127.41569,38.06711],[127.41569,38.06698],[127.41576,38.06699],[127.41576,38.06695],[127.41598,38.06699],[127.41598,38.06704],[127.41589,38.06704],[127.41589,38.06711],[127.41598,38.06711],[127.416,38.06719],[127.41607,38.06721],[127.41607,38.06728],[127.41593,38.06731]]]}},{"type":"Feature","properties":{"valleyId":"baegun","layer":"cast","date":"2026-08-01","timeLocal":"16:00"},"geometry":{"type":"Polygon","coordinates":[[[127.41603,38.06701],[127.41603,38.06688],[127.41615,38.06686],[127.41617,38.06695],[127.41612,38.06697],[127.41612,38.06701],[127.41603,38.06701]]]}},{"type":"Feature","properties":{"valleyId":"baegun","layer":"cast","date":"2026-08-01","timeLocal":"16:00"},"geometry":{"type":"Polygon","coordinates":[[[127.41553,38.06691],[127.41551,38.06684],[127.4156,38.06684],[127.4156,38.06691],[127.41553,38.06691]]]}},{"type":"Feature","properties":{"valleyId":"baegun","layer":"cast","date":"2026-08-01","timeLocal":"16:00"},"geometry":{"type":"Polygon","coordinates":[[[127.42953,38.06697],[127.42953,38.06692],[127.4296,38.06692],[127.4296,38.06697],[127.42953,38.06697]]]}},{"type":"Feature","properties":{"valleyId":"baegun","layer":"cast","date":"2026-08-01","timeLocal":"16:00"},"geometry":{"type":"Polygon","coordinates":[[[127.42925,38.06724],[127.42925,38.06702],[127.42916,38.067],[127.42914,38.06691],[127.42917,38.06682],[127.42924,38.06677],[127.4293,38.06677],[127.4293,38.06697],[127.42934,38.06708],[127.42932,38.06724],[127.42925,38.06724]]]}},{"type":"Feature","properties":{"valleyId":"baegun","layer":"cast","date":"2026-08-01","timeLocal":"16:00"},"geometry":{"type":"Polygon","coordinates":[[[127.40093,38.06639],[127.40093,38.06633],[127.401,38.06633],[127.401,38.06639],[127.40093,38.06639]]]}},{"type":"Feature","properties":{"valleyId":"baegun","layer":"cast","date":"2026-08-01","timeLocal":"16:00"},"geometry":{"type":"Polygon","coordinates":[[[127.41611,38.06656],[127.41606,38.06652],[127.41606,38.06645],[127.41613,38.06643],[127.41613,38.06638],[127.41623,38.06638],[127.4162,38.06656],[127.41611,38.06656]]]}},{"type":"Feature","properties":{"valleyId":"baegun","layer":"cast","date":"2026-08-01","timeLocal":"16:00"},"geometry":{"type":"Polygon","coordinates":[[[127.41584,38.06636],[127.41584,38.06628],[127.41591,38.06628],[127.41591,38.06636],[127.41584,38.06636]]]}},{"type":"Feature","properties":{"valleyId":"baegun","layer":"cast","date":"2026-08-01","timeLocal":"16:00"},"geometry":{"type":"Polygon","coordinates":[[[127.40287,38.06614],[127.40287,38.06609],[127.40294,38.06609],[127.40294,38.06614],[127.40287,38.06614]]]}},{"type":"Feature","properties":{"valleyId":"baegun","layer":"cast","date":"2026-08-01","timeLocal":"16:00"},"geometry":{"type":"Polygon","coordinates":[[[127.42894,38.06651],[127.42895,38.06642],[127.42906,38.06642],[127.42906,38.06651],[127.42894,38.06651]]]}},{"type":"Feature","properties":{"valleyId":"baegun","layer":"cast","date":"2026-08-01","timeLocal":"16:00"},"geometry":{"type":"Polygon","coordinates":[[[127.42976,38.06676],[127.42967,38.06665],[127.42967,38.06658],[127.42963,38.06654],[127.42959,38.0664],[127.42965,38.0664],[127.4297,38.06643],[127.42974,38.0666],[127.42979,38.0666],[127.42978,38.06667],[127.42983,38.06667],[127.42983,38.06676],[127.42976,38.06676]]]}},{"type":"Feature","properties":{"valleyId":"baegun","layer":"cast","date":"2026-08-01","timeLocal":"16:00"},"geometry":{"type":"Polygon","coordinates":[[[127.39659,38.06554],[127.39659,38.06548],[127.39666,38.06548],[127.39666,38.06554],[127.39659,38.06554]]]}},{"type":"Feature","properties":{"valleyId":"baegun","layer":"cast","date":"2026-08-01","timeLocal":"16:00"},"geometry":{"type":"Polygon","coordinates":[[[127.41646,38.06622],[127.41644,38.06573],[127.41654,38.06573],[127.41653,38.06622],[127.41646,38.06622]]]}},{"type":"Feature","properties":{"valleyId":"baegun","layer":"cast","date":"2026-08-01","timeLocal":"16:00"},"geometry":{"type":"Polygon","coordinates":[[[127.40783,38.06562],[127.40783,38.06554],[127.4079,38.06555],[127.4079,38.06562],[127.40783,38.06562]]]}},{"type":"Feature","properties":{"valleyId":"baegun","layer":"cast","date":"2026-08-01","timeLocal":"16:00"},"geometry":{"type":"Polygon","coordinates":[[[127.40774,38.06549],[127.40774,38.0654],[127.40781,38.0654],[127.40783,38.06547],[127.40774,38.06549]]]}},{"type":"Feature","properties":{"valleyId":"baegun","layer":"cast","date":"2026-08-01","timeLocal":"16:00"},"geometry":{"type":"Polygon","coordinates":[[[127.41595,38.06553],[127.41595,38.06547],[127.41602,38.06547],[127.41602,38.06553],[127.41595,38.06553]]]}},{"type":"Feature","properties":{"valleyId":"baegun","layer":"cast","date":"2026-08-01","timeLocal":"16:00"},"geometry":{"type":"Polygon","coordinates":[[[127.41636,38.06559],[127.41636,38.06548],[127.41641,38.06546],[127.41641,38.06539],[127.4165,38.06539],[127.41647,38.06552],[127.41643,38.06552],[127.41643,38.06559],[127.41636,38.06559]]]}},{"type":"Feature","properties":{"valleyId":"baegun","layer":"cast","date":"2026-08-01","timeLocal":"16:00"},"geometry":{"type":"Polygon","coordinates":[[[127.40767,38.0654],[127.4077,38.06524],[127.40777,38.06524],[127.40774,38.0654],[127.40767,38.0654]]]}},{"type":"Feature","properties":{"valleyId":"baegun","layer":"cast","date":"2026-08-01","timeLocal":"16:00"},"geometry":{"type":"Polygon","coordinates":[[[127.41586,38.06538],[127.41586,38.06533],[127.41595,38.06533],[127.41595,38.06538],[127.41586,38.06538]]]}},{"type":"Feature","properties":{"valleyId":"baegun","layer":"cast","date":"2026-08-01","timeLocal":"16:00"},"geometry":{"type":"Polygon","coordinates":[[[127.41597,38.06537],[127.41598,38.06531],[127.41604,38.06531],[127.41604,38.06537],[127.41597,38.06537]]]}},{"type":"Feature","properties":{"valleyId":"baegun","layer":"cast","date":"2026-08-01","timeLocal":"16:00"},"geometry":{"type":"Polygon","coordinates":[[[127.41885,38.06531],[127.41885,38.06526],[127.41892,38.06526],[127.41892,38.06532],[127.41885,38.06531]]]}},{"type":"Feature","properties":{"valleyId":"baegun","layer":"cast","date":"2026-08-01","timeLocal":"16:00"},"geometry":{"type":"Polygon","coordinates":[[[127.42947,38.06632],[127.42948,38.0662],[127.42952,38.06612],[127.42955,38.06596],[127.42951,38.06587],[127.42941,38.06583],[127.42942,38.06573],[127.42949,38.06571],[127.42949,38.06551],[127.42942,38.06549],[127.4294,38.06538],[127.42952,38.06539],[127.42951,38.06546],[127.42963,38.06555],[127.42966,38.06595],[127.42973,38.066],[127.42973,38.06607],[127.42968,38.06607],[127.42959,38.0662],[127.42954,38.0662],[127.42956,38.06632],[127.42947,38.06632]]]}},{"type":"Feature","properties":{"valleyId":"baegun","layer":"cast","date":"2026-08-01","timeLocal":"16:00"},"geometry":{"type":"Polygon","coordinates":[[[127.41595,38.0652],[127.41596,38.06508],[127.41603,38.06508],[127.41605,38.06511],[127.41614,38.06513],[127.41614,38.06519],[127.41595,38.0652]]]}},{"type":"Feature","properties":{"valleyId":"baegun","layer":"cast","date":"2026-08-01","timeLocal":"16:00"},"geometry":{"type":"Polygon","coordinates":[[[127.41594,38.06506],[127.41594,38.06495],[127.41601,38.06495],[127.416,38.06506],[127.41594,38.06506]]]}},{"type":"Feature","properties":{"valleyId":"baegun","layer":"cast","date":"2026-08-01","timeLocal":"16:00"},"geometry":{"type":"Polygon","coordinates":[[[127.40511,38.06484],[127.40507,38.06482],[127.40507,38.06475],[127.4052,38.06475],[127.4052,38.06484],[127.40511,38.06484]]]}},{"type":"Feature","properties":{"valleyId":"baegun","layer":"cast","date":"2026-08-01","timeLocal":"16:00"},"geometry":{"type":"Polygon","coordinates":[[[127.43366,38.06539],[127.43367,38.0653],[127.43376,38.06523],[127.43392,38.06523],[127.43394,38.06514],[127.43404,38.06512],[127.43403,38.06523],[127.43408,38.06523],[127.43408,38.0653],[127.43387,38.0653],[127.43382,38.06537],[127.43366,38.06539]]]}},{"type":"Feature","properties":{"valleyId":"baegun","layer":"cast","date":"2026-08-01","timeLocal":"16:00"},"geometry":{"type":"Polygon","coordinates":[[[127.42948,38.0651],[127.42948,38.06501],[127.42955,38.06501],[127.42954,38.0651],[127.42948,38.0651]]]}},{"type":"Feature","properties":{"valleyId":"baegun","layer":"cast","date":"2026-08-01","timeLocal":"16:00"},"geometry":{"type":"Polygon","coordinates":[[[127.43095,38.06539],[127.43101,38.06501],[127.43103,38.06497],[127.4311,38.06497],[127.4311,38.06506],[127.43114,38.0651],[127.43114,38.06515],[127.43109,38.06515],[127.43111,38.06526],[127.43107,38.0653],[127.43104,38.06539],[127.43095,38.06539]]]}},{"type":"Feature","properties":{"valleyId":"baegun","layer":"cast","date":"2026-08-01","timeLocal":"16:00"},"geometry":{"type":"Polygon","coordinates":[[[127.43404,38.06501],[127.43404,38.06496],[127.43411,38.06496],[127.43411,38.06501],[127.43404,38.06501]]]}},{"type":"Feature","properties":{"valleyId":"baegun","layer":"cast","date":"2026-08-01","timeLocal":"16:00"},"geometry":{"type":"Polygon","coordinates":[[[127.43402,38.06481],[127.43402,38.06476],[127.43409,38.06476],[127.43409,38.06482],[127.43402,38.06481]]]}},{"type":"Feature","properties":{"valleyId":"baegun","layer":"cast","date":"2026-08-01","timeLocal":"16:00"},"geometry":{"type":"Polygon","coordinates":[[[127.41971,38.06461],[127.41969,38.06453],[127.41975,38.06453],[127.41977,38.06461],[127.41971,38.06461]]]}},{"type":"Feature","properties":{"valleyId":"baegun","layer":"cast","date":"2026-08-01","timeLocal":"16:00"},"geometry":{"type":"Polygon","coordinates":[[[127.43304,38.06475],[127.43304,38.06466],[127.43318,38.06464],[127.43318,38.06471],[127.43304,38.06475]]]}},{"type":"Feature","properties":{"valleyId":"baegun","layer":"cast","date":"2026-08-01","timeLocal":"16:00"},"geometry":{"type":"Polygon","coordinates":[[[127.43393,38.06472],[127.43389,38.06456],[127.434,38.06456],[127.434,38.06472],[127.43393,38.06472]]]}},{"type":"Feature","properties":{"valleyId":"baegun","layer":"cast","date":"2026-08-01","timeLocal":"16:00"},"geometry":{"type":"Polygon","coordinates":[[[127.40718,38.0642],[127.40718,38.06411],[127.40725,38.06411],[127.40724,38.0642],[127.40718,38.0642]]]}},{"type":"Feature","properties":{"valleyId":"baegun","layer":"cast","date":"2026-08-01","timeLocal":"16:00"},"geometry":{"type":"Polygon","coordinates":[[[127.43382,38.06452],[127.43382,38.06445],[127.43389,38.06445],[127.43389,38.06452],[127.43382,38.06452]]]}},{"type":"Feature","properties":{"valleyId":"baegun","layer":"cast","date":"2026-08-01","timeLocal":"16:00"},"geometry":{"type":"Polygon","coordinates":[[[127.43291,38.06442],[127.43291,38.06435],[127.43303,38.06433],[127.43302,38.0644],[127.43291,38.06442]]]}},{"type":"Feature","properties":{"valleyId":"baegun","layer":"cast","date":"2026-08-01","timeLocal":"16:00"},"geometry":{"type":"Polygon","coordinates":[[[127.41974,38.06388],[127.41975,38.06376],[127.41979,38.06371],[127.41986,38.06371],[127.41981,38.06389],[127.41974,38.06388]]]}},{"type":"Feature","properties":{"valleyId":"baegun","layer":"cast","date":"2026-08-01","timeLocal":"16:00"},"geometry":{"type":"Polygon","coordinates":[[[127.43294,38.06395],[127.43294,38.06392],[127.43288,38.06392],[127.43288,38.06386],[127.43301,38.06388],[127.43301,38.06395],[127.43294,38.06395]]]}},{"type":"Feature","properties":{"valleyId":"baegun","layer":"cast","date":"2026-08-01","timeLocal":"16:00"},"geometry":{"type":"Polygon","coordinates":[[[127.41991,38.06381],[127.41993,38.06365],[127.42,38.06365],[127.42,38.06378],[127.41997,38.06382],[127.41991,38.06381]]]}},{"type":"Feature","properties":{"valleyId":"baegun","layer":"cast","date":"2026-08-01","timeLocal":"16:00"},"geometry":{"type":"Polygon","coordinates":[[[127.39744,38.06342],[127.39744,38.06333],[127.39751,38.06333],[127.3975,38.06342],[127.39744,38.06342]]]}},{"type":"Feature","properties":{"valleyId":"baegun","layer":"cast","date":"2026-08-01","timeLocal":"16:00"},"geometry":{"type":"Polygon","coordinates":[[[127.40646,38.06351],[127.40646,38.06343],[127.40653,38.06344],[127.40653,38.06351],[127.40646,38.06351]]]}},{"type":"Feature","properties":{"valleyId":"baegun","layer":"cast","date":"2026-08-01","timeLocal":"16:00"},"geometry":{"type":"Polygon","coordinates":[[[127.43317,38.06383],[127.43317,38.06378],[127.43324,38.06378],[127.43324,38.06383],[127.43317,38.06383]]]}},{"type":"Feature","properties":{"valleyId":"baegun","layer":"cast","date":"2026-08-01","timeLocal":"16:00"},"geometry":{"type":"Polygon","coordinates":[[[127.3976,38.06322],[127.3976,38.06317],[127.39774,38.06317],[127.39774,38.06323],[127.3976,38.06322]]]}},{"type":"Feature","properties":{"valleyId":"baegun","layer":"cast","date":"2026-08-01","timeLocal":"16:00"},"geometry":{"type":"Polygon","coordinates":[[[127.41408,38.06339],[127.41408,38.06332],[127.41415,38.06332],[127.41415,38.06339],[127.41408,38.06339]]]}},{"type":"Feature","properties":{"valleyId":"baegun","layer":"cast","date":"2026-08-01","timeLocal":"16:00"},"geometry":{"type":"Polygon","coordinates":[[[127.39753,38.0631],[127.39754,38.06303],[127.3976,38.06303],[127.3976,38.0631],[127.39753,38.0631]]]}},{"type":"Feature","properties":{"valleyId":"baegun","layer":"cast","date":"2026-08-01","timeLocal":"16:00"},"geometry":{"type":"Polygon","coordinates":[[[127.40057,38.06299],[127.40057,38.06294],[127.40064,38.06294],[127.40064,38.063],[127.40057,38.06299]]]}},{"type":"Feature","properties":{"valleyId":"baegun","layer":"cast","date":"2026-08-01","timeLocal":"16:00"},"geometry":{"type":"Polygon","coordinates":[[[127.4138,38.06278],[127.4138,38.06272],[127.41387,38.06272],[127.41386,38.06278],[127.4138,38.06278]]]}},{"type":"Feature","properties":{"valleyId":"baegun","layer":"cast","date":"2026-08-01","timeLocal":"16:00"},"geometry":{"type":"Polygon","coordinates":[[[127.43305,38.06318],[127.43303,38.06305],[127.43299,38.06303],[127.43299,38.06298],[127.4331,38.063],[127.43312,38.06318],[127.43305,38.06318]]]}},{"type":"Feature","properties":{"valleyId":"baegun","layer":"cast","date":"2026-08-01","timeLocal":"16:00"},"geometry":{"type":"Polygon","coordinates":[[[127.43281,38.06294],[127.43281,38.06287],[127.43292,38.06289],[127.43292,38.06294],[127.43281,38.06294]]]}},{"type":"Feature","properties":{"valleyId":"baegun","layer":"cast","date":"2026-08-01","timeLocal":"16:00"},"geometry":{"type":"Polygon","coordinates":[[[127.41827,38.06269],[127.41827,38.06264],[127.41834,38.06264],[127.41833,38.06269],[127.41827,38.06269]]]}},{"type":"Feature","properties":{"valleyId":"baegun","layer":"cast","date":"2026-08-01","timeLocal":"16:00"},"geometry":{"type":"Polygon","coordinates":[[[127.40065,38.06245],[127.40065,38.06238],[127.40072,38.06238],[127.40072,38.06246],[127.40065,38.06245]]]}},{"type":"Feature","properties":{"valleyId":"baegun","layer":"cast","date":"2026-08-01","timeLocal":"16:00"},"geometry":{"type":"Polygon","coordinates":[[[127.43269,38.06285],[127.43269,38.0628],[127.43276,38.0628],[127.43276,38.06285],[127.43269,38.06285]]]}},{"type":"Feature","properties":{"valleyId":"baegun","layer":"cast","date":"2026-08-01","timeLocal":"16:00"},"geometry":{"type":"Polygon","coordinates":[[[127.43249,38.06283],[127.43249,38.06278],[127.43244,38.06274],[127.43245,38.06268],[127.43254,38.06269],[127.43256,38.06283],[127.43249,38.06283]]]}},{"type":"Feature","properties":{"valleyId":"baegun","layer":"cast","date":"2026-08-01","timeLocal":"16:00"},"geometry":{"type":"Polygon","coordinates":[[[127.43217,38.0627],[127.43213,38.06266],[127.43213,38.06261],[127.4322,38.06261],[127.43224,38.06265],[127.43224,38.0627],[127.43217,38.0627]]]}},{"type":"Feature","properties":{"valleyId":"baegun","layer":"cast","date":"2026-08-01","timeLocal":"16:00"},"geometry":{"type":"Polygon","coordinates":[[[127.43248,38.06236],[127.43248,38.06231],[127.43254,38.06231],[127.43254,38.06236],[127.43248,38.06236]]]}},{"type":"Feature","properties":{"valleyId":"baegun","layer":"cast","date":"2026-08-01","timeLocal":"16:00"},"geometry":{"type":"Polygon","coordinates":[[[127.41887,38.06202],[127.41887,38.06196],[127.41894,38.06196],[127.41894,38.06202],[127.41887,38.06202]]]}},{"type":"Feature","properties":{"valleyId":"baegun","layer":"cast","date":"2026-08-01","timeLocal":"16:00"},"geometry":{"type":"Polygon","coordinates":[[[127.41313,38.06187],[127.41313,38.06181],[127.4132,38.06181],[127.4132,38.06187],[127.41313,38.06187]]]}},{"type":"Feature","properties":{"valleyId":"baegun","layer":"cast","date":"2026-08-01","timeLocal":"16:00"},"geometry":{"type":"Polygon","coordinates":[[[127.42366,38.06183],[127.42367,38.06177],[127.42373,38.06178],[127.42373,38.06183],[127.42366,38.06183]]]}},{"type":"Feature","properties":{"valleyId":"baegun","layer":"cast","date":"2026-08-01","timeLocal":"16:00"},"geometry":{"type":"Polygon","coordinates":[[[127.43259,38.06225],[127.43259,38.06213],[127.43266,38.06213],[127.43266,38.06208],[127.43273,38.06208],[127.43273,38.06202],[127.4328,38.06195],[127.4328,38.06188],[127.43294,38.06186],[127.43296,38.06193],[127.43292,38.06195],[127.43292,38.06201],[127.43285,38.06201],[127.43282,38.06208],[127.43276,38.06208],[127.43275,38.06217],[127.43266,38.06217],[127.43266,38.06226],[127.43259,38.06225]]]}},{"type":"Feature","properties":{"valleyId":"baegun","layer":"cast","date":"2026-08-01","timeLocal":"16:00"},"geometry":{"type":"Polygon","coordinates":[[[127.41983,38.06185],[127.41983,38.06181],[127.41972,38.06179],[127.41975,38.06165],[127.41982,38.06165],[127.41984,38.0618],[127.41993,38.0618],[127.41993,38.06185],[127.41983,38.06185]]]}},{"type":"Feature","properties":{"valleyId":"baegun","layer":"cast","date":"2026-08-01","timeLocal":"16:00"},"geometry":{"type":"Polygon","coordinates":[[[127.41799,38.06155],[127.41804,38.06145],[127.41811,38.06145],[127.41811,38.06156],[127.41799,38.06155]]]}},{"type":"Feature","properties":{"valleyId":"baegun","layer":"cast","date":"2026-08-01","timeLocal":"16:00"},"geometry":{"type":"Polygon","coordinates":[[[127.41357,38.0614],[127.41358,38.06135],[127.41364,38.06135],[127.41364,38.06141],[127.41357,38.0614]]]}},{"type":"Feature","properties":{"valleyId":"baegun","layer":"cast","date":"2026-08-01","timeLocal":"16:00"},"geometry":{"type":"Polygon","coordinates":[[[127.40829,38.06135],[127.40829,38.0613],[127.40824,38.06126],[127.40817,38.06126],[127.40818,38.06121],[127.40836,38.06121],[127.40838,38.06135],[127.40829,38.06135]]]}},{"type":"Feature","properties":{"valleyId":"baegun","layer":"cast","date":"2026-08-01","timeLocal":"16:00"},"geometry":{"type":"Polygon","coordinates":[[[127.40813,38.06119],[127.40813,38.06111],[127.4082,38.06112],[127.4082,38.06119],[127.40813,38.06119]]]}},{"type":"Feature","properties":{"valleyId":"baegun","layer":"cast","date":"2026-08-01","timeLocal":"16:00"},"geometry":{"type":"Polygon","coordinates":[[[127.40713,38.06112],[127.40713,38.06106],[127.4072,38.06107],[127.4072,38.06112],[127.40713,38.06112]]]}},{"type":"Feature","properties":{"valleyId":"baegun","layer":"cast","date":"2026-08-01","timeLocal":"16:00"},"geometry":{"type":"Polygon","coordinates":[[[127.40772,38.061],[127.40773,38.06093],[127.40784,38.06093],[127.40782,38.061],[127.40772,38.061]]]}},{"type":"Feature","properties":{"valleyId":"baegun","layer":"cast","date":"2026-08-01","timeLocal":"16:00"},"geometry":{"type":"Polygon","coordinates":[[[127.41329,38.06108],[127.41329,38.06099],[127.41336,38.06099],[127.41335,38.06108],[127.41329,38.06108]]]}},{"type":"Feature","properties":{"valleyId":"baegun","layer":"cast","date":"2026-08-01","timeLocal":"16:00"},"geometry":{"type":"Polygon","coordinates":[[[127.40923,38.06099],[127.40923,38.06093],[127.40928,38.06093],[127.40932,38.06088],[127.40939,38.06088],[127.40939,38.06097],[127.40923,38.06099]]]}},{"type":"Feature","properties":{"valleyId":"baegun","layer":"cast","date":"2026-08-01","timeLocal":"16:00"},"geometry":{"type":"Polygon","coordinates":[[[127.409,38.06089],[127.40901,38.06082],[127.40907,38.06082],[127.40907,38.06089],[127.409,38.06089]]]}},{"type":"Feature","properties":{"valleyId":"baegun","layer":"cast","date":"2026-08-01","timeLocal":"16:00"},"geometry":{"type":"Polygon","coordinates":[[[127.40804,38.06095],[127.40805,38.06079],[127.40812,38.06079],[127.40811,38.06095],[127.40804,38.06095]]]}},{"type":"Feature","properties":{"valleyId":"baegun","layer":"cast","date":"2026-08-01","timeLocal":"16:00"},"geometry":{"type":"Polygon","coordinates":[[[127.40866,38.06092],[127.40866,38.0608],[127.40873,38.0608],[127.40873,38.06092],[127.40866,38.06092]]]}},{"type":"Feature","properties":{"valleyId":"baegun","layer":"cast","date":"2026-08-01","timeLocal":"16:00"},"geometry":{"type":"Polygon","coordinates":[[[127.40714,38.06085],[127.40711,38.06076],[127.40718,38.06076],[127.40718,38.0608],[127.40723,38.0608],[127.40723,38.06085],[127.40714,38.06085]]]}},{"type":"Feature","properties":{"valleyId":"baegun","layer":"cast","date":"2026-08-01","timeLocal":"16:00"},"geometry":{"type":"Polygon","coordinates":[[[127.40818,38.06081],[127.40819,38.06075],[127.40825,38.06076],[127.40825,38.06081],[127.40818,38.06081]]]}},{"type":"Feature","properties":{"valleyId":"baegun","layer":"cast","date":"2026-08-01","timeLocal":"16:00"},"geometry":{"type":"Polygon","coordinates":[[[127.40882,38.06078],[127.40882,38.06073],[127.40889,38.06073],[127.40889,38.06078],[127.40882,38.06078]]]}},{"type":"Feature","properties":{"valleyId":"baegun","layer":"cast","date":"2026-08-01","timeLocal":"16:00"},"geometry":{"type":"Polygon","coordinates":[[[127.41336,38.06093],[127.41338,38.06077],[127.41347,38.06077],[127.41343,38.06093],[127.41336,38.06093]]]}},{"type":"Feature","properties":{"valleyId":"baegun","layer":"cast","date":"2026-08-01","timeLocal":"16:00"},"geometry":{"type":"Polygon","coordinates":[[[127.42369,38.06075],[127.42367,38.06067],[127.42376,38.06066],[127.42376,38.06075],[127.42369,38.06075]]]}},{"type":"Feature","properties":{"valleyId":"baegun","layer":"cast","date":"2026-08-01","timeLocal":"16:00"},"geometry":{"type":"Polygon","coordinates":[[[127.4091,38.06051],[127.4091,38.06042],[127.40917,38.06043],[127.40917,38.06052],[127.4091,38.06051]]]}},{"type":"Feature","properties":{"valleyId":"baegun","layer":"cast","date":"2026-08-01","timeLocal":"16:00"},"geometry":{"type":"Polygon","coordinates":[[[127.41396,38.06051],[127.41396,38.06045],[127.41414,38.06046],[127.41414,38.06051],[127.41396,38.06051]]]}},{"type":"Feature","properties":{"valleyId":"baegun","layer":"cast","date":"2026-08-01","timeLocal":"16:00"},"geometry":{"type":"Polygon","coordinates":[[[127.42403,38.06059],[127.42403,38.06054],[127.42417,38.06054],[127.42417,38.06059],[127.42403,38.06059]]]}},{"type":"Feature","properties":{"valleyId":"baegun","layer":"cast","date":"2026-08-01","timeLocal":"16:00"},"geometry":{"type":"Polygon","coordinates":[[[127.40833,38.06036],[127.40833,38.06031],[127.40842,38.06031],[127.40842,38.06036],[127.40833,38.06036]]]}},{"type":"Feature","properties":{"valleyId":"baegun","layer":"cast","date":"2026-08-01","timeLocal":"16:00"},"geometry":{"type":"Polygon","coordinates":[[[127.41412,38.0604],[127.41412,38.06028],[127.41424,38.0603],[127.41421,38.0604],[127.41412,38.0604]]]}},{"type":"Feature","properties":{"valleyId":"baegun","layer":"cast","date":"2026-08-01","timeLocal":"16:00"},"geometry":{"type":"Polygon","coordinates":[[[127.40894,38.0606],[127.40894,38.06053],[127.40881,38.06047],[127.40881,38.06033],[127.40854,38.06029],[127.40854,38.06022],[127.40859,38.0602],[127.40859,38.06009],[127.40866,38.06009],[127.40865,38.06017],[127.40879,38.06017],[127.40879,38.06006],[127.40886,38.06006],[127.40891,38.06012],[127.40902,38.06012],[127.40902,38.06026],[127.40895,38.06026],[127.40897,38.06044],[127.40901,38.06046],[127.40901,38.0606],[127.40894,38.0606]]]}},{"type":"Feature","properties":{"valleyId":"baegun","layer":"cast","date":"2026-08-01","timeLocal":"16:00"},"geometry":{"type":"Polygon","coordinates":[[[127.41387,38.0602],[127.41388,38.06015],[127.41404,38.06013],[127.41403,38.0602],[127.41387,38.0602]]]}},{"type":"Feature","properties":{"valleyId":"baegun","layer":"cast","date":"2026-08-01","timeLocal":"16:00"},"geometry":{"type":"Polygon","coordinates":[[[127.40873,38.06006],[127.40873,38.05999],[127.4088,38.05999],[127.40879,38.06006],[127.40873,38.06006]]]}},{"type":"Feature","properties":{"valleyId":"baegun","layer":"cast","date":"2026-08-01","timeLocal":"16:00"},"geometry":{"type":"Polygon","coordinates":[[[127.4232,38.06025],[127.4232,38.06006],[127.42327,38.06006],[127.42327,38.06026],[127.4232,38.06025]]]}},{"type":"Feature","properties":{"valleyId":"baegun","layer":"cast","date":"2026-08-01","timeLocal":"16:00"},"geometry":{"type":"Polygon","coordinates":[[[127.40898,38.05992],[127.40898,38.05986],[127.40905,38.05987],[127.40905,38.05992],[127.40898,38.05992]]]}},{"type":"Feature","properties":{"valleyId":"baegun","layer":"cast","date":"2026-08-01","timeLocal":"16:00"},"geometry":{"type":"Polygon","coordinates":[[[127.40932,38.05989],[127.40932,38.05983],[127.40939,38.05983],[127.40939,38.05989],[127.40932,38.05989]]]}},{"type":"Feature","properties":{"valleyId":"baegun","layer":"cast","date":"2026-08-01","timeLocal":"16:00"},"geometry":{"type":"Polygon","coordinates":[[[127.41413,38.0601],[127.41415,38.05995],[127.41408,38.05995],[127.41404,38.05981],[127.41413,38.05981],[127.41413,38.05986],[127.4142,38.05986],[127.41422,38.06003],[127.41427,38.06004],[127.41426,38.0601],[127.41413,38.0601]]]}},{"type":"Feature","properties":{"valleyId":"baegun","layer":"cast","date":"2026-08-01","timeLocal":"16:00"},"geometry":{"type":"Polygon","coordinates":[[[127.41333,38.05987],[127.41334,38.05978],[127.4134,38.05978],[127.4134,38.05987],[127.41333,38.05987]]]}},{"type":"Feature","properties":{"valleyId":"baegun","layer":"cast","date":"2026-08-01","timeLocal":"16:00"},"geometry":{"type":"Polygon","coordinates":[[[127.42318,38.05995],[127.42318,38.05989],[127.42325,38.05989],[127.42325,38.05995],[127.42318,38.05995]]]}},{"type":"Feature","properties":{"valleyId":"baegun","layer":"cast","date":"2026-08-01","timeLocal":"16:00"},"geometry":{"type":"Polygon","coordinates":[[[127.4091,38.05979],[127.4091,38.05976],[127.40903,38.05976],[127.40903,38.05968],[127.40917,38.0597],[127.40916,38.05979],[127.4091,38.05979]]]}},{"type":"Feature","properties":{"valleyId":"baegun","layer":"cast","date":"2026-08-01","timeLocal":"16:00"},"geometry":{"type":"Polygon","coordinates":[[[127.41409,38.05979],[127.41409,38.05974],[127.41416,38.05974],[127.41416,38.05979],[127.41409,38.05979]]]}},{"type":"Feature","properties":{"valleyId":"baegun","layer":"cast","date":"2026-08-01","timeLocal":"16:00"},"geometry":{"type":"Polygon","coordinates":[[[127.42334,38.05991],[127.42334,38.05986],[127.42341,38.05986],[127.42341,38.05991],[127.42334,38.05991]]]}},{"type":"Feature","properties":{"valleyId":"baegun","layer":"cast","date":"2026-08-01","timeLocal":"16:00"},"geometry":{"type":"Polygon","coordinates":[[[127.40896,38.05968],[127.40896,38.05963],[127.40903,38.05963],[127.40903,38.05968],[127.40896,38.05968]]]}},{"type":"Feature","properties":{"valleyId":"baegun","layer":"cast","date":"2026-08-01","timeLocal":"16:00"},"geometry":{"type":"Polygon","coordinates":[[[127.40926,38.05972],[127.40926,38.05965],[127.40917,38.05965],[127.40917,38.05958],[127.40933,38.05958],[127.40933,38.05972],[127.40926,38.05972]]]}},{"type":"Feature","properties":{"valleyId":"baegun","layer":"cast","date":"2026-08-01","timeLocal":"16:00"},"geometry":{"type":"Polygon","coordinates":[[[127.41388,38.05979],[127.41386,38.05964],[127.41393,38.05964],[127.41397,38.05979],[127.41388,38.05979]]]}},{"type":"Feature","properties":{"valleyId":"baegun","layer":"cast","date":"2026-08-01","timeLocal":"16:00"},"geometry":{"type":"Polygon","coordinates":[[[127.4094,38.05962],[127.4094,38.05958],[127.40949,38.05958],[127.40949,38.05962],[127.4094,38.05962]]]}},{"type":"Feature","properties":{"valleyId":"baegun","layer":"cast","date":"2026-08-01","timeLocal":"16:00"},"geometry":{"type":"Polygon","coordinates":[[[127.41341,38.05967],[127.41341,38.05964],[127.41352,38.05964],[127.41352,38.05967],[127.41341,38.05967]]]}}]}