{"type": "FeatureCollection", "features": [{"type": "Feature", "properties": {"date": "2026-07-25", "timeLocal": "18:00", "sunAzimuth": 280.43, "sunElevation": 19.06, "source": "Copernicus GLO-30, terrain-only horizon angle"}, "geometry": {"type": "Polygon", "coordinates": [[[127.42426478285003, 38.095469163204264], [127.42427639201618, 38.09492860299342], [127.42496040785203, 38.094937775310264], [127.42495460582496, 38.09520805551083], [127.42632264346267, 38.09522638838244], [127.42631684639244, 38.095496668746776], [127.42426478285003, 38.095469163204264]]]}}, {"type": "Feature", "properties": {"date": "2026-07-25", "timeLocal": "18:00", "sunAzimuth": 280.43, "sunElevation": 19.06, "source": "Copernicus GLO-30, terrain-only horizon angle"}, "geometry": {"type": "Polygon", "coordinates": [[[127.4136624991791, 38.095326480640765], [127.41366834281742, 38.09505620191938], [127.41401034953915, 38.095060819462006], [127.41401619184072, 38.09479054068283], [127.41435819738206, 38.09479515718596], [127.41436403834692, 38.094524878349], [127.41470604270788, 38.09452949381269], [127.4147002030016, 38.09479977269422], [127.41538421447505, 38.09480900072603], [127.41537253986232, 38.09534955862758], [127.4136624991791, 38.095326480640765]]]}}, {"type": "Feature", "properties": {"date": "2026-07-25", "timeLocal": "18:00", "sunAzimuth": 280.43, "sunElevation": 19.06, "source": "Copernicus GLO-30, terrain-only horizon angle"}, "geometry": {"type": "Polygon", "coordinates": [[[127.39830762171727, 38.093495999057026], [127.39831352151668, 38.093225722272116], [127.39865551715177, 38.09323038431483], [127.3986496186108, 38.09350066114474], [127.39830762171727, 38.093495999057026]]]}}, {"type": "Feature", "properties": {"date": "2026-07-25", "timeLocal": "18:00", "sunAzimuth": 280.43, "sunElevation": 19.06, "source": "Copernicus GLO-30, terrain-only horizon angle"}, "geometry": {"type": "Polygon", "coordinates": [[[127.40992970319017, 38.09392423023292], [127.40994141729315, 38.093383673626604], [127.41028341560269, 38.09338830184508], [127.41028927127815, 38.0931180234774], [127.41063126840758, 38.09312265065636], [127.41061370492149, 38.09393348585373], [127.40992970319017, 38.09392423023292]]]}}, {"type": "Feature", "properties": {"date": "2026-07-25", "timeLocal": "18:00", "sunAzimuth": 280.43, "sunElevation": 19.06, "source": "Copernicus GLO-30, terrain-only horizon angle"}, "geometry": {"type": "Polygon", "coordinates": [[[127.39695144452004, 38.092936787535095], [127.39696325379116, 38.09239623425931], [127.39730524533516, 38.092400900146146], [127.39729343858083, 38.09294145351201], [127.39695144452004, 38.092936787535095]]]}}, {"type": "Feature", "properties": {"date": "2026-07-25", "timeLocal": "18:00", "sunAzimuth": 280.43, "sunElevation": 19.06, "source": "Copernicus GLO-30, terrain-only horizon angle"}, "geometry": {"type": "Polygon", "coordinates": [[[127.40960527725437, 38.09310876613498], [127.40962285136108, 38.09229793122068], [127.40996484455853, 38.09230256025523], [127.40994727422708, 38.093113395303604], [127.40960527725437, 38.09310876613498]]]}}, {"type": "Feature", "properties": {"date": "2026-07-25", "timeLocal": "18:00", "sunAzimuth": 280.43, "sunElevation": 19.06, "source": "Copernicus GLO-30, terrain-only horizon angle"}, "geometry": {"type": "Polygon", "coordinates": [[[127.39594318792531, 38.09211195410751], [127.39594909613832, 38.091841677571715], [127.39629108492858, 38.091846346352774], [127.3962851779739, 38.09211662293365], [127.39594318792531, 38.09211195410751]]]}}, {"type": "Feature", "properties": {"date": "2026-07-25", "timeLocal": "18:00", "sunAzimuth": 280.43, "sunElevation": 19.06, "source": "Copernicus GLO-30, terrain-only horizon angle"}, "geometry": {"type": "Polygon", "coordinates": [[[127.40996484455853, 38.09230256025523], [127.40997655772097, 38.09176200349019], [127.41031854848003, 38.09176663144057], [127.41030683783437, 38.09230718829498], [127.40996484455853, 38.09230256025523]]]}}, {"type": "Feature", "properties": {"date": "2026-07-25", "timeLocal": "18:00", "sunAzimuth": 280.43, "sunElevation": 19.06, "source": "Copernicus GLO-30, terrain-only horizon angle"}, "geometry": {"type": "Polygon", "coordinates": [[[127.43452512845519, 38.09560633273613], [127.43453089531826, 38.09533605131312], [127.43418888393514, 38.09533149346618], [127.43419465197965, 38.09506121207395], [127.43385264193235, 38.09505665327609], [127.43387571837285, 38.093975527751134], [127.43353371343707, 38.09397096813441], [127.43357987268018, 38.091808716802745], [127.4339218675481, 38.091813276067334], [127.4339160991714, 38.09208355757403], [127.43425809537491, 38.0920881158878], [127.4342465609068, 38.09262867894958], [127.43458855970444, 38.09263323635651], [127.43457702744455, 38.09317379945348], [127.4349190288363, 38.09317835595353], [127.43490173364331, 38.09398920063191], [127.43455972847597, 38.093984643999896], [127.43455396199879, 38.09425492548895], [127.43489596842468, 38.09425948216496], [127.43488443775594, 38.09480004519144], [127.43522644677617, 38.09480460096051], [127.43521491831602, 38.095345164022106], [127.43555692993063, 38.095349718884194], [127.43555116684351, 38.09562000043917], [127.43452512845519, 38.09560633273613]]]}}, {"type": "Feature", "properties": {"date": "2026-07-25", "timeLocal": "18:00", "sunAzimuth": 280.43, "sunElevation": 19.06, "source": "Copernicus GLO-30, terrain-only horizon angle"}, "geometry": {"type": "Polygon", "coordinates": [[[127.40963456704024, 38.091757374545], [127.40964042476223, 38.09148709618731], [127.4099824141846, 38.0914917250878], [127.40997655772097, 38.09176200349019], [127.40963456704024, 38.091757374545]]]}}, {"type": "Feature", "properties": {"date": "2026-07-25", "timeLocal": "18:00", "sunAzimuth": 280.43, "sunElevation": 19.06, "source": "Copernicus GLO-30, terrain-only horizon angle"}, "geometry": {"type": "Polygon", "coordinates": [[[127.40452234580111, 38.090876987895314], [127.40453409844471, 38.090336432430256], [127.4048760816563, 38.09034107607295], [127.40486433152925, 38.09088163162768], [127.40452234580111, 38.090876987895314]]]}}, {"type": "Feature", "properties": {"date": "2026-07-25", "timeLocal": "18:00", "sunAzimuth": 280.43, "sunElevation": 19.06, "source": "Copernicus GLO-30, terrain-only horizon angle"}, "geometry": {"type": "Polygon", "coordinates": [[[127.42802690147812, 38.09551956267131], [127.42805006412162, 38.0944384402506], [127.42839207033691, 38.09444301587398], [127.4283978595455, 38.09417273519159], [127.42873986457971, 38.0941773097759], [127.42874565245228, 38.093907029036146], [127.42942966023597, 38.09391617513176], [127.42944701583788, 38.093105332568335], [127.42910501568284, 38.0931007601504], [127.42909922930113, 38.09337104097395], [127.42875722796505, 38.093366467517], [127.42875144024738, 38.093636748283174], [127.42840943773022, 38.09363217378719], [127.4284036486766, 38.093902454496], [127.4280616449784, 38.093897878960966], [127.42805585458876, 38.094168159612394], [127.42702984018356, 38.09415442690539], [127.42702404594074, 38.09442470741102], [127.42634003420788, 38.09441554721012], [127.42633423737038, 38.094685827614114], [127.42599223036171, 38.09468124597707], [127.42599802845778, 38.09441096561731], [127.42463000623356, 38.09439262929705], [127.4246416122612, 38.09385206889191], [127.42498361518372, 38.0938566543758], [127.42498941682253, 38.09358637410915], [127.42601542228037, 38.09360012445876], [127.42602122006606, 38.09332984404614], [127.42636322078205, 38.09333442546204], [127.42636901723166, 38.09306414499197], [127.42705301637936, 38.09307330475073], [127.42705881023446, 38.09280302417904], [127.4267168118803, 38.09279844484131], [127.42672840187478, 38.0922578837467], [127.42707039771206, 38.092262462996004], [127.42708777834694, 38.091451621122374], [127.42742977048654, 38.09145619924426], [127.42745293854757, 38.0903750763843], [127.42813691299257, 38.090384229290216], [127.42814270229744, 38.09011394845383], [127.42848468837785, 38.090118523370485], [127.42849047634697, 38.08984824247672], [127.42883246124653, 38.089852816354465], [127.42881510088174, 38.090663659128595], [127.42915708963366, 38.09066823214403], [127.42914551818662, 38.09120879401571], [127.42948750953269, 38.09121336612464], [127.42948172495139, 38.091483647084814], [127.42982371763324, 38.09148821824309], [127.4298641992684, 38.08959625093565], [127.43020618321935, 38.089600820790274], [127.43020040161906, 38.089871101917936], [127.43054238690569, 38.08987567082195], [127.4305019223456, 38.09176763865454], [127.43084391651799, 38.091772206872506], [127.43082079724397, 38.09285333123408], [127.43047879803783, 38.0928487628397], [127.43047301676748, 38.09311904385295], [127.43115701777407, 38.093128179735054], [127.43116857520354, 38.09258761751891], [127.4315105733059, 38.0925921838795], [127.43153945923414, 38.09124077788758], [127.43188145112173, 38.09124534303295], [127.4318756753491, 38.09151562430183], [127.43221766857236, 38.09152018849645], [127.43221189398085, 38.09179046979618], [127.43255388853979, 38.09179503304006], [127.4325654351288, 38.09125447033927], [127.43222344308663, 38.09124990718351], [127.4322292175236, 38.09097962585737], [127.43257120830741, 38.09098418896907], [127.43258275443283, 38.09044362618906], [127.43292474277722, 38.09044818821788], [127.43293051446574, 38.09017790676402], [127.43258852737966, 38.090173344779224], [127.43260584575663, 38.08936250047053], [127.43294782906783, 38.089367062323184], [127.43294205761103, 38.089637343816676], [127.43328404225774, 38.089641904718626], [127.433278271982, 38.08991218624294], [127.43362025796421, 38.08991674619417], [127.4335971811223, 38.09099787233544], [127.43325519010678, 38.09099331220811], [127.4332378778895, 38.09180415654333], [127.43289588317603, 38.0917995952891], [127.43289011102405, 38.092069876663736], [127.43254811512939, 38.09206531437063], [127.43254234164174, 38.09233559568799], [127.43220034456594, 38.09233103235602], [127.43217146967619, 38.093682438524446], [127.43251347304445, 38.09368700207672], [127.43249037677572, 38.09476812694996], [127.4328323852555, 38.09477268968354], [127.43281506601843, 38.09558353333192], [127.43110500551323, 38.09556070905382], [127.4311223436296, 38.09474986606645], [127.4304383275205, 38.09474072965515], [127.43043254570854, 38.095011010575945], [127.42974852739178, 38.095001870096716], [127.4297427429852, 38.09527215091607], [127.42905872246087, 38.09526300636884], [127.42905293545961, 38.09553328708668], [127.42802690147812, 38.09551956267131]]]}}, {"type": "Feature", "properties": {"date": "2026-07-25", "timeLocal": "18:00", "sunAzimuth": 280.43, "sunElevation": 19.06, "source": "Copernicus GLO-30, terrain-only horizon angle"}, "geometry": {"type": "Polygon", "coordinates": [[[127.42606759955838, 38.09116760026955], [127.42609078744259, 38.09008647806412], [127.42643277305788, 38.0900910589493], [127.42644436401797, 38.08955049767885], [127.42678634719428, 38.08955507748084], [127.42679793532767, 38.089014516069106], [127.42816585874219, 38.08903282497618], [127.42817743649974, 38.08849226315808], [127.42851941503069, 38.08849683780973], [127.42850783978955, 38.089037399716155], [127.42884982091437, 38.08904197346142], [127.42884403443585, 38.08931225443898], [127.42850205205282, 38.089307680649554], [127.42849626423862, 38.089577961569745], [127.4278122971884, 38.08956881091838], [127.42780650678021, 38.08983909173701], [127.42746452211304, 38.089834514875044], [127.42745873036908, 38.09010479563628], [127.42677475875074, 38.090095638839706], [127.42676896441266, 38.09036591949932], [127.4264269774615, 38.09036133956469], [127.426409590207, 38.09117218133163], [127.42606759955838, 38.09116760026955]]]}}, {"type": "Feature", "properties": {"date": "2026-07-25", "timeLocal": "18:00", "sunAzimuth": 280.43, "sunElevation": 19.06, "source": "Copernicus GLO-30, terrain-only horizon angle"}, "geometry": {"type": "Polygon", "coordinates": [[[127.43123791328453, 38.089344243112556], [127.43124369095534, 38.08907396182616], [127.43090170928882, 38.089069395043936], [127.43090748814052, 38.08879911378843], [127.43056550780958, 38.08879454605558], [127.4305828476753, 38.08798370234209], [127.43092482423167, 38.087988269942656], [127.43091904561196, 38.088258551237786], [127.43126102350385, 38.088263117887756], [127.431255246065, 38.088533399213766], [127.43159722529239, 38.08853796491311], [127.43159144903444, 38.08880824627001], [127.43193342959734, 38.08881281101872], [127.43192765452032, 38.08908309240646], [127.43226963641874, 38.089087656204526], [127.43226386252269, 38.08935793762312], [127.43123791328453, 38.089344243112556]]]}}, {"type": "Feature", "properties": {"date": "2026-07-25", "timeLocal": "18:00", "sunAzimuth": 280.43, "sunElevation": 19.06, "source": "Copernicus GLO-30, terrain-only horizon angle"}, "geometry": {"type": "Polygon", "coordinates": [[[127.42852520253506, 38.088226556836695], [127.428530989962, 38.08795627585045], [127.42887296605403, 38.08796084941909], [127.42886717988526, 38.08823113044949], [127.42852520253506, 38.088226556836695]]]}}, {"type": "Feature", "properties": {"date": "2026-07-25", "timeLocal": "18:00", "sunAzimuth": 280.43, "sunElevation": 19.06, "source": "Copernicus GLO-30, terrain-only horizon angle"}, "geometry": {"type": "Polygon", "coordinates": [[[127.39943972899759, 38.08864499575188], [127.3994515181268, 38.08810444142223], [127.39910954624078, 38.088099782223885], [127.39913902397362, 38.086748396393], [127.39948098956935, 38.08675305536646], [127.3994750954386, 38.0870233326041], [127.39981706237124, 38.08702799062793], [127.39980527638919, 38.08756854515342], [127.40014724591678, 38.08757320227258], [127.40013546213548, 38.088113756835035], [127.4004774342581, 38.08811841304948], [127.40047154350728, 38.088388690355806], [127.40012957012652, 38.088384034096414], [127.40012367803875, 38.08865431134455], [127.39943972899759, 38.08864499575188]]]}}, {"type": "Feature", "properties": {"date": "2026-07-25", "timeLocal": "18:00", "sunAzimuth": 280.43, "sunElevation": 19.06, "source": "Copernicus GLO-30, terrain-only horizon angle"}, "geometry": {"type": "Polygon", "coordinates": [[[127.42888453815924, 38.087420287318665], [127.42889032409572, 38.087150006248635], [127.42957426896321, 38.08715915013703], [127.429568485543, 38.08742943129535], [127.42888453815924, 38.087420287318665]]]}}, {"type": "Feature", "properties": {"date": "2026-07-25", "timeLocal": "18:00", "sunAzimuth": 280.43, "sunElevation": 19.06, "source": "Copernicus GLO-30, terrain-only horizon angle"}, "geometry": {"type": "Polygon", "coordinates": [[[127.39879705845678, 38.086743736424964], [127.39880295502468, 38.08647345926407], [127.3991449192835, 38.08647811918713], [127.39913902397362, 38.086748396393], [127.39879705845678, 38.086743736424964]]]}}, {"type": "Feature", "properties": {"date": "2026-07-25", "timeLocal": "18:00", "sunAzimuth": 280.43, "sunElevation": 19.06, "source": "Copernicus GLO-30, terrain-only horizon angle"}, "geometry": {"type": "Polygon", "coordinates": [[[127.42854835177809, 38.087145432812456], [127.42855413889525, 38.08687515177338], [127.42889610995475, 38.0868797251654], [127.42889032409572, 38.087150006248635], [127.42854835177809, 38.087145432812456]]]}}, {"type": "Feature", "properties": {"date": "2026-07-25", "timeLocal": "18:00", "sunAzimuth": 280.43, "sunElevation": 19.06, "source": "Copernicus GLO-30, terrain-only horizon angle"}, "geometry": {"type": "Polygon", "coordinates": [[[127.42821216791317, 38.08687057738672], [127.42821795621096, 38.08660029637859], [127.42855992593495, 38.086604870721075], [127.42855413889525, 38.08687515177338], [127.42821216791317, 38.08687057738672]]]}}, {"type": "Feature", "properties": {"date": "2026-07-25", "timeLocal": "18:00", "sunAzimuth": 280.43, "sunElevation": 19.06, "source": "Copernicus GLO-30, terrain-only horizon angle"}, "geometry": {"type": "Polygon", "coordinates": [[[127.42788177604282, 38.0863254400643], [127.42789335476719, 38.08578487807031], [127.42823532063953, 38.08578945327492], [127.42822374443128, 38.08633001535725], [127.42788177604282, 38.0863254400643]]]}}, {"type": "Feature", "properties": {"date": "2026-07-25", "timeLocal": "18:00", "sunAzimuth": 280.43, "sunElevation": 19.06, "source": "Copernicus GLO-30, terrain-only horizon angle"}, "geometry": {"type": "Polygon", "coordinates": [[[127.42135532371675, 38.08758972106954], [127.42137276456134, 38.08677888078034], [127.42171473399095, 38.08678347505964], [127.42174379421917, 38.08543207409148], [127.42276968410418, 38.0854458502966], [127.42275806779429, 38.08598641098952], [127.42241610190551, 38.08598181982708], [127.42238124356183, 38.0876035013227], [127.42135532371675, 38.08758972106954]]]}}, {"type": "Feature", "properties": {"date": "2026-07-25", "timeLocal": "18:00", "sunAzimuth": 280.43, "sunElevation": 19.06, "source": "Copernicus GLO-30, terrain-only horizon angle"}, "geometry": {"type": "Polygon", "coordinates": [[[127.43504007574681, 38.087502439877184], [127.4350458390369, 38.087232158014004], [127.43470386532813, 38.087227602481626], [127.43472115851002, 38.08641675694483], [127.43506312844447, 38.08642131234526], [127.43507465433055, 38.08588074850006], [127.435416621826, 38.085885302817914], [127.43543966764068, 38.08480417479319], [127.43578163018115, 38.08480872794059], [127.43577587010114, 38.08507901001053], [127.43611783397671, 38.0850835622073], [127.43611207507759, 38.085353844308], [127.43645404028823, 38.08535839555412], [127.43643676690263, 38.08616924190881], [127.43609479791787, 38.08616469053086], [127.43608903871049, 38.08643497257874], [127.43574706854473, 38.08643042016222], [127.43572978668581, 38.08724126609477], [127.4353878128228, 38.087236712551714], [127.43538205079084, 38.08750699445887], [127.43504007574681, 38.087502439877184]]]}}, {"type": "Feature", "properties": {"date": "2026-07-25", "timeLocal": "18:00", "sunAzimuth": 280.43, "sunElevation": 19.06, "source": "Copernicus GLO-30, terrain-only horizon angle"}, "geometry": {"type": "Polygon", "coordinates": [[[127.43817537012191, 38.08484057212418], [127.43818112131899, 38.08457028973357], [127.43852308321772, 38.08457483488045], [127.4385173332786, 38.084845117314934], [127.43817537012191, 38.08484057212418]]]}}, {"type": "Feature", "properties": {"date": "2026-07-25", "timeLocal": "18:00", "sunAzimuth": 280.43, "sunElevation": 19.06, "source": "Copernicus GLO-30, terrain-only horizon angle"}, "geometry": {"type": "Polygon", "coordinates": [[[127.4350977051773, 38.08479962065121], [127.43510923013795, 38.08425905664757], [127.4354511900854, 38.08426361070161], [127.43543966764068, 38.08480417479319], [127.4350977051773, 38.08479962065121]]]}}, {"type": "Feature", "properties": {"date": "2026-07-25", "timeLocal": "18:00", "sunAzimuth": 280.43, "sunElevation": 19.06, "source": "Copernicus GLO-30, terrain-only horizon angle"}, "geometry": {"type": "Polygon", "coordinates": [[[127.41009952700053, 38.086086154262304], [127.41010538181857, 38.085815875582135], [127.40976341881755, 38.08581124762003], [127.4097751307345, 38.08527069030936], [127.41011709121958, 38.085275318182106], [127.41015221754229, 38.083653645664555], [127.41049417055832, 38.083658272274725], [127.41047661152312, 38.08446910872705], [127.41081856839112, 38.08447373447671], [127.4107893080556, 38.08582512852265], [127.41044734489792, 38.08582050254967], [127.41044149133789, 38.08609078127452], [127.41009952700053, 38.086086154262304]]]}}, {"type": "Feature", "properties": {"date": "2026-07-25", "timeLocal": "18:00", "sunAzimuth": 280.43, "sunElevation": 19.06, "source": "Copernicus GLO-30, terrain-only horizon angle"}, "geometry": {"type": "Polygon", "coordinates": [[[127.40705118140679, 38.08469307487548], [127.40706877841356, 38.08388223980425], [127.40741073198174, 38.083886875409625], [127.40741659623583, 38.08361659698133], [127.40775854862464, 38.083621231547454], [127.40775268562841, 38.08389151002049], [127.40809463935354, 38.08389614363686], [127.40808291564143, 38.084436700632736], [127.40774095940056, 38.084432066926894], [127.40773509616892, 38.08470234536025], [127.40705118140679, 38.08469307487548]]]}}, {"type": "Feature", "properties": {"date": "2026-07-25", "timeLocal": "18:00", "sunAzimuth": 280.43, "sunElevation": 19.06, "source": "Copernicus GLO-30, terrain-only horizon angle"}, "geometry": {"type": "Polygon", "coordinates": [[[127.40873753028481, 38.08579735776625], [127.40874339005636, 38.085527079251634], [127.40840142862689, 38.08552244735594], [127.40843073259813, 38.08417105480802], [127.40877268773802, 38.08417568648011], [127.40879026540605, 38.08336485065844], [127.40947416837388, 38.08337411075086], [127.40945074138924, 38.08445522551091], [127.40910878483469, 38.08445059578315], [127.40909706835626, 38.084991152994405], [127.40943902742664, 38.08499578281157], [127.4094331703278, 38.08526606144205], [127.40909120999946, 38.08526143158019], [127.40907949305064, 38.08580198871208], [127.40873753028481, 38.08579735776625]]]}}, {"type": "Feature", "properties": {"date": "2026-07-25", "timeLocal": "18:00", "sunAzimuth": 280.43, "sunElevation": 19.06, "source": "Copernicus GLO-30, terrain-only horizon angle"}, "geometry": {"type": "Polygon", "coordinates": [[[127.41049417055832, 38.083658272274725], [127.41050002341339, 38.083387993430854], [127.4108419752499, 38.08339261900187], [127.41083612365264, 38.08366289789041], [127.41049417055832, 38.083658272274725]]]}}, {"type": "Feature", "properties": {"date": "2026-07-25", "timeLocal": "18:00", "sunAzimuth": 280.43, "sunElevation": 19.06, "source": "Copernicus GLO-30, terrain-only horizon angle"}, "geometry": {"type": "Polygon", "coordinates": [[[127.40604291818002, 38.08386832702113], [127.40604878746548, 38.08359804877191], [127.4057068354692, 38.08359340923334], [127.40571270593396, 38.08332313101569], [127.4063966074894, 38.08333240900876], [127.40640247535998, 38.083062130688305], [127.40674442499767, 38.08306676814835], [127.40673855838492, 38.0833370465136], [127.40708050935893, 38.083341683023946], [127.40707464392548, 38.08361196142071], [127.40673269169363, 38.0836073248656], [127.40672682492385, 38.08387760320437], [127.40604291818002, 38.08386832702113]]]}}, {"type": "Feature", "properties": {"date": "2026-07-25", "timeLocal": "18:00", "sunAzimuth": 280.43, "sunElevation": 19.06, "source": "Copernicus GLO-30, terrain-only horizon angle"}, "geometry": {"type": "Polygon", "coordinates": [[[127.40775854862464, 38.083621231547454], [127.40777027438175, 38.08308067456168], [127.40811222433338, 38.08308530804385], [127.40810050109192, 38.083625865119096], [127.40775854862464, 38.083621231547454]]]}}, {"type": "Feature", "properties": {"date": "2026-07-25", "timeLocal": "18:00", "sunAzimuth": 280.43, "sunElevation": 19.06, "source": "Copernicus GLO-30, terrain-only horizon angle"}, "geometry": {"type": "Polygon", "coordinates": [[[127.4224741929255, 38.08327901627706], [127.42248000159995, 38.083008735849376], [127.42282195365145, 38.083013326524245], [127.42281614623487, 38.083283606996254], [127.4224741929255, 38.08327901627706]]]}}, {"type": "Feature", "properties": {"date": "2026-07-25", "timeLocal": "18:00", "sunAzimuth": 280.43, "sunElevation": 19.06, "source": "Copernicus GLO-30, terrain-only horizon angle"}, "geometry": {"type": "Polygon", "coordinates": [[[127.42006888674518, 38.083787413591324], [127.42009215681831, 38.08270629314912], [127.42043410706752, 38.08271089074104], [127.42042247470232, 38.08325145107736], [127.42076442754502, 38.083256047763555], [127.42075279738425, 38.08379660813577], [127.42006888674518, 38.083787413591324]]]}}, {"type": "Feature", "properties": {"date": "2026-07-25", "timeLocal": "18:00", "sunAzimuth": 280.43, "sunElevation": 19.06, "source": "Copernicus GLO-30, terrain-only horizon angle"}, "geometry": {"type": "Polygon", "coordinates": [[[127.43545695119214, 38.083993328636], [127.43547999484804, 38.08291220024157], [127.43582194858305, 38.08291675308126], [127.43579890995875, 38.08399788165152], [127.43545695119214, 38.083993328636]]]}}, {"type": "Feature", "properties": {"date": "2026-07-25", "timeLocal": "18:00", "sunAzimuth": 280.43, "sunElevation": 19.06, "source": "Copernicus GLO-30, terrain-only horizon angle"}, "geometry": {"type": "Polygon", "coordinates": [[[127.40674442499767, 38.08306676814835], [127.40675615798767, 38.08252621137819], [127.40709810518831, 38.08253084775425], [127.40708637471388, 38.08307140461394], [127.40674442499767, 38.08306676814835]]]}}, {"type": "Feature", "properties": {"date": "2026-07-25", "timeLocal": "18:00", "sunAzimuth": 280.43, "sunElevation": 19.06, "source": "Copernicus GLO-30, terrain-only horizon angle"}, "geometry": {"type": "Polygon", "coordinates": [[[127.42383039911009, 38.08383793435703], [127.42383620290846, 38.083567653778545], [127.42349424810814, 38.083563065998554], [127.42350005308673, 38.08329278545114], [127.42315809962196, 38.08328819672095], [127.42316971186175, 38.082747635675084], [127.42351166281082, 38.08275222431667], [127.4235058579876, 38.08302250489052], [127.42418976263451, 38.0830316792788], [127.42418396024932, 38.08330195992801], [127.4245259139471, 38.08330654567469], [127.42452011274212, 38.08357682635496], [127.42417815778647, 38.08357224056402], [127.42417235524597, 38.083842521186774], [127.42383039911009, 38.08383793435703]]]}}, {"type": "Feature", "properties": {"date": "2026-07-25", "timeLocal": "18:00", "sunAzimuth": 280.43, "sunElevation": 19.06, "source": "Copernicus GLO-30, terrain-only horizon angle"}, "geometry": {"type": "Polygon", "coordinates": [[[127.41870688906802, 38.083498732655194], [127.41872435660014, 38.082687892836674], [127.41906630653784, 38.082692494406494], [127.4190721276349, 38.082422214396125], [127.41975602522841, 38.08243141446352], [127.41973275043539, 38.08351253478101], [127.41870688906802, 38.083498732655194]]]}}, {"type": "Feature", "properties": {"date": "2026-07-25", "timeLocal": "18:00", "sunAzimuth": 280.43, "sunElevation": 19.06, "source": "Copernicus GLO-30, terrain-only horizon angle"}, "geometry": {"type": "Polygon", "coordinates": [[[127.40812394726106, 38.082544750915694], [127.40812980860724, 38.08227447233176], [127.40847175486397, 38.082279104685284], [127.40846589477555, 38.08254938331393], [127.40812394726106, 38.082544750915694]]]}}, {"type": "Feature", "properties": {"date": "2026-07-25", "timeLocal": "18:00", "sunAzimuth": 280.43, "sunElevation": 19.06, "source": "Copernicus GLO-30, terrain-only horizon angle"}, "geometry": {"type": "Polygon", "coordinates": [[[127.41769268104832, 38.08294436197972], [127.41769850725457, 38.08267408216034], [127.41735655762862, 38.082669476612615], [127.41736238501468, 38.08239919682448], [127.41804628182895, 38.08240840683653], [127.41803463201006, 38.08294896657743], [127.41769268104832, 38.08294436197972]]]}}, {"type": "Feature", "properties": {"date": "2026-07-25", "timeLocal": "18:00", "sunAzimuth": 280.43, "sunElevation": 19.06, "source": "Copernicus GLO-30, terrain-only horizon angle"}, "geometry": {"type": "Polygon", "coordinates": [[[127.42176122942277, 38.08462123335199], [127.42177285250297, 38.08408067279291], [127.42143089565323, 38.084076078957146], [127.42143670833455, 38.08380579870214], [127.42109475282051, 38.08380120391622], [127.42110056668193, 38.08353092369235], [127.42144252093813, 38.083535518433905], [127.42147739492599, 38.08191383654697], [127.42181934171305, 38.08191843002791], [127.42181353083397, 38.08218871041981], [127.42215547895655, 38.082193302950635], [127.42214385948073, 38.08273386378343], [127.42180190884251, 38.08272927116391], [127.4217786639264, 38.08381039249355], [127.42212061959604, 38.08381498529043], [127.42211480943048, 38.08408526563414], [127.42279872351877, 38.084094448333], [127.42279291579129, 38.08436472875214], [127.42210899918719, 38.08435554596463], [127.42210318886613, 38.0846258262819], [127.42176122942277, 38.08462123335199]]]}}, {"type": "Feature", "properties": {"date": "2026-07-25", "timeLocal": "18:00", "sunAzimuth": 280.43, "sunElevation": 19.06, "source": "Copernicus GLO-30, terrain-only horizon angle"}, "geometry": {"type": "Polygon", "coordinates": [[[127.41018148732348, 38.08230225153617], [127.41019319468762, 38.081761693792224], [127.41053513889909, 38.08176632008973], [127.41052343405048, 38.082306877923], [127.41018148732348, 38.08230225153617]]]}}, {"type": "Feature", "properties": {"date": "2026-07-25", "timeLocal": "18:00", "sunAzimuth": 280.43, "sunElevation": 19.06, "source": "Copernicus GLO-30, terrain-only horizon angle"}, "geometry": {"type": "Polygon", "coordinates": [[[127.42044573912139, 38.08217033035185], [127.42045155503156, 38.08190005013742], [127.42079350158522, 38.08190464660172], [127.42078768693281, 38.08217492686053], [127.42044573912139, 38.08217033035185]]]}}, {"type": "Feature", "properties": {"date": "2026-07-25", "timeLocal": "18:00", "sunAzimuth": 280.43, "sunElevation": 19.06, "source": "Copernicus GLO-30, terrain-only horizon angle"}, "geometry": {"type": "Polygon", "coordinates": [[[127.40847175486397, 38.082279104685284], [127.40848347480554, 38.08173854738829], [127.40882541862518, 38.08174317865793], [127.40883127722063, 38.08147289994488], [127.40951516257968, 38.081482159411486], [127.40950930649969, 38.08175243821393], [127.40916736252323, 38.08174780893315], [127.40916150510712, 38.08201808767767], [127.40881955995134, 38.08201345735775], [127.40881370119911, 38.08228373604435], [127.40847175486397, 38.082279104685284]]]}}, {"type": "Feature", "properties": {"date": "2026-07-25", "timeLocal": "18:00", "sunAzimuth": 280.43, "sunElevation": 19.06, "source": "Copernicus GLO-30, terrain-only horizon angle"}, "geometry": {"type": "Polygon", "coordinates": [[[127.40711570031131, 38.08172001236548], [127.40712156519534, 38.08144973387609], [127.40746350744348, 38.08145436907867], [127.40745764381718, 38.08172464761282], [127.40711570031131, 38.08172001236548]]]}}, {"type": "Feature", "properties": {"date": "2026-07-25", "timeLocal": "18:00", "sunAzimuth": 280.43, "sunElevation": 19.06, "source": "Copernicus GLO-30, terrain-only horizon angle"}, "geometry": {"type": "Polygon", "coordinates": [[[127.41737403955288, 38.08185863720855], [127.417379866705, 38.081588357380745], [127.41772181129987, 38.081592962750605], [127.4177159854055, 38.081863242622866], [127.41737403955288, 38.08185863720855]]]}}, {"type": "Feature", "properties": {"date": "2026-07-25", "timeLocal": "18:00", "sunAzimuth": 280.43, "sunElevation": 19.06, "source": "Copernicus GLO-30, terrain-only horizon angle"}, "geometry": {"type": "Polygon", "coordinates": [[[127.41772181129987, 38.081592962750605], [127.41772763711627, 38.08132268286512], [127.41806958053137, 38.0813272871961], [127.41806375597267, 38.08159756712603], [127.41772181129987, 38.081592962750605]]]}}, {"type": "Feature", "properties": {"date": "2026-07-25", "timeLocal": "18:00", "sunAzimuth": 280.43, "sunElevation": 19.06, "source": "Copernicus GLO-30, terrain-only horizon angle"}, "geometry": {"type": "Polygon", "coordinates": [[[127.40985710537674, 38.081486787653155], [127.40986881478628, 38.0809462299192], [127.41021075514631, 38.0809508570771], [127.41019904825218, 38.08149141490041], [127.40985710537674, 38.081486787653155]]]}}, {"type": "Feature", "properties": {"date": "2026-07-25", "timeLocal": "18:00", "sunAzimuth": 280.43, "sunElevation": 19.06, "source": "Copernicus GLO-30, terrain-only horizon angle"}, "geometry": {"type": "Polygon", "coordinates": [[[127.41806958053137, 38.0813272871961], [127.4180754050121, 38.081057007252944], [127.4184173472474, 38.081061610545035], [127.41841152402439, 38.08133189053264], [127.41806958053137, 38.0813272871961]]]}}, {"type": "Feature", "properties": {"date": "2026-07-25", "timeLocal": "18:00", "sunAzimuth": 280.43, "sunElevation": 19.06, "source": "Copernicus GLO-30, terrain-only horizon angle"}, "geometry": {"type": "Polygon", "coordinates": [[[127.4184173472474, 38.081061610545035], [127.4184231703925, 38.08079133054421], [127.41876511144802, 38.080795932797464], [127.41875928956064, 38.081066212842714], [127.4184173472474, 38.081061610545035]]]}}, {"type": "Feature", "properties": {"date": "2026-07-25", "timeLocal": "18:00", "sunAzimuth": 280.43, "sunElevation": 19.06, "source": "Copernicus GLO-30, terrain-only horizon angle"}, "geometry": {"type": "Polygon", "coordinates": [[[127.40781717427197, 38.0809184460894], [127.40782889846001, 38.080377888839045], [127.40817083583441, 38.08038252187387], [127.40815911416165, 38.080923079213704], [127.40781717427197, 38.0809184460894]]]}}, {"type": "Feature", "properties": {"date": "2026-07-25", "timeLocal": "18:00", "sunAzimuth": 280.43, "sunElevation": 19.06, "source": "Copernicus GLO-30, terrain-only horizon angle"}, "geometry": {"type": "Polygon", "coordinates": [[[127.41876511144802, 38.080795932797464], [127.41877093325752, 38.08052565273898], [127.41911287313329, 38.080530253953384], [127.41910705258148, 38.08080053405631], [127.41876511144802, 38.080795932797464]]]}}, {"type": "Feature", "properties": {"date": "2026-07-25", "timeLocal": "18:00", "sunAzimuth": 280.43, "sunElevation": 19.06, "source": "Copernicus GLO-30, terrain-only horizon angle"}, "geometry": {"type": "Polygon", "coordinates": [[[127.40573618700743, 38.08224201801275], [127.40575966682401, 38.081160904798125], [127.4054177262261, 38.08115626466827], [127.40543533903676, 38.08034542975276], [127.40611921276512, 38.08035470874929], [127.40612508102963, 38.08008443032807], [127.40715088843822, 38.08009834123074], [127.4071450239466, 38.08036861978626], [127.40748696116408, 38.08037325480984], [127.40748109785163, 38.080643533396895], [127.4071391593765, 38.080638898328566], [127.40713329472793, 38.08090917685764], [127.4064494154978, 38.08089990364829], [127.40642594605706, 38.08198101727415], [127.40608400152895, 38.08197637899876], [127.40607813271473, 38.08224665732737], [127.40573618700743, 38.08224201801275]]]}}, {"type": "Feature", "properties": {"date": "2026-07-25", "timeLocal": "18:00", "sunAzimuth": 280.43, "sunElevation": 19.06, "source": "Copernicus GLO-30, terrain-only horizon angle"}, "geometry": {"type": "Polygon", "coordinates": [[[127.40885471081843, 38.08039178496039], [127.40886056902188, 38.0801215061812], [127.40920250537387, 38.08012613618819], [127.40919664842805, 38.08039641501208], [127.40885471081843, 38.08039178496039]]]}}, {"type": "Feature", "properties": {"date": "2026-07-25", "timeLocal": "18:00", "sunAzimuth": 280.43, "sunElevation": 19.06, "source": "Copernicus GLO-30, terrain-only horizon angle"}, "geometry": {"type": "Polygon", "coordinates": [[[127.4071684814422, 38.07928750548475], [127.40717434561992, 38.079017226876296], [127.40683241476889, 38.07901259108214], [127.40683828012568, 38.07874231250523], [127.4075221393911, 38.07875158300969], [127.40752800215434, 38.078481304330026], [127.40786993064722, 38.07848593804604], [127.40785234589478, 38.07929677417957], [127.4071684814422, 38.07928750548475]]]}}, {"type": "Feature", "properties": {"date": "2026-07-25", "timeLocal": "18:00", "sunAzimuth": 280.43, "sunElevation": 19.06, "source": "Copernicus GLO-30, terrain-only horizon angle"}, "geometry": {"type": "Polygon", "coordinates": [[[127.44001155687452, 38.078917067664854], [127.44001730009056, 38.078646784764544], [127.44035923470233, 38.07865132397426], [127.44035349274391, 38.0789216069184], [127.44001155687452, 38.078917067664854]]]}}, {"type": "Feature", "properties": {"date": "2026-07-25", "timeLocal": "18:00", "sunAzimuth": 280.43, "sunElevation": 19.06, "source": "Copernicus GLO-30, terrain-only horizon angle"}, "geometry": {"type": "Polygon", "coordinates": [[[127.40787579207448, 38.07821565930841], [127.40788165342332, 38.077945380557544], [127.40822357947962, 38.0779500131898], [127.40821771938828, 38.07822029198539], [127.40787579207448, 38.07821565930841]]]}}, {"type": "Feature", "properties": {"date": "2026-07-25", "timeLocal": "18:00", "sunAzimuth": 280.43, "sunElevation": 19.06, "source": "Copernicus GLO-30, terrain-only horizon angle"}, "geometry": {"type": "Polygon", "coordinates": [[[127.43786792061793, 38.083214331660564], [127.43787942452735, 38.08267376679552], [127.43753747158802, 38.08266921996681], [127.43754897770522, 38.08212865513676], [127.43720702735853, 38.082124107401356], [127.43722428973031, 38.08131326018901], [127.43688234323403, 38.08130871159087], [127.43691111860228, 38.079957299525844], [127.43656917847164, 38.079952750152884], [127.4365864465414, 38.0791419028872], [127.4369283828991, 38.07914645212839], [127.43695715518692, 38.077795039535275], [127.43729908533363, 38.07779958756251], [127.43728182596467, 38.07861043528973], [127.43762375996113, 38.07861498245434], [127.43761800794178, 38.078885265047575], [127.43795994327282, 38.07888981126173], [127.43794844151846, 38.079430376496404], [127.43829037944172, 38.07943492180395], [127.43826738004023, 38.080516052290434], [127.43792543708622, 38.080511506807326], [127.43790243142253, 38.08159263690704], [127.43824437940756, 38.081597182565694], [127.43820987615, 38.08321887758255], [127.43786792061793, 38.083214331660564]]]}}, {"type": "Feature", "properties": {"date": "2026-07-25", "timeLocal": "18:00", "sunAzimuth": 280.43, "sunElevation": 19.06, "source": "Copernicus GLO-30, terrain-only horizon angle"}, "geometry": {"type": "Polygon", "coordinates": [[[127.42463032236247, 38.0784414911703], [127.42464192174515, 38.07790092929442], [127.42498385036663, 38.077905513161355], [127.42498964868405, 38.07763523215934], [127.42533157612563, 38.077639814987705], [127.42531418471324, 38.078450658086844], [127.42463032236247, 38.0784414911703]]]}}, {"type": "Feature", "properties": {"date": "2026-07-25", "timeLocal": "18:00", "sunAzimuth": 280.43, "sunElevation": 19.06, "source": "Copernicus GLO-30, terrain-only horizon angle"}, "geometry": {"type": "Polygon", "coordinates": [[[127.43864956241224, 38.07862861798203], [127.43866680669025, 38.077817769728135], [127.43900873722174, 38.07782231278372], [127.43899149671648, 38.0786331611692], [127.43864956241224, 38.07862861798203]]]}}, {"type": "Feature", "properties": {"date": "2026-07-25", "timeLocal": "18:00", "sunAzimuth": 280.43, "sunElevation": 19.06, "source": "Copernicus GLO-30, terrain-only horizon angle"}, "geometry": {"type": "Polygon", "coordinates": [[[127.40509927432778, 38.08007051047613], [127.40510514628659, 38.079800232176076], [127.40476321213403, 38.07979559028152], [127.40477495833106, 38.07925503373135], [127.40511688996843, 38.07925967553626], [127.40512863333598, 38.07871911884353], [127.40547056253683, 38.078723759564504], [127.4055057832089, 38.07710208889989], [127.40584770494341, 38.07710672835776], [127.4057831453838, 38.08007979137178], [127.40509927432778, 38.08007051047613]]]}}, {"type": "Feature", "properties": {"date": "2026-07-25", "timeLocal": "18:00", "sunAzimuth": 280.43, "sunElevation": 19.06, "source": "Copernicus GLO-30, terrain-only horizon angle"}, "geometry": {"type": "Polygon", "coordinates": [[[127.40920250537387, 38.08012613618819], [127.40926107052154, 38.07742334722167], [127.40960299437644, 38.077427975787366], [127.40962055862028, 38.0766171387054], [127.40996247878122, 38.076621766142786], [127.40995662536905, 38.07689204522802], [127.41064046844079, 38.07690129720937], [127.41064631933811, 38.07663101803481], [127.41098823973401, 38.07663564248945], [127.41098239009412, 38.07690592170867], [127.41132431182571, 38.0769105452137], [127.41131846336496, 38.07718082446432], [127.41097654037591, 38.07717620091465], [127.41095899075168, 38.07798703845326], [127.41061706406849, 38.077982413775345], [127.41059950996713, 38.07879325106096], [127.4102575795897, 38.078788625254774], [127.41024002101086, 38.079599462287355], [127.40989808693902, 38.07959483535282], [127.40989223266516, 38.07986511429255], [127.40955029741407, 38.079860486319], [127.40954444180423, 38.08013076520081], [127.40920250537387, 38.08012613618819]]]}}, {"type": "Feature", "properties": {"date": "2026-07-25", "timeLocal": "18:00", "sunAzimuth": 280.43, "sunElevation": 19.06, "source": "Copernicus GLO-30, terrain-only horizon angle"}, "geometry": {"type": "Polygon", "coordinates": [[[127.39560710742715, 38.091837007795895], [127.39568983172275, 38.08805313553537], [127.39534786070551, 38.08804846539605], [127.39535377024883, 38.08777818875178], [127.39501180056878, 38.087773517662924], [127.39503544298329, 38.08669241113381], [127.39469347841448, 38.08668773923076], [127.39469939007836, 38.08641746261047], [127.39435742684664, 38.08641278975797], [127.39438699026911, 38.08506140668349], [127.39472894721109, 38.085066079310444], [127.3947466805415, 38.08425524917152], [127.39440472737311, 38.08425057667989], [127.39441063958287, 38.08398029998554], [127.39406868775146, 38.08397562654454], [127.39408051444927, 38.08343507320635], [127.39373856521259, 38.08343039886114], [127.39375630843914, 38.08261956888994], [127.3940982539025, 38.08262424309976], [127.39411599264356, 38.08181341287397], [127.39377405095338, 38.08180873879953], [127.39379179275534, 38.08099790858993], [127.3934498549173, 38.0809932336565], [127.3934616849048, 38.080452680207486], [127.39311974966117, 38.08044800436998], [127.39313158184727, 38.07990745095829], [127.39278964919801, 38.07990277421671], [127.39280148358255, 38.07936222084236], [127.39245955352754, 38.07935754319678], [127.39246547185859, 38.079087266534906], [127.39280740065604, 38.07909194413532], [127.39283698483584, 38.07774056040145], [127.39249506232578, 38.07773588302685], [127.3925305682731, 38.07611422238014], [127.39287248323885, 38.07611889948379], [127.39286656703626, 38.076389176336505], [127.39320848333851, 38.076393852491094], [127.39320256831414, 38.07666412937572], [127.39354448595289, 38.076668804581246], [127.39353857210673, 38.07693908149777], [127.39388049108203, 38.076943755754186], [127.39387457841414, 38.077214032702614], [127.39421649872595, 38.07721870600993], [127.39420467566764, 38.077759259957276], [127.39454659857341, 38.07776393236058], [127.39453477771362, 38.078304486345175], [127.39419285229293, 38.07829981385166], [127.39418694048689, 38.07857009077898], [127.39384501388783, 38.07856541724605], [127.39380953384504, 38.080187078261154], [127.39415146798935, 38.080191752064835], [127.39414555562954, 38.080462028899476], [127.3944874911106, 38.08046670175391], [127.39447566866882, 38.08100725547368], [127.39481760674421, 38.08101192742399], [127.39481169666234, 38.08128220430912], [127.39515363607448, 38.081286875310134], [127.39513590912738, 38.08209770602136], [127.39547785239168, 38.082102376163256], [127.39545422038613, 38.0831834837732], [127.39511227209083, 38.08317881345094], [127.395106362634, 38.08344909027522], [127.39544831218707, 38.08345376064258], [127.39543058711554, 38.08426459117128], [127.39577254052118, 38.084269260679406], [127.39576663326375, 38.084539537540905], [127.39542467860024, 38.0845348679877], [127.39541286133242, 38.085075421580804], [127.39507090423221, 38.08507075094288], [127.39505317396366, 38.08588158109794], [127.39539513483763, 38.085886251871145], [127.39538331677907, 38.08642680533182], [127.39606724379611, 38.08643614407486], [127.39604361679424, 38.08751725119797], [127.39638558545342, 38.0875219192579], [127.39636196221913, 38.0886030263494], [127.39670393598972, 38.088607693594966], [127.39668622150857, 38.08941852390974], [127.39634424396354, 38.08941385652901], [127.39632652499662, 38.09022468658944], [127.39598454375604, 38.090220018078824], [127.39597272819971, 38.09076057129609], [127.39631471195678, 38.09076523989685], [127.39630289860077, 38.09130579315129], [127.39596091232714, 38.09130112446039], [127.39594909613832, 38.091841677571715], [127.39560710742715, 38.091837007795895]]]}}, {"type": "Feature", "properties": {"date": "2026-07-25", "timeLocal": "18:00", "sunAzimuth": 280.43, "sunElevation": 19.06, "source": "Copernicus GLO-30, terrain-only horizon angle"}, "geometry": {"type": "Polygon", "coordinates": [[[127.40754558997332, 38.07767046821166], [127.40755731479375, 38.07712991073326], [127.4072153926667, 38.07712527624668], [127.40723298308117, 38.076314440064124], [127.40757490143598, 38.076319074416475], [127.40756317708626, 38.07685963197422], [127.4079050980343, 38.07686426542182], [127.40788751469373, 38.07767510179346], [127.40754558997332, 38.07767046821166]]]}}, {"type": "Feature", "properties": {"date": "2026-07-25", "timeLocal": "18:00", "sunAzimuth": 280.43, "sunElevation": 19.06, "source": "Copernicus GLO-30, terrain-only horizon angle"}, "geometry": {"type": "Polygon", "coordinates": [[[127.4256908905865, 38.07683355347097], [127.42569668607864, 38.07656327232763], [127.42603860864544, 38.07656785299046], [127.42603281441076, 38.07683813417803], [127.4256908905865, 38.07683355347097]]]}}, {"type": "Feature", "properties": {"date": "2026-07-25", "timeLocal": "18:00", "sunAzimuth": 280.43, "sunElevation": 19.06, "source": "Copernicus GLO-30, terrain-only horizon angle"}, "geometry": {"type": "Polygon", "coordinates": [[[127.40689106480485, 38.07630980471755], [127.40690865828523, 38.0754989685502], [127.40725057278948, 38.075503603762506], [127.40724470963185, 38.07577388254294], [127.4075866254719, 38.07577851680579], [127.40758076349316, 38.07604879561774], [127.40723884639573, 38.07604416131014], [127.40723298308117, 38.076314440064124], [127.40689106480485, 38.07630980471755]]]}}, {"type": "Feature", "properties": {"date": "2026-07-25", "timeLocal": "18:00", "sunAzimuth": 280.43, "sunElevation": 19.06, "source": "Copernicus GLO-30, terrain-only horizon angle"}, "geometry": {"type": "Polygon", "coordinates": [[[127.40104903521092, 38.07758224124513], [127.40105492155192, 38.0773119633644], [127.4007129996612, 38.07730730994207], [127.40076598450193, 38.074874808824326], [127.40179171646177, 38.07488876489573], [127.40178583334423, 38.0751590429854], [127.40212774541226, 38.07516369306575], [127.4021218634733, 38.07543397118708], [127.40246377687735, 38.07543862031815], [127.402452015278, 38.07597917661089], [127.40279393127544, 38.075983824837515], [127.40278805161505, 38.07625410300892], [127.40244613436026, 38.07624945473741], [127.40243437228871, 38.07679001095075], [127.40209245259783, 38.076785361595235], [127.40208657018661, 38.07705563963715], [127.40174464931705, 38.0770509892425], [127.40173876556966, 38.0773212672263], [127.40139684352141, 38.077316615792476], [127.40139095843786, 38.07758689371813], [127.40104903521092, 38.07758224124513]]]}}, {"type": "Feature", "properties": {"date": "2026-07-25", "timeLocal": "18:00", "sunAzimuth": 280.43, "sunElevation": 19.06, "source": "Copernicus GLO-30, terrain-only horizon angle"}, "geometry": {"type": "Polygon", "coordinates": [[[127.41098823973401, 38.07663564248945], [127.410999938779, 38.07609508401135], [127.41134185673837, 38.07609970738246], [127.4113535529555, 38.07555914876218], [127.41169546847843, 38.07556377104981], [127.41170131521228, 38.07529349167519], [127.41204322955608, 38.075298112923974], [127.41204907495435, 38.07502783349153], [127.41239098811906, 38.075032453701496], [127.41237345546158, 38.075843292093026], [127.41203153852486, 38.07583867174922], [127.41201984718072, 38.07637923052155], [127.41133600851242, 38.076369986672766], [127.41133016020818, 38.07664026594985], [127.41098823973401, 38.07663564248945]]]}}, {"type": "Feature", "properties": {"date": "2026-07-25", "timeLocal": "18:00", "sunAzimuth": 280.43, "sunElevation": 19.06, "source": "Copernicus GLO-30, terrain-only horizon angle"}, "geometry": {"type": "Polygon", "coordinates": [[[127.42743524455003, 38.075234758678945], [127.42744103329007, 38.07496447723528], [127.42778294869997, 38.07496905266167], [127.42777716121728, 38.07523933414952], [127.42743524455003, 38.075234758678945]]]}}, {"type": "Feature", "properties": {"date": "2026-07-25", "timeLocal": "18:00", "sunAzimuth": 280.43, "sunElevation": 19.06, "source": "Copernicus GLO-30, terrain-only horizon angle"}, "geometry": {"type": "Polygon", "coordinates": [[[127.40111378062981, 38.074609183829224], [127.40113143681734, 38.07379834971057], [127.40147334244163, 38.0738030015547], [127.40145569002583, 38.07461383580811], [127.40111378062981, 38.074609183829224]]]}}, {"type": "Feature", "properties": {"date": "2026-07-25", "timeLocal": "18:00", "sunAzimuth": 280.43, "sunElevation": 19.06, "source": "Copernicus GLO-30, terrain-only horizon angle"}, "geometry": {"type": "Polygon", "coordinates": [[[127.43631934690052, 38.075623680365176], [127.43633661504553, 38.074812832597594], [127.43565278295523, 38.07480373054962], [127.43565854136425, 38.07453344802191], [127.43600045611349, 38.07453799949906], [127.4360062131881, 38.07426771691419], [127.43634812675708, 38.0742722673532], [127.4363538824973, 38.0740019847112], [127.436695794886, 38.07400653411207], [127.43669004040308, 38.074276816798], [127.4370319541261, 38.074281365248595], [127.43702044744393, 38.074821930668676], [127.43736236375862, 38.07482647821289], [127.43735085928327, 38.075367043668], [127.4370089404538, 38.07536249603597], [127.43700318684326, 38.075632778699806], [127.43631934690052, 38.075623680365176]]]}}, {"type": "Feature", "properties": {"date": "2026-07-25", "timeLocal": "18:00", "sunAzimuth": 280.43, "sunElevation": 19.06, "source": "Copernicus GLO-30, terrain-only horizon angle"}, "geometry": {"type": "Polygon", "coordinates": [[[127.41674057381513, 38.095368003108476], [127.41674640612625, 38.09509772398626], [127.41606239151082, 38.09508850382466], [127.416068226261, 38.094818224778216], [127.41538421447505, 38.09480900072603], [127.41539005166428, 38.0945387217554], [127.41470604270788, 38.09452949381269], [127.4147352400671, 38.09317809920666], [127.41507723821377, 38.09318271345273], [127.41510642732729, 38.091831318293366], [127.41476443547272, 38.09182670427002], [127.4147702743194, 38.09155642524301], [127.41442828380134, 38.09155181026942], [127.41443412382824, 38.09128153127376], [127.41477611308797, 38.0912861462028], [127.41478195177838, 38.091015867149345], [127.41443996377699, 38.09101125226486], [127.41445748315432, 38.090200415158826], [127.41411549900594, 38.09019579941327], [127.41412718071659, 38.08965524136558], [127.41378519916286, 38.08965062471443], [127.4137968830773, 38.089110066702986], [127.4134549041182, 38.08910544914628], [127.41346659023625, 38.08856489117109], [127.41312461387172, 38.08856027270887], [127.41314214623677, 38.08774943578066], [127.41245820129113, 38.087740196139805], [127.41246404777263, 38.087469917226485], [127.41212207667527, 38.0874652959587], [127.41213377191966, 38.08692473818162], [127.41179180341669, 38.086920116008464], [127.41179765217954, 38.086649837144726], [127.41145568501292, 38.08664521402157], [127.41147323460595, 38.08583437748485], [127.41181519799852, 38.085839000474095], [127.4118327431131, 38.08502816368442], [127.41217470281005, 38.08503278554522], [127.41215131419933, 38.086113901416816], [127.41283524389178, 38.08612314251163], [127.41285862243872, 38.08504202628316], [127.41320058237037, 38.08504664516031], [127.4132122686587, 38.084506086877546], [127.41252835390532, 38.08449684830709], [127.41252250828441, 38.08476712736589], [127.41218054976713, 38.08476250654426], [127.41219224344653, 38.08422194850265], [127.41253419944799, 38.084226569235064], [127.41256927106134, 38.082604894525176], [127.412911219594, 38.082609513995436], [127.41291706333132, 38.08233923478624], [127.4132590106844, 38.082343853217466], [127.41325316820483, 38.082614132471264], [127.4146209634299, 38.08263259642986], [127.41462680087831, 38.0823623169978], [127.4142848532126, 38.08235770254441], [127.41429069184068, 38.08208742314367], [127.41394874551088, 38.08208280774038], [127.41395458531858, 38.081812528370975], [127.41327069540894, 38.081803294670195], [127.41328822190943, 38.08099245675012], [127.41397210427273, 38.08100169018345], [127.41398378318479, 38.08046113132565], [127.4143257219683, 38.08046574646158], [127.41433739805248, 38.07992518746177], [127.41467933439885, 38.07992980151421], [127.41468517106615, 38.079659521949914], [127.41502710623301, 38.07966413496344], [127.41504461199348, 38.0788532960576], [127.41470268059939, 38.07884868317769], [127.41471435323103, 38.07830812393009], [127.41437242443014, 38.07830351014495], [127.4143840992644, 38.077762950933554], [127.41404217305661, 38.0777583362432], [127.41404801161407, 38.07748805666223], [127.41370608674193, 38.07748344102215], [127.4137411239904, 38.075861763526035], [127.41408304131802, 38.07586637889872], [127.4141005551153, 38.07505553983846], [127.41478438246075, 38.07506476733387], [127.41479021772233, 38.07479448753157], [127.4141063928915, 38.07478526012525], [127.41411223058957, 38.074514980398824], [127.41342840858582, 38.0745057491049], [127.41343424872032, 38.07423546945438], [127.41309233909293, 38.074230852360735], [127.41310402164201, 38.0736902931092], [127.4137878359459, 38.07369952612403], [127.41378199722493, 38.07396980584556], [127.41412390575134, 38.0739744209063], [127.4141180682095, 38.07424470065918], [127.41480188801116, 38.074253927887305], [127.4147960529058, 38.07452420771604], [127.41513796418106, 38.07452881988338], [127.41513213025489, 38.07479909974344], [127.41581595555418, 38.07480832118461], [127.41581012406456, 38.07507860112049], [127.41615203808861, 38.0750832103943], [127.4161462077783, 38.07535349036145], [127.41648812313768, 38.075358098685555], [127.41648229400673, 38.07562837868399], [127.41682421070149, 38.075632986058366], [127.41681838274991, 38.07590326608805], [127.4175022188881, 38.075912477943085], [127.4174963933733, 38.07618275804851], [127.41783831281676, 38.07618736252914], [127.41783248848141, 38.076457642665794], [127.41817440926019, 38.07646224619663], [127.41816858610434, 38.07673252636451], [127.41851050821849, 38.07673712894554], [127.41850468624216, 38.077007409144656], [127.41884660969166, 38.07701201077584], [127.4188407888949, 38.077282291006156], [127.41952463854247, 38.07729149137454], [127.41951882018279, 38.077561771680486], [127.41986074638086, 38.07756637041764], [127.4198549292008, 38.07783665075477], [127.42053878434547, 38.077845845334984], [127.42052715478194, 38.078386406147146], [127.42086908498607, 38.07839100203454], [127.42086327134513, 38.078661282465156], [127.42052133988345, 38.07865668653339], [127.42050389472107, 38.079467527612834], [127.42016195956442, 38.07946293055356], [127.42013869322784, 38.08054405163024], [127.42048063341508, 38.080548648867044], [127.42045737086391, 38.08162976990979], [127.41977348050561, 38.081620574086614], [127.419761843732, 38.08216113435111], [127.41941989615411, 38.082156534859045], [127.41945481308694, 38.08053485417341], [127.41979675311848, 38.08053945339902], [127.41980838895776, 38.07999889297592], [127.41912451400322, 38.07998969370793], [127.41911869360719, 38.08025997383727], [127.4184348164489, 38.0802507705029], [127.41842899345967, 38.080521050530166], [127.41774511409774, 38.08051184312936], [127.41773928851522, 38.080782123054504], [127.41739734769351, 38.080777517818035], [127.41739152077533, 38.081047797685486], [127.41704957877388, 38.081043191410146], [127.41704375052, 38.08131347121991], [127.41670180733884, 38.081308863905655], [127.416684318336, 38.08211970312219], [127.41634237145963, 38.08211509468003], [127.41631904666575, 38.08319621327231], [127.41597709483621, 38.083191603657696], [127.41587209516771, 38.08805663390387], [127.41553012077247, 38.088052022493436], [127.4155126145941, 38.08886286031772], [127.41585459276382, 38.08886747186172], [127.41586626111115, 38.08832691323637], [127.4162082368426, 38.08833152369665], [127.41621406964103, 38.08806124431963], [127.41655604419239, 38.08806585374074], [127.41656770703878, 38.087525294858025], [127.41690967915194, 38.08752990319549], [127.41691550919998, 38.08725962368981], [127.41725748013306, 38.087264230988154], [127.41725165134314, 38.087534510538305], [127.41793559595948, 38.08754372223999], [127.41794142223323, 38.08727344260091], [127.41759945114414, 38.087268837291845], [127.417605278598, 38.086998557683984], [127.41726330884502, 38.08699395142476], [127.41731576374255, 38.0845614347594], [127.41834163926944, 38.08457524935277], [127.41834746342768, 38.0843049695238], [127.41868942083462, 38.08430957235473], [127.41869524365703, 38.0840392924681], [127.41903719988399, 38.08404389426007], [127.41903137831952, 38.08431417419113], [127.42005725124152, 38.08432797373312], [127.4200514333729, 38.08459825378419], [127.42176122942277, 38.08462123335199], [127.42174960603147, 38.085161793858205], [127.42140764414998, 38.085157199845035], [127.42140183107968, 38.08542748003395], [127.421059868018, 38.08542288498186], [127.42103079520952, 38.08677428550641], [127.42034685673933, 38.08676509197468], [127.42032358702703, 38.087846211801356], [127.41998161287628, 38.08784161336598], [127.41999906905163, 38.087030773648976], [127.41965709875308, 38.087026174352154], [127.41965127884777, 38.087296454226646], [127.419309307369, 38.08729185389077], [127.41930348612769, 38.087562133707614], [127.41896151346873, 38.08755753233268], [127.41894404550291, 38.08836837157063], [127.4192860219363, 38.08837297307885], [127.41926855704374, 38.089183812331086], [127.41858459670578, 38.08917460805342], [127.41857877240268, 38.08944488768886], [127.41892075379091, 38.08944949036949], [127.41891493066808, 38.08971977003614], [127.42062484506907, 38.08974276874055], [127.42064229533034, 38.08893192903479], [127.42098427466945, 38.08893652565836], [127.42099590527138, 38.08839596569968], [127.42133788217194, 38.0884005612398], [127.42133206816806, 38.08867084127012], [127.42167404640462, 38.08867543585992], [127.4216798591503, 38.088405155785246], [127.42202183620644, 38.088409749336], [127.42202764761619, 38.08813946920377], [127.42476345679837, 38.088176181446734], [127.42476925806511, 38.087905900946836], [127.42408530781974, 38.08789672894271], [127.42409111152512, 38.087626448518144], [127.42374913777705, 38.08762186106837], [127.42377235685433, 38.08654073941515], [127.42343038821633, 38.08653615114792], [127.42344199980498, 38.085995590330604], [127.42378396592689, 38.08600017850925], [127.42379557468873, 38.085459617550484], [127.42413753837228, 38.08546420464595], [127.42414914430748, 38.08492364354576], [127.42449110555272, 38.084928229558095], [127.42446789840372, 38.08600935188273], [127.42480986475859, 38.086013937077574], [127.42480406403529, 38.08628421766997], [127.4251460317258, 38.08628880191447], [127.42514023218294, 38.0865590825379], [127.42548220120915, 38.08656366583204], [127.425487999494, 38.086293385164346], [127.42582996733974, 38.08629796741962], [127.42584156116055, 38.08575740595611], [127.42618352656781, 38.0857619871283], [127.42619511756232, 38.08522142552349], [127.42653708053115, 38.085226005612654], [127.42654287465409, 38.08495572474621], [127.42620091294323, 38.08495114470128], [127.4262067082466, 38.084680863865835], [127.42586474787127, 38.08467628287056], [127.4258763407612, 38.08413572124851], [127.42553438297932, 38.08413113934714], [127.42554018056585, 38.08386085856053], [127.42622409369137, 38.08387002128024], [127.42621829862067, 38.08414030215532], [127.42690221457221, 38.08414946098534], [127.4268906292299, 38.084690022872714], [127.42723258983781, 38.084694600884305], [127.42722100670137, 38.08523516280723], [127.42756296990277, 38.08523973991265], [127.42755717947628, 38.08551002089849], [127.42721521501689, 38.08550544374887], [127.42720942325491, 38.0857757246773], [127.42652549205263, 38.0857665673059], [127.42651390326398, 38.08630712894631], [127.42685587134241, 38.086311708217735], [127.42681531694618, 38.08820367385242], [127.42647334006095, 38.088199094271516], [127.42646754500747, 38.088469374979404], [127.4261255669416, 38.08846479435959], [127.42611977055236, 38.08873507501004], [127.42543581213695, 38.08872591069786], [127.42543001315371, 38.08899619124663], [127.42508803280423, 38.088991607554235], [127.42508223248514, 38.08926188804554], [127.42542421409289, 38.08926647178218], [127.42541261573838, 38.089807032813646], [127.42507063161415, 38.089802448988486], [127.4250648310622, 38.090072729440145], [127.4247228457573, 38.090068144575994], [127.42469383554156, 38.091419546414734], [127.42503582713807, 38.09142413150022], [127.42502422502501, 38.091964692231734], [127.42468223091171, 38.09196010705772], [127.42467062597126, 38.09250066764785], [127.42398663294396, 38.092491494138265], [127.42399824291809, 38.09195093372526], [127.42434023687606, 38.091955520888895], [127.42437505738391, 38.090333839066986], [127.42403307097604, 38.09032925216905], [127.42400985258146, 38.091410373259386], [127.42366786121794, 38.09140578518954], [127.42366205516672, 38.09167606538477], [127.42332006262251, 38.09167147627581], [127.4233142552352, 38.09194175641355], [127.42297226151032, 38.09193716626547], [127.42295483510681, 38.09274800646641], [127.4226128376844, 38.092743415190554], [127.42260121717644, 38.09328397516978], [127.42225921731485, 38.09327938281041], [127.42225340568575, 38.09354966273586], [127.42191140464347, 38.0935450693373], [127.42190559167807, 38.093815349205194], [127.42156358945509, 38.09381075476739], [127.42155777515337, 38.09408103457772], [127.42121577174969, 38.09407643910069], [127.42119832460206, 38.094887278319234], [127.42085631750054, 38.09488268171421], [127.4208505003704, 38.09515296138291], [127.42050849208816, 38.09514836373858], [127.42050267362157, 38.09541864334967], [127.41674057381513, 38.095368003108476]], [[127.41778408547138, 38.09457098821579], [127.4181260906131, 38.094575593730546], [127.4181377446207, 38.09403503503772], [127.41745373944939, 38.094025823191174], [127.41744790996752, 38.09429610245526], [127.4177899137727, 38.09430070892044], [127.41778408547138, 38.09457098821579]], [[127.41676973459013, 38.0940166073651], [127.41745373944939, 38.094025823191174], [127.41745956885322, 38.09375554391386], [127.41677556651096, 38.09374632817677], [127.41676973459013, 38.0940166073651]], [[127.41574956358299, 38.093732497109634], [127.41677556651096, 38.09374632817677], [127.41679306180522, 38.0929354905324], [127.41713505916194, 38.09294009876491], [127.41714088951217, 38.09266981947919], [127.41782488194276, 38.092679032870755], [127.41785401993971, 38.0913276357991], [127.41819600998005, 38.09133224078034], [127.41820183608714, 38.09106196128189], [127.41854382494711, 38.09106656522391], [127.41856712356261, 38.089985446920096], [127.41822513973582, 38.08998084315586], [127.41823679109238, 38.08944028401352], [127.41755282870568, 38.089431073678696], [127.41754117231615, 38.08997163264319], [127.4171991887233, 38.089967025894765], [127.41718169977916, 38.090777864108915], [127.41683971248948, 38.090773256232296], [127.41682805028664, 38.09131381488667], [127.41648606055836, 38.0913092059263], [127.41646856289371, 38.09212004367518], [127.41612656946837, 38.092115433586514], [127.41611490145152, 38.092655991930634], [127.41577290558745, 38.092651380758134], [127.4157612347414, 38.09319193896034], [127.41541923643851, 38.093187326703955], [127.41541339963989, 38.09345760574069], [127.41575539920123, 38.0934622180416], [127.41574956358299, 38.093732497109634]], [[127.41524650788806, 38.08534461692651], [127.4155884696247, 38.085349228886315], [127.4156118069793, 38.08426811107322], [127.4149278936476, 38.08425888651531], [127.4149103832012, 38.08506972462776], [127.41525234360178, 38.085074337537606], [127.41524650788806, 38.08534461692651]], [[127.4132122686587, 38.084506086877546], [127.41423814137518, 38.08451993727424], [127.41424981980339, 38.083979378671124], [127.41356590961247, 38.08397014624614], [127.41356006792165, 38.08424042546516], [127.41321811168558, 38.08423580771631], [127.4132122686587, 38.084506086877546]], [[127.41707289100945, 38.07996207203887], [127.41912451400322, 38.07998969370793], [127.41913615456158, 38.079449133409604], [127.41776841564831, 38.07943072329656], [127.4177625903776, 38.07970100327461], [127.41707871887338, 38.079691792163], [127.41707289100945, 38.07996207203887]], [[127.41539237730542, 38.07858762823693], [127.4157343075981, 38.07859223908367], [127.4157634693384, 38.07724084013149], [127.41610539342162, 38.077245449761335], [127.4161170550565, 38.0767048899989], [127.41645897670286, 38.0767094985455], [127.41647646479778, 38.07589865866919], [127.41579262912758, 38.075889440848776], [127.41577513348818, 38.07670028045806], [127.41543321199794, 38.076695669922955], [127.41539237730542, 38.07858762823693]]]}}, {"type": "Feature", "properties": {"date": "2026-07-25", "timeLocal": "18:00", "sunAzimuth": 280.43, "sunElevation": 19.06, "source": "Copernicus GLO-30, terrain-only horizon angle"}, "geometry": {"type": "Polygon", "coordinates": [[[127.40078953127181, 38.073793696872315], [127.40079541776736, 38.073523418851224], [127.40113732205567, 38.07352807164455], [127.40113143681734, 38.07379834971057], [127.40078953127181, 38.073793696872315]]]}}, {"type": "Feature", "properties": {"date": "2026-07-25", "timeLocal": "18:00", "sunAzimuth": 280.43, "sunElevation": 19.06, "source": "Copernicus GLO-30, terrain-only horizon angle"}, "geometry": {"type": "Polygon", "coordinates": [[[127.41136524885961, 38.07501859008899], [127.4113710966943, 38.074748310732566], [127.4110291850216, 38.07474368758465], [127.41105842930747, 38.07339229082729], [127.41140033469387, 38.07339691375201], [127.41138279212888, 38.07420775198003], [127.41172470136527, 38.07421237404449], [127.41171885494435, 38.074482653471996], [127.41206076551624, 38.07448727458692], [127.4120549202744, 38.074757554045846], [127.41171300844523, 38.07475293288629], [127.41170716186787, 38.075023212287356], [127.41136524885961, 38.07501859008899]]]}}, {"type": "Feature", "properties": {"date": "2026-07-25", "timeLocal": "18:00", "sunAzimuth": 280.43, "sunElevation": 19.06, "source": "Copernicus GLO-30, terrain-only horizon angle"}, "geometry": {"type": "Polygon", "coordinates": [[[127.43533390522859, 38.07371804802006], [127.43533966458665, 38.073447765483515], [127.43568157422962, 38.07345231777905], [127.43567581612886, 38.07372260035957], [127.43533390522859, 38.07371804802006]]]}}, {"type": "Feature", "properties": {"date": "2026-07-25", "timeLocal": "18:00", "sunAzimuth": 280.43, "sunElevation": 19.06, "source": "Copernicus GLO-30, terrain-only horizon angle"}, "geometry": {"type": "Polygon", "coordinates": [[[127.3932735433828, 38.0734208058862], [127.39330311296452, 38.07206942053608], [127.39364500923038, 38.07207409497425], [127.39362727149009, 38.07288492635946], [127.3939691716064, 38.07288959993896], [127.39396326012523, 38.07315987708599], [127.39362135875177, 38.073155203461376], [127.39361544593432, 38.07342548055005], [127.3932735433828, 38.0734208058862]]]}}, {"type": "Feature", "properties": {"date": "2026-07-25", "timeLocal": "18:00", "sunAzimuth": 280.43, "sunElevation": 19.06, "source": "Copernicus GLO-30, terrain-only horizon angle"}, "geometry": {"type": "Polygon", "coordinates": [[[127.39943369284741, 38.07323451988213], [127.39945136671093, 38.07242368623912], [127.39979326565543, 38.072428342829085], [127.3997991555285, 38.07215806487665], [127.4001410532947, 38.07216272042758], [127.40012338721048, 38.07297355438005], [127.39978148567288, 38.07296889869425], [127.39977559556338, 38.07323917660698], [127.39943369284741, 38.07323451988213]]]}}, {"type": "Feature", "properties": {"date": "2026-07-25", "timeLocal": "18:00", "sunAzimuth": 280.43, "sunElevation": 19.06, "source": "Copernicus GLO-30, terrain-only horizon angle"}, "geometry": {"type": "Polygon", "coordinates": [[[127.4001410532947, 38.07216272042758], [127.40014694183184, 38.07189244241695], [127.40048883841975, 38.07189709692888], [127.40048295113972, 38.072167374984446], [127.4001410532947, 38.07216272042758]]]}}, {"type": "Feature", "properties": {"date": "2026-07-25", "timeLocal": "18:00", "sunAzimuth": 280.43, "sunElevation": 19.06, "source": "Copernicus GLO-30, terrain-only horizon angle"}, "geometry": {"type": "Polygon", "coordinates": [[[127.41689996697563, 38.072119344469264], [127.41690579383547, 38.071849064254494], [127.41724769300673, 38.07185367001201], [127.41724186740402, 38.072123950271255], [127.41689996697563, 38.072119344469264]]]}}, {"type": "Feature", "properties": {"date": "2026-07-25", "timeLocal": "18:00", "sunAzimuth": 280.43, "sunElevation": 19.06, "source": "Copernicus GLO-30, terrain-only horizon angle"}, "geometry": {"type": "Polygon", "coordinates": [[[127.39261932067025, 38.07206006867755], [127.39263706901201, 38.071249237579465], [127.3929789613484, 38.0712539138703], [127.39297304657069, 38.07152419096139], [127.39331494024327, 38.071528866303346], [127.39330311296452, 38.07206942053608], [127.39261932067025, 38.07206006867755]]]}}, {"type": "Feature", "properties": {"date": "2026-07-25", "timeLocal": "18:00", "sunAzimuth": 280.43, "sunElevation": 19.06, "source": "Copernicus GLO-30, terrain-only horizon angle"}, "geometry": {"type": "Polygon", "coordinates": [[[127.39639198685538, 38.07157089964901], [127.39639788906258, 38.07130062210691], [127.39673978226867, 38.07130528746339], [127.39673388131853, 38.07157556505053], [127.39639198685538, 38.07157089964901]]]}}, {"type": "Feature", "properties": {"date": "2026-07-25", "timeLocal": "18:00", "sunAzimuth": 280.43, "sunElevation": 19.06, "source": "Copernicus GLO-30, terrain-only horizon angle"}, "geometry": {"type": "Polygon", "coordinates": [[[127.40869438012506, 38.072008506994216], [127.40870609410845, 38.071467948691875], [127.4090479901466, 38.07147257826259], [127.40905384576367, 38.071202299046874], [127.40939574062311, 38.071206927578835], [127.40937817730818, 38.072017765320375], [127.40869438012506, 38.072008506994216]]]}}, {"type": "Feature", "properties": {"date": "2026-07-25", "timeLocal": "18:00", "sunAzimuth": 280.43, "sunElevation": 19.06, "source": "Copernicus GLO-30, terrain-only horizon angle"}, "geometry": {"type": "Polygon", "coordinates": [[[127.40341311057844, 38.07896617845281], [127.40343074413897, 38.07815534402669], [127.40377267043179, 38.07815998962951], [127.40379617571482, 38.07707887669669], [127.40413809705645, 38.07708352112583], [127.40417334507774, 38.075461851060574], [127.40383143128038, 38.07545720690047], [127.40386668401538, 38.07383553662787], [127.4042085902691, 38.07384018051893], [127.40423208549126, 38.072759066559854], [127.4045739867948, 38.07276370927745], [127.40459747573088, 38.07168259492735], [127.40493937208451, 38.071687236471575], [127.40495111356694, 38.07114667912751], [127.40529300748499, 38.07115131958804], [127.4053047461391, 38.07061076210144], [127.4056466376216, 38.070615401478335], [127.40565250557381, 38.0703451226704], [127.40531061534831, 38.07034048333829], [127.40532235353119, 38.069799925772315], [127.4056642412427, 38.06980456501482], [127.40565837344752, 38.07007484384923], [127.40668404082405, 38.07008875574709], [127.40667817672134, 38.0703590347026], [127.40702006726083, 38.07036367005863], [127.40699661509355, 38.07144478592741], [127.40733851073968, 38.07144942046842], [127.40732092456173, 38.072260257365365], [127.4076628240576, 38.072264891046544], [127.40765110206107, 38.07280544900117], [127.40799300414967, 38.072810081777725], [127.40797542433818, 38.07362091874466], [127.40763351847797, 38.07361628583391], [127.40762765712674, 38.073886564751696], [127.40728575008774, 38.07388193080205], [127.40726816179166, 38.07469276734181], [127.40692625105935, 38.07468813226377], [127.40692038687976, 38.07495841103915], [127.40657847496864, 38.074953774922164], [127.40659607104374, 38.074142938690656], [127.4062541629829, 38.074138301713816], [127.40624242983012, 38.07467885912517], [127.40590051933327, 38.07467422106462], [127.4058829152434, 38.075485056948075], [127.40622482951217, 38.075489695142984], [127.4062189625825, 38.07575997378913], [127.40587704705638, 38.07575533554944], [127.40586531044679, 38.076295892712466], [127.40552339248448, 38.076291253388966], [127.40551752280449, 38.07656153190584], [127.40517560366334, 38.076556891543326], [127.40516973264741, 38.076827170002154], [127.40482781232743, 38.07682252860059], [127.40480432244823, 38.07790364212436], [127.40514624779802, 38.077908283705185], [127.40514037638924, 38.07817856209787], [127.40479844978199, 38.07817392047221], [127.40478670421369, 38.07871447712825], [127.40410284620489, 38.07870519071474], [127.4040969707878, 38.07897546893325], [127.40341311057844, 38.07896617845281]]]}}, {"type": "Feature", "properties": {"date": "2026-07-25", "timeLocal": "18:00", "sunAzimuth": 280.43, "sunElevation": 19.06, "source": "Copernicus GLO-30, terrain-only horizon angle"}, "geometry": {"type": "Polygon", "coordinates": [[[127.39701677458727, 38.07428300505171], [127.39704037604405, 38.073201894973096], [127.39669847395925, 38.073197230295385], [127.39672207918129, 38.0721161201851], [127.39740587337276, 38.07212544818614], [127.3974235689177, 38.071314615194225], [127.39810735588247, 38.07132393894891], [127.39811325172552, 38.07105366116843], [127.39742946727483, 38.07104433750377], [127.39744126375228, 38.070503782083144], [127.39675748464538, 38.07049445462252], [127.39676338527968, 38.07022417698242], [127.39607960900261, 38.07021484563585], [127.39606189932076, 38.07102567824612], [127.39572000752968, 38.07102101094664], [127.39571410288737, 38.071291288411864], [127.39537220991828, 38.07128662007327], [127.39537811581762, 38.07101634265314], [127.39503622418461, 38.07101167336561], [127.39504803826021, 38.07047111857579], [127.39470614922026, 38.07046644838442], [127.39471205739649, 38.07019617101475], [127.39505394517947, 38.070200841161025], [127.39505985201968, 38.06993056373302], [127.39540173862474, 38.0699352328402], [127.39544307549478, 38.06804329015782], [127.39578495338054, 38.0680479579555], [127.3957790496073, 38.06831823556635], [127.39646280812956, 38.06832756827007], [127.39645690679104, 38.0685978459578], [127.3967987874275, 38.068602510863805], [127.39679288726693, 38.06887278858335], [127.39713476923922, 38.068877452540455], [127.39712887025658, 38.06914773029178], [127.3974707535647, 38.06915239329996], [127.39744716187262, 38.070233504353], [127.39778905028747, 38.07023816654729], [127.39778315342413, 38.07050844432246], [127.39812504317489, 38.07051310556776], [127.39811914748965, 38.07078338337471], [127.3984610385763, 38.070788043671], [127.39844335481834, 38.07159887714744], [127.39810145996056, 38.07159421671616], [127.39808377172139, 38.07240504993845], [127.3977418731712, 38.072400388378085], [127.39773007810297, 38.07294094370341], [127.39738817711745, 38.07293628105893], [127.39737637921921, 38.07347683624125], [127.39771828271907, 38.073481498975774], [127.39770648701949, 38.0740220541952], [127.39736458100523, 38.07401739137063], [127.3973586817798, 38.07428766891544], [127.39701677458727, 38.07428300505171]]]}}, {"type": "Feature", "properties": {"date": "2026-07-25", "timeLocal": "18:00", "sunAzimuth": 280.43, "sunElevation": 19.06, "source": "Copernicus GLO-30, terrain-only horizon angle"}, "geometry": {"type": "Polygon", "coordinates": [[[127.41216012266086, 38.069892521762185], [127.41217181025081, 38.06935196235507], [127.41182992356427, 38.069347342087845], [127.4118416133553, 38.06880678271708], [127.41149972926084, 38.068802161545115], [127.41151726713152, 38.06799132252363], [127.41185914745526, 38.067995943561726], [127.41185330283348, 38.068266223293406], [127.41287894804452, 38.06828008057783], [127.41287310711523, 38.06855036043009], [127.4132149902655, 38.06855497758156], [127.41319747077955, 38.06936581719276], [127.41285558385847, 38.06936119990752], [127.41284390129645, 38.06990175949303], [127.41216012266086, 38.069892521762185]]]}}, {"type": "Feature", "properties": {"date": "2026-07-25", "timeLocal": "18:00", "sunAzimuth": 280.43, "sunElevation": 19.06, "source": "Copernicus GLO-30, terrain-only horizon angle"}, "geometry": {"type": "Polygon", "coordinates": [[[127.42655428456415, 38.068463989561955], [127.42656007513872, 38.06819370792063], [127.42690195888777, 38.068198285224575], [127.4268961695701, 38.068468566910106], [127.42655428456415, 38.068463989561955]]]}}, {"type": "Feature", "properties": {"date": "2026-07-25", "timeLocal": "18:00", "sunAzimuth": 280.43, "sunElevation": 19.06, "source": "Copernicus GLO-30, terrain-only horizon angle"}, "geometry": {"type": "Polygon", "coordinates": [[[127.40087782043449, 38.069739525166256], [127.40088959098395, 38.069198968713785], [127.40123147515926, 38.069203620788365], [127.4012432428799, 38.06866306419312], [127.40090136121836, 38.068658412208386], [127.40092490074225, 38.06757729903876], [127.40160865408912, 38.06758660165495], [127.40159688951205, 38.06812715844589], [127.40193876881726, 38.068131808352916], [127.40191524374613, 38.06921292195558], [127.40157335941333, 38.06920827186896], [127.40156159389167, 38.06974882850108], [127.40087782043449, 38.069739525166256]]]}}, {"type": "Feature", "properties": {"date": "2026-07-25", "timeLocal": "18:00", "sunAzimuth": 280.43, "sunElevation": 19.06, "source": "Copernicus GLO-30, terrain-only horizon angle"}, "geometry": {"type": "Polygon", "coordinates": [[[127.41932817880216, 38.070529880853506], [127.41939216804082, 38.06755679346949], [127.41973404764532, 38.067561391557916], [127.41971660073959, 38.06837223386354], [127.4200584841926, 38.06837683109121], [127.42002941074469, 38.06972823489155], [127.42037130056033, 38.06973283134717], [127.42036548689435, 38.07000311211197], [127.42070737804481, 38.07000770761793], [127.42070156555805, 38.07027798841389], [127.42035967315054, 38.070273392863555], [127.42035385932897, 38.070543673601925], [127.41932817880216, 38.070529880853506]]]}}, {"type": "Feature", "properties": {"date": "2026-07-25", "timeLocal": "18:00", "sunAzimuth": 280.43, "sunElevation": 19.06, "source": "Copernicus GLO-30, terrain-only horizon angle"}, "geometry": {"type": "Polygon", "coordinates": [[[127.4122010278572, 38.06800056360587], [127.41221271435238, 38.06746000401363], [127.41255459231878, 38.06746462297463], [127.41254290833733, 38.06800518265608], [127.4122010278572, 38.06800056360587]]]}}, {"type": "Feature", "properties": {"date": "2026-07-25", "timeLocal": "18:00", "sunAzimuth": 280.43, "sunElevation": 19.06, "source": "Copernicus GLO-30, terrain-only horizon angle"}, "geometry": {"type": "Polygon", "coordinates": [[[127.43430240978327, 38.07397466742793], [127.43433122504716, 38.07262325533873], [127.43467313068713, 38.072627810484825], [127.43467889225134, 38.072357527983385], [127.4350207967112, 38.07236208209138], [127.43503807716968, 38.07155123437594], [127.43469617648135, 38.07154668039987], [127.43469041514845, 38.071816962940915], [127.43434851328006, 38.07181240792677], [127.43433698786856, 38.07235297288128], [127.43365317933441, 38.07234385969465], [127.43367047487905, 38.07153301250707], [127.43401237533601, 38.07153756946543], [127.43402390279908, 38.07099700451969], [127.4336820048564, 38.070992447649324], [127.43368776972933, 38.07072216520065], [127.43437156317765, 38.070731277859316], [127.43438308766382, 38.07019071274637], [127.43472498198945, 38.070195267496615], [127.4347307428598, 38.06992498487636], [127.43438884979122, 38.06992043017008], [127.43439461184151, 38.0696501475806], [127.43371082844973, 38.06964103527391], [127.43370506388534, 38.06991131777541], [127.43336317104811, 38.06990676008699], [127.43338046828094, 38.06909591267491], [127.43303857929195, 38.069091354124524], [127.43305011290869, 38.06855078920516], [127.43270822651081, 38.068546229748804], [127.4327139944604, 38.068275947313346], [127.43237210939668, 38.06827138690702], [127.43239518545079, 38.0671902572093], [127.43273706548688, 38.067194817439464], [127.43273129784602, 38.06746509992775], [127.43307317921617, 38.067469659207994], [127.43306741275504, 38.06773994172709], [127.43340929545926, 38.06774450005741], [127.43340353017788, 38.068014782607314], [127.43374541421619, 38.068019339987664], [127.43373965011463, 38.068289622568386], [127.43408153548698, 38.06829417899875], [127.43407577256522, 38.068564461610265], [127.43441765927169, 38.06856901709064], [127.43441189752978, 38.06883929973293], [127.43475378557032, 38.06884385426329], [127.43474226436925, 38.06938441959623], [127.43508415500084, 38.069388973220526], [127.43507839554171, 38.06965925591115], [127.4357621795502, 38.06966836026556], [127.43571612121612, 38.07183062201867], [127.4360580233928, 38.07183517305637], [127.43604075401787, 38.072646021127795], [127.4363826600432, 38.07265057130318], [127.43637690468805, 38.07292085401118], [127.43603499740551, 38.07291630379186], [127.43602348394965, 38.07345686908041], [127.43568157422962, 38.07345231777905], [127.43568733225334, 38.073182035185326], [127.43500351555898, 38.073172929688006], [127.43499199440541, 38.073713494686395], [127.4346500836593, 38.073708940358536], [127.43464432170957, 38.073979222793966], [127.43430240978327, 38.07397466742793]], [[127.43503807716968, 38.07155123437594], [127.43537997793509, 38.071555787357894], [127.4353857366766, 38.07128550471571], [127.43504383716834, 38.071280951777716], [127.43503807716968, 38.07155123437594]]]}}, {"type": "Feature", "properties": {"date": "2026-07-25", "timeLocal": "18:00", "sunAzimuth": 280.43, "sunElevation": 19.06, "source": "Copernicus GLO-30, terrain-only horizon angle"}, "geometry": {"type": "Polygon", "coordinates": [[[127.43547210855253, 38.06723126349872], [127.43547786606119, 38.06696098064531], [127.4358197455344, 38.066965531886], [127.43581398928262, 38.06723581478335], [127.43547210855253, 38.06723126349872]]]}}, {"type": "Feature", "properties": {"date": "2026-07-25", "timeLocal": "18:00", "sunAzimuth": 280.43, "sunElevation": 19.06, "source": "Copernicus GLO-30, terrain-only horizon angle"}, "geometry": {"type": "Polygon", "coordinates": [[[127.40160865408912, 38.06758660165495], [127.4016145362596, 38.06731632323964], [127.4012726608036, 38.06731167247341], [127.40127854415215, 38.06704139408976], [127.40093667003171, 38.06703674237454], [127.40095432337532, 38.06622590727897], [127.40129619372547, 38.06623055885942], [127.40129031061309, 38.06650083728277], [127.40163218229871, 38.06650548791427], [127.40162630036438, 38.0667757663693], [127.40196817338548, 38.06678041605182], [127.40196229262924, 38.06705069453852], [127.4023041669858, 38.067055343272045], [127.40229240775085, 38.067595900295494], [127.40160865408912, 38.06758660165495]]]}}, {"type": "Feature", "properties": {"date": "2026-07-25", "timeLocal": "18:00", "sunAzimuth": 280.43, "sunElevation": 19.06, "source": "Copernicus GLO-30, terrain-only horizon angle"}, "geometry": {"type": "Polygon", "coordinates": [[[127.39652181717152, 38.0656247906647], [127.39652771764145, 38.06535451283135], [127.39686958319656, 38.06535917719685], [127.39686368398333, 38.06562945507524], [127.39652181717152, 38.0656247906647]]]}}, {"type": "Feature", "properties": {"date": "2026-07-25", "timeLocal": "18:00", "sunAzimuth": 280.43, "sunElevation": 19.06, "source": "Copernicus GLO-30, terrain-only horizon angle"}, "geometry": {"type": "Polygon", "coordinates": [[[127.40433779842934, 38.067894051124185], [127.40434367062379, 38.06762377236318], [127.40400179328174, 38.067619129503356], [127.40400766665445, 38.06734885077394], [127.40332391471983, 38.06733956216223], [127.40332979052755, 38.067069283509284], [127.40298791593499, 38.06706463775744], [127.40299379292087, 38.06679435913612], [127.40265191966375, 38.06678971243523], [127.40266367591315, 38.06624915524263], [127.40232180524818, 38.06624450763763], [127.40232768451163, 38.065974229066356], [127.40164394593126, 38.06596493096454], [127.40164982762948, 38.065694652469816], [127.40096609187736, 38.0656853504824], [127.40097197601027, 38.06541507206427], [127.40131384259027, 38.065419723509976], [127.40131972538776, 38.06514944503371], [127.40200345627053, 38.065158744853825], [127.40199757598641, 38.0654290234199], [127.40336504372279, 38.065447611313715], [127.4033591683868, 38.06571789004605], [127.4037010367742, 38.065722534579756], [127.40368928837985, 38.066263092094445], [127.4040311593593, 38.066267735723976], [127.40401353994855, 38.06707857203129], [127.40435541477693, 38.06708321480146], [127.40434954273964, 38.067353493588925], [127.40469141890341, 38.06735813541001], [127.40467967710677, 38.06789869303492], [127.40433779842934, 38.067894051124185]]]}}, {"type": "Feature", "properties": {"date": "2026-07-25", "timeLocal": "18:00", "sunAzimuth": 280.43, "sunElevation": 19.06, "source": "Copernicus GLO-30, terrain-only horizon angle"}, "geometry": {"type": "Polygon", "coordinates": [[[127.40780346354919, 38.065778191463764], [127.40781518146815, 38.06523763282128], [127.40815704836265, 38.06524226434545], [127.4081453329571, 38.06578282307738], [127.40780346354919, 38.065778191463764]]]}}, {"type": "Feature", "properties": {"date": "2026-07-25", "timeLocal": "18:00", "sunAzimuth": 280.43, "sunElevation": 19.06, "source": "Copernicus GLO-30, terrain-only horizon angle"}, "geometry": {"type": "Polygon", "coordinates": [[[127.42963125240536, 38.0685051499119], [127.42963703166748, 38.068234867873116], [127.42929514729917, 38.068230298520966], [127.42930670810524, 38.06768973449203], [127.42896482632814, 38.067685164234156], [127.42897638933857, 38.067144600240646], [127.4286345101526, 38.06714002907711], [127.4286460753673, 38.06659946511904], [127.42932982878925, 38.06660860627564], [127.42933560876688, 38.06633832418853], [127.42899373327405, 38.06633375415132], [127.42900529551088, 38.06579319002573], [127.42934716849011, 38.06579775997467], [127.42935872790397, 38.06525719570801], [127.42970059844701, 38.06526176457483], [127.4296948200355, 38.065532046758904], [127.43003669191262, 38.06553661467594], [127.43001358252056, 38.06661774345656], [127.43069733656115, 38.06662687666179], [127.43068001124652, 38.067437723373175], [127.43033813041698, 38.06743315713524], [127.43032657730704, 38.067973721455274], [127.429984694041, 38.06796915413519], [127.42997313810797, 38.06850971831419], [127.42963125240536, 38.0685051499119]]]}}, {"type": "Feature", "properties": {"date": "2026-07-25", "timeLocal": "18:00", "sunAzimuth": 280.43, "sunElevation": 19.06, "source": "Copernicus GLO-30, terrain-only horizon angle"}, "geometry": {"type": "Polygon", "coordinates": [[[127.40097786006444, 38.06514479363291], [127.40098374403989, 38.064874515188315], [127.40132560810655, 38.064879166544195], [127.40131972538776, 38.06514944503371], [127.40097786006444, 38.06514479363291]]]}}, {"type": "Feature", "properties": {"date": "2026-07-25", "timeLocal": "18:00", "sunAzimuth": 280.43, "sunElevation": 19.06, "source": "Copernicus GLO-30, terrain-only horizon angle"}, "geometry": {"type": "Polygon", "coordinates": [[[127.40200345627053, 38.065158744853825], [127.40200933647596, 38.06488846627452], [127.40235120077872, 38.06489311464894], [127.40234532182994, 38.06516339327316], [127.40200345627053, 38.065158744853825]]]}}, {"type": "Feature", "properties": {"date": "2026-07-25", "timeLocal": "18:00", "sunAzimuth": 280.43, "sunElevation": 19.06, "source": "Copernicus GLO-30, terrain-only horizon angle"}, "geometry": {"type": "Polygon", "coordinates": [[[127.41875496088656, 38.06538534864676], [127.41876077951382, 38.06511506787927], [127.41910264765151, 38.06511966755583], [127.41909683028098, 38.065389948367724], [127.41875496088656, 38.06538534864676]]]}}, {"type": "Feature", "properties": {"date": "2026-07-25", "timeLocal": "18:00", "sunAzimuth": 280.43, "sunElevation": 19.06, "source": "Copernicus GLO-30, terrain-only horizon angle"}, "geometry": {"type": "Polygon", "coordinates": [[[127.41561400537839, 38.06831698960224], [127.41564898898373, 38.06669530807265], [127.41599086396062, 38.06669991696086], [127.41600252202466, 38.06615935625622], [127.41634439456595, 38.06616396406153], [127.4163502222242, 38.065893683644894], [127.41600835093966, 38.06588907588408], [127.41603166581977, 38.06480795426329], [127.416715398413, 38.06481716843514], [127.41668044070579, 38.06643885132086], [127.4170223146598, 38.066443457182885], [127.41700483852411, 38.067254298580714], [127.41666296079961, 38.067249692585264], [127.41665713400829, 38.0675199729803], [127.41631525510493, 38.06751536594644], [127.4163035987746, 38.06805592660787], [127.41596171743548, 38.06805131849109], [127.41595588789642, 38.06832159875747], [127.41561400537839, 38.06831698960224]]]}}, {"type": "Feature", "properties": {"date": "2026-07-25", "timeLocal": "18:00", "sunAzimuth": 280.43, "sunElevation": 19.06, "source": "Copernicus GLO-30, terrain-only horizon angle"}, "geometry": {"type": "Polygon", "coordinates": [[[127.40064188005198, 38.06486986283862], [127.40064776520533, 38.06459958442571], [127.40098962793658, 38.06460423673048], [127.40098374403989, 38.064874515188315], [127.40064188005198, 38.06486986283862]]]}}, {"type": "Feature", "properties": {"date": "2026-07-25", "timeLocal": "18:00", "sunAzimuth": 280.43, "sunElevation": 19.06, "source": "Copernicus GLO-30, terrain-only horizon angle"}, "geometry": {"type": "Polygon", "coordinates": [[[127.40538690792181, 38.066826858213396], [127.4053986440629, 38.06628630030342], [127.40505677276917, 38.06628166064936], [127.40508024913598, 38.06520054484987], [127.40473838294766, 38.06519590438119], [127.40475599316814, 38.06438506752708], [127.40509785558645, 38.064389707861324], [127.40509198684815, 38.06465998687073], [127.40543385060164, 38.06466462625598], [127.40540451201565, 38.066016021328586], [127.40574638213114, 38.066020659943966], [127.40572878180761, 38.06683149696316], [127.40538690792181, 38.066826858213396]]]}}, {"type": "Feature", "properties": {"date": "2026-07-25", "timeLocal": "18:00", "sunAzimuth": 280.43, "sunElevation": 19.06, "source": "Copernicus GLO-30, terrain-only horizon angle"}, "geometry": {"type": "Polygon", "coordinates": [[[127.3938105271399, 38.06450632963223], [127.39381643734691, 38.06423605210659], [127.3941582972434, 38.064240724242204], [127.39415238829298, 38.06451100181295], [127.3938105271399, 38.06450632963223]]]}}, {"type": "Feature", "properties": {"date": "2026-07-25", "timeLocal": "18:00", "sunAzimuth": 280.43, "sunElevation": 19.06, "source": "Copernicus GLO-30, terrain-only horizon angle"}, "geometry": {"type": "Polygon", "coordinates": [[[127.43620190789272, 38.065078101174], [127.43620766227156, 38.06480781812709], [127.43654953184435, 38.06481236702846], [127.43654377872225, 38.06508265011929], [127.43620190789272, 38.065078101174]]]}}, {"type": "Feature", "properties": {"date": "2026-07-25", "timeLocal": "18:00", "sunAzimuth": 280.43, "sunElevation": 19.06, "source": "Copernicus GLO-30, terrain-only horizon angle"}, "geometry": {"type": "Polygon", "coordinates": [[[127.41841891145398, 38.065110467208875], [127.4184363706387, 38.0642996249604], [127.41877823492845, 38.064304225497516], [127.41876077951382, 38.06511506787927], [127.41841891145398, 38.065110467208875]]]}}, {"type": "Feature", "properties": {"date": "2026-07-25", "timeLocal": "18:00", "sunAzimuth": 280.43, "sunElevation": 19.06, "source": "Copernicus GLO-30, terrain-only horizon angle"}, "geometry": {"type": "Polygon", "coordinates": [[[127.40031178888404, 38.06432465274593], [127.40031767513652, 38.06405437435148], [127.4006595352758, 38.064059027560184], [127.40065365027992, 38.064329305999564], [127.40031178888404, 38.06432465274593]]]}}, {"type": "Feature", "properties": {"date": "2026-07-25", "timeLocal": "18:00", "sunAzimuth": 280.43, "sunElevation": 19.06, "source": "Copernicus GLO-30, terrain-only horizon angle"}, "geometry": {"type": "Polygon", "coordinates": [[[127.40714903174485, 38.06441752899693], [127.40715489286484, 38.06414724970564], [127.40749675457587, 38.064151883038505], [127.40749089471254, 38.06442216237454], [127.40714903174485, 38.06441752899693]]]}}, {"type": "Feature", "properties": {"date": "2026-07-25", "timeLocal": "18:00", "sunAzimuth": 280.43, "sunElevation": 19.06, "source": "Copernicus GLO-30, terrain-only horizon angle"}, "geometry": {"type": "Polygon", "coordinates": [[[127.39347457752956, 38.06423137897719], [127.3934864002195, 38.063690823976444], [127.3938282575237, 38.06369549701558], [127.39381643734691, 38.06423605210659], [127.39347457752956, 38.06423137897719]]]}}, {"type": "Feature", "properties": {"date": "2026-07-25", "timeLocal": "18:00", "sunAzimuth": 280.43, "sunElevation": 19.06, "source": "Copernicus GLO-30, terrain-only horizon angle"}, "geometry": {"type": "Polygon", "coordinates": [[[127.40304080597699, 38.06463212968918], [127.40305255845466, 38.06409157219513], [127.40271069776453, 38.064086925942924], [127.40271657514201, 38.06381664722092], [127.40340029408775, 38.0638259386418], [127.40338266925903, 38.0646367750373], [127.40304080597699, 38.06463212968918]]]}}, {"type": "Feature", "properties": {"date": "2026-07-25", "timeLocal": "18:00", "sunAzimuth": 280.43, "sunElevation": 19.06, "source": "Copernicus GLO-30, terrain-only horizon angle"}, "geometry": {"type": "Polygon", "coordinates": [[[127.40681889353037, 38.06387233611921], [127.40683061789137, 38.06333177755997], [127.40717247575417, 38.063336411752395], [127.40716075390637, 38.06387697040112], [127.40681889353037, 38.06387233611921]]]}}, {"type": "Feature", "properties": {"date": "2026-07-25", "timeLocal": "18:00", "sunAzimuth": 280.43, "sunElevation": 19.06, "source": "Copernicus GLO-30, terrain-only horizon angle"}, "geometry": {"type": "Polygon", "coordinates": [[[127.40306431061782, 38.063551014648134], [127.40307018658146, 38.06328073585481], [127.40341204358049, 38.06328538097864], [127.4034061688734, 38.063555659816835], [127.40306431061782, 38.063551014648134]]]}}, {"type": "Feature", "properties": {"date": "2026-07-25", "timeLocal": "18:00", "sunAzimuth": 280.43, "sunElevation": 19.06, "source": "Copernicus GLO-30, terrain-only horizon angle"}, "geometry": {"type": "Polygon", "coordinates": [[[127.43486322160322, 38.06370848096651], [127.43486898062373, 38.063438198029395], [127.43521084360493, 38.0634427506864], [127.43520508584109, 38.06371303366749], [127.43486322160322, 38.06370848096651]]]}}, {"type": "Feature", "properties": {"date": "2026-07-25", "timeLocal": "18:00", "sunAzimuth": 280.43, "sunElevation": 19.06, "source": "Copernicus GLO-30, terrain-only horizon angle"}, "geometry": {"type": "Polygon", "coordinates": [[[127.39759458923332, 38.063476556796644], [127.39760048530198, 38.06320627872232], [127.3972586296419, 38.06320161670462], [127.39726452688818, 38.06293133866207], [127.39760638129172, 38.062936000634735], [127.39762406878762, 38.06212516629258], [127.39830777029232, 38.06213448698668], [127.39830187705225, 38.06240476520398], [127.39796002500395, 38.06240010530878], [127.39793644622884, 38.06348121786559], [127.39759458923332, 38.063476556796644]]]}}, {"type": "Feature", "properties": {"date": "2026-07-25", "timeLocal": "18:00", "sunAzimuth": 280.43, "sunElevation": 19.06, "source": "Copernicus GLO-30, terrain-only horizon angle"}, "geometry": {"type": "Polygon", "coordinates": [[[127.40134913819448, 38.06379805245381], [127.40136090276614, 38.0632574953292], [127.40101904623916, 38.06325284424281], [127.40102492966348, 38.06298256570557], [127.40068307447176, 38.06297791367035], [127.40068895907389, 38.06270763516479], [127.40034710521745, 38.06270298218076], [127.40036476232088, 38.061892146719494], [127.40070661240782, 38.06189679956876], [127.4007007280419, 38.062167078114], [127.401384430965, 38.062176380921215], [127.401372667023, 38.062716938151674], [127.40171452111561, 38.0627215881545], [127.40169099731332, 38.06380270263626], [127.40134913819448, 38.06379805245381]]]}}, {"type": "Feature", "properties": {"date": "2026-07-25", "timeLocal": "18:00", "sunAzimuth": 280.43, "sunElevation": 19.06, "source": "Copernicus GLO-30, terrain-only horizon angle"}, "geometry": {"type": "Polygon", "coordinates": [[[127.43522235890147, 38.062902184684646], [127.43523963126844, 38.06209133558299], [127.43558148804364, 38.06209588702643], [127.4355757319216, 38.062366170117464], [127.43591759003043, 38.062370720611064], [127.43590608006849, 38.06291128684143], [127.43522235890147, 38.062902184684646]]]}}, {"type": "Feature", "properties": {"date": "2026-07-25", "timeLocal": "18:00", "sunAzimuth": 280.43, "sunElevation": 19.06, "source": "Copernicus GLO-30, terrain-only horizon angle"}, "geometry": {"type": "Polygon", "coordinates": [[[127.4139979778735, 38.06396944734279], [127.41401548513174, 38.06315860667087], [127.4136736269602, 38.06315399239854], [127.41369113728534, 38.06234315174131], [127.41300742871594, 38.062333920482764], [127.41301910690156, 38.061793360156784], [127.41370281044489, 38.06180259123704], [127.41369697390417, 38.06207287149579], [127.41438068027288, 38.06208209869024], [127.41433983989293, 38.06397406075498], [127.4139979778735, 38.06396944734279]]]}}, {"type": "Feature", "properties": {"date": "2026-07-25", "timeLocal": "18:00", "sunAzimuth": 280.43, "sunElevation": 19.06, "source": "Copernicus GLO-30, terrain-only horizon angle"}, "geometry": {"type": "Polygon", "coordinates": [[[127.40685992742114, 38.06198038093043], [127.40686578909175, 38.06171010156482], [127.40720763941539, 38.06171473548874], [127.40720177900124, 38.06198501489909], [127.40685992742114, 38.06198038093043]]]}}, {"type": "Feature", "properties": {"date": "2026-07-25", "timeLocal": "18:00", "sunAzimuth": 280.43, "sunElevation": 19.06, "source": "Copernicus GLO-30, terrain-only horizon angle"}, "geometry": {"type": "Polygon", "coordinates": [[[127.40206225478425, 38.06245595846519], [127.40206813420289, 38.06218567975354], [127.4017262825446, 38.06218103083423], [127.40174392409791, 38.061370194754595], [127.40208577198682, 38.06137484353922], [127.40207401354287, 38.06191540102866], [127.40241586402335, 38.06192004890937], [127.40240410777773, 38.06246060643566], [127.40206225478425, 38.06245595846519]]]}}, {"type": "Feature", "properties": {"date": "2026-07-25", "timeLocal": "18:00", "sunAzimuth": 280.43, "sunElevation": 19.06, "source": "Copernicus GLO-30, terrain-only horizon angle"}, "geometry": {"type": "Polygon", "coordinates": [[[127.4197863841604, 38.065128863927356], [127.41980382826478, 38.06431802114594], [127.41946196374153, 38.064313423590285], [127.41946777954402, 38.064043142681115], [127.41912591635524, 38.06403854417606], [127.41913755024007, 38.06349798240686], [127.41879568964238, 38.06349338299681], [127.41880150772462, 38.06322310213682], [127.41845964846141, 38.063218501777385], [127.4184654677224, 38.062948220948584], [127.41778175194275, 38.06293901733726], [127.41779339525739, 38.06239845581777], [127.41745153999753, 38.06239385261037], [127.41746318551364, 38.0618532911269], [127.41780503826045, 38.06185789424541], [127.41782250218078, 38.06104705178773], [127.41850620036912, 38.061056254776936], [127.41850038165319, 38.06132653569825], [127.41884223212064, 38.06133113574671], [127.41883641458334, 38.06160141669924], [127.41917826638512, 38.06160601579839], [127.41917245002645, 38.0618762967821], [127.41951430316259, 38.06188089493194], [127.41950848798264, 38.062151175946845], [127.41985034245307, 38.06215577314734], [127.41984452845186, 38.062426054193416], [127.42018638425667, 38.06243065044454], [127.42016313250008, 38.06351177467426], [127.420504993409, 38.06351637010912], [127.42049918153202, 38.063786651177885], [127.42015731936647, 38.06378205569864], [127.42012825253157, 38.06513346062235], [127.4197863841604, 38.065128863927356]], [[127.41881314365561, 38.062682540377146], [127.41949685738925, 38.062691737937], [127.41950267272485, 38.062421456948535], [127.4188189615043, 38.0624122594775], [127.41881314365561, 38.062682540377146]], [[127.41847710601081, 38.06240765925134], [127.4188189615043, 38.0624122594775], [127.41882477927516, 38.062141978564625], [127.41848292503819, 38.06213737838289], [127.41847710601081, 38.06240765925134]], [[127.41779921679786, 38.062128175038204], [127.41848292503819, 38.06213737838289], [127.41848874398774, 38.06186709750123], [127.41780503826045, 38.06185789424541], [127.41779921679786, 38.062128175038204]]]}}, {"type": "Feature", "properties": {"date": "2026-07-25", "timeLocal": "18:00", "sunAzimuth": 280.43, "sunElevation": 19.06, "source": "Copernicus GLO-30, terrain-only horizon angle"}, "geometry": {"type": "Polygon", "coordinates": [[[127.41985615637653, 38.061885492088045], [127.41986197022214, 38.061615211015535], [127.41952011826473, 38.061610613903824], [127.41953174823558, 38.06107005180793], [127.41987359768004, 38.061074648830854], [127.41986778399001, 38.0613449299298], [127.42020963476871, 38.0613495260034], [127.42019800966825, 38.061890088250394], [127.41985615637653, 38.061885492088045]]]}}, {"type": "Feature", "properties": {"date": "2026-07-25", "timeLocal": "18:00", "sunAzimuth": 280.43, "sunElevation": 19.06, "source": "Copernicus GLO-30, terrain-only horizon angle"}, "geometry": {"type": "Polygon", "coordinates": [[[127.40957133499897, 38.0630985436165], [127.40957718693092, 38.06282826394608], [127.40923533103263, 38.06282363679945], [127.40924703717467, 38.06228307750831], [127.40890518386777, 38.06227844945729], [127.40891103807782, 38.06200816983658], [127.40822733421204, 38.06199891084275], [127.40823904742308, 38.06145835174047], [127.40789719812071, 38.0614537208424], [127.4079030558651, 38.06118344131614], [127.40721936000844, 38.06117417662838], [127.40723108028781, 38.0606336177151], [127.40757292566411, 38.06063825046635], [127.40756706682004, 38.06090852997434], [127.40859260718847, 38.060922422400196], [127.4085867520353, 38.06119270202912], [127.40892860023794, 38.06119733089508], [127.4089227462629, 38.06146761055546], [127.40926459580034, 38.06147223847241], [127.4092528901282, 38.062012797842904], [127.40959474225693, 38.062017424855505], [127.40958303878455, 38.062557984262455], [127.4099248935046, 38.06256261037067], [127.40991319223211, 38.06310316981406], [127.40957133499897, 38.0630985436165]]]}}, {"type": "Feature", "properties": {"date": "2026-07-25", "timeLocal": "18:00", "sunAzimuth": 280.43, "sunElevation": 19.06, "source": "Copernicus GLO-30, terrain-only horizon angle"}, "geometry": {"type": "Polygon", "coordinates": [[[127.41404466233372, 38.06180720528658], [127.41405049753985, 38.06153692497006], [127.41370864690751, 38.061532310965084], [127.41371448329204, 38.06126203067989], [127.4133726339943, 38.06125741572576], [127.41339014644865, 38.06044657492457], [127.41373199197707, 38.060451189745], [127.41372615582684, 38.06072147006986], [127.4140680026898, 38.06072608394118], [127.41406216771789, 38.06099636429735], [127.41440401591537, 38.06100097721953], [127.4143865143006, 38.06181181834239], [127.41404466233372, 38.06180720528658]]]}}, {"type": "Feature", "properties": {"date": "2026-07-25", "timeLocal": "18:00", "sunAzimuth": 280.43, "sunElevation": 19.06, "source": "Copernicus GLO-30, terrain-only horizon angle"}, "geometry": {"type": "Polygon", "coordinates": [[[127.39798949669817, 38.06104871431495], [127.39801307263386, 38.05996760128163], [127.39835491337436, 38.05997226077184], [127.39834902076508, 38.06024253909503], [127.39869086284077, 38.06024719763658], [127.39867318830902, 38.06105803266168], [127.39798949669817, 38.06104871431495]]]}}, {"type": "Feature", "properties": {"date": "2026-07-25", "timeLocal": "18:00", "sunAzimuth": 280.43, "sunElevation": 19.06, "source": "Copernicus GLO-30, terrain-only horizon angle"}, "geometry": {"type": "Polygon", "coordinates": [[[127.41884804958013, 38.06106085478097], [127.41885386696174, 38.060790573802024], [127.41851201900722, 38.06078597384241], [127.41852365604981, 38.0602454119337], [127.41920734701097, 38.06025461068158], [127.41921316290265, 38.05998432961856], [127.41955500724359, 38.05998892745759], [127.4195491926083, 38.060259208565], [127.41989103828344, 38.06026380545474], [127.41988522482676, 38.06053408659332], [127.41920153104145, 38.06052489173136], [127.41918989886894, 38.061065453791315], [127.41884804958013, 38.06106085478097]]]}}, {"type": "Feature", "properties": {"date": "2026-07-25", "timeLocal": "18:00", "sunAzimuth": 280.43, "sunElevation": 19.06, "source": "Copernicus GLO-30, terrain-only horizon angle"}, "geometry": {"type": "Polygon", "coordinates": [[[127.40960644541606, 38.06147686539565], [127.4096122968782, 38.06120658564587], [127.40927044851892, 38.06120195876732], [127.4092763011592, 38.06093167904901], [127.40859260718847, 38.060922422400196], [127.40859846226326, 38.06065214275806], [127.40825661665185, 38.06064751298783], [127.40826247290471, 38.06037723337717], [127.40792062862803, 38.060372602657985], [127.40792648605894, 38.06010232307881], [127.4082683290792, 38.06010695375328], [127.40827418517533, 38.05983667411617], [127.4086160270176, 38.05984130375227], [127.40862188177903, 38.05957102405722], [127.40998924490589, 38.0595895324864], [127.4099833951699, 38.059859812360195], [127.4103252374037, 38.05986443702804], [127.41031354020966, 38.060404996825255], [127.40997169546308, 38.060400372068074], [127.4099482951101, 38.06148149132518], [127.40960644541606, 38.06147686539565]]]}}, {"type": "Feature", "properties": {"date": "2026-07-25", "timeLocal": "18:00", "sunAzimuth": 280.43, "sunElevation": 19.06, "source": "Copernicus GLO-30, terrain-only horizon angle"}, "geometry": {"type": "Polygon", "coordinates": [[[127.42361074675914, 38.06220627676523], [127.42361654686071, 38.061935995218235], [127.42327469279194, 38.0619314089933], [127.4232920964005, 38.0611205644059], [127.42363394669977, 38.06112515049798], [127.42365134584033, 38.06031430565882], [127.42330949931043, 38.06030971969961], [127.4233211008623, 38.05976915649602], [127.42400478897403, 38.05977832724364], [127.42399319244785, 38.06031889062436], [127.42433503913294, 38.060323474596196], [127.42430025523109, 38.061945164686875], [127.4239584010071, 38.06194058044943], [127.42395260216207, 38.06221086204071], [127.42361074675914, 38.06220627676523]]]}}, {"type": "Feature", "properties": {"date": "2026-07-25", "timeLocal": "18:00", "sunAzimuth": 280.43, "sunElevation": 19.06, "source": "Copernicus GLO-30, terrain-only horizon angle"}, "geometry": {"type": "Polygon", "coordinates": [[[127.4140680026898, 38.06072608394118], [127.41407967239934, 38.060185523189155], [127.41373782804922, 38.060180909406945], [127.41374366404328, 38.05991062905565], [127.41340182102765, 38.05990601432435], [127.41340765819999, 38.05963573400439], [127.41443318371205, 38.059649575083675], [127.41440984963083, 38.0607306968188], [127.4140680026898, 38.06072608394118]]]}}, {"type": "Feature", "properties": {"date": "2026-07-25", "timeLocal": "18:00", "sunAzimuth": 280.43, "sunElevation": 19.06, "source": "Copernicus GLO-30, terrain-only horizon angle"}, "geometry": {"type": "Polygon", "coordinates": [[[127.4337972876595, 38.0655867961671], [127.4338030509898, 38.065316513454356], [127.43346117951998, 38.06531195651406], [127.43346694402993, 38.06504167383211], [127.433125073894, 38.06503711594195], [127.43313660519591, 38.06449655062649], [127.43279473765062, 38.064491991830494], [127.43280050444255, 38.06422170919697], [127.43245863823113, 38.06421714945117], [127.4324644062026, 38.06394686684847], [127.43212254132501, 38.06394230615286], [127.43212831047596, 38.06367202358101], [127.43178644693228, 38.06366746193563], [127.43179221726267, 38.06339717939462], [127.43281780435537, 38.06341086121719], [127.43282357083864, 38.063140578530856], [127.43179798751584, 38.0631268968404], [127.43180375769178, 38.06285661427298], [127.4314618979952, 38.06285205176596], [127.43147344062866, 38.06231148667962], [127.43181529781207, 38.062316049098534], [127.4318441467616, 38.06096463593133], [127.43150229586087, 38.0609600737327], [127.43151960807351, 38.0601492258061], [127.4311777610194, 38.060144662745955], [127.43118353285894, 38.0598743801214], [127.43357645506381, 38.05990630036659], [127.43357069201932, 38.0601765832994], [127.43288699706206, 38.06016746810975], [127.43287546571582, 38.06070803375969], [127.43355916569892, 38.06071714912539], [127.43355340242306, 38.06098743201858], [127.43321155113645, 38.06098287478858], [127.43320578652697, 38.06125315762456], [127.43354763907007, 38.06125771489857], [127.43354187563995, 38.061527997765346], [127.43422558347055, 38.061537109420144], [127.43419101634922, 38.06315880687154], [127.43384915485588, 38.063154251277076], [127.43383762935204, 38.063694816900615], [127.43417949335868, 38.06369937258307], [127.43417373174778, 38.06396965541903], [127.43485746250566, 38.06397876389042], [127.43483442534476, 38.06505989545405], [127.4344925549004, 38.06505534153937], [127.43448103334399, 38.06559590715403], [127.4337972876595, 38.0655867961671]]]}}, {"type": "Feature", "properties": {"date": "2026-07-25", "timeLocal": "18:00", "sunAzimuth": 280.43, "sunElevation": 19.06, "source": "Copernicus GLO-30, terrain-only horizon angle"}, "geometry": {"type": "Polygon", "coordinates": [[[127.43425438728501, 38.06018569451425], [127.43426014781664, 38.05991541149346], [127.43460199430871, 38.05991996556636], [127.43459623503352, 38.06019024863113], [127.43425438728501, 38.06018569451425]]]}}]}