{"type":"FeatureCollection","metadata":{"description":"수관 아래(CHM > 2 m) — 시각 무관. 구간 회랑 ±200 m 절단","source":"위성 기반 추정 — Copernicus GLO-30 지형(30 m) + Meta/WRI 수관 높이(1 m CHM, 2019 촬영). 그늘 = 수관(CHM > 2 m) ∪ 나무·지형 그림자 ∪ 원거리 지형 마스크. 현장과 다를 수 있음.","datasetVersion":"2026-09-06.0","collectedAt":"2026-09-06","coordinateOrder":"[longitude, latitude]","crs":"EPSG:4326","representativeDate":"2026-08-01","hours":["10:00","11:00","12:00","13:00","14:00","15:00","16:00","17:00","18:00"],"chmAcquisition":["2019-03"],"assets":{"glo30":{"dataset":"Copernicus DEM GLO-30 (COG, s3://copernicus-dem-30m)","tiles":["Copernicus_DSM_COG_10_N37_00_E126_00_DEM","Copernicus_DSM_COG_10_N37_00_E127_00_DEM"]},"chm":{"dataset":"Meta/WRI Global Canopy Height Map v1 (alsgedi_global_v6_float, 1 m, CC-BY 4.0)","quadkeys":["132110302","132110320"],"acquisition":["2019-03"]}},"method":{"gridResM":2,"canopyThresholdM":2,"bufferHalfM":25,"corridorHalfM":200,"simplifyTolM":2,"minAreaM2":25,"coordDecimals":5},"generator":"scripts/shade 0.1.0","builtAt":"2026-09-06T06:04:41Z","layer":"canopy"},"features":[{"type":"Feature","properties":{"valleyId":"songchu","layer":"canopy","date":"2026-08-01"},"geometry":{"type":"Polygon","coordinates":[[[126.97653,37.72083],[126.97649,37.72077],[126.97649,37.7207],[126.97658,37.7207],[126.97662,37.72074],[126.97662,37.72081],[126.97653,37.72083]]]}},{"type":"Feature","properties":{"valleyId":"songchu","layer":"canopy","date":"2026-08-01"},"geometry":{"type":"Polygon","coordinates":[[[126.97615,37.72062],[126.97615,37.72055],[126.97624,37.72055],[126.97624,37.72062],[126.97615,37.72062]]]}},{"type":"Feature","properties":{"valleyId":"songchu","layer":"canopy","date":"2026-08-01"},"geometry":{"type":"Polygon","coordinates":[[[126.97772,37.72049],[126.97772,37.7204],[126.97784,37.7204],[126.97783,37.72045],[126.97779,37.72049],[126.97772,37.72049]]]}},{"type":"Feature","properties":{"valleyId":"songchu","layer":"canopy","date":"2026-08-01"},"geometry":{"type":"Polygon","coordinates":[[[126.97743,37.72041],[126.97743,37.72036],[126.9775,37.72036],[126.97749,37.72041],[126.97743,37.72041]]]}},{"type":"Feature","properties":{"valleyId":"songchu","layer":"canopy","date":"2026-08-01"},"geometry":{"type":"Polygon","coordinates":[[[126.97756,37.72041],[126.97756,37.72036],[126.97763,37.72036],[126.97763,37.72041],[126.97756,37.72041]]]}},{"type":"Feature","properties":{"valleyId":"songchu","layer":"canopy","date":"2026-08-01"},"geometry":{"type":"Polygon","coordinates":[[[126.97693,37.72038],[126.97688,37.72033],[126.97684,37.72033],[126.97684,37.72027],[126.97707,37.72028],[126.97709,37.72031],[126.97722,37.72032],[126.97722,37.72037],[126.97693,37.72038]]]}},{"type":"Feature","properties":{"valleyId":"songchu","layer":"canopy","date":"2026-08-01"},"geometry":{"type":"Polygon","coordinates":[[[126.9743,37.72025],[126.97428,37.72021],[126.97403,37.72022],[126.97403,37.72017],[126.97412,37.72015],[126.97412,37.7201],[126.97446,37.72012],[126.97453,37.72016],[126.9745,37.72025],[126.9743,37.72025]]]}},{"type":"Feature","properties":{"valleyId":"songchu","layer":"canopy","date":"2026-08-01"},"geometry":{"type":"Polygon","coordinates":[[[126.97566,37.72014],[126.97567,37.72009],[126.97585,37.72009],[126.97585,37.72015],[126.97566,37.72014]]]}},{"type":"Feature","properties":{"valleyId":"songchu","layer":"canopy","date":"2026-08-01"},"geometry":{"type":"Polygon","coordinates":[[[126.97397,37.72067],[126.97388,37.7206],[126.9737,37.72058],[126.97366,37.72054],[126.97352,37.72052],[126.9733,37.72043],[126.97325,37.7203],[126.97305,37.7203],[126.97301,37.72024],[126.97294,37.72022],[126.97294,37.72017],[126.9731,37.72015],[126.97313,37.72005],[126.97299,37.72004],[126.97294,37.72006],[126.97292,37.72015],[126.97285,37.72015],[126.97288,37.72002],[126.97297,37.71995],[126.97301,37.71996],[126.97313,37.71983],[126.97338,37.7198],[126.9734,37.71984],[126.97349,37.71986],[126.97354,37.71989],[126.97353,37.72009],[126.97351,37.72014],[126.97344,37.72018],[126.97348,37.72036],[126.97373,37.72042],[126.97393,37.72042],[126.97398,37.72049],[126.97404,37.72053],[126.97404,37.72068],[126.97397,37.72067]]]}},{"type":"Feature","properties":{"valleyId":"songchu","layer":"canopy","date":"2026-08-01"},"geometry":{"type":"Polygon","coordinates":[[[126.9715,37.71968],[126.9715,37.71962],[126.97157,37.71962],[126.97157,37.71968],[126.9715,37.71968]]]}},{"type":"Feature","properties":{"valleyId":"songchu","layer":"canopy","date":"2026-08-01"},"geometry":{"type":"Polygon","coordinates":[[[126.97032,37.71957],[126.97031,37.71946],[126.9704,37.71946],[126.97039,37.71957],[126.97032,37.71957]]]}},{"type":"Feature","properties":{"valleyId":"songchu","layer":"canopy","date":"2026-08-01"},"geometry":{"type":"Polygon","coordinates":[[[126.97425,37.71956],[126.97425,37.71951],[126.97432,37.71951],[126.97432,37.71956],[126.97425,37.71956]]]}},{"type":"Feature","properties":{"valleyId":"songchu","layer":"canopy","date":"2026-08-01"},"geometry":{"type":"Polygon","coordinates":[[[126.97053,37.7195],[126.97046,37.71948],[126.97046,37.71942],[126.97062,37.71939],[126.97062,37.7195],[126.97053,37.7195]]]}},{"type":"Feature","properties":{"valleyId":"songchu","layer":"canopy","date":"2026-08-01"},"geometry":{"type":"Polygon","coordinates":[[[126.97103,37.71942],[126.97103,37.71936],[126.97113,37.71935],[126.97112,37.7194],[126.97103,37.71942]]]}},{"type":"Feature","properties":{"valleyId":"songchu","layer":"canopy","date":"2026-08-01"},"geometry":{"type":"Polygon","coordinates":[[[126.97391,37.71943],[126.97392,37.71938],[126.97398,37.71938],[126.97398,37.71943],[126.97391,37.71943]]]}},{"type":"Feature","properties":{"valleyId":"songchu","layer":"canopy","date":"2026-08-01"},"geometry":{"type":"Polygon","coordinates":[[[126.97128,37.71933],[126.97129,37.71926],[126.9714,37.71926],[126.9714,37.71933],[126.97128,37.71933]]]}},{"type":"Feature","properties":{"valleyId":"songchu","layer":"canopy","date":"2026-08-01"},"geometry":{"type":"Polygon","coordinates":[[[126.97167,37.71932],[126.97167,37.71927],[126.97181,37.71925],[126.97181,37.71932],[126.97167,37.71932]]]}},{"type":"Feature","properties":{"valleyId":"songchu","layer":"canopy","date":"2026-08-01"},"geometry":{"type":"Polygon","coordinates":[[[126.97217,37.71933],[126.97208,37.71927],[126.9721,37.7192],[126.97217,37.7192],[126.97219,37.71926],[126.97238,37.71926],[126.97237,37.71931],[126.97217,37.71933]]]}},{"type":"Feature","properties":{"valleyId":"songchu","layer":"canopy","date":"2026-08-01"},"geometry":{"type":"Polygon","coordinates":[[[126.97355,37.71932],[126.97351,37.71928],[126.97351,37.71922],[126.97369,37.71926],[126.97369,37.71932],[126.97355,37.71932]]]}},{"type":"Feature","properties":{"valleyId":"songchu","layer":"canopy","date":"2026-08-01"},"geometry":{"type":"Polygon","coordinates":[[[126.97147,37.71935],[126.97147,37.71928],[126.97142,37.71928],[126.97142,37.71922],[126.97147,37.71917],[126.97152,37.71917],[126.97154,37.71908],[126.97161,37.71908],[126.97163,37.71916],[126.97154,37.71917],[126.97153,37.71935],[126.97147,37.71935]]]}},{"type":"Feature","properties":{"valleyId":"songchu","layer":"canopy","date":"2026-08-01"},"geometry":{"type":"Polygon","coordinates":[[[126.9731,37.71915],[126.97308,37.71904],[126.97313,37.71904],[126.97315,37.71898],[126.97322,37.71899],[126.97327,37.71902],[126.97338,37.71902],[126.97345,37.71899],[126.97356,37.71901],[126.97354,37.7191],[126.97349,37.7191],[126.97344,37.71915],[126.9731,37.71915]]]}},{"type":"Feature","properties":{"valleyId":"songchu","layer":"canopy","date":"2026-08-01"},"geometry":{"type":"Polygon","coordinates":[[[126.97225,37.71904],[126.97225,37.71899],[126.9722,37.71897],[126.97223,37.71877],[126.9723,37.71874],[126.97239,37.71874],[126.97247,37.71897],[126.97241,37.71899],[126.97236,37.71904],[126.97225,37.71904]]]}},{"type":"Feature","properties":{"valleyId":"songchu","layer":"canopy","date":"2026-08-01"},"geometry":{"type":"Polygon","coordinates":[[[126.97951,37.71895],[126.97931,37.71889],[126.97926,37.71885],[126.97926,37.71878],[126.97944,37.71882],[126.97949,37.71888],[126.97958,37.7189],[126.97958,37.71895],[126.97951,37.71895]]]}},{"type":"Feature","properties":{"valleyId":"songchu","layer":"canopy","date":"2026-08-01"},"geometry":{"type":"Polygon","coordinates":[[[126.97063,37.71932],[126.97061,37.71925],[126.97065,37.71923],[126.97065,37.71916],[126.97075,37.71909],[126.97073,37.71896],[126.97086,37.71894],[126.97086,37.71891],[126.97091,37.71891],[126.97091,37.71886],[126.97084,37.71882],[126.97085,37.71875],[126.97098,37.71877],[126.97098,37.71869],[126.97105,37.71866],[126.97105,37.71861],[126.97099,37.7186],[126.97099,37.71855],[126.97112,37.71853],[126.97117,37.71859],[126.97124,37.71859],[126.97126,37.71865],[126.97142,37.71867],[126.97153,37.71874],[126.97153,37.71881],[126.97143,37.71883],[126.97143,37.71895],[126.9712,37.71895],[126.97118,37.719],[126.97109,37.719],[126.97106,37.71906],[126.97102,37.71906],[126.97095,37.71922],[126.97085,37.71929],[126.97081,37.71929],[126.97079,37.71932],[126.97063,37.71932]]]}},{"type":"Feature","properties":{"valleyId":"songchu","layer":"canopy","date":"2026-08-01"},"geometry":{"type":"Polygon","coordinates":[[[126.9787,37.71881],[126.97868,37.71866],[126.97872,37.71863],[126.97879,37.71863],[126.97884,37.71867],[126.97881,37.71879],[126.9787,37.71881]]]}},{"type":"Feature","properties":{"valleyId":"songchu","layer":"canopy","date":"2026-08-01"},"geometry":{"type":"Polygon","coordinates":[[[126.98164,37.71882],[126.98163,37.7187],[126.98158,37.71868],[126.98158,37.71862],[126.98165,37.71863],[126.98176,37.71868],[126.98176,37.71879],[126.98171,37.71882],[126.98164,37.71882]]]}},{"type":"Feature","properties":{"valleyId":"songchu","layer":"canopy","date":"2026-08-01"},"geometry":{"type":"Polygon","coordinates":[[[126.97768,37.71849],[126.97764,37.71847],[126.97764,37.71836],[126.97773,37.71836],[126.97775,37.7184],[126.97775,37.71849],[126.97768,37.71849]]]}},{"type":"Feature","properties":{"valleyId":"songchu","layer":"canopy","date":"2026-08-01"},"geometry":{"type":"Polygon","coordinates":[[[126.97812,37.71838],[126.97812,37.71828],[126.97823,37.71828],[126.97823,37.71837],[126.97812,37.71838]]]}},{"type":"Feature","properties":{"valleyId":"songchu","layer":"canopy","date":"2026-08-01"},"geometry":{"type":"Polygon","coordinates":[[[126.97474,37.7182],[126.97474,37.71813],[126.97483,37.71811],[126.97483,37.71818],[126.97474,37.7182]]]}},{"type":"Feature","properties":{"valleyId":"songchu","layer":"canopy","date":"2026-08-01"},"geometry":{"type":"Polygon","coordinates":[[[126.97513,37.71819],[126.97511,37.7181],[126.97522,37.7181],[126.97522,37.71817],[126.97513,37.71819]]]}},{"type":"Feature","properties":{"valleyId":"songchu","layer":"canopy","date":"2026-08-01"},"geometry":{"type":"Polygon","coordinates":[[[126.97762,37.71821],[126.97763,37.71811],[126.97774,37.71809],[126.97774,37.7182],[126.97762,37.71821]]]}},{"type":"Feature","properties":{"valleyId":"songchu","layer":"canopy","date":"2026-08-01"},"geometry":{"type":"Polygon","coordinates":[[[126.97758,37.718],[126.97761,37.71791],[126.97786,37.71795],[126.97786,37.718],[126.97758,37.718]]]}},{"type":"Feature","properties":{"valleyId":"songchu","layer":"canopy","date":"2026-08-01"},"geometry":{"type":"Polygon","coordinates":[[[126.97998,37.71916],[126.97993,37.71912],[126.97971,37.7191],[126.97969,37.71897],[126.97976,37.71892],[126.9798,37.71892],[126.97992,37.71879],[126.97999,37.71878],[126.97997,37.7186],[126.98002,37.7186],[126.98002,37.71851],[126.98009,37.71845],[126.98023,37.71844],[126.98032,37.71839],[126.98032,37.71831],[126.98025,37.71831],[126.98025,37.71822],[126.9803,37.71821],[126.98032,37.71813],[126.98033,37.71808],[126.98026,37.71804],[126.98026,37.71797],[126.9804,37.71794],[126.98065,37.718],[126.98073,37.71809],[126.98085,37.71813],[126.98091,37.71823],[126.981,37.71825],[126.98105,37.71833],[126.98111,37.71835],[126.98111,37.71838],[126.9812,37.71844],[126.98124,37.71851],[126.98124,37.71858],[126.98117,37.7186],[126.98115,37.71869],[126.98085,37.71868],[126.98081,37.71872],[126.9808,37.71885],[126.98076,37.71886],[126.98073,37.71899],[126.98062,37.71899],[126.9806,37.71902],[126.98048,37.71906],[126.98039,37.71913],[126.98039,37.71916],[126.97998,37.71916]],[[126.98037,37.71882],[126.98044,37.71882],[126.98049,37.71879],[126.98058,37.71866],[126.98058,37.71859],[126.98043,37.71859],[126.98037,37.71882]],[[126.98061,37.71859],[126.9807,37.71859],[126.9807,37.71854],[126.98061,37.71854],[126.98061,37.71859]]]}},{"type":"Feature","properties":{"valleyId":"songchu","layer":"canopy","date":"2026-08-01"},"geometry":{"type":"Polygon","coordinates":[[[126.9797,37.71789],[126.9797,37.71783],[126.97979,37.71784],[126.97979,37.71789],[126.9797,37.71789]]]}},{"type":"Feature","properties":{"valleyId":"songchu","layer":"canopy","date":"2026-08-01"},"geometry":{"type":"Polygon","coordinates":[[[126.98214,37.71827],[126.98207,37.71824],[126.98205,37.71816],[126.98184,37.71814],[126.98182,37.71811],[126.98171,37.71807],[126.98171,37.71801],[126.98183,37.71798],[126.98185,37.71784],[126.98192,37.71784],[126.98192,37.71793],[126.98201,37.71795],[126.98201,37.71804],[126.98214,37.71804],[126.98225,37.71813],[126.98223,37.71826],[126.98214,37.71827]]]}},{"type":"Feature","properties":{"valleyId":"songchu","layer":"canopy","date":"2026-08-01"},"geometry":{"type":"Polygon","coordinates":[[[126.97784,37.71784],[126.97784,37.71777],[126.97795,37.71779],[126.97795,37.71784],[126.97784,37.71784]]]}},{"type":"Feature","properties":{"valleyId":"songchu","layer":"canopy","date":"2026-08-01"},"geometry":{"type":"Polygon","coordinates":[[[126.97986,37.71786],[126.97988,37.71778],[126.97997,37.71779],[126.97995,37.71786],[126.97986,37.71786]]]}},{"type":"Feature","properties":{"valleyId":"songchu","layer":"canopy","date":"2026-08-01"},"geometry":{"type":"Polygon","coordinates":[[[126.97809,37.71781],[126.97809,37.71775],[126.97816,37.71775],[126.97816,37.71781],[126.97809,37.71781]]]}},{"type":"Feature","properties":{"valleyId":"songchu","layer":"canopy","date":"2026-08-01"},"geometry":{"type":"Polygon","coordinates":[[[126.97933,37.71799],[126.97931,37.71779],[126.97936,37.71772],[126.97945,37.71772],[126.97945,37.71787],[126.97949,37.71789],[126.97949,37.71794],[126.97944,37.71796],[126.97944,37.71799],[126.97933,37.71799]]]}},{"type":"Feature","properties":{"valleyId":"songchu","layer":"canopy","date":"2026-08-01"},"geometry":{"type":"Polygon","coordinates":[[[126.97741,37.71771],[126.97741,37.71763],[126.97748,37.71763],[126.9775,37.71771],[126.97741,37.71771]]]}},{"type":"Feature","properties":{"valleyId":"songchu","layer":"canopy","date":"2026-08-01"},"geometry":{"type":"Polygon","coordinates":[[[126.97909,37.71772],[126.97909,37.71766],[126.97914,37.71765],[126.97932,37.71765],[126.97932,37.7177],[126.97909,37.71772]]]}},{"type":"Feature","properties":{"valleyId":"songchu","layer":"canopy","date":"2026-08-01"},"geometry":{"type":"Polygon","coordinates":[[[126.97661,37.71776],[126.9765,37.71773],[126.9765,37.71764],[126.97664,37.71762],[126.97671,37.71755],[126.97678,37.71755],[126.9768,37.7177],[126.97675,37.71771],[126.97675,37.71775],[126.97661,37.71776]]]}},{"type":"Feature","properties":{"valleyId":"songchu","layer":"canopy","date":"2026-08-01"},"geometry":{"type":"Polygon","coordinates":[[[126.98222,37.71782],[126.98222,37.71779],[126.98204,37.71775],[126.98204,37.71762],[126.98224,37.71766],[126.98225,37.71759],[126.98231,37.71759],[126.98233,37.71765],[126.9824,37.71767],[126.9824,37.71776],[126.98235,37.71775],[126.98231,37.71783],[126.98222,37.71782]]]}},{"type":"Feature","properties":{"valleyId":"songchu","layer":"canopy","date":"2026-08-01"},"geometry":{"type":"Polygon","coordinates":[[[126.97848,37.71758],[126.97839,37.71756],[126.97839,37.71751],[126.97862,37.71747],[126.97862,37.71756],[126.97848,37.71758]]]}},{"type":"Feature","properties":{"valleyId":"songchu","layer":"canopy","date":"2026-08-01"},"geometry":{"type":"Polygon","coordinates":[[[126.97165,37.71759],[126.97163,37.71755],[126.97156,37.71755],[126.97152,37.71751],[126.97152,37.71742],[126.97156,37.71739],[126.9717,37.71739],[126.97175,37.71734],[126.97186,37.71732],[126.97186,37.71738],[126.97172,37.71745],[126.97172,37.7175],[126.97188,37.71752],[126.97188,37.71757],[126.97165,37.71759]]]}},{"type":"Feature","properties":{"valleyId":"songchu","layer":"canopy","date":"2026-08-01"},"geometry":{"type":"Polygon","coordinates":[[[126.97952,37.71754],[126.97955,37.71744],[126.97964,37.71742],[126.97969,37.71746],[126.97968,37.71751],[126.97964,37.71755],[126.97952,37.71754]]]}},{"type":"Feature","properties":{"valleyId":"songchu","layer":"canopy","date":"2026-08-01"},"geometry":{"type":"Polygon","coordinates":[[[126.97835,37.71743],[126.97828,37.71736],[126.97828,37.71729],[126.97837,37.71729],[126.97846,37.71736],[126.97846,37.71744],[126.97835,37.71743]]]}},{"type":"Feature","properties":{"valleyId":"songchu","layer":"canopy","date":"2026-08-01"},"geometry":{"type":"Polygon","coordinates":[[[126.97649,37.71731],[126.97649,37.71724],[126.97656,37.71724],[126.97656,37.71731],[126.97649,37.71731]]]}},{"type":"Feature","properties":{"valleyId":"songchu","layer":"canopy","date":"2026-08-01"},"geometry":{"type":"Polygon","coordinates":[[[126.97719,37.71732],[126.97719,37.71725],[126.97726,37.71725],[126.97726,37.71732],[126.97719,37.71732]]]}},{"type":"Feature","properties":{"valleyId":"songchu","layer":"canopy","date":"2026-08-01"},"geometry":{"type":"Polygon","coordinates":[[[126.97441,37.718],[126.97436,37.71796],[126.97434,37.71783],[126.97421,37.71783],[126.97407,37.71794],[126.97398,37.71794],[126.97398,37.71781],[126.9741,37.71776],[126.97419,37.71776],[126.97421,37.7177],[126.97428,37.71771],[126.9743,37.71776],[126.97444,37.71774],[126.97449,37.71757],[126.97445,37.71735],[126.9745,37.7172],[126.97486,37.71718],[126.97486,37.71728],[126.9747,37.71726],[126.9747,37.71732],[126.97479,37.71734],[126.97483,37.71739],[126.97483,37.71757],[126.97476,37.71761],[126.97478,37.71779],[126.97468,37.71782],[126.97466,37.71791],[126.97459,37.71793],[126.97452,37.718],[126.97441,37.718]]]}},{"type":"Feature","properties":{"valleyId":"songchu","layer":"canopy","date":"2026-08-01"},"geometry":{"type":"Polygon","coordinates":[[[126.98051,37.71722],[126.98051,37.71716],[126.98058,37.71717],[126.98058,37.71722],[126.98051,37.71722]]]}},{"type":"Feature","properties":{"valleyId":"songchu","layer":"canopy","date":"2026-08-01"},"geometry":{"type":"Polygon","coordinates":[[[126.97663,37.71713],[126.97663,37.71704],[126.9767,37.71704],[126.97672,37.71712],[126.97663,37.71713]]]}},{"type":"Feature","properties":{"valleyId":"songchu","layer":"canopy","date":"2026-08-01"},"geometry":{"type":"Polygon","coordinates":[[[126.9812,37.71773],[126.98097,37.7176],[126.98095,37.7175],[126.981,37.71733],[126.98089,37.71733],[126.98089,37.71724],[126.98096,37.71723],[126.98096,37.71715],[126.98103,37.71715],[126.98108,37.7171],[126.98119,37.7171],[126.98119,37.71716],[126.98114,37.71717],[126.98117,37.71727],[126.9813,37.71727],[126.9813,37.71734],[126.98137,37.71736],[126.9815,37.71736],[126.98146,37.71716],[126.98155,37.71716],[126.98159,37.7174],[126.98168,37.71744],[126.98182,37.71742],[126.98182,37.71749],[126.98186,37.71753],[126.98186,37.71758],[126.98181,37.71758],[126.98179,37.71767],[126.98174,37.71771],[126.98168,37.71771],[126.98163,37.71765],[126.98156,37.71765],[126.98156,37.71761],[126.98152,37.71761],[126.98154,37.71751],[126.98148,37.7175],[126.98148,37.71754],[126.98143,37.71754],[126.98143,37.71761],[126.98136,37.71761],[126.98129,37.71772],[126.9812,37.71773]]]}},{"type":"Feature","properties":{"valleyId":"songchu","layer":"canopy","date":"2026-08-01"},"geometry":{"type":"Polygon","coordinates":[[[126.97445,37.71706],[126.97448,37.71695],[126.97455,37.71695],[126.97457,37.71704],[126.97445,37.71706]]]}},{"type":"Feature","properties":{"valleyId":"songchu","layer":"canopy","date":"2026-08-01"},"geometry":{"type":"Polygon","coordinates":[[[126.97858,37.71706],[126.97859,37.717],[126.97865,37.71701],[126.97865,37.71706],[126.97858,37.71706]]]}},{"type":"Feature","properties":{"valleyId":"songchu","layer":"canopy","date":"2026-08-01"},"geometry":{"type":"Polygon","coordinates":[[[126.98122,37.71709],[126.98122,37.71703],[126.98128,37.71703],[126.98128,37.71709],[126.98122,37.71709]]]}},{"type":"Feature","properties":{"valleyId":"songchu","layer":"canopy","date":"2026-08-01"},"geometry":{"type":"Polygon","coordinates":[[[126.96979,37.71911],[126.96977,37.71907],[126.96961,37.71909],[126.96959,37.71896],[126.96955,37.71896],[126.96955,37.71892],[126.96943,37.71892],[126.96917,37.71865],[126.96915,37.71857],[126.9691,37.71855],[126.96911,37.71848],[126.96929,37.7185],[126.96927,37.71829],[126.96916,37.71828],[126.96913,37.71837],[126.96909,37.71841],[126.96902,37.71841],[126.96891,37.71817],[126.96885,37.71792],[126.96884,37.71758],[126.96886,37.71747],[126.96891,37.71745],[126.96889,37.71729],[126.96891,37.71722],[126.96898,37.7172],[126.96899,37.71707],[126.96906,37.717],[126.9691,37.717],[126.9691,37.71697],[126.96924,37.71695],[126.96924,37.71684],[126.96933,37.71685],[126.96933,37.71692],[126.96942,37.71692],[126.96949,37.7169],[126.96949,37.71681],[126.96963,37.71683],[126.96963,37.7169],[126.96956,37.71692],[126.96958,37.71703],[126.96967,37.71712],[126.96973,37.71712],[126.96978,37.71716],[126.96978,37.71721],[126.96995,37.71736],[126.96992,37.71767],[126.96983,37.71772],[126.96978,37.71784],[126.96958,37.7179],[126.96924,37.71791],[126.96921,37.718],[126.9693,37.71805],[126.96946,37.71807],[126.9695,37.71813],[126.96957,37.71813],[126.9696,37.71804],[126.96985,37.71801],[126.96987,37.71795],[126.96994,37.71792],[126.97001,37.71792],[126.97012,37.71787],[126.97026,37.71787],[126.97033,37.7178],[126.97042,37.7178],[126.97062,37.7179],[126.97064,37.71795],[126.97086,37.7181],[126.97081,37.7184],[126.9709,37.71849],[126.9709,37.71858],[126.97078,37.71858],[126.97074,37.71867],[126.97064,37.71867],[126.97065,37.71863],[126.97053,37.71863],[126.97051,37.7186],[126.97044,37.7186],[126.97042,37.71847],[126.97029,37.71845],[126.97026,37.71852],[126.97019,37.71852],[126.97017,37.71848],[126.97006,37.71848],[126.97001,37.71859],[126.96997,37.71859],[126.96996,37.71866],[126.9699,37.71868],[126.96987,37.71877],[126.96982,37.71878],[126.96982,37.71893],[126.96989,37.71893],[126.96989,37.71889],[126.96996,37.71886],[126.97001,37.71873],[126.97015,37.71866],[126.97021,37.71866],[126.97024,37.71859],[126.97033,37.71859],[126.97033,37.71868],[126.97021,37.71868],[126.97021,37.71874],[126.97017,37.71877],[126.97016,37.7189],[126.97012,37.71891],[126.97009,37.719],[126.96998,37.719],[126.96997,37.71909],[126.96979,37.71911]],[[126.97032,37.71818],[126.97039,37.71818],[126.97039,37.71813],[126.97032,37.71811],[126.97032,37.71807],[126.97025,37.71807],[126.97025,37.71816],[126.97032,37.71818]],[[126.96905,37.71738],[126.96927,37.71739],[126.96937,37.7173],[126.96937,37.71721],[126.96928,37.71717],[126.9691,37.71717],[126.96905,37.71722],[126.969,37.71722],[126.96898,37.71727],[126.96898,37.71734],[126.96905,37.71738]]]}},{"type":"Feature","properties":{"valleyId":"songchu","layer":"canopy","date":"2026-08-01"},"geometry":{"type":"Polygon","coordinates":[[[126.97802,37.7171],[126.97802,37.71707],[126.97788,37.71697],[126.97788,37.71692],[126.97798,37.71692],[126.97804,37.71698],[126.97811,37.71698],[126.97813,37.71707],[126.97808,37.7171],[126.97802,37.7171]]]}},{"type":"Feature","properties":{"valleyId":"songchu","layer":"canopy","date":"2026-08-01"},"geometry":{"type":"Polygon","coordinates":[[[126.97763,37.71695],[126.97766,37.71688],[126.97777,37.7169],[126.97777,37.71695],[126.97763,37.71695]]]}},{"type":"Feature","properties":{"valleyId":"songchu","layer":"canopy","date":"2026-08-01"},"geometry":{"type":"Polygon","coordinates":[[[126.98056,37.71689],[126.98056,37.71684],[126.98068,37.71684],[126.98068,37.71681],[126.98077,37.71681],[126.98077,37.7169],[126.98056,37.71689]]]}},{"type":"Feature","properties":{"valleyId":"songchu","layer":"canopy","date":"2026-08-01"},"geometry":{"type":"Polygon","coordinates":[[[126.98083,37.71708],[126.98079,37.71704],[126.98067,37.71704],[126.98067,37.71697],[126.98085,37.71699],[126.9809,37.71692],[126.98097,37.71692],[126.98097,37.71685],[126.98088,37.71683],[126.98091,37.71676],[126.98097,37.71676],[126.98097,37.71683],[126.98113,37.71681],[126.98122,37.71689],[126.98156,37.71689],[126.98156,37.71706],[126.98151,37.71709],[126.98142,37.71709],[126.98145,37.71695],[126.98133,37.71694],[126.98126,37.71698],[126.98126,37.71701],[126.98108,37.71699],[126.98106,37.71694],[126.98099,37.71694],[126.98094,37.71705],[126.9809,37.71708],[126.98083,37.71708]]]}},{"type":"Feature","properties":{"valleyId":"songchu","layer":"canopy","date":"2026-08-01"},"geometry":{"type":"Polygon","coordinates":[[[126.9778,37.71676],[126.9778,37.7167],[126.97789,37.71669],[126.97789,37.71674],[126.9778,37.71676]]]}},{"type":"Feature","properties":{"valleyId":"songchu","layer":"canopy","date":"2026-08-01"},"geometry":{"type":"Polygon","coordinates":[[[126.96898,37.71637],[126.96899,37.71626],[126.96908,37.71625],[126.9691,37.71634],[126.96905,37.71637],[126.96898,37.71637]]]}},{"type":"Feature","properties":{"valleyId":"songchu","layer":"canopy","date":"2026-08-01"},"geometry":{"type":"Polygon","coordinates":[[[126.98035,37.71642],[126.98035,37.71635],[126.98046,37.71633],[126.98046,37.71642],[126.98035,37.71642]]]}},{"type":"Feature","properties":{"valleyId":"songchu","layer":"canopy","date":"2026-08-01"},"geometry":{"type":"Polygon","coordinates":[[[126.97999,37.71643],[126.97999,37.71634],[126.97992,37.71632],[126.97992,37.71627],[126.98001,37.71627],[126.98006,37.71631],[126.98005,37.71644],[126.97999,37.71643]]]}},{"type":"Feature","properties":{"valleyId":"songchu","layer":"canopy","date":"2026-08-01"},"geometry":{"type":"Polygon","coordinates":[[[126.96983,37.71621],[126.96983,37.71615],[126.96967,37.71609],[126.96965,37.71602],[126.96972,37.71602],[126.96974,37.71606],[126.96985,37.7161],[126.96989,37.71621],[126.96983,37.71621]]]}},{"type":"Feature","properties":{"valleyId":"songchu","layer":"canopy","date":"2026-08-01"},"geometry":{"type":"Polygon","coordinates":[[[126.98004,37.71618],[126.98004,37.71611],[126.98009,37.71608],[126.98015,37.71608],[126.98017,37.71615],[126.98013,37.71618],[126.98004,37.71618]]]}},{"type":"Feature","properties":{"valleyId":"songchu","layer":"canopy","date":"2026-08-01"},"geometry":{"type":"Polygon","coordinates":[[[126.96966,37.71575],[126.96957,37.7157],[126.96957,37.71564],[126.96975,37.71566],[126.96975,37.71574],[126.96966,37.71575]]]}},{"type":"Feature","properties":{"valleyId":"songchu","layer":"canopy","date":"2026-08-01"},"geometry":{"type":"Polygon","coordinates":[[[126.98154,37.71688],[126.98154,37.71675],[126.98143,37.71675],[126.98132,37.71667],[126.98118,37.71665],[126.9811,37.71649],[126.98113,37.7162],[126.98122,37.71615],[126.9814,37.71613],[126.98144,37.71619],[126.98172,37.71621],[126.9818,37.7163],[126.98187,37.7163],[126.9819,37.71623],[126.98185,37.71621],[126.98186,37.71609],[126.98204,37.71602],[126.98204,37.71595],[126.98209,37.71593],[126.98209,37.71589],[126.98218,37.71588],[126.9822,37.71584],[126.98227,37.71584],[126.98217,37.71618],[126.98203,37.71645],[126.98203,37.71651],[126.98207,37.71652],[126.98209,37.7166],[126.9822,37.71671],[126.9822,37.7168],[126.9819,37.71679],[126.98181,37.71683],[126.98168,37.71682],[126.98168,37.71686],[126.98163,37.71688],[126.98154,37.71688]]]}},{"type":"Feature","properties":{"valleyId":"songchu","layer":"canopy","date":"2026-08-01"},"geometry":{"type":"Polygon","coordinates":[[[126.98036,37.7159],[126.98034,37.71586],[126.98016,37.71588],[126.98016,37.71581],[126.98041,37.71581],[126.98043,37.7159],[126.98036,37.7159]]]}},{"type":"Feature","properties":{"valleyId":"songchu","layer":"canopy","date":"2026-08-01"},"geometry":{"type":"Polygon","coordinates":[[[126.98059,37.71587],[126.9805,37.71583],[126.9805,37.71576],[126.98064,37.71576],[126.98069,37.71569],[126.98075,37.71569],[126.98078,37.71574],[126.98084,37.71578],[126.98084,37.71584],[126.98059,37.71587]]]}},{"type":"Feature","properties":{"valleyId":"songchu","layer":"canopy","date":"2026-08-01"},"geometry":{"type":"Polygon","coordinates":[[[126.98155,37.71576],[126.98153,37.71567],[126.98159,37.71567],[126.98161,37.71576],[126.98155,37.71576]]]}},{"type":"Feature","properties":{"valleyId":"songchu","layer":"canopy","date":"2026-08-01"},"geometry":{"type":"Polygon","coordinates":[[[126.98098,37.71571],[126.98098,37.71564],[126.9811,37.71562],[126.98109,37.7157],[126.98098,37.71571]]]}},{"type":"Feature","properties":{"valleyId":"songchu","layer":"canopy","date":"2026-08-01"},"geometry":{"type":"Polygon","coordinates":[[[126.96901,37.71542],[126.96901,37.71536],[126.96908,37.71536],[126.96908,37.71542],[126.96901,37.71542]]]}},{"type":"Feature","properties":{"valleyId":"songchu","layer":"canopy","date":"2026-08-01"},"geometry":{"type":"Polygon","coordinates":[[[126.98263,37.71579],[126.98264,37.71554],[126.9828,37.71556],[126.98287,37.71564],[126.98307,37.71564],[126.98307,37.71569],[126.98295,37.71575],[126.98275,37.7158],[126.98263,37.71579]]]}},{"type":"Feature","properties":{"valleyId":"songchu","layer":"canopy","date":"2026-08-01"},"geometry":{"type":"Polygon","coordinates":[[[126.98248,37.71565],[126.98246,37.71554],[126.98255,37.71554],[126.98257,37.71563],[126.98248,37.71565]]]}},{"type":"Feature","properties":{"valleyId":"songchu","layer":"canopy","date":"2026-08-01"},"geometry":{"type":"Polygon","coordinates":[[[126.98026,37.71548],[126.98026,37.71543],[126.98033,37.71543],[126.98033,37.71548],[126.98026,37.71548]]]}},{"type":"Feature","properties":{"valleyId":"songchu","layer":"canopy","date":"2026-08-01"},"geometry":{"type":"Polygon","coordinates":[[[126.9713,37.71533],[126.97126,37.71526],[126.97126,37.71517],[126.97138,37.71517],[126.97144,37.71524],[126.97144,37.7153],[126.97142,37.71533],[126.9713,37.71533]]]}},{"type":"Feature","properties":{"valleyId":"songchu","layer":"canopy","date":"2026-08-01"},"geometry":{"type":"Polygon","coordinates":[[[126.96923,37.71492],[126.96923,37.71486],[126.9693,37.71486],[126.96929,37.71492],[126.96923,37.71492]]]}},{"type":"Feature","properties":{"valleyId":"songchu","layer":"canopy","date":"2026-08-01"},"geometry":{"type":"Polygon","coordinates":[[[126.97375,37.71788],[126.97371,37.71779],[126.97366,37.71777],[126.97367,37.71771],[126.97357,37.71771],[126.97353,37.71768],[126.97335,37.71767],[126.9733,37.71764],[126.97319,37.71762],[126.9732,37.7174],[126.97315,37.71734],[126.97313,37.7172],[126.97302,37.71714],[126.97302,37.71711],[126.97291,37.717],[126.97271,37.71701],[126.97267,37.71694],[126.97258,37.7169],[126.97251,37.71685],[126.97251,37.71681],[126.97244,37.71679],[126.97244,37.71676],[126.97229,37.71666],[126.97225,37.71654],[126.9722,37.7165],[126.97221,37.71616],[126.97226,37.71592],[126.97224,37.71574],[126.9722,37.71574],[126.97218,37.71563],[126.97227,37.7156],[126.9723,37.71549],[126.97237,37.71547],[126.97244,37.71537],[126.97244,37.7153],[126.97253,37.71524],[126.9726,37.71508],[126.97269,37.71505],[126.9727,37.71501],[126.97276,37.71496],[126.97297,37.71491],[126.97299,37.71505],[126.97306,37.71505],[126.97306,37.71493],[126.97329,37.71493],[126.97328,37.71509],[126.97319,37.71513],[126.97321,37.71527],[126.97346,37.71528],[126.97353,37.71521],[126.97353,37.71512],[126.97376,37.71514],[126.97376,37.71525],[126.97364,37.71526],[126.97364,37.71535],[126.9738,37.71535],[126.97382,37.71548],[126.97386,37.7155],[126.97393,37.7155],[126.97398,37.71545],[126.97404,37.71545],[126.97409,37.71558],[126.97397,37.71557],[126.97397,37.71565],[126.97415,37.71569],[126.97428,37.7158],[126.97428,37.71587],[126.97421,37.71587],[126.97419,37.71583],[126.9741,37.71583],[126.97399,37.71574],[126.9739,37.71573],[126.97388,37.71577],[126.97376,37.71579],[126.97372,37.71586],[126.97371,37.71595],[126.97365,37.71596],[126.9736,37.71602],[126.97333,37.71601],[126.97332,37.71616],[126.97346,37.71616],[126.97353,37.71609],[126.97362,37.71609],[126.97371,37.71615],[126.97396,37.71615],[126.974,37.7161],[126.97414,37.71608],[126.97416,37.71614],[126.97421,37.71614],[126.97425,37.71619],[126.97441,37.71619],[126.9745,37.71623],[126.97452,37.71638],[126.97472,37.71636],[126.97473,37.71627],[126.97503,37.71604],[126.97503,37.71601],[126.97514,37.71592],[126.97514,37.71588],[126.97526,37.71581],[126.97526,37.71578],[126.97579,37.71541],[126.97597,37.71541],[126.976,37.71546],[126.97611,37.71547],[126.97613,37.71543],[126.97636,37.71545],[126.97641,37.71542],[126.97647,37.71542],[126.97661,37.71549],[126.97668,37.71549],[126.97672,37.71558],[126.97679,37.71559],[126.97679,37.71562],[126.9769,37.71562],[126.97694,37.7157],[126.97701,37.7157],[126.97701,37.71563],[126.97708,37.71563],[126.97717,37.71568],[126.97735,37.71572],[126.97735,37.71576],[126.97742,37.71581],[126.97746,37.71581],[126.97748,37.71587],[126.97757,37.71589],[126.97759,37.71592],[126.97775,37.71593],[126.9778,37.716],[126.97795,37.71606],[126.97797,37.71613],[126.97802,37.71615],[126.97799,37.71633],[126.97783,37.71633],[126.97783,37.71629],[126.97774,37.71629],[126.97765,37.71636],[126.97749,37.71636],[126.97747,37.71643],[126.97738,37.71643],[126.97735,37.71639],[126.9772,37.71639],[126.97712,37.71649],[126.97706,37.71649],[126.97701,37.71644],[126.97694,37.71644],[126.97692,37.71653],[126.97683,37.71654],[126.97674,37.7165],[126.97674,37.71643],[126.9767,37.71638],[126.9767,37.71616],[126.97677,37.71605],[126.97676,37.71589],[126.9768,37.71587],[126.9768,37.71582],[126.97676,37.71578],[126.97662,37.71578],[126.9766,37.71589],[126.97646,37.71587],[126.97646,37.71596],[126.97655,37.71596],[126.97655,37.71601],[126.97643,37.71601],[126.97643,37.71605],[126.97636,37.71608],[126.97623,37.71608],[126.97621,37.71604],[126.97612,37.71604],[126.97609,37.71599],[126.976,37.71599],[126.97598,37.71602],[126.97582,37.71606],[126.97575,37.71618],[126.97574,37.71645],[126.97565,37.71652],[126.97542,37.71655],[126.97528,37.71661],[126.9751,37.7168],[126.97489,37.71685],[126.97437,37.71686],[126.97432,37.7169],[126.97427,37.71711],[126.97418,37.71713],[126.97418,37.71718],[126.97427,37.71722],[126.97427,37.71729],[126.97422,37.71731],[126.97422,37.71742],[126.97417,37.71745],[126.97417,37.7176],[126.97412,37.71763],[126.97405,37.71763],[126.97403,37.71759],[126.97392,37.71759],[126.97389,37.71768],[126.97382,37.7177],[126.97384,37.71788],[126.97375,37.71788]],[[126.97419,37.71689],[126.97428,37.71689],[126.97428,37.71673],[126.9741,37.71675],[126.9741,37.71668],[126.97415,37.71666],[126.97413,37.71655],[126.97399,37.71655],[126.97399,37.71662],[126.97394,37.71664],[126.97381,37.71663],[126.97376,37.71658],[126.97377,37.71642],[126.97386,37.71644],[126.97386,37.71653],[126.97395,37.71653],[126.97395,37.71644],[126.97388,37.71638],[126.97384,37.71627],[126.97375,37.71627],[126.97375,37.71635],[126.97361,37.71634],[126.97354,37.7165],[126.97343,37.7165],[126.9734,37.71665],[126.97358,37.71661],[126.97365,37.71669],[126.97374,37.71672],[126.97403,37.71673],[126.97403,37.7168],[126.97419,37.71689]],[[126.97442,37.71668],[126.97449,37.71668],[126.97449,37.71663],[126.97442,37.71663],[126.97442,37.71668]],[[126.97317,37.7159],[126.97342,37.71591],[126.97349,37.71585],[126.97349,37.71578],[126.9734,37.71578],[126.97338,37.71582],[126.9732,37.71581],[126.97317,37.7159]],[[126.9763,37.71581],[126.97637,37.71581],[126.97637,37.71576],[126.97631,37.71576],[126.9763,37.71581]],[[126.9727,37.71571],[126.97279,37.71572],[126.97281,37.71564],[126.97272,37.71564],[126.9727,37.71571]],[[126.97644,37.71574],[126.97651,37.71574],[126.97656,37.71562],[126.9764,37.71563],[126.9764,37.71558],[126.97633,37.71558],[126.97635,37.71569],[126.97642,37.71569],[126.97644,37.71574]],[[126.97298,37.71543],[126.97305,37.71543],[126.97305,37.71538],[126.97314,37.71533],[126.97312,37.71525],[126.97301,37.71525],[126.97301,37.71529],[126.97296,37.7153],[126.97298,37.71543]]]}},{"type":"Feature","properties":{"valleyId":"songchu","layer":"canopy","date":"2026-08-01"},"geometry":{"type":"Polygon","coordinates":[[[126.97113,37.71495],[126.97109,37.71491],[126.97109,37.71484],[126.9712,37.71482],[126.97125,37.71488],[126.97125,37.71495],[126.97113,37.71495]]]}},{"type":"Feature","properties":{"valleyId":"songchu","layer":"canopy","date":"2026-08-01"},"geometry":{"type":"Polygon","coordinates":[[[126.971,37.71477],[126.971,37.71469],[126.97109,37.7147],[126.97109,37.71477],[126.971,37.71477]]]}},{"type":"Feature","properties":{"valleyId":"songchu","layer":"canopy","date":"2026-08-01"},"geometry":{"type":"Polygon","coordinates":[[[126.982,37.71425],[126.98195,37.71423],[126.98195,37.71414],[126.98216,37.71411],[126.98213,37.7142],[126.98206,37.71425],[126.982,37.71425]]]}},{"type":"Feature","properties":{"valleyId":"songchu","layer":"canopy","date":"2026-08-01"},"geometry":{"type":"Polygon","coordinates":[[[126.96939,37.71394],[126.96941,37.71386],[126.96948,37.71386],[126.96948,37.71393],[126.96939,37.71394]]]}},{"type":"Feature","properties":{"valleyId":"songchu","layer":"canopy","date":"2026-08-01"},"geometry":{"type":"Polygon","coordinates":[[[126.97041,37.71393],[126.97041,37.71385],[126.97048,37.71386],[126.97048,37.71393],[126.97041,37.71393]]]}},{"type":"Feature","properties":{"valleyId":"songchu","layer":"canopy","date":"2026-08-01"},"geometry":{"type":"Polygon","coordinates":[[[126.96746,37.71388],[126.96746,37.71382],[126.96751,37.71379],[126.96765,37.71379],[126.96765,37.71384],[126.9676,37.71384],[126.96758,37.71388],[126.96746,37.71388]]]}},{"type":"Feature","properties":{"valleyId":"songchu","layer":"canopy","date":"2026-08-01"},"geometry":{"type":"Polygon","coordinates":[[[126.96973,37.71388],[126.96973,37.71381],[126.96982,37.71381],[126.96982,37.71388],[126.96973,37.71388]]]}},{"type":"Feature","properties":{"valleyId":"songchu","layer":"canopy","date":"2026-08-01"},"geometry":{"type":"Polygon","coordinates":[[[126.96973,37.71375],[126.96974,37.7137],[126.9698,37.7137],[126.9698,37.71375],[126.96973,37.71375]]]}},{"type":"Feature","properties":{"valleyId":"songchu","layer":"canopy","date":"2026-08-01"},"geometry":{"type":"Polygon","coordinates":[[[126.96742,37.71362],[126.96738,37.7136],[126.96738,37.71355],[126.96749,37.71355],[126.96749,37.71362],[126.96742,37.71362]]]}},{"type":"Feature","properties":{"valleyId":"songchu","layer":"canopy","date":"2026-08-01"},"geometry":{"type":"Polygon","coordinates":[[[126.96994,37.71379],[126.96992,37.71359],[126.96972,37.71363],[126.96972,37.71357],[126.96981,37.71354],[126.96981,37.71347],[126.97011,37.71347],[126.9701,37.71378],[126.96994,37.71379]]]}},{"type":"Feature","properties":{"valleyId":"songchu","layer":"canopy","date":"2026-08-01"},"geometry":{"type":"Polygon","coordinates":[[[126.97198,37.71464],[126.97175,37.7146],[126.97169,37.71436],[126.97165,37.71434],[126.97163,37.71427],[126.97154,37.71425],[126.97151,37.71422],[126.9715,37.71405],[126.97157,37.71398],[126.97159,37.71382],[126.97166,37.71377],[126.97171,37.71377],[126.97173,37.71362],[126.97189,37.71365],[126.97194,37.71368],[126.97196,37.71379],[126.97205,37.71381],[126.97216,37.71392],[126.9722,37.71399],[126.9722,37.71408],[126.97213,37.71408],[126.97206,37.71403],[126.97197,37.71403],[126.97197,37.71426],[126.97208,37.71442],[126.97223,37.71444],[126.97235,37.71443],[126.97233,37.71428],[126.9724,37.71423],[126.9724,37.71418],[126.97247,37.71414],[126.97245,37.714],[126.97241,37.714],[126.97232,37.71392],[126.9723,37.71381],[126.97223,37.7138],[126.97223,37.71371],[126.9723,37.71369],[126.97235,37.71364],[126.97242,37.71364],[126.97242,37.71351],[126.97253,37.71349],[126.97253,37.71367],[126.97259,37.71371],[126.97259,37.71375],[126.97271,37.71377],[126.97277,37.71377],[126.9728,37.71354],[126.97296,37.71354],[126.97299,37.7135],[126.9731,37.7135],[126.97328,37.71358],[126.97342,37.71358],[126.97341,37.71364],[126.97346,37.71367],[126.97345,37.71412],[126.97333,37.71425],[126.97312,37.71428],[126.97308,37.71433],[126.97292,37.71435],[126.97287,37.71442],[126.97278,37.71445],[126.97271,37.71452],[126.97262,37.71452],[126.97257,37.71456],[126.97237,37.71455],[126.97227,37.71464],[126.97198,37.71464]],[[126.97241,37.71389],[126.9725,37.71389],[126.9725,37.71384],[126.97239,37.71382],[126.97241,37.71389]]]}},{"type":"Feature","properties":{"valleyId":"songchu","layer":"canopy","date":"2026-08-01"},"geometry":{"type":"Polygon","coordinates":[[[126.9805,37.71352],[126.98047,37.71349],[126.98043,37.71349],[126.98043,37.7134],[126.98057,37.71342],[126.98056,37.71352],[126.9805,37.71352]]]}},{"type":"Feature","properties":{"valleyId":"songchu","layer":"canopy","date":"2026-08-01"},"geometry":{"type":"Polygon","coordinates":[[[126.96988,37.71336],[126.96986,37.7132],[126.97007,37.71318],[126.97007,37.71329],[126.96995,37.71331],[126.96995,37.71336],[126.96988,37.71336]]]}},{"type":"Feature","properties":{"valleyId":"songchu","layer":"canopy","date":"2026-08-01"},"geometry":{"type":"Polygon","coordinates":[[[126.97019,37.71385],[126.97019,37.71354],[126.97029,37.71349],[126.97029,37.71344],[126.97024,37.7134],[126.97018,37.7134],[126.9702,37.71318],[126.97041,37.71317],[126.9704,37.71357],[126.97031,37.71362],[126.97032,37.71385],[126.97019,37.71385]]]}},{"type":"Feature","properties":{"valleyId":"songchu","layer":"canopy","date":"2026-08-01"},"geometry":{"type":"Polygon","coordinates":[[[126.97329,37.71327],[126.97329,37.71322],[126.97336,37.71322],[126.97336,37.71327],[126.97329,37.71327]]]}},{"type":"Feature","properties":{"valleyId":"songchu","layer":"canopy","date":"2026-08-01"},"geometry":{"type":"Polygon","coordinates":[[[126.96757,37.71341],[126.9675,37.71332],[126.96746,37.71332],[126.96739,37.71324],[126.9673,37.71322],[126.96724,37.71306],[126.96746,37.71312],[126.96757,37.71323],[126.96757,37.7133],[126.96768,37.71332],[126.96768,37.71341],[126.96757,37.71341]]]}},{"type":"Feature","properties":{"valleyId":"songchu","layer":"canopy","date":"2026-08-01"},"geometry":{"type":"Polygon","coordinates":[[[126.9698,37.7131],[126.9698,37.71301],[126.96987,37.71302],[126.96987,37.71311],[126.9698,37.7131]]]}},{"type":"Feature","properties":{"valleyId":"songchu","layer":"canopy","date":"2026-08-01"},"geometry":{"type":"Polygon","coordinates":[[[126.96894,37.71304],[126.96896,37.71296],[126.96905,37.71297],[126.96903,37.71304],[126.96894,37.71304]]]}},{"type":"Feature","properties":{"valleyId":"songchu","layer":"canopy","date":"2026-08-01"},"geometry":{"type":"Polygon","coordinates":[[[126.97338,37.71311],[126.97334,37.71309],[126.97334,37.71293],[126.97341,37.71293],[126.97341,37.71304],[126.97345,37.71306],[126.97345,37.71311],[126.97338,37.71311]]]}},{"type":"Feature","properties":{"valleyId":"songchu","layer":"canopy","date":"2026-08-01"},"geometry":{"type":"Polygon","coordinates":[[[126.96749,37.71287],[126.96747,37.71276],[126.96754,37.71276],[126.96756,37.71287],[126.96749,37.71287]]]}},{"type":"Feature","properties":{"valleyId":"songchu","layer":"canopy","date":"2026-08-01"},"geometry":{"type":"Polygon","coordinates":[[[126.97315,37.71264],[126.97315,37.71259],[126.97322,37.71259],[126.97321,37.71264],[126.97315,37.71264]]]}},{"type":"Feature","properties":{"valleyId":"songchu","layer":"canopy","date":"2026-08-01"},"geometry":{"type":"Polygon","coordinates":[[[127.00038,37.71311],[127.00036,37.71307],[127.00031,37.71307],[127.00034,37.71298],[127.00041,37.71298],[127.00041,37.71302],[127.00045,37.71302],[127.00045,37.71311],[127.00038,37.71311]]]}},{"type":"Feature","properties":{"valleyId":"songchu","layer":"canopy","date":"2026-08-01"},"geometry":{"type":"Polygon","coordinates":[[[126.97308,37.71258],[126.97306,37.71255],[126.97299,37.71255],[126.97297,37.71251],[126.97288,37.71249],[126.97288,37.71242],[126.97304,37.71244],[126.97308,37.71249],[126.97313,37.7125],[126.97315,37.71259],[126.97308,37.71258]]]}},{"type":"Feature","properties":{"valleyId":"songchu","layer":"canopy","date":"2026-08-01"},"geometry":{"type":"Polygon","coordinates":[[[126.9786,37.71571],[126.97858,37.71567],[126.97844,37.71565],[126.97831,37.71556],[126.97822,37.71556],[126.97815,37.7155],[126.9781,37.7155],[126.97802,37.71532],[126.97788,37.71528],[126.97786,37.71519],[126.97777,37.71515],[126.97773,37.71501],[126.97764,37.71495],[126.97764,37.71492],[126.97749,37.71484],[126.97744,37.71475],[126.97738,37.71473],[126.97738,37.71468],[126.97752,37.71464],[126.97766,37.71441],[126.97777,37.71432],[126.97777,37.71429],[126.97789,37.71422],[126.97789,37.71418],[126.97828,37.71392],[126.97851,37.71383],[126.9787,37.71356],[126.97884,37.71357],[126.97882,37.71344],[126.97886,37.7134],[126.97898,37.71342],[126.97898,37.71351],[126.97904,37.71352],[126.97902,37.71362],[126.97913,37.71361],[126.97913,37.71354],[126.97909,37.71353],[126.97909,37.71344],[126.97918,37.71345],[126.9792,37.7135],[126.97941,37.7135],[126.97945,37.71347],[126.97943,37.71338],[126.97911,37.71339],[126.97896,37.71337],[126.97896,37.71332],[126.97928,37.71309],[126.97933,37.71309],[126.97937,37.71304],[126.97947,37.713],[126.97954,37.71277],[126.97966,37.71259],[126.9797,37.71257],[126.97978,37.71245],[126.97987,37.71243],[126.97989,37.71252],[126.97984,37.71254],[126.97984,37.71263],[126.98002,37.71267],[126.98004,37.71274],[126.98008,37.71276],[126.98008,37.71281],[126.98004,37.71285],[126.97997,37.71285],[126.97997,37.7129],[126.97999,37.71294],[126.98003,37.71294],[126.9801,37.71305],[126.98015,37.71305],[126.98017,37.7131],[126.98026,37.71314],[126.98025,37.71319],[126.98005,37.71317],[126.98005,37.71326],[126.98014,37.71334],[126.98021,37.71334],[126.9802,37.71337],[126.98027,37.71339],[126.98032,37.71345],[126.98041,37.71347],[126.98043,37.71356],[126.98049,37.71356],[126.98049,37.71365],[126.98036,37.71365],[126.98035,37.71374],[126.9804,37.71374],[126.98049,37.71381],[126.98049,37.71388],[126.98042,37.71388],[126.98041,37.71403],[126.98037,37.7141],[126.98011,37.71417],[126.97998,37.71427],[126.97995,37.71436],[126.97991,37.71436],[126.9799,37.7144],[126.97986,37.71441],[126.97986,37.7145],[126.97988,37.71456],[126.97994,37.71459],[126.97994,37.71467],[126.9799,37.7147],[126.97989,37.71476],[126.97978,37.71483],[126.97973,37.71504],[126.97961,37.71511],[126.97959,37.7152],[126.97954,37.7152],[126.97952,37.71525],[126.97947,37.71525],[126.97945,37.71529],[126.97927,37.71532],[126.9792,37.71527],[126.97909,37.71525],[126.97909,37.71519],[126.97893,37.71508],[126.97891,37.71501],[126.97866,37.71499],[126.97864,37.71502],[126.97839,37.71502],[126.97832,37.71507],[126.97821,37.71509],[126.978,37.71508],[126.978,37.71505],[126.97794,37.71505],[126.97793,37.7151],[126.97802,37.7151],[126.97804,37.71525],[126.97822,37.71525],[126.97825,37.71529],[126.9785,37.71527],[126.97852,37.71531],[126.97856,37.71531],[126.97858,37.71536],[126.97865,37.71537],[126.97865,37.71529],[126.97863,37.71526],[126.97852,37.71524],[126.97854,37.71517],[126.97884,37.71515],[126.97893,37.71519],[126.9789,37.71539],[126.97878,37.71557],[126.97878,37.71562],[126.97871,37.71566],[126.97869,37.71571],[126.9786,37.71571]],[[126.97925,37.71498],[126.97937,37.71496],[126.97937,37.71489],[126.97953,37.71489],[126.97955,37.71482],[126.97926,37.71484],[126.97925,37.71498]],[[126.97937,37.71471],[126.97951,37.7147],[126.97951,37.71464],[126.97938,37.71462],[126.97937,37.71471]],[[126.9777,37.71465],[126.97776,37.71465],[126.97777,37.71459],[126.9777,37.71459],[126.9777,37.71465]],[[126.97918,37.71444],[126.97938,37.71442],[126.97939,37.7143],[126.97945,37.71424],[126.97959,37.71426],[126.97957,37.71412],[126.9795,37.71412],[126.97943,37.71417],[126.97932,37.71417],[126.97932,37.71422],[126.97923,37.71422],[126.97918,37.71419],[126.97919,37.71413],[126.97914,37.71411],[126.97903,37.71411],[126.979,37.71415],[126.97894,37.71415],[126.97889,37.71407],[126.97878,37.71407],[126.97878,37.71402],[126.97862,37.71403],[126.97862,37.71412],[126.9788,37.71409],[126.97882,37.7142],[126.97853,37.71419],[126.97848,37.71426],[126.97848,37.71432],[126.97852,37.71435],[126.97863,37.71436],[126.97873,37.71429],[126.97884,37.71429],[126.97886,37.7144],[126.97918,37.71444]],[[126.97926,37.71397],[126.97946,37.71396],[126.97947,37.71383],[126.97924,37.71383],[126.97926,37.71397]]]}},{"type":"Feature","properties":{"valleyId":"songchu","layer":"canopy","date":"2026-08-01"},"geometry":{"type":"Polygon","coordinates":[[[126.97277,37.71242],[126.97263,37.71236],[126.9725,37.71212],[126.9725,37.71207],[126.97259,37.71207],[126.9727,37.71216],[126.97275,37.71216],[126.97277,37.71222],[126.97284,37.71226],[126.97286,37.71242],[126.97277,37.71242]]]}},{"type":"Feature","properties":{"valleyId":"songchu","layer":"canopy","date":"2026-08-01"},"geometry":{"type":"Polygon","coordinates":[[[126.96992,37.71203],[126.96987,37.71201],[126.96988,37.71192],[126.96999,37.71194],[126.96999,37.71203],[126.96992,37.71203]]]}},{"type":"Feature","properties":{"valleyId":"songchu","layer":"canopy","date":"2026-08-01"},"geometry":{"type":"Polygon","coordinates":[[[126.97062,37.71191],[126.97063,37.71182],[126.97074,37.71181],[126.97074,37.71191],[126.97062,37.71191]]]}},{"type":"Feature","properties":{"valleyId":"songchu","layer":"canopy","date":"2026-08-01"},"geometry":{"type":"Polygon","coordinates":[[[126.96981,37.71186],[126.96979,37.71177],[126.96986,37.71177],[126.96988,37.71186],[126.96981,37.71186]]]}},{"type":"Feature","properties":{"valleyId":"songchu","layer":"canopy","date":"2026-08-01"},"geometry":{"type":"Polygon","coordinates":[[[126.97157,37.71205],[126.97155,37.71195],[126.97151,37.71193],[126.97151,37.71184],[126.97154,37.71178],[126.97167,37.71179],[126.97166,37.71206],[126.97157,37.71205]]]}},{"type":"Feature","properties":{"valleyId":"songchu","layer":"canopy","date":"2026-08-01"},"geometry":{"type":"Polygon","coordinates":[[[126.98114,37.71245],[126.98089,37.71232],[126.98081,37.71214],[126.98076,37.71212],[126.98074,37.71203],[126.98067,37.71198],[126.98068,37.71189],[126.98074,37.71187],[126.98079,37.71182],[126.98125,37.71172],[126.98184,37.71171],[126.98181,37.71182],[126.98188,37.71183],[126.98185,37.71198],[126.98194,37.712],[126.98192,37.71214],[126.98201,37.7122],[126.982,37.71232],[126.98178,37.7123],[126.98173,37.71225],[126.9816,37.71223],[126.9815,37.71239],[126.98114,37.71245]]]}},{"type":"Feature","properties":{"valleyId":"songchu","layer":"canopy","date":"2026-08-01"},"geometry":{"type":"Polygon","coordinates":[[[126.98812,37.71163],[126.98813,37.71158],[126.98824,37.71158],[126.98824,37.71164],[126.98812,37.71163]]]}},{"type":"Feature","properties":{"valleyId":"songchu","layer":"canopy","date":"2026-08-01"},"geometry":{"type":"Polygon","coordinates":[[[126.98894,37.71158],[126.98894,37.71152],[126.98901,37.71152],[126.98901,37.71158],[126.98894,37.71158]]]}},{"type":"Feature","properties":{"valleyId":"songchu","layer":"canopy","date":"2026-08-01"},"geometry":{"type":"Polygon","coordinates":[[[126.98833,37.71157],[126.98831,37.71148],[126.98842,37.71148],[126.98842,37.71155],[126.98833,37.71157]]]}},{"type":"Feature","properties":{"valleyId":"songchu","layer":"canopy","date":"2026-08-01"},"geometry":{"type":"Polygon","coordinates":[[[126.98759,37.71127],[126.98757,37.71119],[126.98764,37.71119],[126.98766,37.71127],[126.98759,37.71127]]]}},{"type":"Feature","properties":{"valleyId":"songchu","layer":"canopy","date":"2026-08-01"},"geometry":{"type":"Polygon","coordinates":[[[126.99453,37.71146],[126.99448,37.71138],[126.99449,37.71129],[126.99469,37.7113],[126.99469,37.71139],[126.9946,37.71146],[126.99453,37.71146]]]}},{"type":"Feature","properties":{"valleyId":"songchu","layer":"canopy","date":"2026-08-01"},"geometry":{"type":"Polygon","coordinates":[[[126.99472,37.71117],[126.99474,37.71108],[126.99481,37.71108],[126.99481,37.71117],[126.99472,37.71117]]]}},{"type":"Feature","properties":{"valleyId":"songchu","layer":"canopy","date":"2026-08-01"},"geometry":{"type":"Polygon","coordinates":[[[126.98635,37.71099],[126.98631,37.71094],[126.98631,37.71088],[126.98642,37.7109],[126.98642,37.71099],[126.98635,37.71099]]]}},{"type":"Feature","properties":{"valleyId":"songchu","layer":"canopy","date":"2026-08-01"},"geometry":{"type":"Polygon","coordinates":[[[126.98629,37.71081],[126.98627,37.71072],[126.98643,37.71069],[126.9864,37.71079],[126.98629,37.71081]]]}},{"type":"Feature","properties":{"valleyId":"songchu","layer":"canopy","date":"2026-08-01"},"geometry":{"type":"Polygon","coordinates":[[[126.98654,37.71078],[126.98656,37.71069],[126.9867,37.71069],[126.98667,37.71078],[126.98654,37.71078]]]}},{"type":"Feature","properties":{"valleyId":"songchu","layer":"canopy","date":"2026-08-01"},"geometry":{"type":"Polygon","coordinates":[[[126.99169,37.71072],[126.99171,37.71058],[126.99181,37.71058],[126.99182,37.71071],[126.99169,37.71072]]]}},{"type":"Feature","properties":{"valleyId":"songchu","layer":"canopy","date":"2026-08-01"},"geometry":{"type":"Polygon","coordinates":[[[126.98713,37.71054],[126.98713,37.71048],[126.9872,37.71048],[126.9872,37.71054],[126.98713,37.71054]]]}},{"type":"Feature","properties":{"valleyId":"songchu","layer":"canopy","date":"2026-08-01"},"geometry":{"type":"Polygon","coordinates":[[[126.99137,37.71068],[126.99126,37.71059],[126.99126,37.71048],[126.99147,37.71047],[126.99151,37.7105],[126.99151,37.71068],[126.99137,37.71068]]]}},{"type":"Feature","properties":{"valleyId":"songchu","layer":"canopy","date":"2026-08-01"},"geometry":{"type":"Polygon","coordinates":[[[126.99712,37.71047],[126.997,37.71045],[126.99701,37.7104],[126.99716,37.7104],[126.99719,37.71047],[126.99712,37.71047]]]}},{"type":"Feature","properties":{"valleyId":"songchu","layer":"canopy","date":"2026-08-01"},"geometry":{"type":"Polygon","coordinates":[[[126.99043,37.71041],[126.99043,37.71034],[126.99039,37.71016],[126.99055,37.71018],[126.99066,37.71027],[126.99063,37.71036],[126.99043,37.71041]]]}},{"type":"Feature","properties":{"valleyId":"songchu","layer":"canopy","date":"2026-08-01"},"geometry":{"type":"Polygon","coordinates":[[[126.9715,37.70993],[126.97138,37.70989],[126.97137,37.70965],[126.97141,37.70962],[126.97148,37.70962],[126.97157,37.70975],[126.97157,37.7098],[126.97161,37.70982],[126.97161,37.70991],[126.9715,37.70993]]]}},{"type":"Feature","properties":{"valleyId":"songchu","layer":"canopy","date":"2026-08-01"},"geometry":{"type":"Polygon","coordinates":[[[126.99095,37.71019],[126.99095,37.71015],[126.99091,37.71013],[126.99089,37.70993],[126.99103,37.70992],[126.99107,37.71013],[126.99102,37.71019],[126.99095,37.71019]]]}},{"type":"Feature","properties":{"valleyId":"songchu","layer":"canopy","date":"2026-08-01"},"geometry":{"type":"Polygon","coordinates":[[[126.97541,37.70936],[126.97541,37.70931],[126.97551,37.70931],[126.9755,37.70936],[126.97541,37.70936]]]}},{"type":"Feature","properties":{"valleyId":"songchu","layer":"canopy","date":"2026-08-01"},"geometry":{"type":"Polygon","coordinates":[[[126.97555,37.70935],[126.97555,37.70929],[126.97566,37.70929],[126.97566,37.70935],[126.97555,37.70935]]]}},{"type":"Feature","properties":{"valleyId":"songchu","layer":"canopy","date":"2026-08-01"},"geometry":{"type":"Polygon","coordinates":[[[126.96977,37.70907],[126.96977,37.70901],[126.96984,37.70901],[126.96984,37.70907],[126.96977,37.70907]]]}},{"type":"Feature","properties":{"valleyId":"songchu","layer":"canopy","date":"2026-08-01"},"geometry":{"type":"Polygon","coordinates":[[[126.97715,37.71044],[126.97654,37.71032],[126.9765,37.7103],[126.9765,37.71021],[126.97671,37.71018],[126.97673,37.71014],[126.97687,37.71011],[126.97709,37.71013],[126.97707,37.71002],[126.97696,37.70998],[126.97697,37.7097],[126.97713,37.70966],[126.97713,37.70963],[126.9772,37.70963],[126.97724,37.70966],[126.97738,37.70967],[126.97743,37.70961],[126.97761,37.70962],[126.97768,37.70956],[126.97795,37.70953],[126.97795,37.70948],[126.97768,37.70947],[126.97763,37.70953],[126.97727,37.70952],[126.97725,37.70956],[126.97715,37.70955],[126.97697,37.70952],[126.97691,37.70946],[126.97691,37.70933],[126.97696,37.70926],[126.97707,37.70919],[126.97726,37.70916],[126.97782,37.70919],[126.97785,37.70908],[126.97798,37.70906],[126.97799,37.70899],[126.97803,37.70897],[126.97819,37.70898],[126.97833,37.70902],[126.97837,37.70909],[126.97848,37.70911],[126.97853,37.7092],[126.97875,37.70937],[126.9787,37.70954],[126.97856,37.70954],[126.97856,37.70958],[126.97847,37.70965],[126.97844,37.70976],[126.97858,37.70972],[126.97863,37.70965],[126.97879,37.70965],[126.97885,37.70971],[126.97885,37.70976],[126.9789,37.70976],[126.97896,37.70982],[126.97898,37.70993],[126.97889,37.70996],[126.97875,37.71009],[126.97864,37.71012],[126.97859,37.71017],[126.9782,37.71033],[126.9777,37.71043],[126.97715,37.71044]]]}},{"type":"Feature","properties":{"valleyId":"songchu","layer":"canopy","date":"2026-08-01"},"geometry":{"type":"Polygon","coordinates":[[[126.96957,37.70892],[126.96953,37.70886],[126.96953,37.70874],[126.96962,37.70874],[126.96964,37.70878],[126.96964,37.70892],[126.96957,37.70892]]]}},{"type":"Feature","properties":{"valleyId":"songchu","layer":"canopy","date":"2026-08-01"},"geometry":{"type":"Polygon","coordinates":[[[127.00136,37.70952],[127.00125,37.70942],[127.00125,37.70937],[127.0013,37.70937],[127.0013,37.70934],[127.00134,37.70934],[127.00141,37.70928],[127.00142,37.70921],[127.00153,37.70921],[127.00153,37.70916],[127.00149,37.70916],[127.00149,37.70907],[127.0014,37.70903],[127.0014,37.70898],[127.00177,37.70889],[127.00195,37.7089],[127.00196,37.70924],[127.00185,37.70925],[127.00184,37.70938],[127.00177,37.70938],[127.00175,37.70934],[127.00168,37.70934],[127.00168,37.70938],[127.00153,37.70936],[127.00152,37.70952],[127.00136,37.70952]]]}},{"type":"Feature","properties":{"valleyId":"songchu","layer":"canopy","date":"2026-08-01"},"geometry":{"type":"Polygon","coordinates":[[[126.97834,37.70849],[126.97834,37.70842],[126.97841,37.70842],[126.97841,37.70849],[126.97834,37.70849]]]}},{"type":"Feature","properties":{"valleyId":"songchu","layer":"canopy","date":"2026-08-01"},"geometry":{"type":"Polygon","coordinates":[[[126.97077,37.70835],[126.97063,37.70829],[126.97059,37.70823],[126.97054,37.70823],[126.97048,37.70818],[126.97048,37.70812],[126.97061,37.70813],[126.9707,37.7082],[126.97084,37.70822],[126.97086,37.70833],[126.97077,37.70835]]]}},{"type":"Feature","properties":{"valleyId":"songchu","layer":"canopy","date":"2026-08-01"},"geometry":{"type":"Polygon","coordinates":[[[126.98337,37.71548],[126.9834,37.71534],[126.98335,37.7153],[126.98303,37.71528],[126.98292,37.71522],[126.98288,37.71513],[126.98283,37.71513],[126.98281,37.71506],[126.98277,37.71504],[126.98277,37.71482],[126.98282,37.71479],[126.98282,37.71472],[126.98287,37.71466],[126.98283,37.7145],[126.98288,37.71428],[126.98297,37.71423],[126.98302,37.71414],[126.98306,37.71414],[126.98309,37.71402],[126.9832,37.71402],[126.98321,37.71393],[126.98316,37.71391],[126.98317,37.71371],[126.98324,37.7137],[126.98331,37.71359],[126.98342,37.71356],[126.98342,37.7135],[126.98347,37.71347],[126.98356,37.71345],[126.98366,37.71323],[126.98372,37.71324],[126.98374,37.71336],[126.98381,37.71336],[126.98381,37.71333],[126.98386,37.71331],[126.98386,37.71318],[126.98373,37.71318],[126.98373,37.71315],[126.98366,37.71314],[126.98364,37.71318],[126.98352,37.71318],[126.98352,37.71309],[126.98362,37.71302],[126.98371,37.71302],[126.98373,37.71311],[126.98382,37.71311],[126.98382,37.71302],[126.98387,37.71302],[126.98391,37.71297],[126.98398,37.71297],[126.98398,37.71308],[126.98436,37.71308],[126.98441,37.71305],[126.98439,37.71292],[126.98448,37.71287],[126.98455,37.71275],[126.98456,37.71267],[126.98469,37.71264],[126.98472,37.71257],[126.98488,37.71257],[126.98492,37.71252],[126.98502,37.71248],[126.98498,37.7123],[126.98491,37.7123],[126.9849,37.71243],[126.98481,37.71246],[126.9847,37.71244],[126.9847,37.71237],[126.98477,37.71235],[126.98482,37.71228],[126.98489,37.71228],[126.98493,37.71219],[126.98505,37.71218],[126.98509,37.71225],[126.98516,37.71225],[126.9852,37.7122],[126.98539,37.71215],[126.98539,37.71207],[126.98546,37.71206],[126.98546,37.712],[126.98555,37.71201],[126.98557,37.71204],[126.98571,37.71204],[126.98571,37.71199],[126.98585,37.71188],[126.98585,37.71185],[126.98592,37.71183],[126.98594,37.71178],[126.9861,37.71176],[126.98612,37.71183],[126.98619,37.71184],[126.98617,37.71166],[126.98633,37.71157],[126.98634,37.71151],[126.98643,37.71144],[126.98643,37.71135],[126.98655,37.7113],[126.98655,37.71119],[126.9868,37.71107],[126.9868,37.71098],[126.98671,37.71094],[126.98672,37.71089],[126.98699,37.71091],[126.98701,37.71095],[126.98717,37.71097],[126.98727,37.71117],[126.98741,37.71117],[126.98743,37.71132],[126.98766,37.71136],[126.98765,37.7115],[126.98783,37.7115],[126.98801,37.71158],[126.98806,37.71163],[126.98812,37.71163],[126.98814,37.71176],[126.98821,37.71176],[126.98821,37.71171],[126.98831,37.71166],[126.9884,37.71166],[126.98839,37.71173],[126.98853,37.71175],[126.98851,37.71162],[126.98856,37.71159],[126.98869,37.71159],[126.98871,37.71164],[126.98896,37.71161],[126.98901,37.71178],[126.98891,37.71183],[126.98889,37.71194],[126.98891,37.71199],[126.98907,37.71201],[126.98907,37.71181],[126.98957,37.71182],[126.98953,37.71166],[126.98942,37.71166],[126.98935,37.71173],[126.98926,37.71173],[126.98921,37.71167],[126.9891,37.71165],[126.98908,37.71147],[126.98919,37.71147],[126.98924,37.71153],[126.98935,37.71157],[126.98949,37.71157],[126.98953,37.71155],[126.98958,37.71143],[126.98976,37.71141],[126.98974,37.71128],[126.98979,37.71125],[126.98997,37.71127],[126.99006,37.71122],[126.99043,37.71124],[126.99045,37.71106],[126.99059,37.71103],[126.99062,37.71092],[126.9908,37.71091],[126.99091,37.7108],[126.99096,37.7108],[126.99096,37.71066],[126.99119,37.71066],[126.99124,37.71068],[126.99128,37.71079],[126.99146,37.71081],[126.99148,37.71086],[126.99159,37.7109],[126.99171,37.71088],[126.9918,37.71076],[126.99205,37.71076],[126.99212,37.71087],[126.99223,37.71088],[126.99227,37.71091],[126.99236,37.71091],[126.99239,37.71075],[126.99255,37.71077],[126.99266,37.71085],[126.99296,37.71085],[126.993,37.71091],[126.99311,37.71091],[126.99316,37.71096],[126.99322,37.71096],[126.99329,37.71106],[126.99343,37.71108],[126.99347,37.71111],[126.99351,37.71126],[126.99367,37.71126],[126.99371,37.71133],[126.99385,37.71134],[126.99389,37.71143],[126.99396,37.71146],[126.99393,37.71157],[126.99409,37.71159],[126.99416,37.71165],[126.99443,37.71163],[126.99443,37.7116],[126.99461,37.71162],[126.9948,37.71151],[126.995,37.7115],[126.99512,37.71141],[126.99512,37.71138],[126.99521,37.71134],[126.99524,37.71127],[126.99535,37.71124],[126.99544,37.71116],[126.99544,37.71113],[126.99556,37.71113],[126.99567,37.71104],[126.9957,37.71095],[126.99577,37.71094],[126.99586,37.71085],[126.99586,37.71069],[126.99568,37.71072],[126.99571,37.71057],[126.99566,37.71056],[126.99567,37.71045],[126.99562,37.71039],[126.99555,37.71039],[126.99548,37.71053],[126.99548,37.71064],[126.99536,37.71071],[126.99536,37.71084],[126.99506,37.71091],[126.99502,37.71098],[126.99495,37.71101],[126.99472,37.71101],[126.99456,37.71119],[126.99444,37.71118],[126.99442,37.71113],[126.99431,37.71111],[126.99431,37.71104],[126.99399,37.71103],[126.99395,37.711],[126.99384,37.71098],[126.99377,37.71092],[126.99366,37.71092],[126.99361,37.71088],[126.99352,37.71088],[126.99352,37.71095],[126.99341,37.71095],[126.99336,37.71091],[126.99334,37.71082],[126.99311,37.71084],[126.993,37.71074],[126.99287,37.71074],[126.99278,37.71069],[126.99255,37.71068],[126.99235,37.71048],[126.99224,37.71048],[126.99224,37.71044],[126.9919,37.71046],[126.99168,37.71036],[126.99147,37.71034],[126.99143,37.71025],[126.99136,37.71023],[126.99121,37.7101],[126.99121,37.71001],[126.9913,37.70996],[126.99133,37.70976],[126.9914,37.70965],[126.9914,37.70956],[126.99145,37.70949],[126.99145,37.70931],[126.99152,37.70926],[126.99158,37.70903],[126.99162,37.70901],[126.99167,37.70892],[126.99165,37.7087],[126.99147,37.70868],[126.99147,37.70881],[126.9914,37.70884],[126.99141,37.70908],[126.99127,37.70922],[126.99129,37.70954],[126.99122,37.70961],[126.99121,37.70985],[126.99117,37.70985],[126.99112,37.7099],[126.99098,37.7099],[126.99096,37.70983],[126.99056,37.70982],[126.99053,37.70989],[126.99067,37.70989],[126.99066,37.70998],[126.99053,37.71002],[126.99046,37.71007],[126.99037,37.71007],[126.99028,37.70994],[126.99003,37.70997],[126.99003,37.71003],[126.98996,37.71008],[126.98984,37.7101],[126.98978,37.71015],[126.98977,37.71024],[126.98973,37.71026],[126.9897,37.71033],[126.98963,37.71034],[126.98965,37.71045],[126.98979,37.71046],[126.98983,37.71051],[126.9899,37.71053],[126.9899,37.71058],[126.98985,37.71058],[126.98978,37.71064],[126.98978,37.71069],[126.98985,37.71069],[126.98985,37.71082],[126.98976,37.71082],[126.98976,37.71078],[126.98964,37.71078],[126.98953,37.71085],[126.98935,37.71086],[126.98932,37.71093],[126.98925,37.71095],[126.98918,37.71104],[126.98907,37.71106],[126.98904,37.71129],[126.9887,37.7113],[126.98859,37.71135],[126.98856,37.71143],[126.98842,37.71144],[126.98838,37.71137],[126.98827,37.71137],[126.98825,37.71129],[126.98809,37.71127],[126.988,37.71116],[126.98791,37.71114],[126.98789,37.71104],[126.98778,37.71103],[126.9876,37.71096],[126.9876,37.7109],[126.98751,37.71083],[126.98751,37.71076],[126.98745,37.71074],[126.9874,37.71063],[126.98727,37.71056],[126.9873,37.71038],[126.98727,37.71034],[126.98721,37.71034],[126.98721,37.71021],[126.98716,37.71021],[126.98708,37.71014],[126.98683,37.71015],[126.98669,37.71008],[126.98658,37.71008],[126.98651,37.71013],[126.98628,37.71013],[126.98628,37.71018],[126.98619,37.71021],[126.9861,37.71028],[126.9861,37.71032],[126.98605,37.71032],[126.98598,37.71039],[126.986,37.71063],[126.98595,37.7107],[126.98595,37.71079],[126.98601,37.71084],[126.98601,37.7109],[126.98606,37.7109],[126.98608,37.71093],[126.98609,37.71119],[126.98602,37.71126],[126.986,37.71135],[126.98604,37.71149],[126.98597,37.71151],[126.98597,37.71154],[126.98593,37.71156],[126.9859,37.71169],[126.98563,37.7117],[126.98556,37.71175],[126.98535,37.71173],[126.98535,37.7118],[126.98528,37.71186],[126.98515,37.71185],[126.9851,37.7118],[126.98501,37.7118],[126.98501,37.71185],[126.98496,37.71187],[126.98467,37.71188],[126.98462,37.71199],[126.98453,37.71201],[126.98451,37.71204],[126.98435,37.71202],[126.98419,37.71211],[126.98418,37.71223],[126.98411,37.71229],[126.98407,37.71229],[126.98404,37.71243],[126.98388,37.71245],[126.98379,37.71252],[126.98379,37.71261],[126.98372,37.71262],[126.98372,37.71269],[126.98362,37.71278],[126.98344,37.71278],[126.98342,37.71283],[126.98333,37.71287],[126.98317,37.71287],[126.98317,37.7129],[126.98312,37.71292],[126.98289,37.7129],[126.98281,37.71282],[126.98283,37.71272],[126.98313,37.71272],[126.9832,37.71247],[126.98316,37.71243],[126.98302,37.71243],[126.98295,37.71254],[126.98281,37.71257],[126.98279,37.71261],[126.9827,37.71261],[126.98254,37.71244],[126.98255,37.71237],[126.98259,37.71233],[126.9826,37.7121],[126.98255,37.71204],[126.98254,37.71186],[126.98249,37.71183],[126.98238,37.71182],[126.98236,37.71186],[126.98226,37.71188],[126.98224,37.71193],[126.98217,37.71193],[126.98218,37.71179],[126.98213,37.71171],[126.98206,37.71171],[126.98204,37.71175],[126.98186,37.71174],[126.98186,37.71169],[126.98283,37.71093],[126.98288,37.71093],[126.98302,37.71083],[126.98318,37.71085],[126.98318,37.71074],[126.98339,37.71065],[126.98341,37.71062],[126.98373,37.7105],[126.98391,37.71046],[126.98394,37.71019],[126.98407,37.70985],[126.98411,37.70982],[126.98414,37.70973],[126.98418,37.70971],[126.98426,37.70955],[126.9843,37.70953],[126.98435,37.70943],[126.9844,37.70941],[126.98442,37.70934],[126.98447,37.70932],[126.98456,37.70918],[126.98498,37.70884],[126.98509,37.70883],[126.98514,37.70875],[126.9858,37.70851],[126.98612,37.70845],[126.98662,37.7084],[126.98726,37.70841],[126.9876,37.70847],[126.98778,37.70855],[126.98784,37.70855],[126.98832,37.70877],[126.98869,37.70907],[126.98869,37.7091],[126.98885,37.70921],[126.98887,37.70927],[126.98894,37.70927],[126.98919,37.70908],[126.98931,37.70904],[126.98935,37.70899],[126.9894,37.70899],[126.98963,37.70883],[126.98974,37.7088],[126.98988,37.70869],[126.99034,37.7085],[126.99096,37.70838],[126.9915,37.70839],[126.99247,37.70859],[126.99292,37.70878],[126.99323,37.709],[126.99341,37.70902],[126.99355,37.70908],[126.99384,37.70914],[126.99389,37.70917],[126.99431,37.70929],[126.99436,37.70933],[126.99443,37.70933],[126.99447,37.70927],[126.99452,37.70927],[126.99459,37.7092],[126.99463,37.7092],[126.99468,37.70915],[126.99473,37.70915],[126.99491,37.70903],[126.99505,37.709],[126.99507,37.70896],[126.9953,37.70887],[126.99539,37.70887],[126.99539,37.70884],[126.99548,37.7088],[126.99555,37.70881],[126.99555,37.70888],[126.9955,37.70897],[126.99543,37.709],[126.99543,37.70907],[126.99552,37.70909],[126.99552,37.70917],[126.99559,37.70922],[126.99556,37.70938],[126.9956,37.70942],[126.99569,37.70942],[126.9957,37.70911],[126.99573,37.70901],[126.99577,37.70899],[126.99578,37.70888],[126.996,37.70889],[126.996,37.70883],[126.99578,37.70883],[126.99576,37.70879],[126.99567,37.70879],[126.99567,37.70874],[126.99573,37.70874],[126.99583,37.70868],[126.99589,37.70869],[126.99594,37.70865],[126.99601,37.70865],[126.99626,37.70857],[126.99674,37.7085],[126.99728,37.70853],[126.9978,37.70863],[126.99798,37.70868],[126.99798,37.70874],[126.99789,37.70875],[126.99773,37.70893],[126.99752,37.70898],[126.99747,37.70909],[126.9974,37.70914],[126.99724,37.70919],[126.9972,37.70923],[126.99719,37.70928],[126.9971,37.70932],[126.99708,37.70937],[126.99699,37.70942],[126.99694,37.70962],[126.99697,37.71002],[126.99692,37.71004],[126.9969,37.71014],[126.99685,37.71016],[126.99683,37.71023],[126.99676,37.71027],[126.99662,37.71027],[126.99662,37.71023],[126.99653,37.71023],[126.99653,37.71028],[126.99649,37.71028],[126.99648,37.71039],[126.99639,37.71039],[126.9964,37.71028],[126.99631,37.71028],[126.9963,37.71039],[126.99596,37.71045],[126.99596,37.71049],[126.99591,37.71049],[126.99591,37.71058],[126.99618,37.71058],[126.99619,37.71051],[126.99634,37.71051],[126.99634,37.71055],[126.99639,37.71057],[126.99659,37.71057],[126.99662,37.71054],[126.99666,37.71054],[126.99666,37.71043],[126.99673,37.71043],[126.99673,37.71054],[126.99684,37.71054],[126.99687,37.71045],[126.99696,37.71045],[126.99696,37.71052],[126.997,37.71054],[126.99702,37.71061],[126.99709,37.71062],[126.99709,37.71067],[126.99716,37.71067],[126.99723,37.71064],[126.99723,37.71058],[126.99718,37.71056],[126.99719,37.71047],[126.99725,37.71047],[126.99727,37.71058],[126.99741,37.71059],[126.99743,37.71075],[126.99768,37.71073],[126.99768,37.71081],[126.99795,37.71081],[126.99799,37.71087],[126.99815,37.71085],[126.9982,37.71087],[126.99819,37.71094],[126.9984,37.71098],[126.99846,37.71098],[126.99847,37.71091],[126.99853,37.71091],[126.99851,37.71105],[126.99833,37.71103],[126.99833,37.71111],[126.99828,37.71112],[126.99828,37.71119],[126.99832,37.71121],[126.99832,37.71132],[126.99845,37.71141],[126.9985,37.71149],[126.99866,37.71147],[126.99879,37.71158],[126.99897,37.71159],[126.99899,37.71164],[126.99913,37.71164],[126.99926,37.7117],[126.9994,37.7117],[126.99938,37.71143],[126.99929,37.71141],[126.99925,37.71134],[126.99914,37.7113],[126.99905,37.71108],[126.99901,37.71108],[126.99887,37.71095],[126.99883,37.71095],[126.99876,37.7109],[126.99874,37.71081],[126.9984,37.71078],[126.99836,37.71075],[126.99829,37.71074],[126.99825,37.71065],[126.998,37.71063],[126.99798,37.71056],[126.99791,37.71056],[126.99791,37.71063],[126.99782,37.71063],[126.99784,37.71052],[126.99764,37.7105],[126.99764,37.71055],[126.99755,37.71055],[126.99748,37.71044],[126.99744,37.71044],[126.99732,37.71035],[126.99717,37.71035],[126.99714,37.71029],[126.99715,37.70995],[126.99709,37.70991],[126.99711,37.70979],[126.99707,37.70979],[126.99707,37.7097],[126.99712,37.70964],[126.99712,37.70948],[126.99717,37.70946],[126.99724,37.7093],[126.99735,37.70929],[126.99742,37.70923],[126.99742,37.70918],[126.99763,37.70915],[126.99763,37.70909],[126.99774,37.70908],[126.99777,37.70904],[126.9979,37.70904],[126.99791,37.70895],[126.998,37.70896],[126.998,37.70888],[126.99804,37.70888],[126.99814,37.70881],[126.99814,37.70876],[126.9983,37.7088],[126.99832,37.70883],[126.9985,37.70889],[126.99852,37.70893],[126.99861,37.70895],[126.99879,37.70906],[126.99888,37.70906],[126.99949,37.70923],[126.99971,37.70933],[126.99973,37.70936],[126.99996,37.70946],[127.00002,37.70953],[127.00007,37.70953],[127.00022,37.70968],[127.00031,37.70968],[127.00039,37.70957],[127.00045,37.70954],[127.00046,37.7095],[127.0008,37.70924],[127.00085,37.70924],[127.00103,37.70911],[127.00117,37.7091],[127.00116,37.70932],[127.00121,37.70933],[127.00121,37.70939],[127.00114,37.70948],[127.00105,37.70949],[127.001,37.70964],[127.00104,37.70966],[127.00106,37.70975],[127.00111,37.70978],[127.0011,37.70989],[127.00133,37.70989],[127.00137,37.70991],[127.0014,37.70999],[127.00146,37.70999],[127.00149,37.70993],[127.00167,37.70995],[127.00167,37.70992],[127.00174,37.7099],[127.00174,37.70981],[127.00195,37.7098],[127.00195,37.70976],[127.00199,37.70976],[127.00199,37.70967],[127.0019,37.70967],[127.0019,37.70962],[127.00211,37.70964],[127.00211,37.7096],[127.00215,37.7096],[127.00218,37.70949],[127.00225,37.7095],[127.00223,37.70937],[127.00228,37.7093],[127.00244,37.70925],[127.00242,37.7091],[127.00255,37.70905],[127.00256,37.709],[127.0026,37.70898],[127.00263,37.70891],[127.00272,37.70891],[127.0031,37.70901],[127.00348,37.70917],[127.0037,37.70934],[127.00375,37.70934],[127.0041,37.70967],[127.00434,37.71005],[127.00447,37.71049],[127.00443,37.71105],[127.00433,37.71133],[127.00419,37.71166],[127.00409,37.71178],[127.00409,37.71183],[127.004,37.71198],[127.00395,37.71199],[127.00393,37.71207],[127.00388,37.71208],[127.00386,37.71215],[127.00372,37.71228],[127.00372,37.71231],[127.00332,37.71265],[127.00328,37.71265],[127.00323,37.7127],[127.00318,37.7127],[127.003,37.71282],[127.00231,37.71308],[127.00217,37.7131],[127.00206,37.71315],[127.00176,37.71318],[127.00124,37.71339],[127.0011,37.71341],[127.00113,37.71323],[127.0012,37.71321],[127.0012,37.71301],[127.00107,37.71297],[127.00102,37.71292],[127.00091,37.71292],[127.00086,37.71288],[127.00073,37.71289],[127.00057,37.71287],[127.00057,37.71284],[127.00034,37.71282],[127.00032,37.71285],[127.00021,37.71287],[127.00014,37.71294],[127.00015,37.71316],[127.00006,37.71315],[127.00004,37.71323],[126.99983,37.7132],[126.99976,37.71331],[126.99969,37.71333],[126.99969,37.71362],[126.99917,37.71357],[126.99917,37.71352],[126.99928,37.71352],[126.99928,37.71345],[126.99894,37.71342],[126.99894,37.7135],[126.99887,37.71349],[126.9982,37.71323],[126.99818,37.71319],[126.99804,37.71316],[126.998,37.7131],[126.99786,37.71304],[126.99753,37.71277],[126.99753,37.71273],[126.99747,37.7127],[126.99733,37.71249],[126.99693,37.71238],[126.99684,37.71238],[126.99621,37.71287],[126.99617,37.71287],[126.9961,37.71294],[126.99605,37.71294],[126.99589,37.71305],[126.99562,37.71315],[126.99555,37.71315],[126.99507,37.71332],[126.99479,37.71337],[126.99404,37.71338],[126.99364,37.7133],[126.9929,37.71301],[126.99272,37.71288],[126.99267,37.71288],[126.99263,37.71283],[126.99258,37.71283],[126.99225,37.71252],[126.9918,37.71244],[126.99185,37.71224],[126.99178,37.71218],[126.99179,37.71211],[126.99183,37.71209],[126.99184,37.712],[126.99168,37.71198],[126.99166,37.71193],[126.99143,37.71196],[126.99127,37.71194],[126.9912,37.71196],[126.99115,37.71203],[126.99115,37.7121],[126.99124,37.71212],[126.99124,37.71228],[126.99117,37.71232],[126.99117,37.71235],[126.99112,37.71235],[126.9911,37.71248],[126.99119,37.71248],[126.99119,37.71253],[126.99114,37.71253],[126.99114,37.71257],[126.99103,37.71257],[126.99098,37.71266],[126.98986,37.71305],[126.98947,37.71312],[126.98865,37.71318],[126.98836,37.71315],[126.98829,37.7131],[126.98799,37.71311],[126.98747,37.71299],[126.98738,37.71299],[126.98734,37.71305],[126.98722,37.71304],[126.9872,37.71313],[126.98715,37.71313],[126.98711,37.71319],[126.98702,37.7132],[126.98678,37.71334],[126.98669,37.71336],[126.98667,37.71339],[126.98639,37.7135],[126.98637,37.71353],[126.9861,37.71364],[126.98607,37.71367],[126.98562,37.71381],[126.98515,37.71418],[126.98496,37.71443],[126.98489,37.71446],[126.98489,37.7145],[126.98482,37.71453],[126.98475,37.71464],[126.98466,37.71469],[126.98466,37.71473],[126.98459,37.71476],[126.98452,37.71487],[126.98396,37.71535],[126.98392,37.71535],[126.98373,37.71547],[126.98337,37.71548]],[[126.99926,37.71337],[126.99933,37.71338],[126.99933,37.71332],[126.99926,37.71332],[126.99926,37.71337]],[[126.99434,37.71322],[126.99441,37.71322],[126.99441,37.71315],[126.99435,37.71315],[126.99434,37.71322]],[[126.99881,37.71329],[126.99888,37.7133],[126.99888,37.71324],[126.99881,37.71324],[126.99881,37.71329]],[[126.98854,37.71305],[126.9887,37.71303],[126.9887,37.71298],[126.98852,37.71298],[126.98854,37.71305]],[[126.98899,37.71304],[126.98908,37.71304],[126.98909,37.71298],[126.989,37.71297],[126.98899,37.71304]],[[126.99923,37.71305],[126.99954,37.71304],[126.99955,37.71298],[126.99948,37.71296],[126.99943,37.71289],[126.99934,37.71289],[126.99932,37.71294],[126.99923,37.71298],[126.99923,37.71305]],[[126.98777,37.71282],[126.98791,37.71282],[126.98796,37.71275],[126.98821,37.71274],[126.98825,37.71272],[126.98825,37.71268],[126.98844,37.7127],[126.98858,37.71251],[126.98867,37.71251],[126.98869,37.71256],[126.98876,37.71256],[126.98874,37.71246],[126.98867,37.71242],[126.98867,37.71237],[126.98872,37.71233],[126.98892,37.71233],[126.98892,37.71226],[126.98883,37.71224],[126.98881,37.71219],[126.98872,37.71219],[126.9887,37.71215],[126.98859,37.71211],[126.98836,37.71214],[126.98836,37.71232],[126.98819,37.71239],[126.98817,37.71255],[126.98821,37.71257],[126.98821,37.71263],[126.98816,37.71266],[126.98792,37.71264],[126.98782,37.71267],[126.98775,37.71275],[126.98777,37.71282]],[[126.98945,37.71283],[126.98952,37.71283],[126.98952,37.71278],[126.98945,37.71277],[126.98945,37.71283]],[[127.00037,37.71274],[127.00044,37.71275],[127.00044,37.71269],[127.00037,37.71269],[127.00037,37.71274]],[[127.0005,37.71275],[127.0006,37.71273],[127.00058,37.71262],[127.00049,37.71262],[127.0005,37.71275]],[[126.98656,37.7124],[126.98663,37.7124],[126.98663,37.71231],[126.98677,37.71228],[126.98677,37.71222],[126.9867,37.71221],[126.98675,37.71206],[126.98655,37.71206],[126.9865,37.71215],[126.98638,37.71224],[126.98638,37.71231],[126.98643,37.71233],[126.98643,37.71236],[126.98654,37.71236],[126.98656,37.7124]],[[127.00223,37.71267],[127.00237,37.71267],[127.00239,37.71258],[127.00235,37.71256],[127.00235,37.71253],[127.00217,37.71241],[127.00197,37.71243],[127.00196,37.7125],[127.00201,37.71252],[127.00201,37.71256],[127.00207,37.71257],[127.00207,37.71261],[127.00223,37.71267]],[[126.99747,37.71257],[126.99754,37.71257],[126.99756,37.7125],[126.99745,37.7125],[126.99747,37.71257]],[[126.98738,37.71236],[126.98749,37.71236],[126.98749,37.71233],[126.98754,37.71233],[126.98752,37.71224],[126.98747,37.7122],[126.9872,37.71216],[126.98718,37.71227],[126.98722,37.71227],[126.98724,37.71232],[126.98738,37.71236]],[[126.98992,37.7124],[126.99005,37.71241],[126.99001,37.71226],[126.99006,37.71214],[126.99002,37.71208],[126.99002,37.71201],[126.99,37.71197],[126.98988,37.71197],[126.98986,37.71201],[126.98968,37.712],[126.98965,37.71211],[126.98956,37.71211],[126.98954,37.71222],[126.98958,37.71222],[126.98967,37.71231],[126.98988,37.71233],[126.98992,37.7124]],[[126.99604,37.71251],[126.9962,37.71251],[126.99622,37.71248],[126.99629,37.71248],[126.99632,37.71242],[126.99638,37.71242],[126.99636,37.71232],[126.99632,37.71228],[126.99609,37.71231],[126.99609,37.71235],[126.99602,37.71236],[126.99604,37.71251]],[[126.98621,37.71207],[126.9863,37.71207],[126.9863,37.71193],[126.98608,37.71191],[126.98605,37.712],[126.98619,37.71202],[126.98621,37.71207]],[[126.98682,37.71208],[126.98691,37.71208],[126.98691,37.71201],[126.98678,37.71197],[126.98677,37.71206],[126.98682,37.71208]],[[126.99204,37.7121],[126.99222,37.71208],[126.99222,37.71201],[126.99202,37.71203],[126.99204,37.7121]],[[126.98308,37.71189],[126.98315,37.71189],[126.98322,37.71162],[126.98316,37.71162],[126.98311,37.71168],[126.98302,37.71169],[126.98302,37.7118],[126.98306,37.71182],[126.98308,37.71189]],[[126.99186,37.712],[126.99195,37.71201],[126.99195,37.71195],[126.99186,37.71195],[126.99186,37.712]],[[126.9839,37.71183],[126.98399,37.71183],[126.98399,37.71176],[126.98388,37.71176],[126.9839,37.71183]],[[126.99688,37.71177],[126.99697,37.71177],[126.99697,37.71171],[126.99688,37.71171],[126.99688,37.71177]],[[127.00028,37.71175],[127.0004,37.71174],[127.00038,37.71154],[127.00051,37.71152],[127.00056,37.71156],[127.00065,37.71156],[127.00067,37.71147],[127.00077,37.71138],[127.00093,37.71142],[127.00095,37.71153],[127.00145,37.7115],[127.00145,37.71143],[127.00113,37.71142],[127.00109,37.71139],[127.00109,37.71128],[127.00111,37.71122],[127.00123,37.71123],[127.00125,37.71126],[127.00132,37.71126],[127.00139,37.71116],[127.00148,37.71112],[127.00148,37.71103],[127.00137,37.71101],[127.00134,37.71105],[127.00112,37.71104],[127.00091,37.71099],[127.00097,37.71075],[127.00063,37.71073],[127.00058,37.71089],[127.00065,37.71089],[127.00067,37.71096],[127.0008,37.71099],[127.00075,37.71115],[127.00084,37.71115],[127.00084,37.71122],[127.00077,37.71127],[127.00066,37.71127],[127.00063,37.71131],[127.0005,37.7113],[127.00043,37.71136],[127.00034,37.71136],[127.00029,37.71143],[127.0002,37.71146],[127.00015,37.71171],[127.00028,37.71175]],[[126.98713,37.7114],[126.98725,37.7114],[126.98729,37.71137],[126.98732,37.71126],[126.98723,37.71126],[126.98713,37.71135],[126.98713,37.7114]],[[127.00074,37.71162],[127.00081,37.71162],[127.00081,37.71156],[127.00074,37.71156],[127.00074,37.71162]],[[126.99745,37.71145],[126.99759,37.71142],[126.99762,37.71131],[126.99768,37.71131],[126.99769,37.71118],[126.99782,37.71121],[126.99784,37.71128],[126.99803,37.71128],[126.99803,37.71112],[126.99799,37.7111],[126.99799,37.71097],[126.99794,37.71097],[126.99792,37.71094],[126.99769,37.71093],[126.99763,37.71091],[126.99763,37.71086],[126.99756,37.71086],[126.99753,37.71104],[126.99746,37.71105],[126.99748,37.71118],[126.99744,37.71122],[126.99735,37.71122],[126.99732,37.7113],[126.99721,37.7113],[126.99716,37.71123],[126.99698,37.71126],[126.99698,37.71135],[126.99732,37.71138],[126.99745,37.71145]],[[126.98401,37.71115],[126.98408,37.71115],[126.98413,37.71103],[126.98422,37.71101],[126.98422,37.71096],[126.98392,37.71097],[126.98392,37.71108],[126.98401,37.71115]],[[126.98435,37.71099],[126.98463,37.71094],[126.98463,37.71089],[126.98431,37.71087],[126.98435,37.71099]],[[126.98497,37.71099],[126.98508,37.71097],[126.98508,37.71088],[126.98488,37.71082],[126.98483,37.71086],[126.98483,37.71091],[126.9849,37.71091],[126.98492,37.71095],[126.98497,37.71095],[126.98497,37.71099]],[[126.99635,37.71118],[126.99653,37.71118],[126.99653,37.71113],[126.99637,37.71109],[126.99635,37.71118]],[[127.00175,37.7112],[127.00182,37.7112],[127.00182,37.71102],[127.00166,37.71105],[127.00168,37.71116],[127.00175,37.7112]],[[126.98363,37.71073],[126.9837,37.71073],[126.9837,37.71062],[126.98364,37.71062],[126.98363,37.71073]],[[127.00209,37.71104],[127.00216,37.71104],[127.00223,37.71097],[127.00228,37.71097],[127.00228,37.7109],[127.00214,37.71088],[127.00209,37.71104]],[[127.00164,37.71093],[127.00176,37.71093],[127.00178,37.71077],[127.00185,37.71073],[127.00183,37.71064],[127.00176,37.71064],[127.00167,37.71077],[127.00162,37.71076],[127.0016,37.71087],[127.00164,37.71093]],[[126.9896,37.71069],[126.98967,37.71069],[126.98967,37.71063],[126.9896,37.71063],[126.9896,37.71069]],[[126.99961,37.71064],[126.9997,37.71064],[126.9997,37.71059],[126.99961,37.71059],[126.99961,37.71064]],[[127.00347,37.71062],[127.00358,37.7106],[127.00363,37.71055],[127.00376,37.71055],[127.00376,37.71048],[127.00361,37.71047],[127.00361,37.7104],[127.00375,37.71035],[127.00375,37.7103],[127.00368,37.71026],[127.00368,37.71022],[127.00359,37.71022],[127.00356,37.71033],[127.00331,37.71032],[127.00331,37.71049],[127.0034,37.71049],[127.00347,37.71044],[127.00356,37.71044],[127.00356,37.71049],[127.00351,37.71051],[127.00351,37.71054],[127.00347,37.71054],[127.00347,37.71062]],[[127.00181,37.71053],[127.00188,37.71053],[127.0019,37.71048],[127.00197,37.71048],[127.00197,37.71037],[127.00204,37.71036],[127.00207,37.71011],[127.00214,37.71007],[127.00214,37.71],[127.00203,37.71],[127.00196,37.71007],[127.00196,37.71023],[127.00191,37.71025],[127.00191,37.71037],[127.00181,37.71046],[127.00181,37.71053]],[[127.00388,37.71041],[127.00395,37.71041],[127.00395,37.71034],[127.004,37.71032],[127.00406,37.71032],[127.00411,37.71036],[127.00427,37.71032],[127.00427,37.71025],[127.00418,37.71023],[127.00418,37.71016],[127.00407,37.71014],[127.00404,37.71027],[127.00386,37.71026],[127.00388,37.71041]],[[126.9954,37.71024],[126.99558,37.71021],[126.99554,37.70999],[126.99545,37.70999],[126.99543,37.71008],[126.99536,37.7101],[126.9954,37.71024]],[[126.99898,37.71023],[126.99912,37.71022],[126.99912,37.71006],[126.99922,37.71004],[126.99922,37.70993],[126.99902,37.70991],[126.99903,37.71005],[126.99892,37.71009],[126.99892,37.71014],[126.99898,37.71023]],[[127.00157,37.71017],[127.00164,37.71017],[127.00164,37.7101],[127.00155,37.71006],[127.00144,37.71006],[127.00146,37.71015],[127.00157,37.71017]],[[126.99536,37.70987],[126.9955,37.70987],[126.99557,37.70982],[126.99557,37.70965],[126.99562,37.70964],[126.99562,37.70958],[126.99558,37.70958],[126.99558,37.70954],[126.99546,37.70954],[126.99546,37.70974],[126.99537,37.70978],[126.99536,37.70987]],[[126.99013,37.7097],[126.99022,37.70971],[126.99024,37.7096],[126.99029,37.70958],[126.99029,37.70951],[126.99011,37.70952],[126.99013,37.7097]],[[127.00215,37.70991],[127.00244,37.7099],[127.00249,37.70986],[127.00251,37.70972],[127.00245,37.70972],[127.00244,37.70981],[127.00229,37.70977],[127.00226,37.70971],[127.00215,37.70971],[127.00215,37.70978],[127.0021,37.7098],[127.0021,37.70987],[127.00215,37.70991]],[[126.98657,37.70957],[126.98673,37.70956],[126.98673,37.7095],[126.98662,37.70948],[126.98662,37.70937],[126.98658,37.70936],[126.98653,37.70925],[126.98653,37.70917],[126.9866,37.70918],[126.98661,37.70878],[126.9863,37.70879],[126.98627,37.70883],[126.98616,37.70883],[126.98616,37.7089],[126.9862,37.7089],[126.9862,37.70895],[126.98609,37.70897],[126.9861,37.70933],[126.98619,37.70935],[126.98628,37.70946],[126.98655,37.70952],[126.98657,37.70957]],[[127.00256,37.70959],[127.00263,37.70959],[127.00263,37.70954],[127.00256,37.70954],[127.00256,37.70959]],[[127.00261,37.70939],[127.00268,37.7094],[127.00273,37.70936],[127.0028,37.70918],[127.00287,37.70916],[127.00285,37.70907],[127.00274,37.70907],[127.00264,37.70912],[127.00266,37.70925],[127.00261,37.70939]],[[126.99538,37.7092],[126.99545,37.7092],[126.99545,37.70915],[126.99538,37.70914],[126.99538,37.7092]],[[126.98513,37.70893],[126.9852,37.70894],[126.9852,37.70888],[126.98516,37.70884],[126.98509,37.70884],[126.98509,37.7089],[126.98513,37.70893]],[[126.99177,37.7087],[126.99183,37.70871],[126.99183,37.70865],[126.9919,37.70864],[126.99191,37.70853],[126.99184,37.70853],[126.99177,37.70863],[126.99177,37.7087]]]}},{"type":"Feature","properties":{"valleyId":"songchu","layer":"canopy","date":"2026-08-01"},"geometry":{"type":"Polygon","coordinates":[[[126.97312,37.7094],[126.97301,37.70929],[126.97301,37.70921],[126.97292,37.70921],[126.97285,37.70916],[126.97281,37.70905],[126.97277,37.70905],[126.97275,37.70901],[126.97265,37.70901],[126.97257,37.7089],[126.97248,37.70888],[126.97246,37.70877],[126.97228,37.70877],[126.97223,37.70873],[126.97212,37.70873],[126.97209,37.70876],[126.97194,37.70876],[126.97185,37.70869],[126.9716,37.70863],[126.97153,37.70856],[126.97153,37.7085],[126.97169,37.70849],[126.97208,37.70853],[126.9721,37.70846],[126.97201,37.70838],[126.97202,37.70831],[126.97215,37.70828],[126.97213,37.70815],[126.97222,37.70815],[126.97222,37.70823],[126.97234,37.70825],[126.97234,37.70821],[126.97243,37.70819],[126.97245,37.70805],[126.97261,37.70805],[126.97266,37.70802],[126.9728,37.70802],[126.97282,37.70806],[126.97288,37.70806],[126.97291,37.708],[126.97298,37.708],[126.97311,37.70812],[126.97331,37.70812],[126.97334,37.70819],[126.9732,37.70821],[126.97315,37.7083],[126.97304,37.70829],[126.97302,37.70826],[126.97295,37.70826],[126.97283,37.70833],[126.97281,37.7084],[126.97265,37.7084],[126.97262,37.70845],[126.97256,37.70845],[126.97256,37.70841],[126.97238,37.70839],[126.97235,37.70848],[126.97258,37.70848],[126.97264,37.70861],[126.97287,37.70871],[126.97293,37.70883],[126.973,37.70883],[126.97309,37.7088],[126.97316,37.70873],[126.97315,37.70835],[126.97324,37.70833],[126.97324,37.70839],[126.97331,37.70839],[126.97331,37.70835],[126.97335,37.70835],[126.9734,37.70828],[126.97354,37.70825],[126.9735,37.70814],[126.97361,37.70805],[126.97364,37.70794],[126.97407,37.70795],[126.97407,37.70801],[126.974,37.70806],[126.974,37.70811],[126.97404,37.70811],[126.97401,37.70831],[126.97406,37.70833],[126.97405,37.70844],[126.97396,37.70847],[126.97393,37.70871],[126.97389,37.70878],[126.97379,37.70881],[126.97381,37.70894],[126.97372,37.70897],[126.97365,37.70904],[126.97361,37.70904],[126.97356,37.7091],[126.97347,37.70911],[126.97342,37.7092],[126.97324,37.70934],[126.97321,37.7094],[126.97312,37.7094]]]}},{"type":"Feature","properties":{"valleyId":"songchu","layer":"canopy","date":"2026-08-01"},"geometry":{"type":"Polygon","coordinates":[[[126.97167,37.7078],[126.97167,37.70773],[126.97176,37.70773],[126.97176,37.70779],[126.97167,37.7078]]]}},{"type":"Feature","properties":{"valleyId":"songchu","layer":"canopy","date":"2026-08-01"},"geometry":{"type":"Polygon","coordinates":[[[126.97161,37.70735],[126.97161,37.70724],[126.97168,37.70724],[126.9717,37.70733],[126.97161,37.70735]]]}},{"type":"Feature","properties":{"valleyId":"songchu","layer":"canopy","date":"2026-08-01"},"geometry":{"type":"Polygon","coordinates":[[[126.96932,37.7081],[126.96938,37.70771],[126.9695,37.7074],[126.96967,37.70715],[126.96978,37.70714],[126.96984,37.70732],[126.96984,37.7075],[126.96975,37.70755],[126.96974,37.70761],[126.96986,37.70761],[126.9699,37.7077],[126.96999,37.70777],[126.97003,37.70777],[126.97003,37.70781],[126.9701,37.70787],[126.97019,37.70787],[126.9703,37.70796],[126.9703,37.70801],[126.97025,37.70805],[126.97016,37.70805],[126.97014,37.70797],[126.96998,37.70795],[126.96998,37.70792],[126.96992,37.7079],[126.96987,37.70784],[126.9696,37.70778],[126.96942,37.70793],[126.96939,37.70811],[126.96932,37.7081]]]}},{"type":"Feature","properties":{"valleyId":"songchu","layer":"canopy","date":"2026-08-01"},"geometry":{"type":"Polygon","coordinates":[[[126.97565,37.70917],[126.97565,37.7091],[126.97569,37.70906],[126.97585,37.70908],[126.97585,37.70899],[126.9757,37.70897],[126.9757,37.70892],[126.97565,37.7089],[126.97566,37.70872],[126.97564,37.70866],[126.97555,37.70863],[126.97555,37.70848],[126.97564,37.70845],[126.97564,37.70839],[126.97549,37.70826],[126.97549,37.70812],[126.97545,37.70808],[126.97545,37.70801],[126.97529,37.70795],[126.97532,37.70779],[126.97539,37.70769],[126.97546,37.70767],[126.97546,37.7076],[126.97517,37.70761],[126.97509,37.70773],[126.975,37.70781],[126.97482,37.7078],[126.9748,37.70775],[126.97467,37.70764],[126.97467,37.70751],[126.97472,37.70748],[126.97474,37.70735],[126.97483,37.70726],[126.9749,37.70726],[126.97495,37.70721],[126.97506,37.70718],[126.97549,37.7072],[126.9756,37.70731],[126.9757,37.70731],[126.97578,37.70737],[126.97592,37.70739],[126.97601,37.70748],[126.97608,37.7075],[126.97614,37.7077],[126.97618,37.70774],[126.97618,37.70781],[126.97606,37.70797],[126.97602,37.70798],[126.97601,37.70815],[126.97633,37.70815],[126.97642,37.70803],[126.97654,37.70803],[126.97654,37.70812],[126.97667,37.70814],[126.97667,37.70825],[126.97674,37.70829],[126.97683,37.70829],[126.97687,37.70832],[126.97687,37.7084],[126.97698,37.70842],[126.9772,37.70864],[126.9772,37.70876],[126.97708,37.7088],[126.97706,37.70883],[126.97692,37.70883],[126.97683,37.70886],[126.97683,37.70895],[126.97676,37.70895],[126.97676,37.70892],[126.97656,37.7089],[126.97652,37.70886],[126.97654,37.70875],[126.97634,37.70875],[126.97633,37.70884],[126.97627,37.70884],[126.97624,37.70889],[126.97613,37.70889],[126.97613,37.70898],[126.97601,37.70903],[126.97599,37.7091],[126.97585,37.7091],[126.97585,37.70915],[126.9758,37.70917],[126.97565,37.70917]]]}},{"type":"Feature","properties":{"valleyId":"songchu","layer":"canopy","date":"2026-08-01"},"geometry":{"type":"Polygon","coordinates":[[[126.97436,37.70722],[126.97434,37.70714],[126.97445,37.70715],[126.97445,37.70722],[126.97436,37.70722]]]}},{"type":"Feature","properties":{"valleyId":"songchu","layer":"canopy","date":"2026-08-01"},"geometry":{"type":"Polygon","coordinates":[[[126.97352,37.70726],[126.97345,37.7072],[126.97338,37.7072],[126.97336,37.70724],[126.97322,37.70723],[126.9732,37.70716],[126.97354,37.70715],[126.97357,37.70711],[126.97366,37.70712],[126.97366,37.70722],[126.97361,37.70726],[126.97352,37.70726]]]}},{"type":"Feature","properties":{"valleyId":"songchu","layer":"canopy","date":"2026-08-01"},"geometry":{"type":"Polygon","coordinates":[[[126.97039,37.70719],[126.97037,37.70706],[126.97044,37.70706],[126.97048,37.70708],[126.97048,37.70719],[126.97039,37.70719]]]}},{"type":"Feature","properties":{"valleyId":"songchu","layer":"canopy","date":"2026-08-01"},"geometry":{"type":"Polygon","coordinates":[[[126.97166,37.70719],[126.97164,37.70708],[126.97171,37.70708],[126.97173,37.70719],[126.97166,37.70719]]]}},{"type":"Feature","properties":{"valleyId":"songchu","layer":"canopy","date":"2026-08-01"},"geometry":{"type":"Polygon","coordinates":[[[126.98114,37.70726],[126.98114,37.70721],[126.98121,37.70721],[126.98121,37.70726],[126.98114,37.70726]]]}},{"type":"Feature","properties":{"valleyId":"songchu","layer":"canopy","date":"2026-08-01"},"geometry":{"type":"Polygon","coordinates":[[[126.97033,37.70699],[126.97033,37.70693],[126.9704,37.70693],[126.9704,37.70699],[126.97033,37.70699]]]}},{"type":"Feature","properties":{"valleyId":"songchu","layer":"canopy","date":"2026-08-01"},"geometry":{"type":"Polygon","coordinates":[[[126.97765,37.70733],[126.97735,37.70721],[126.97733,37.70712],[126.9774,37.70709],[126.97763,37.70711],[126.97763,37.70704],[126.97774,37.70704],[126.97774,37.7071],[126.97767,37.70718],[126.97771,37.70733],[126.97765,37.70733]]]}},{"type":"Feature","properties":{"valleyId":"songchu","layer":"canopy","date":"2026-08-01"},"geometry":{"type":"Polygon","coordinates":[[[126.97366,37.70706],[126.97366,37.70699],[126.97387,37.70697],[126.97387,37.70703],[126.97366,37.70706]]]}},{"type":"Feature","properties":{"valleyId":"songchu","layer":"canopy","date":"2026-08-01"},"geometry":{"type":"Polygon","coordinates":[[[126.9714,37.70767],[126.9714,37.70755],[126.97136,37.70754],[126.97131,37.70749],[126.97132,37.70722],[126.97139,37.7072],[126.97139,37.70708],[126.97126,37.70709],[126.97126,37.70693],[126.97135,37.70693],[126.97139,37.70699],[126.97151,37.70699],[126.97151,37.70704],[126.97157,37.70708],[126.97155,37.70728],[126.9715,37.70728],[126.9715,37.70733],[126.97154,37.70735],[126.97154,37.70742],[126.97163,37.70742],[126.97163,37.70746],[126.97172,37.70748],[126.97169,37.70764],[126.9714,37.70767]]]}},{"type":"Feature","properties":{"valleyId":"songchu","layer":"canopy","date":"2026-08-01"},"geometry":{"type":"Polygon","coordinates":[[[126.97166,37.70704],[126.97167,37.70695],[126.97151,37.70697],[126.97151,37.7069],[126.97183,37.70687],[126.97192,37.70694],[126.97187,37.70705],[126.97166,37.70704]]]}},{"type":"Feature","properties":{"valleyId":"songchu","layer":"canopy","date":"2026-08-01"},"geometry":{"type":"Polygon","coordinates":[[[126.97389,37.70701],[126.97389,37.70696],[126.974,37.70696],[126.97407,37.70691],[126.97414,37.70691],[126.97409,37.70701],[126.97389,37.70701]]]}},{"type":"Feature","properties":{"valleyId":"songchu","layer":"canopy","date":"2026-08-01"},"geometry":{"type":"Polygon","coordinates":[[[126.97713,37.70703],[126.97713,37.70698],[126.97718,37.70694],[126.97729,37.70694],[126.97727,37.70703],[126.97713,37.70703]]]}},{"type":"Feature","properties":{"valleyId":"songchu","layer":"canopy","date":"2026-08-01"},"geometry":{"type":"Polygon","coordinates":[[[126.97473,37.70695],[126.97473,37.7069],[126.9748,37.7069],[126.9748,37.70695],[126.97473,37.70695]]]}},{"type":"Feature","properties":{"valleyId":"songchu","layer":"canopy","date":"2026-08-01"},"geometry":{"type":"Polygon","coordinates":[[[126.97001,37.70689],[126.97001,37.70682],[126.97013,37.70673],[126.9702,37.70673],[126.97017,37.70686],[126.9701,37.70689],[126.97001,37.70689]]]}},{"type":"Feature","properties":{"valleyId":"songchu","layer":"canopy","date":"2026-08-01"},"geometry":{"type":"Polygon","coordinates":[[[126.97734,37.70698],[126.97734,37.70691],[126.97739,37.70685],[126.97755,37.70688],[126.97754,37.70693],[126.9775,37.70693],[126.97743,37.70698],[126.97734,37.70698]]]}},{"type":"Feature","properties":{"valleyId":"songchu","layer":"canopy","date":"2026-08-01"},"geometry":{"type":"Polygon","coordinates":[[[126.97244,37.70684],[126.97242,37.70673],[126.97249,37.70673],[126.97251,37.70684],[126.97244,37.70684]]]}},{"type":"Feature","properties":{"valleyId":"songchu","layer":"canopy","date":"2026-08-01"},"geometry":{"type":"Polygon","coordinates":[[[126.97222,37.70682],[126.97217,37.70678],[126.97217,37.70673],[126.97229,37.70673],[126.97228,37.70682],[126.97222,37.70682]]]}},{"type":"Feature","properties":{"valleyId":"songchu","layer":"canopy","date":"2026-08-01"},"geometry":{"type":"Polygon","coordinates":[[[126.98133,37.70696],[126.98133,37.70689],[126.98138,37.70685],[126.98145,37.70685],[126.98145,37.70694],[126.98133,37.70696]]]}},{"type":"Feature","properties":{"valleyId":"songchu","layer":"canopy","date":"2026-08-01"},"geometry":{"type":"Polygon","coordinates":[[[126.9749,37.70669],[126.9749,37.70663],[126.97499,37.70663],[126.97499,37.70669],[126.9749,37.70669]]]}},{"type":"Feature","properties":{"valleyId":"songchu","layer":"canopy","date":"2026-08-01"},"geometry":{"type":"Polygon","coordinates":[[[126.97474,37.70652],[126.97474,37.70647],[126.97481,37.70647],[126.97481,37.70652],[126.97474,37.70652]]]}},{"type":"Feature","properties":{"valleyId":"songchu","layer":"canopy","date":"2026-08-01"},"geometry":{"type":"Polygon","coordinates":[[[126.97503,37.70658],[126.97504,37.70644],[126.97513,37.70638],[126.97516,37.70633],[126.97522,37.70633],[126.97524,37.7064],[126.97543,37.70641],[126.97544,37.70655],[126.97522,37.70653],[126.97517,37.70658],[126.97503,37.70658]]]}},{"type":"Feature","properties":{"valleyId":"songchu","layer":"canopy","date":"2026-08-01"},"geometry":{"type":"Polygon","coordinates":[[[126.97996,37.70656],[126.97994,37.70647],[126.97998,37.70647],[126.97999,37.70641],[126.98005,37.70641],[126.98014,37.70649],[126.98019,37.70649],[126.98016,37.70656],[126.97996,37.70656]]]}},{"type":"Feature","properties":{"valleyId":"songchu","layer":"canopy","date":"2026-08-01"},"geometry":{"type":"Polygon","coordinates":[[[126.97141,37.70625],[126.97142,37.70619],[126.97148,37.70619],[126.97148,37.70625],[126.97141,37.70625]]]}},{"type":"Feature","properties":{"valleyId":"songchu","layer":"canopy","date":"2026-08-01"},"geometry":{"type":"Polygon","coordinates":[[[126.97572,37.70629],[126.97563,37.70627],[126.97564,37.70619],[126.97584,37.70622],[126.97581,37.70629],[126.97572,37.70629]]]}},{"type":"Feature","properties":{"valleyId":"songchu","layer":"canopy","date":"2026-08-01"},"geometry":{"type":"Polygon","coordinates":[[[126.97595,37.70624],[126.97595,37.70618],[126.97604,37.70618],[126.97604,37.70624],[126.97595,37.70624]]]}},{"type":"Feature","properties":{"valleyId":"songchu","layer":"canopy","date":"2026-08-01"},"geometry":{"type":"Polygon","coordinates":[[[126.98049,37.70624],[126.98049,37.70617],[126.98058,37.70617],[126.98058,37.70622],[126.98049,37.70624]]]}},{"type":"Feature","properties":{"valleyId":"songchu","layer":"canopy","date":"2026-08-01"},"geometry":{"type":"Polygon","coordinates":[[[126.97629,37.70619],[126.9763,37.70608],[126.97643,37.70608],[126.97643,37.70605],[126.9765,37.70601],[126.97693,37.70604],[126.97693,37.70609],[126.97654,37.70612],[126.97643,37.70619],[126.97629,37.70619]]]}},{"type":"Feature","properties":{"valleyId":"songchu","layer":"canopy","date":"2026-08-01"},"geometry":{"type":"Polygon","coordinates":[[[126.97934,37.70938],[126.97925,37.70927],[126.97925,37.70918],[126.97916,37.70907],[126.97915,37.70883],[126.97906,37.70879],[126.97899,37.70874],[126.97899,37.7087],[126.97895,37.7087],[126.97895,37.70867],[126.97888,37.70863],[126.97884,37.7085],[126.97877,37.70843],[126.97876,37.70825],[126.97835,37.70813],[126.9782,37.70791],[126.9782,37.70772],[126.97848,37.70768],[126.9785,37.70778],[126.97854,37.70781],[126.97863,37.70781],[126.97863,37.70778],[126.97868,37.70778],[126.9787,37.70774],[126.97881,37.70774],[126.97886,37.70758],[126.979,37.70753],[126.97894,37.70737],[126.97889,37.70737],[126.97885,37.70729],[126.97876,37.70724],[126.97858,37.70727],[126.97855,37.70733],[126.97833,37.70729],[126.97822,37.70721],[126.97822,37.70718],[126.97808,37.70712],[126.97808,37.70705],[126.97804,37.70699],[126.97797,37.70699],[126.97786,37.70708],[126.97779,37.70708],[126.97779,37.70702],[126.97784,37.70701],[126.9778,37.70684],[126.97795,37.70686],[126.978,37.70681],[126.97807,37.70681],[126.97814,37.70674],[126.97839,37.70676],[126.97875,37.70663],[126.97884,37.70663],[126.97896,37.70656],[126.9791,37.70656],[126.97923,37.70651],[126.97946,37.70648],[126.97967,37.70648],[126.97971,37.70652],[126.97968,37.70673],[126.97964,37.70675],[126.97966,37.70684],[126.9797,37.70686],[126.9797,37.70689],[126.97997,37.7069],[126.97997,37.70697],[126.97983,37.70702],[126.97981,37.70713],[126.97974,37.70717],[126.97974,37.70722],[126.97976,37.70726],[126.97985,37.70726],[126.97992,37.70729],[126.97989,37.7074],[126.97998,37.70744],[126.97998,37.70751],[126.98004,37.70757],[126.98011,37.70757],[126.98018,37.70753],[126.98023,37.70746],[126.98023,37.70737],[126.98032,37.70734],[126.98032,37.70728],[126.98039,37.70723],[126.98053,37.70722],[126.98049,37.70693],[126.98045,37.70691],[126.98047,37.70678],[126.98043,37.70673],[126.98043,37.7066],[126.98055,37.7066],[126.98057,37.70651],[126.98053,37.70651],[126.98053,37.70646],[126.98041,37.70646],[126.98041,37.70649],[126.98032,37.70649],[126.98032,37.70645],[126.98026,37.70642],[126.98021,37.70634],[126.98022,37.70611],[126.98029,37.70606],[126.98036,37.70606],[126.98036,37.70613],[126.98047,37.70613],[126.98047,37.7062],[126.9804,37.7062],[126.98037,37.70628],[126.98048,37.70639],[126.98055,37.70639],[126.98055,37.70635],[126.98065,37.70633],[126.98067,37.7063],[126.98085,37.70634],[126.98089,37.70637],[126.98089,37.70645],[126.981,37.70647],[126.98098,37.70663],[126.98102,37.70666],[126.98102,37.70674],[126.98118,37.70672],[126.98118,37.70678],[126.98109,37.70681],[126.98108,37.70686],[126.98102,37.70686],[126.98099,37.70683],[126.98088,37.70682],[126.98086,37.70686],[126.98079,37.70686],[126.98074,37.70689],[126.98074,37.707],[126.98065,37.70707],[126.98065,37.70715],[126.98083,37.70711],[126.98087,37.70728],[126.98103,37.70737],[126.98102,37.70742],[126.98096,37.70744],[126.98095,37.70753],[126.98084,37.70754],[126.98084,37.70758],[126.98075,37.70763],[126.98072,37.70772],[126.98063,37.70778],[126.98056,37.70788],[126.98042,37.7079],[126.98042,37.70784],[126.98029,37.70786],[126.98031,37.70797],[126.98026,37.70802],[126.98023,37.70822],[126.98025,37.70845],[126.97964,37.70841],[126.97965,37.70882],[126.9796,37.70906],[126.97945,37.70938],[126.97934,37.70938]],[[126.97881,37.70794],[126.97913,37.70789],[126.9792,37.70786],[126.9792,37.70782],[126.97934,37.70777],[126.97968,37.70778],[126.97972,37.70776],[126.97975,37.70765],[126.97984,37.7076],[126.97984,37.70753],[126.97982,37.70747],[126.97975,37.70744],[126.97975,37.70738],[126.97969,37.70738],[126.97966,37.70749],[126.97957,37.70749],[126.97957,37.70738],[126.97951,37.70734],[126.97947,37.70712],[126.97938,37.70703],[126.97924,37.70705],[126.97924,37.70718],[126.97917,37.70721],[126.97917,37.70728],[126.97926,37.70728],[126.97926,37.70736],[126.97921,37.70737],[126.97925,37.70748],[126.97916,37.70748],[126.97912,37.70753],[126.97905,37.70755],[126.97904,37.70769],[126.979,37.70775],[126.97893,37.70775],[126.97886,37.7078],[126.97881,37.70794]],[[126.98047,37.70761],[126.98054,37.70761],[126.98059,37.70758],[126.98059,37.70752],[126.98066,37.70747],[126.98073,37.70747],[126.98073,37.70742],[126.98057,37.7074],[126.98057,37.70743],[126.98048,37.70748],[126.98047,37.70761]],[[126.97963,37.707],[126.9797,37.707],[126.9797,37.70695],[126.97963,37.70695],[126.97963,37.707]]]}},{"type":"Feature","properties":{"valleyId":"songchu","layer":"canopy","date":"2026-08-01"},"geometry":{"type":"Polygon","coordinates":[[[126.97155,37.7062],[126.97155,37.70614],[126.97162,37.70612],[126.97162,37.70607],[126.97158,37.70607],[126.97158,37.70594],[126.97163,37.70591],[126.97172,37.70591],[126.97176,37.70598],[126.97174,37.70613],[126.97169,37.70613],[126.97169,37.7062],[126.97155,37.7062]]]}},{"type":"Feature","properties":{"valleyId":"songchu","layer":"canopy","date":"2026-08-01"},"geometry":{"type":"Polygon","coordinates":[[[126.97702,37.70609],[126.97702,37.70602],[126.97716,37.706],[126.97714,37.70609],[126.97702,37.70609]]]}},{"type":"Feature","properties":{"valleyId":"songchu","layer":"canopy","date":"2026-08-01"},"geometry":{"type":"Polygon","coordinates":[[[126.9741,37.70597],[126.9741,37.70584],[126.97417,37.70584],[126.97419,37.70593],[126.97417,37.70597],[126.9741,37.70597]]]}},{"type":"Feature","properties":{"valleyId":"songchu","layer":"canopy","date":"2026-08-01"},"geometry":{"type":"Polygon","coordinates":[[[126.97426,37.70586],[126.97426,37.70577],[126.97433,37.70578],[126.97433,37.70587],[126.97426,37.70586]]]}},{"type":"Feature","properties":{"valleyId":"songchu","layer":"canopy","date":"2026-08-01"},"geometry":{"type":"Polygon","coordinates":[[[126.98043,37.70608],[126.98043,37.70599],[126.98034,37.70597],[126.98032,37.70575],[126.98043,37.70577],[126.98043,37.70588],[126.98052,37.70594],[126.98052,37.70608],[126.98043,37.70608]]]}},{"type":"Feature","properties":{"valleyId":"songchu","layer":"canopy","date":"2026-08-01"},"geometry":{"type":"Polygon","coordinates":[[[126.98018,37.70577],[126.98019,37.70571],[126.9803,37.70572],[126.9803,37.70577],[126.98018,37.70577]]]}},{"type":"Feature","properties":{"valleyId":"songchu","layer":"canopy","date":"2026-08-01"},"geometry":{"type":"Polygon","coordinates":[[[126.9713,37.7056],[126.9713,37.70554],[126.97137,37.70554],[126.97136,37.7056],[126.9713,37.7056]]]}},{"type":"Feature","properties":{"valleyId":"songchu","layer":"canopy","date":"2026-08-01"},"geometry":{"type":"Polygon","coordinates":[[[126.97982,37.70596],[126.97975,37.70589],[126.9798,37.70571],[126.97985,37.70567],[126.97991,37.70567],[126.97991,37.70574],[126.97998,37.70575],[126.97998,37.70567],[126.98005,37.70567],[126.98009,37.70571],[126.98009,37.70578],[126.97998,37.70585],[126.97998,37.70593],[126.97993,37.70596],[126.97982,37.70596]]]}},{"type":"Feature","properties":{"valleyId":"songchu","layer":"canopy","date":"2026-08-01"},"geometry":{"type":"Polygon","coordinates":[[[126.97707,37.70582],[126.97708,37.70575],[126.97703,37.70575],[126.97699,37.70568],[126.97692,37.70568],[126.97694,37.70559],[126.97701,37.70559],[126.97706,37.70568],[126.9771,37.70568],[126.9771,37.70573],[126.97715,37.70573],[126.97714,37.70582],[126.97707,37.70582]]]}},{"type":"Feature","properties":{"valleyId":"songchu","layer":"canopy","date":"2026-08-01"},"geometry":{"type":"Polygon","coordinates":[[[126.97456,37.70553],[126.97457,37.70547],[126.97466,37.70544],[126.97466,37.7054],[126.97473,37.70539],[126.97482,37.7053],[126.97491,37.70532],[126.97491,37.70537],[126.97484,37.70542],[126.97475,37.70544],[126.97463,37.70553],[126.97456,37.70553]]]}},{"type":"Feature","properties":{"valleyId":"songchu","layer":"canopy","date":"2026-08-01"},"geometry":{"type":"Polygon","coordinates":[[[126.97743,37.70536],[126.97729,37.7053],[126.97729,37.70523],[126.97766,37.70531],[126.97765,37.70536],[126.97743,37.70536]]]}},{"type":"Feature","properties":{"valleyId":"songchu","layer":"canopy","date":"2026-08-01"},"geometry":{"type":"Polygon","coordinates":[[[126.97526,37.70487],[126.97524,37.70478],[126.97531,37.70478],[126.97533,37.70487],[126.97526,37.70487]]]}},{"type":"Feature","properties":{"valleyId":"songchu","layer":"canopy","date":"2026-08-01"},"geometry":{"type":"Polygon","coordinates":[[[126.97556,37.70484],[126.97556,37.70479],[126.97563,37.70479],[126.97563,37.70484],[126.97556,37.70484]]]}},{"type":"Feature","properties":{"valleyId":"songchu","layer":"canopy","date":"2026-08-01"},"geometry":{"type":"Polygon","coordinates":[[[126.98066,37.70841],[126.98066,37.70833],[126.9807,37.70832],[126.98073,37.70821],[126.98078,37.70819],[126.98078,37.70808],[126.98085,37.70805],[126.98085,37.70794],[126.98092,37.70789],[126.98097,37.70767],[126.98106,37.7076],[126.98109,37.70753],[126.98114,37.7075],[126.98125,37.7075],[126.98125,37.70762],[126.98129,37.70762],[126.98136,37.70768],[126.98147,37.70766],[126.98145,37.70754],[126.98139,37.70748],[126.98139,37.70734],[126.9813,37.70734],[126.9813,37.70726],[126.98144,37.70727],[126.98144,37.70716],[126.98149,37.70714],[126.98149,37.70709],[126.98158,37.70705],[126.98158,37.70694],[126.98152,37.70687],[126.98147,37.70687],[126.98147,37.70678],[126.98143,37.70671],[126.98138,37.70671],[126.98134,37.70665],[126.98132,37.7064],[126.98151,37.7064],[126.98157,37.70635],[126.9816,37.70626],[126.98149,37.70619],[126.98138,37.70618],[126.98128,37.70624],[126.98128,37.7064],[126.98107,37.7064],[126.98108,37.70634],[126.98114,37.70632],[126.98115,37.70627],[126.98101,37.70616],[126.98088,37.70614],[126.98081,37.70623],[126.98072,37.70621],[126.98074,37.7061],[126.98081,37.70603],[126.9808,37.70578],[126.98077,37.70574],[126.98071,37.70574],[126.98064,37.70567],[126.98057,37.70565],[126.98058,37.70556],[126.98067,37.70549],[126.98067,37.70529],[126.98072,37.70525],[126.98075,37.70513],[126.98063,37.70504],[126.98059,37.70504],[126.98059,37.70498],[126.98039,37.70494],[126.98037,37.70485],[126.98064,37.70487],[126.98111,37.70499],[126.98143,37.70512],[126.9816,37.70525],[126.98165,37.70525],[126.98176,37.70536],[126.98181,37.70536],[126.98187,37.70542],[126.98187,37.70545],[126.982,37.70555],[126.982,37.70558],[126.98207,37.70562],[126.98218,37.7058],[126.98222,37.70582],[126.9824,37.70618],[126.98241,37.70638],[126.98246,37.70644],[126.98247,37.70673],[126.98242,37.70701],[126.98235,37.70701],[126.98226,37.70694],[126.98217,37.70694],[126.98215,37.7069],[126.9821,37.7069],[126.98211,37.70686],[126.98195,37.70684],[126.98188,37.70677],[126.98168,37.70678],[126.98167,37.70684],[126.98185,37.7069],[126.98185,37.707],[126.98201,37.70702],[126.98208,37.70706],[126.98207,37.70719],[126.98235,37.70719],[126.9823,37.70735],[126.9822,37.70742],[126.98218,37.70753],[126.98213,37.70753],[126.98213,37.7076],[126.98206,37.70766],[126.98206,37.70769],[126.98199,37.70773],[126.98194,37.70782],[126.9815,37.70813],[126.98146,37.70813],[126.98143,37.70817],[126.98111,37.70831],[126.98105,37.70831],[126.98082,37.70839],[126.98066,37.70841]],[[126.98172,37.70752],[126.98179,37.70753],[126.9818,37.7074],[126.98171,37.7074],[126.98172,37.70752]],[[126.98207,37.70643],[126.98214,37.70643],[126.98214,37.70638],[126.98207,37.70638],[126.98207,37.70643]],[[126.9821,37.70621],[126.98226,37.70622],[126.98226,37.70616],[126.9821,37.70612],[126.9821,37.70621]]]}},{"type":"Feature","properties":{"valleyId":"songchu","layer":"canopy","date":"2026-08-01"},"geometry":{"type":"Polygon","coordinates":[[[126.97515,37.70476],[126.97513,37.70465],[126.97522,37.7046],[126.97529,37.7046],[126.97529,37.70471],[126.97524,37.70473],[126.97524,37.70476],[126.97515,37.70476]]]}},{"type":"Feature","properties":{"valleyId":"songchu","layer":"canopy","date":"2026-08-01"},"geometry":{"type":"Polygon","coordinates":[[[126.97276,37.70681],[126.97265,37.70659],[126.97266,37.70649],[126.9727,37.70645],[126.9727,37.70636],[126.97266,37.70629],[126.97259,37.70625],[126.97255,37.70618],[126.9723,37.70621],[126.97228,37.70615],[126.97228,37.70606],[126.97233,37.70603],[126.97249,37.70603],[126.97258,37.706],[126.97262,37.70594],[126.97267,37.70594],[126.97272,37.70586],[126.97279,37.70582],[126.97277,37.70568],[126.97291,37.7055],[126.97291,37.70541],[126.97296,37.70534],[126.97296,37.70525],[126.97292,37.70523],[126.97294,37.70507],[126.9729,37.70501],[126.97272,37.70494],[126.97272,37.70485],[126.97279,37.70481],[126.97286,37.7047],[126.97284,37.70456],[126.973,37.70456],[126.97305,37.70464],[126.97323,37.70469],[126.97327,37.70475],[126.97347,37.70473],[126.9735,37.70459],[126.97362,37.70457],[126.97359,37.70484],[126.9734,37.70486],[126.97338,37.70491],[126.97326,37.70498],[126.97324,37.70509],[126.97328,37.70514],[126.97344,37.70515],[126.97344,37.70535],[126.97348,37.70536],[126.97348,37.70542],[126.97352,37.70545],[126.97352,37.70554],[126.97359,37.70555],[126.97361,37.70558],[126.97374,37.70564],[126.97374,37.70582],[126.97379,37.70582],[126.97381,37.70591],[126.97396,37.70591],[126.97396,37.706],[126.9741,37.70602],[126.97419,37.70611],[126.97418,37.70646],[126.97406,37.70649],[126.97384,37.70649],[126.97379,37.70652],[126.97343,37.7065],[126.97345,37.70641],[126.97384,37.7064],[126.97395,37.70631],[126.97402,37.70631],[126.97405,37.70624],[126.974,37.70613],[126.97387,37.70606],[126.97366,37.70609],[126.97346,37.70608],[126.97337,37.70605],[126.97305,37.70606],[126.97303,37.7061],[126.97292,37.70611],[126.97287,37.7062],[126.97286,37.70633],[126.9728,37.70634],[126.97284,37.70651],[126.97288,37.70651],[126.97293,37.70658],[126.97299,37.70658],[126.97299,37.70669],[126.9729,37.70681],[126.97276,37.70681]],[[126.97308,37.70588],[126.97317,37.70586],[126.97317,37.70579],[126.97299,37.70577],[126.97299,37.70584],[126.97306,37.70584],[126.97308,37.70588]]]}},{"type":"Feature","properties":{"valleyId":"songchu","layer":"canopy","date":"2026-08-01"},"geometry":{"type":"Polygon","coordinates":[[[126.97397,37.70471],[126.97396,37.70456],[126.974,37.70453],[126.97418,37.70455],[126.97418,37.70462],[126.97409,37.70469],[126.97397,37.70471]]]}},{"type":"Feature","properties":{"valleyId":"songchu","layer":"canopy","date":"2026-08-01"},"geometry":{"type":"Polygon","coordinates":[[[126.97751,37.70468],[126.9775,37.70451],[126.97754,37.70448],[126.97768,37.70448],[126.97761,37.70466],[126.97751,37.70468]]]}},{"type":"Feature","properties":{"valleyId":"songchu","layer":"canopy","date":"2026-08-01"},"geometry":{"type":"Polygon","coordinates":[[[126.97963,37.70531],[126.97947,37.70529],[126.97943,37.70518],[126.97925,37.70521],[126.9792,37.70517],[126.9792,37.70508],[126.97916,37.70506],[126.97905,37.70506],[126.97904,37.70515],[126.97895,37.70521],[126.97895,37.70524],[126.97884,37.70526],[126.97875,37.70522],[126.9787,37.70517],[126.97864,37.70516],[126.97863,37.7052],[126.97854,37.7052],[126.97852,37.70516],[126.97821,37.70512],[126.97814,37.70507],[126.97814,37.70503],[126.97807,37.70503],[126.97807,37.70506],[126.97802,37.70508],[126.97791,37.70508],[126.97773,37.70499],[126.97762,37.70498],[126.9776,37.70491],[126.97767,37.70491],[126.97767,37.70482],[126.97772,37.70475],[126.97792,37.70476],[126.97796,37.70479],[126.97808,37.70479],[126.9781,37.70472],[126.97819,37.70471],[126.97824,37.70463],[126.97824,37.70453],[126.9782,37.70451],[126.9782,37.70445],[126.9789,37.70448],[126.97944,37.70464],[126.97946,37.70476],[126.97973,37.70477],[126.97985,37.70486],[126.97998,37.70486],[126.97998,37.70493],[126.97989,37.70501],[126.97989,37.70508],[126.97998,37.70508],[126.98,37.70512],[126.97995,37.70529],[126.97963,37.70531]],[[126.97961,37.70511],[126.97968,37.70511],[126.97968,37.70506],[126.97961,37.70505],[126.97961,37.70511]]]}},{"type":"Feature","properties":{"valleyId":"songchu","layer":"canopy","date":"2026-08-01"},"geometry":{"type":"Polygon","coordinates":[[[126.97637,37.70496],[126.97599,37.70487],[126.97599,37.70479],[126.97615,37.70478],[126.97624,37.70469],[126.9762,37.70446],[126.97612,37.70438],[126.97607,37.70438],[126.97605,37.70434],[126.97594,37.70434],[126.9758,37.70438],[126.97575,37.70443],[126.97559,37.70441],[126.97557,37.70444],[126.97546,37.70444],[126.97546,37.70439],[126.9756,37.70434],[126.97562,37.7043],[126.97576,37.70429],[126.9758,37.70423],[126.97598,37.70424],[126.9761,37.70411],[126.97617,37.70411],[126.97628,37.70406],[126.9764,37.70406],[126.97662,37.70417],[126.9766,37.70426],[126.97646,37.70428],[126.97643,37.70435],[126.97639,37.70437],[126.97639,37.70446],[126.9765,37.70446],[126.9765,37.70442],[126.97655,37.70443],[126.97657,37.70437],[126.97668,37.7043],[126.97669,37.70423],[126.97675,37.70423],[126.9768,37.70429],[126.97684,37.70429],[126.97686,37.70447],[126.97679,37.7045],[126.97672,37.70461],[126.97672,37.70472],[126.97667,37.70479],[126.97658,37.70484],[126.97649,37.70484],[126.97649,37.70489],[126.97653,37.70489],[126.97653,37.70497],[126.97637,37.70496]]]}},{"type":"Feature","properties":{"valleyId":"songchu","layer":"canopy","date":"2026-08-01"},"geometry":{"type":"Polygon","coordinates":[[[126.97443,37.70446],[126.97441,37.70441],[126.97432,37.70437],[126.97433,37.70424],[126.97424,37.70424],[126.97421,37.70433],[126.97387,37.70431],[126.97386,37.70409],[126.97393,37.70402],[126.97399,37.70402],[126.97399,37.70409],[126.97404,37.70413],[126.97428,37.70413],[126.97431,37.70406],[126.97438,37.70401],[126.97452,37.70399],[126.97456,37.70392],[126.97463,37.70391],[126.97463,37.7038],[126.9747,37.7038],[126.97472,37.70393],[126.97477,37.70394],[126.97474,37.70411],[126.97485,37.70413],[126.97485,37.70422],[126.97476,37.70429],[126.97471,37.70443],[126.97466,37.70443],[126.97464,37.70446],[126.97443,37.70446]]]}},{"type":"Feature","properties":{"valleyId":"songchu","layer":"canopy","date":"2026-08-01"},"geometry":{"type":"Polygon","coordinates":[[[126.974,37.70391],[126.97405,37.70363],[126.9741,37.70361],[126.97414,37.70348],[126.97423,37.70348],[126.97425,37.70372],[126.97436,37.70372],[126.97441,37.70378],[126.9745,37.70378],[126.97454,37.7039],[126.97436,37.70392],[126.97427,37.70385],[126.97416,37.70384],[126.97409,37.70391],[126.974,37.70391]]]}}]}
