{"type":"FeatureCollection","metadata":{"description":"개방지(CHM ≤ 2 m)에 드리운 나무·지형 그림자, 2026-08-01 18:00 KST. canopy 위에 겹쳐 그린다","source":"위성 기반 추정 — Copernicus GLO-30 지형(30 m) + Meta/WRI 수관 높이(1 m CHM, 2016 촬영). 그늘 = 수관(CHM > 2 m) ∪ 나무·지형 그림자 ∪ 원거리 지형 마스크. 현장과 다를 수 있음.","datasetVersion":"2026-09-06.0","collectedAt":"2026-09-06","coordinateOrder":"[longitude, latitude]","crs":"EPSG:4326","representativeDate":"2026-08-01","hours":["10:00","11:00","12:00","13:00","14:00","15:00","16:00","17:00","18:00"],"chmAcquisition":["2016-06"],"assets":{"glo30":{"dataset":"Copernicus DEM GLO-30 (COG, s3://copernicus-dem-30m)","tiles":["Copernicus_DSM_COG_10_N37_00_E127_00_DEM"]},"chm":{"dataset":"Meta/WRI Global Canopy Height Map v1 (alsgedi_global_v6_float, 1 m, CC-BY 4.0)","quadkeys":["132110321"],"acquisition":["2016-06"]}},"method":{"gridResM":2,"canopyThresholdM":2,"bufferHalfM":25,"corridorHalfM":200,"simplifyTolM":2,"minAreaM2":25,"coordDecimals":5},"generator":"scripts/shade 0.1.0","builtAt":"2026-09-06T05:58:20Z","layer":"shadow","timeLocal":"18:00"},"features":[{"type":"Feature","properties":{"valleyId":"eobi","layer":"shadow","date":"2026-08-01","timeLocal":"18:00"},"geometry":{"type":"Polygon","coordinates":[[[127.49128,37.61008],[127.49121,37.61006],[127.49119,37.60995],[127.49119,37.60988],[127.49124,37.60988],[127.49124,37.60977],[127.49131,37.60977],[127.4913,37.60988],[127.49135,37.60988],[127.49139,37.60994],[127.49139,37.61006],[127.49128,37.61008]]]}},{"type":"Feature","properties":{"valleyId":"eobi","layer":"shadow","date":"2026-08-01","timeLocal":"18:00"},"geometry":{"type":"Polygon","coordinates":[[[127.49103,37.60984],[127.49103,37.60979],[127.49115,37.60977],[127.49115,37.60984],[127.49103,37.60984]]]}},{"type":"Feature","properties":{"valleyId":"eobi","layer":"shadow","date":"2026-08-01","timeLocal":"18:00"},"geometry":{"type":"Polygon","coordinates":[[[127.4906,37.6098],[127.49056,37.60976],[127.49056,37.60971],[127.49074,37.60971],[127.49074,37.60977],[127.49069,37.6098],[127.4906,37.6098]]]}},{"type":"Feature","properties":{"valleyId":"eobi","layer":"shadow","date":"2026-08-01","timeLocal":"18:00"},"geometry":{"type":"Polygon","coordinates":[[[127.49115,37.60975],[127.4912,37.60954],[127.49129,37.60952],[127.49136,37.60945],[127.49134,37.60932],[127.49179,37.60933],[127.49179,37.60938],[127.49172,37.60944],[127.49145,37.60949],[127.49145,37.60958],[127.49124,37.60963],[127.49124,37.60975],[127.49115,37.60975]]]}},{"type":"Feature","properties":{"valleyId":"eobi","layer":"shadow","date":"2026-08-01","timeLocal":"18:00"},"geometry":{"type":"Polygon","coordinates":[[[127.49107,37.60937],[127.49107,37.60926],[127.49125,37.60929],[127.49125,37.60934],[127.49107,37.60937]]]}},{"type":"Feature","properties":{"valleyId":"eobi","layer":"shadow","date":"2026-08-01","timeLocal":"18:00"},"geometry":{"type":"Polygon","coordinates":[[[127.49123,37.60916],[127.49123,37.60909],[127.49134,37.60909],[127.49132,37.60916],[127.49123,37.60916]]]}},{"type":"Feature","properties":{"valleyId":"eobi","layer":"shadow","date":"2026-08-01","timeLocal":"18:00"},"geometry":{"type":"Polygon","coordinates":[[[127.49137,37.60902],[127.49139,37.60889],[127.49164,37.60889],[127.49164,37.60897],[127.49137,37.60902]]]}},{"type":"Feature","properties":{"valleyId":"eobi","layer":"shadow","date":"2026-08-01","timeLocal":"18:00"},"geometry":{"type":"Polygon","coordinates":[[[127.49189,37.60879],[127.49189,37.60873],[127.49196,37.60874],[127.49196,37.60879],[127.49189,37.60879]]]}},{"type":"Feature","properties":{"valleyId":"eobi","layer":"shadow","date":"2026-08-01","timeLocal":"18:00"},"geometry":{"type":"Polygon","coordinates":[[[127.48999,37.60864],[127.49002,37.60857],[127.49013,37.60857],[127.49011,37.60864],[127.48999,37.60864]]]}},{"type":"Feature","properties":{"valleyId":"eobi","layer":"shadow","date":"2026-08-01","timeLocal":"18:00"},"geometry":{"type":"Polygon","coordinates":[[[127.49149,37.60859],[127.49149,37.6085],[127.49167,37.6085],[127.49167,37.60855],[127.49163,37.60855],[127.4916,37.60859],[127.49149,37.60859]]]}},{"type":"Feature","properties":{"valleyId":"eobi","layer":"shadow","date":"2026-08-01","timeLocal":"18:00"},"geometry":{"type":"Polygon","coordinates":[[[127.49253,37.60854],[127.49253,37.60849],[127.49262,37.60849],[127.49262,37.60855],[127.49253,37.60854]]]}},{"type":"Feature","properties":{"valleyId":"eobi","layer":"shadow","date":"2026-08-01","timeLocal":"18:00"},"geometry":{"type":"Polygon","coordinates":[[[127.49163,37.60841],[127.49163,37.60833],[127.49174,37.60834],[127.49172,37.60841],[127.49163,37.60841]]]}},{"type":"Feature","properties":{"valleyId":"eobi","layer":"shadow","date":"2026-08-01","timeLocal":"18:00"},"geometry":{"type":"Polygon","coordinates":[[[127.4924,37.60836],[127.4924,37.60831],[127.49247,37.60831],[127.49247,37.60836],[127.4924,37.60836]]]}},{"type":"Feature","properties":{"valleyId":"eobi","layer":"shadow","date":"2026-08-01","timeLocal":"18:00"},"geometry":{"type":"Polygon","coordinates":[[[127.49419,37.60835],[127.49419,37.60828],[127.49426,37.60828],[127.49426,37.60835],[127.49419,37.60835]]]}},{"type":"Feature","properties":{"valleyId":"eobi","layer":"shadow","date":"2026-08-01","timeLocal":"18:00"},"geometry":{"type":"Polygon","coordinates":[[[127.49455,37.60835],[127.49458,37.60825],[127.49469,37.60825],[127.49469,37.60832],[127.49464,37.60836],[127.49455,37.60835]]]}},{"type":"Feature","properties":{"valleyId":"eobi","layer":"shadow","date":"2026-08-01","timeLocal":"18:00"},"geometry":{"type":"Polygon","coordinates":[[[127.49399,37.60827],[127.49399,37.60822],[127.49406,37.60822],[127.49406,37.60828],[127.49399,37.60827]]]}},{"type":"Feature","properties":{"valleyId":"eobi","layer":"shadow","date":"2026-08-01","timeLocal":"18:00"},"geometry":{"type":"Polygon","coordinates":[[[127.49385,37.6082],[127.49386,37.60813],[127.49392,37.60813],[127.49392,37.6082],[127.49385,37.6082]]]}},{"type":"Feature","properties":{"valleyId":"eobi","layer":"shadow","date":"2026-08-01","timeLocal":"18:00"},"geometry":{"type":"Polygon","coordinates":[[[127.49172,37.60817],[127.49173,37.6081],[127.49195,37.60809],[127.49195,37.60814],[127.49172,37.60817]]]}},{"type":"Feature","properties":{"valleyId":"eobi","layer":"shadow","date":"2026-08-01","timeLocal":"18:00"},"geometry":{"type":"Polygon","coordinates":[[[127.49204,37.60818],[127.49202,37.60809],[127.49216,37.60809],[127.49216,37.60814],[127.49211,37.60818],[127.49204,37.60818]]]}},{"type":"Feature","properties":{"valleyId":"eobi","layer":"shadow","date":"2026-08-01","timeLocal":"18:00"},"geometry":{"type":"Polygon","coordinates":[[[127.49302,37.60815],[127.493,37.60805],[127.49306,37.60805],[127.49311,37.60816],[127.49302,37.60815]]]}},{"type":"Feature","properties":{"valleyId":"eobi","layer":"shadow","date":"2026-08-01","timeLocal":"18:00"},"geometry":{"type":"Polygon","coordinates":[[[127.49404,37.6081],[127.49402,37.60795],[127.49411,37.60795],[127.49413,37.60808],[127.49404,37.6081]]]}},{"type":"Feature","properties":{"valleyId":"eobi","layer":"shadow","date":"2026-08-01","timeLocal":"18:00"},"geometry":{"type":"Polygon","coordinates":[[[127.49166,37.60779],[127.49167,37.60767],[127.49185,37.60769],[127.49185,37.60776],[127.49166,37.60779]]]}},{"type":"Feature","properties":{"valleyId":"eobi","layer":"shadow","date":"2026-08-01","timeLocal":"18:00"},"geometry":{"type":"Polygon","coordinates":[[[127.49418,37.60777],[127.4942,37.60765],[127.49427,37.60765],[127.49427,37.60777],[127.49418,37.60777]]]}},{"type":"Feature","properties":{"valleyId":"eobi","layer":"shadow","date":"2026-08-01","timeLocal":"18:00"},"geometry":{"type":"Polygon","coordinates":[[[127.4932,37.60781],[127.49321,37.60774],[127.49316,37.60769],[127.49316,37.60762],[127.49323,37.60762],[127.4933,37.60769],[127.49327,37.60781],[127.4932,37.60781]]]}},{"type":"Feature","properties":{"valleyId":"eobi","layer":"shadow","date":"2026-08-01","timeLocal":"18:00"},"geometry":{"type":"Polygon","coordinates":[[[127.49495,37.60787],[127.49493,37.60762],[127.495,37.60762],[127.495,37.60767],[127.49504,37.60771],[127.49504,37.60784],[127.49502,37.60787],[127.49495,37.60787]]]}},{"type":"Feature","properties":{"valleyId":"eobi","layer":"shadow","date":"2026-08-01","timeLocal":"18:00"},"geometry":{"type":"Polygon","coordinates":[[[127.49254,37.60822],[127.49254,37.60811],[127.49261,37.60809],[127.49263,37.60802],[127.4927,37.60802],[127.49268,37.60786],[127.49273,37.60775],[127.4928,37.60775],[127.4928,37.60756],[127.49296,37.60758],[127.493,37.60761],[127.49298,37.6077],[127.49287,37.60772],[127.49277,37.60784],[127.49277,37.60802],[127.49281,37.60803],[127.49281,37.60817],[127.49274,37.60817],[127.49265,37.60822],[127.49254,37.60822]]]}},{"type":"Feature","properties":{"valleyId":"eobi","layer":"shadow","date":"2026-08-01","timeLocal":"18:00"},"geometry":{"type":"Polygon","coordinates":[[[127.49223,37.60795],[127.49223,37.60789],[127.49227,37.60787],[127.49228,37.60775],[127.49235,37.60768],[127.49235,37.60755],[127.49262,37.60755],[127.49262,37.60763],[127.49255,37.60768],[127.4925,37.60768],[127.4925,37.60773],[127.49257,37.60775],[127.49257,37.60781],[127.49248,37.60784],[127.49245,37.60791],[127.49223,37.60795]]]}},{"type":"Feature","properties":{"valleyId":"eobi","layer":"shadow","date":"2026-08-01","timeLocal":"18:00"},"geometry":{"type":"Polygon","coordinates":[[[127.4931,37.60747],[127.4931,37.6074],[127.49317,37.6074],[127.49317,37.60747],[127.4931,37.60747]]]}},{"type":"Feature","properties":{"valleyId":"eobi","layer":"shadow","date":"2026-08-01","timeLocal":"18:00"},"geometry":{"type":"Polygon","coordinates":[[[127.49246,37.60744],[127.49247,37.60739],[127.49253,37.60739],[127.49253,37.60745],[127.49246,37.60744]]]}},{"type":"Feature","properties":{"valleyId":"eobi","layer":"shadow","date":"2026-08-01","timeLocal":"18:00"},"geometry":{"type":"Polygon","coordinates":[[[127.49407,37.60746],[127.49403,37.60741],[127.49403,37.60736],[127.4941,37.60736],[127.4941,37.60739],[127.49414,37.60741],[127.49414,37.60747],[127.49407,37.60746]]]}},{"type":"Feature","properties":{"valleyId":"eobi","layer":"shadow","date":"2026-08-01","timeLocal":"18:00"},"geometry":{"type":"Polygon","coordinates":[[[127.49405,37.60727],[127.49406,37.60719],[127.49412,37.60719],[127.49412,37.60727],[127.49405,37.60727]]]}},{"type":"Feature","properties":{"valleyId":"eobi","layer":"shadow","date":"2026-08-01","timeLocal":"18:00"},"geometry":{"type":"Polygon","coordinates":[[[127.49321,37.60733],[127.49322,37.60726],[127.49326,37.60722],[127.49326,37.60717],[127.49331,37.60715],[127.49331,37.60708],[127.49338,37.60708],[127.49338,37.60719],[127.49342,37.60719],[127.49342,37.60726],[127.49333,37.60727],[127.4933,37.60733],[127.49321,37.60733]]]}},{"type":"Feature","properties":{"valleyId":"eobi","layer":"shadow","date":"2026-08-01","timeLocal":"18:00"},"geometry":{"type":"Polygon","coordinates":[[[127.49263,37.60727],[127.49263,37.60716],[127.4927,37.60714],[127.4927,37.60701],[127.49263,37.60701],[127.49261,37.60689],[127.49288,37.60693],[127.49288,37.60709],[127.49279,37.60711],[127.49279,37.60716],[127.49283,37.60716],[127.49283,37.60723],[127.49276,37.60723],[127.49274,37.60727],[127.49263,37.60727]]]}},{"type":"Feature","properties":{"valleyId":"eobi","layer":"shadow","date":"2026-08-01","timeLocal":"18:00"},"geometry":{"type":"Polygon","coordinates":[[[127.49436,37.60686],[127.49436,37.6068],[127.49445,37.60678],[127.49445,37.60684],[127.49436,37.60686]]]}},{"type":"Feature","properties":{"valleyId":"eobi","layer":"shadow","date":"2026-08-01","timeLocal":"18:00"},"geometry":{"type":"Polygon","coordinates":[[[127.49016,37.60943],[127.49003,37.60929],[127.48985,37.609],[127.48979,37.60876],[127.48983,37.60873],[127.49033,37.60875],[127.49038,37.60879],[127.49037,37.60886],[127.49049,37.60884],[127.49058,37.60852],[127.49049,37.60852],[127.49049,37.60855],[127.49045,37.60855],[127.49045,37.60859],[127.49038,37.60864],[127.49031,37.60864],[127.49029,37.60844],[127.49034,37.60844],[127.49036,37.60839],[127.49059,37.60834],[127.49068,37.60825],[127.49073,37.60825],[127.49079,37.6082],[127.4908,37.60802],[127.49091,37.608],[127.49094,37.60786],[127.49098,37.60782],[127.49099,37.60768],[127.49081,37.6076],[127.49069,37.6076],[127.49058,37.60773],[127.49033,37.60771],[127.49028,37.60765],[127.49022,37.60763],[127.49022,37.6076],[127.49015,37.60754],[127.49004,37.60752],[127.49002,37.60745],[127.49009,37.6074],[127.4902,37.6072],[127.49029,37.6072],[127.49049,37.60735],[127.49061,37.60735],[127.49061,37.60729],[127.4907,37.60722],[127.49077,37.60722],[127.49077,37.6071],[127.49082,37.60708],[127.49089,37.60694],[127.49098,37.60687],[127.49101,37.60672],[127.49121,37.60671],[127.49121,37.60682],[127.49116,37.60683],[127.49116,37.60687],[127.49112,37.60687],[127.49114,37.60701],[127.49107,37.60701],[127.49107,37.60708],[127.49113,37.6071],[127.49113,37.60716],[127.49104,37.60721],[127.49093,37.60721],[127.4909,37.60737],[127.49095,37.60737],[127.49097,37.60744],[127.49122,37.60746],[127.49128,37.60752],[127.49138,37.60752],[127.49137,37.60761],[127.49155,37.60768],[127.49157,37.60781],[127.49164,37.60781],[127.49164,37.60788],[127.49157,37.60797],[127.49146,37.60799],[127.49143,37.60819],[127.49136,37.60821],[127.49136,37.60833],[127.49118,37.60833],[127.49113,37.60836],[127.49104,37.60836],[127.49101,37.6086],[127.49076,37.60859],[127.49076,37.60865],[127.49069,37.60867],[127.49069,37.60872],[127.49076,37.60872],[127.49076,37.60876],[127.49081,37.60876],[127.4908,37.60883],[127.49074,37.60888],[127.49064,37.6089],[127.4906,37.60895],[127.49051,37.60897],[127.49048,37.60906],[127.49041,37.60908],[127.49039,37.60931],[127.49025,37.60936],[127.49023,37.60943],[127.49016,37.60943]],[[127.49026,37.60897],[127.49035,37.60897],[127.49035,37.6089],[127.49028,37.60889],[127.49026,37.60897]],[[127.49134,37.60799],[127.49143,37.60799],[127.49143,37.60792],[127.49137,37.60792],[127.49134,37.60799]],[[127.49054,37.6076],[127.4906,37.6076],[127.49058,37.60751],[127.49051,37.60751],[127.49054,37.6076]]]}},{"type":"Feature","properties":{"valleyId":"eobi","layer":"shadow","date":"2026-08-01","timeLocal":"18:00"},"geometry":{"type":"Polygon","coordinates":[[[127.49288,37.60685],[127.49289,37.60678],[127.49295,37.60678],[127.49295,37.60673],[127.49302,37.60673],[127.49297,37.60684],[127.49288,37.60685]]]}},{"type":"Feature","properties":{"valleyId":"eobi","layer":"shadow","date":"2026-08-01","timeLocal":"18:00"},"geometry":{"type":"Polygon","coordinates":[[[127.49563,37.60667],[127.49563,37.60662],[127.49572,37.60662],[127.49572,37.60667],[127.49563,37.60667]]]}},{"type":"Feature","properties":{"valleyId":"eobi","layer":"shadow","date":"2026-08-01","timeLocal":"18:00"},"geometry":{"type":"Polygon","coordinates":[[[127.4945,37.60664],[127.49448,37.60657],[127.49457,37.60657],[127.49456,37.60664],[127.4945,37.60664]]]}},{"type":"Feature","properties":{"valleyId":"eobi","layer":"shadow","date":"2026-08-01","timeLocal":"18:00"},"geometry":{"type":"Polygon","coordinates":[[[127.49309,37.60668],[127.49305,37.60653],[127.49312,37.60653],[127.49314,37.60648],[127.49321,37.60648],[127.49323,37.60664],[127.49318,37.60668],[127.49309,37.60668]]]}},{"type":"Feature","properties":{"valleyId":"eobi","layer":"shadow","date":"2026-08-01","timeLocal":"18:00"},"geometry":{"type":"Polygon","coordinates":[[[127.49328,37.60645],[127.49328,37.60639],[127.49337,37.60639],[127.49337,37.60645],[127.49328,37.60645]]]}},{"type":"Feature","properties":{"valleyId":"eobi","layer":"shadow","date":"2026-08-01","timeLocal":"18:00"},"geometry":{"type":"Polygon","coordinates":[[[127.49479,37.60646],[127.4948,37.60639],[127.49486,37.60639],[127.49489,37.60647],[127.49479,37.60646]]]}},{"type":"Feature","properties":{"valleyId":"eobi","layer":"shadow","date":"2026-08-01","timeLocal":"18:00"},"geometry":{"type":"Polygon","coordinates":[[[127.49581,37.60644],[127.49575,37.6064],[127.49575,37.60635],[127.49591,37.60635],[127.49588,37.60644],[127.49581,37.60644]]]}},{"type":"Feature","properties":{"valleyId":"eobi","layer":"shadow","date":"2026-08-01","timeLocal":"18:00"},"geometry":{"type":"Polygon","coordinates":[[[127.49296,37.60642],[127.49292,37.6063],[127.49292,37.60621],[127.49299,37.60621],[127.49303,37.60632],[127.49303,37.60642],[127.49296,37.60642]]]}},{"type":"Feature","properties":{"valleyId":"eobi","layer":"shadow","date":"2026-08-01","timeLocal":"18:00"},"geometry":{"type":"Polygon","coordinates":[[[127.49179,37.60617],[127.49174,37.60614],[127.49174,37.60608],[127.49183,37.60607],[127.49186,37.60617],[127.49179,37.60617]]]}},{"type":"Feature","properties":{"valleyId":"eobi","layer":"shadow","date":"2026-08-01","timeLocal":"18:00"},"geometry":{"type":"Polygon","coordinates":[[[127.4958,37.60617],[127.4958,37.6061],[127.49589,37.6061],[127.49589,37.60615],[127.4958,37.60617]]]}},{"type":"Feature","properties":{"valleyId":"eobi","layer":"shadow","date":"2026-08-01","timeLocal":"18:00"},"geometry":{"type":"Polygon","coordinates":[[[127.49576,37.60597],[127.49576,37.60592],[127.49583,37.60592],[127.49582,37.60597],[127.49576,37.60597]]]}},{"type":"Feature","properties":{"valleyId":"eobi","layer":"shadow","date":"2026-08-01","timeLocal":"18:00"},"geometry":{"type":"Polygon","coordinates":[[[127.49386,37.60588],[127.49382,37.60548],[127.49373,37.60533],[127.49373,37.60523],[127.49365,37.60499],[127.49378,37.60499],[127.49387,37.60506],[127.49393,37.60537],[127.494,37.60537],[127.49401,37.60498],[127.49395,37.60462],[127.49411,37.6046],[127.4942,37.60462],[127.49414,37.60501],[127.49408,37.60505],[127.49412,37.60528],[127.49409,37.60541],[127.49402,37.60543],[127.49402,37.60552],[127.49398,37.60552],[127.49393,37.60559],[127.49392,37.60588],[127.49386,37.60588]]]}},{"type":"Feature","properties":{"valleyId":"eobi","layer":"shadow","date":"2026-08-01","timeLocal":"18:00"},"geometry":{"type":"Polygon","coordinates":[[[127.49411,37.60449],[127.49411,37.60444],[127.49418,37.60444],[127.49418,37.60449],[127.49411,37.60449]]]}},{"type":"Feature","properties":{"valleyId":"eobi","layer":"shadow","date":"2026-08-01","timeLocal":"18:00"},"geometry":{"type":"Polygon","coordinates":[[[127.49556,37.60446],[127.49554,37.60437],[127.49563,37.60437],[127.49565,37.60446],[127.49556,37.60446]]]}},{"type":"Feature","properties":{"valleyId":"eobi","layer":"shadow","date":"2026-08-01","timeLocal":"18:00"},"geometry":{"type":"Polygon","coordinates":[[[127.49418,37.60433],[127.49418,37.60429],[127.49411,37.60427],[127.49412,37.60422],[127.49423,37.60422],[127.49425,37.60433],[127.49418,37.60433]]]}},{"type":"Feature","properties":{"valleyId":"eobi","layer":"shadow","date":"2026-08-01","timeLocal":"18:00"},"geometry":{"type":"Polygon","coordinates":[[[127.49356,37.60456],[127.49361,37.60445],[127.4936,37.60405],[127.49364,37.60405],[127.49367,37.60394],[127.49374,37.60389],[127.49372,37.60378],[127.49378,37.60378],[127.49378,37.60382],[127.49396,37.60382],[127.49396,37.60388],[127.4938,37.60391],[127.4938,37.60398],[127.49376,37.604],[127.49376,37.60407],[127.4938,37.60409],[127.49377,37.60429],[127.49384,37.60433],[127.49384,37.60438],[127.49377,37.60441],[127.49375,37.60452],[127.49356,37.60456]]]}},{"type":"Feature","properties":{"valleyId":"eobi","layer":"shadow","date":"2026-08-01","timeLocal":"18:00"},"geometry":{"type":"Polygon","coordinates":[[[127.49526,37.60377],[127.49526,37.60371],[127.49533,37.60371],[127.49533,37.60377],[127.49526,37.60377]]]}},{"type":"Feature","properties":{"valleyId":"eobi","layer":"shadow","date":"2026-08-01","timeLocal":"18:00"},"geometry":{"type":"Polygon","coordinates":[[[127.49376,37.60375],[127.49376,37.60362],[127.49392,37.60364],[127.49392,37.60373],[127.49376,37.60375]]]}},{"type":"Feature","properties":{"valleyId":"eobi","layer":"shadow","date":"2026-08-01","timeLocal":"18:00"},"geometry":{"type":"Polygon","coordinates":[[[127.49537,37.60371],[127.49537,37.60362],[127.49549,37.60363],[127.49546,37.60372],[127.49537,37.60371]]]}},{"type":"Feature","properties":{"valleyId":"eobi","layer":"shadow","date":"2026-08-01","timeLocal":"18:00"},"geometry":{"type":"Polygon","coordinates":[[[127.49211,37.60364],[127.49211,37.60358],[127.49218,37.60358],[127.49218,37.60364],[127.49211,37.60364]]]}},{"type":"Feature","properties":{"valleyId":"eobi","layer":"shadow","date":"2026-08-01","timeLocal":"18:00"},"geometry":{"type":"Polygon","coordinates":[[[127.49345,37.60351],[127.49345,37.60342],[127.49354,37.60342],[127.49354,37.60349],[127.49345,37.60351]]]}},{"type":"Feature","properties":{"valleyId":"eobi","layer":"shadow","date":"2026-08-01","timeLocal":"18:00"},"geometry":{"type":"Polygon","coordinates":[[[127.49437,37.6039],[127.49442,37.60368],[127.4944,37.60361],[127.49435,37.60361],[127.49433,37.60347],[127.49438,37.60343],[127.49445,37.60343],[127.49445,37.60354],[127.49449,37.60354],[127.49449,37.60361],[127.49456,37.60363],[127.49456,37.60369],[127.49453,37.60379],[127.49446,37.60381],[127.49446,37.60388],[127.49437,37.6039]]]}},{"type":"Feature","properties":{"valleyId":"eobi","layer":"shadow","date":"2026-08-01","timeLocal":"18:00"},"geometry":{"type":"Polygon","coordinates":[[[127.49403,37.60382],[127.49403,37.60379],[127.49399,37.60379],[127.49399,37.6037],[127.49404,37.6037],[127.49404,37.60361],[127.49408,37.60359],[127.49409,37.60343],[127.49418,37.60341],[127.4942,37.60348],[127.49415,37.6035],[127.49415,37.60355],[127.49426,37.60356],[127.49429,37.60359],[127.49433,37.60359],[127.49433,37.60365],[127.49406,37.6037],[127.49406,37.60375],[127.49417,37.60377],[127.49417,37.60382],[127.49403,37.60382]]]}},{"type":"Feature","properties":{"valleyId":"eobi","layer":"shadow","date":"2026-08-01","timeLocal":"18:00"},"geometry":{"type":"Polygon","coordinates":[[[127.49357,37.6034],[127.49357,37.60335],[127.49366,37.60335],[127.49366,37.6034],[127.49357,37.6034]]]}},{"type":"Feature","properties":{"valleyId":"eobi","layer":"shadow","date":"2026-08-01","timeLocal":"18:00"},"geometry":{"type":"Polygon","coordinates":[[[127.49456,37.60334],[127.49456,37.60327],[127.49445,37.60325],[127.49436,37.60325],[127.49436,37.6033],[127.49425,37.60332],[127.49423,37.60318],[127.49463,37.60316],[127.49465,37.60331],[127.49463,37.60334],[127.49456,37.60334]]]}},{"type":"Feature","properties":{"valleyId":"eobi","layer":"shadow","date":"2026-08-01","timeLocal":"18:00"},"geometry":{"type":"Polygon","coordinates":[[[127.4948,37.60302],[127.4948,37.60295],[127.49489,37.60295],[127.49489,37.603],[127.4948,37.60302]]]}},{"type":"Feature","properties":{"valleyId":"eobi","layer":"shadow","date":"2026-08-01","timeLocal":"18:00"},"geometry":{"type":"Polygon","coordinates":[[[127.49471,37.60297],[127.49471,37.60291],[127.49478,37.60291],[127.49477,37.60297],[127.49471,37.60297]]]}},{"type":"Feature","properties":{"valleyId":"eobi","layer":"shadow","date":"2026-08-01","timeLocal":"18:00"},"geometry":{"type":"Polygon","coordinates":[[[127.49496,37.60288],[127.49496,37.60283],[127.49503,37.60283],[127.49503,37.60288],[127.49496,37.60288]]]}},{"type":"Feature","properties":{"valleyId":"eobi","layer":"shadow","date":"2026-08-01","timeLocal":"18:00"},"geometry":{"type":"Polygon","coordinates":[[[127.49648,37.6029],[127.49641,37.60283],[127.49641,37.60277],[127.49657,37.60279],[127.49654,37.6029],[127.49648,37.6029]]]}},{"type":"Feature","properties":{"valleyId":"eobi","layer":"shadow","date":"2026-08-01","timeLocal":"18:00"},"geometry":{"type":"Polygon","coordinates":[[[127.49503,37.60281],[127.49503,37.60272],[127.49516,37.60274],[127.49516,37.60279],[127.49503,37.60281]]]}},{"type":"Feature","properties":{"valleyId":"eobi","layer":"shadow","date":"2026-08-01","timeLocal":"18:00"},"geometry":{"type":"Polygon","coordinates":[[[127.49473,37.60273],[127.49474,37.60266],[127.4948,37.60266],[127.4948,37.60273],[127.49473,37.60273]]]}},{"type":"Feature","properties":{"valleyId":"eobi","layer":"shadow","date":"2026-08-01","timeLocal":"18:00"},"geometry":{"type":"Polygon","coordinates":[[[127.49521,37.6027],[127.49521,37.60261],[127.4953,37.60261],[127.49532,37.6027],[127.49521,37.6027]]]}},{"type":"Feature","properties":{"valleyId":"eobi","layer":"shadow","date":"2026-08-01","timeLocal":"18:00"},"geometry":{"type":"Polygon","coordinates":[[[127.49557,37.60264],[127.49558,37.60258],[127.49564,37.60258],[127.49564,37.60264],[127.49557,37.60264]]]}},{"type":"Feature","properties":{"valleyId":"eobi","layer":"shadow","date":"2026-08-01","timeLocal":"18:00"},"geometry":{"type":"Polygon","coordinates":[[[127.49549,37.60244],[127.49549,37.60235],[127.49558,37.60235],[127.49558,37.60244],[127.49549,37.60244]]]}},{"type":"Feature","properties":{"valleyId":"eobi","layer":"shadow","date":"2026-08-01","timeLocal":"18:00"},"geometry":{"type":"Polygon","coordinates":[[[127.49361,37.60236],[127.49361,37.60229],[127.4937,37.60229],[127.4937,37.60234],[127.49361,37.60236]]]}},{"type":"Feature","properties":{"valleyId":"eobi","layer":"shadow","date":"2026-08-01","timeLocal":"18:00"},"geometry":{"type":"Polygon","coordinates":[[[127.49382,37.60292],[127.49378,37.60285],[127.49378,37.60272],[127.49367,37.60263],[127.49367,37.60257],[127.49354,37.60257],[127.49349,37.60254],[127.49349,37.60248],[127.49365,37.60248],[127.4937,37.60254],[127.49376,37.60254],[127.49381,37.60243],[127.49382,37.60225],[127.49388,37.60225],[127.49388,37.60231],[127.49411,37.60231],[127.49408,37.60245],[127.49395,37.60249],[127.49395,37.60252],[127.49385,37.60252],[127.49388,37.60263],[127.49394,37.60263],[127.49401,37.60269],[127.4941,37.60269],[127.4941,37.6028],[127.49403,37.6028],[127.49401,37.60289],[127.49382,37.60292]]]}},{"type":"Feature","properties":{"valleyId":"eobi","layer":"shadow","date":"2026-08-01","timeLocal":"18:00"},"geometry":{"type":"Polygon","coordinates":[[[127.49415,37.60253],[127.49415,37.6024],[127.49424,37.60238],[127.49425,37.60226],[127.49443,37.60226],[127.49438,37.60249],[127.49415,37.60253]]]}},{"type":"Feature","properties":{"valleyId":"eobi","layer":"shadow","date":"2026-08-01","timeLocal":"18:00"},"geometry":{"type":"Polygon","coordinates":[[[127.49383,37.60353],[127.49384,37.60315],[127.49391,37.60315],[127.49391,37.60305],[127.49403,37.60305],[127.49407,37.60301],[127.4941,37.60292],[127.49419,37.60289],[127.49419,37.60283],[127.49428,37.60278],[127.49428,37.60274],[127.49437,37.60271],[127.49449,37.60262],[127.49449,37.60259],[127.49453,37.60259],[127.4946,37.60253],[127.49456,37.60235],[127.49461,37.6023],[127.49461,37.60221],[127.49468,37.60221],[127.49474,37.60226],[127.49472,37.60239],[127.49481,37.60241],[127.49481,37.60246],[127.49474,37.60252],[127.49474,37.60261],[127.49465,37.60262],[127.49464,37.60268],[127.49451,37.60268],[127.49448,37.60275],[127.49437,37.60278],[127.49437,37.60287],[127.49441,37.60287],[127.49441,37.60293],[127.49437,37.60293],[127.49437,37.603],[127.49423,37.60301],[127.49421,37.6031],[127.49407,37.6031],[127.49407,37.60319],[127.49402,37.60321],[127.49402,37.60326],[127.49409,37.60328],[127.49409,37.60334],[127.49402,37.60337],[127.49393,37.60337],[127.49393,37.60343],[127.494,37.60343],[127.49402,37.6035],[127.49383,37.60353]],[[127.49423,37.60294],[127.4943,37.60294],[127.4943,37.60289],[127.49423,37.60289],[127.49423,37.60294]]]}},{"type":"Feature","properties":{"valleyId":"eobi","layer":"shadow","date":"2026-08-01","timeLocal":"18:00"},"geometry":{"type":"Polygon","coordinates":[[[127.49565,37.6022],[127.49565,37.60215],[127.49572,37.60215],[127.49572,37.6022],[127.49565,37.6022]]]}},{"type":"Feature","properties":{"valleyId":"eobi","layer":"shadow","date":"2026-08-01","timeLocal":"18:00"},"geometry":{"type":"Polygon","coordinates":[[[127.49604,37.6021],[127.49604,37.60201],[127.49615,37.60201],[127.49615,37.60207],[127.49611,37.6021],[127.49604,37.6021]]]}},{"type":"Feature","properties":{"valleyId":"eobi","layer":"shadow","date":"2026-08-01","timeLocal":"18:00"},"geometry":{"type":"Polygon","coordinates":[[[127.49375,37.60216],[127.49375,37.602],[127.49393,37.60204],[127.49393,37.60195],[127.49405,37.60195],[127.49405,37.60202],[127.494,37.60202],[127.494,37.60209],[127.49395,37.60209],[127.49395,37.60213],[127.49384,37.60213],[127.49384,37.60216],[127.49375,37.60216]]]}},{"type":"Feature","properties":{"valleyId":"eobi","layer":"shadow","date":"2026-08-01","timeLocal":"18:00"},"geometry":{"type":"Polygon","coordinates":[[[127.49459,37.6021],[127.49457,37.60197],[127.49468,37.60197],[127.49468,37.60192],[127.49475,37.60192],[127.49477,37.60203],[127.4947,37.60203],[127.4947,37.6021],[127.49459,37.6021]]]}},{"type":"Feature","properties":{"valleyId":"eobi","layer":"shadow","date":"2026-08-01","timeLocal":"18:00"},"geometry":{"type":"Polygon","coordinates":[[[127.49412,37.60193],[127.49412,37.60188],[127.49419,37.60188],[127.49418,37.60193],[127.49412,37.60193]]]}},{"type":"Feature","properties":{"valleyId":"eobi","layer":"shadow","date":"2026-08-01","timeLocal":"18:00"},"geometry":{"type":"Polygon","coordinates":[[[127.4972,37.60199],[127.49715,37.60195],[127.49715,37.6019],[127.49722,37.6019],[127.49727,37.60194],[127.49726,37.60199],[127.4972,37.60199]]]}},{"type":"Feature","properties":{"valleyId":"eobi","layer":"shadow","date":"2026-08-01","timeLocal":"18:00"},"geometry":{"type":"Polygon","coordinates":[[[127.49344,37.60192],[127.49342,37.60183],[127.49355,37.60185],[127.49353,37.60192],[127.49344,37.60192]]]}},{"type":"Feature","properties":{"valleyId":"eobi","layer":"shadow","date":"2026-08-01","timeLocal":"18:00"},"geometry":{"type":"Polygon","coordinates":[[[127.49574,37.60211],[127.49574,37.60208],[127.49563,37.60197],[127.49563,37.60191],[127.49573,37.60188],[127.49573,37.60177],[127.4958,37.60177],[127.49579,37.60181],[127.49589,37.60181],[127.49588,37.60186],[127.49577,37.60188],[127.49579,37.60201],[127.49586,37.60203],[127.49586,37.60208],[127.49581,37.60212],[127.49574,37.60211]]]}},{"type":"Feature","properties":{"valleyId":"eobi","layer":"shadow","date":"2026-08-01","timeLocal":"18:00"},"geometry":{"type":"Polygon","coordinates":[[[127.49385,37.60182],[127.49385,37.60175],[127.49396,37.60175],[127.49396,37.60182],[127.49385,37.60182]]]}},{"type":"Feature","properties":{"valleyId":"eobi","layer":"shadow","date":"2026-08-01","timeLocal":"18:00"},"geometry":{"type":"Polygon","coordinates":[[[127.49709,37.60184],[127.49709,37.60179],[127.49715,37.60179],[127.49715,37.60184],[127.49709,37.60184]]]}},{"type":"Feature","properties":{"valleyId":"eobi","layer":"shadow","date":"2026-08-01","timeLocal":"18:00"},"geometry":{"type":"Polygon","coordinates":[[[127.4974,37.60183],[127.49738,37.60176],[127.49745,37.60176],[127.49747,37.60183],[127.4974,37.60183]]]}},{"type":"Feature","properties":{"valleyId":"eobi","layer":"shadow","date":"2026-08-01","timeLocal":"18:00"},"geometry":{"type":"Polygon","coordinates":[[[127.4948,37.60176],[127.4948,37.60171],[127.49487,37.60171],[127.49487,37.60176],[127.4948,37.60176]]]}},{"type":"Feature","properties":{"valleyId":"eobi","layer":"shadow","date":"2026-08-01","timeLocal":"18:00"},"geometry":{"type":"Polygon","coordinates":[[[127.49751,37.60203],[127.49749,37.60194],[127.49758,37.60192],[127.49756,37.60172],[127.49763,37.60172],[127.49763,37.60183],[127.4977,37.60187],[127.4977,37.60194],[127.49765,37.60194],[127.49765,37.60203],[127.49751,37.60203]]]}},{"type":"Feature","properties":{"valleyId":"eobi","layer":"shadow","date":"2026-08-01","timeLocal":"18:00"},"geometry":{"type":"Polygon","coordinates":[[[127.49722,37.60174],[127.49723,37.60166],[127.49734,37.60167],[127.49734,37.60174],[127.49722,37.60174]]]}},{"type":"Feature","properties":{"valleyId":"eobi","layer":"shadow","date":"2026-08-01","timeLocal":"18:00"},"geometry":{"type":"Polygon","coordinates":[[[127.49684,37.6017],[127.49682,37.60162],[127.49693,37.60162],[127.49693,37.60168],[127.49684,37.6017]]]}},{"type":"Feature","properties":{"valleyId":"eobi","layer":"shadow","date":"2026-08-01","timeLocal":"18:00"},"geometry":{"type":"Polygon","coordinates":[[[127.49457,37.60179],[127.49457,37.60174],[127.49444,37.60174],[127.49437,37.60166],[127.49437,37.60157],[127.49442,37.60154],[127.49462,37.60156],[127.49462,37.60163],[127.49458,37.60163],[127.49457,37.60172],[127.49464,37.60172],[127.49464,37.60179],[127.49457,37.60179]]]}},{"type":"Feature","properties":{"valleyId":"eobi","layer":"shadow","date":"2026-08-01","timeLocal":"18:00"},"geometry":{"type":"Polygon","coordinates":[[[127.49745,37.60163],[127.49745,37.60158],[127.49752,37.60158],[127.49752,37.60163],[127.49745,37.60163]]]}},{"type":"Feature","properties":{"valleyId":"eobi","layer":"shadow","date":"2026-08-01","timeLocal":"18:00"},"geometry":{"type":"Polygon","coordinates":[[[127.49768,37.60156],[127.49768,37.60145],[127.49777,37.60146],[127.49775,37.60156],[127.49768,37.60156]]]}},{"type":"Feature","properties":{"valleyId":"eobi","layer":"shadow","date":"2026-08-01","timeLocal":"18:00"},"geometry":{"type":"Polygon","coordinates":[[[127.49598,37.60176],[127.49598,37.60165],[127.49603,37.60163],[127.49603,37.60156],[127.49589,37.60154],[127.49585,37.6015],[127.49585,37.60143],[127.49612,37.60145],[127.49612,37.60149],[127.49619,37.60151],[127.49621,37.60162],[127.49612,37.60165],[127.49611,37.6017],[127.49607,37.6017],[127.49605,37.60176],[127.49598,37.60176]]]}},{"type":"Feature","properties":{"valleyId":"eobi","layer":"shadow","date":"2026-08-01","timeLocal":"18:00"},"geometry":{"type":"Polygon","coordinates":[[[127.49725,37.60152],[127.49723,37.60143],[127.49732,37.60143],[127.49732,37.60152],[127.49725,37.60152]]]}},{"type":"Feature","properties":{"valleyId":"eobi","layer":"shadow","date":"2026-08-01","timeLocal":"18:00"},"geometry":{"type":"Polygon","coordinates":[[[127.49419,37.60173],[127.49419,37.60164],[127.4941,37.60164],[127.49413,37.60144],[127.49417,37.60145],[127.49417,37.60139],[127.49424,37.60139],[127.49426,37.60134],[127.49433,37.60134],[127.49431,37.60145],[127.49424,37.60148],[127.49428,37.60172],[127.49419,37.60173]]]}},{"type":"Feature","properties":{"valleyId":"eobi","layer":"shadow","date":"2026-08-01","timeLocal":"18:00"},"geometry":{"type":"Polygon","coordinates":[[[127.4958,37.60132],[127.49581,37.60127],[127.49587,37.60127],[127.49587,37.60132],[127.4958,37.60132]]]}},{"type":"Feature","properties":{"valleyId":"eobi","layer":"shadow","date":"2026-08-01","timeLocal":"18:00"},"geometry":{"type":"Polygon","coordinates":[[[127.49516,37.60175],[127.49514,37.6016],[127.49521,37.6016],[127.49523,37.60155],[127.4953,37.60155],[127.49535,37.60142],[127.49535,37.60124],[127.49542,37.60125],[127.49549,37.60132],[127.49551,37.6015],[127.49544,37.6015],[127.49537,37.60153],[127.49537,37.60157],[127.49532,37.60157],[127.49532,37.60175],[127.49516,37.60175]]]}},{"type":"Feature","properties":{"valleyId":"eobi","layer":"shadow","date":"2026-08-01","timeLocal":"18:00"},"geometry":{"type":"Polygon","coordinates":[[[127.49478,37.60147],[127.49465,37.60142],[127.49456,37.60141],[127.49454,37.60118],[127.49474,37.60118],[127.4949,37.60124],[127.4949,37.60129],[127.49483,37.60129],[127.49479,37.60133],[127.49478,37.60138],[127.49483,37.60138],[127.49485,37.60142],[127.49485,37.60147],[127.49478,37.60147]]]}},{"type":"Feature","properties":{"valleyId":"eobi","layer":"shadow","date":"2026-08-01","timeLocal":"18:00"},"geometry":{"type":"Polygon","coordinates":[[[127.49514,37.60153],[127.49496,37.60142],[127.49497,37.60137],[127.49501,37.60135],[127.49501,37.60122],[127.49506,37.6012],[127.49506,37.60106],[127.49513,37.60103],[127.49513,37.60099],[127.4952,37.60099],[127.49524,37.6011],[127.49529,37.60112],[127.49529,37.60117],[127.49517,37.60121],[127.49519,37.60131],[127.4951,37.60133],[127.4951,37.60142],[127.49521,37.60144],[127.49521,37.60153],[127.49514,37.60153]]]}},{"type":"Feature","properties":{"valleyId":"eobi","layer":"shadow","date":"2026-08-01","timeLocal":"18:00"},"geometry":{"type":"Polygon","coordinates":[[[127.49633,37.60102],[127.49633,37.6009],[127.49647,37.6009],[127.49649,37.60099],[127.49645,37.60099],[127.49642,37.60102],[127.49633,37.60102]]]}},{"type":"Feature","properties":{"valleyId":"eobi","layer":"shadow","date":"2026-08-01","timeLocal":"18:00"},"geometry":{"type":"Polygon","coordinates":[[[127.49726,37.60096],[127.49726,37.60091],[127.49733,37.60091],[127.49733,37.60096],[127.49726,37.60096]]]}},{"type":"Feature","properties":{"valleyId":"eobi","layer":"shadow","date":"2026-08-01","timeLocal":"18:00"},"geometry":{"type":"Polygon","coordinates":[[[127.49706,37.60085],[127.49706,37.60076],[127.49718,37.60076],[127.49717,37.60082],[127.49713,37.60085],[127.49706,37.60085]]]}},{"type":"Feature","properties":{"valleyId":"eobi","layer":"shadow","date":"2026-08-01","timeLocal":"18:00"},"geometry":{"type":"Polygon","coordinates":[[[127.49756,37.6007],[127.49756,37.60064],[127.49765,37.60064],[127.49765,37.6007],[127.49756,37.6007]]]}},{"type":"Feature","properties":{"valleyId":"eobi","layer":"shadow","date":"2026-08-01","timeLocal":"18:00"},"geometry":{"type":"Polygon","coordinates":[[[127.49704,37.60071],[127.497,37.60067],[127.497,37.6006],[127.49711,37.6006],[127.49711,37.60071],[127.49704,37.60071]]]}},{"type":"Feature","properties":{"valleyId":"eobi","layer":"shadow","date":"2026-08-01","timeLocal":"18:00"},"geometry":{"type":"Polygon","coordinates":[[[127.49482,37.60062],[127.49482,37.60055],[127.49489,37.60055],[127.49489,37.60063],[127.49482,37.60062]]]}},{"type":"Feature","properties":{"valleyId":"eobi","layer":"shadow","date":"2026-08-01","timeLocal":"18:00"},"geometry":{"type":"Polygon","coordinates":[[[127.49731,37.60067],[127.49734,37.60053],[127.49745,37.60055],[127.49745,37.60064],[127.4974,37.60064],[127.4974,37.60068],[127.49731,37.60067]]]}},{"type":"Feature","properties":{"valleyId":"eobi","layer":"shadow","date":"2026-08-01","timeLocal":"18:00"},"geometry":{"type":"Polygon","coordinates":[[[127.49506,37.6023],[127.49506,37.60225],[127.49511,37.60225],[127.49513,37.6022],[127.49522,37.60216],[127.49522,37.60211],[127.49536,37.602],[127.49541,37.60184],[127.49548,37.60179],[127.49548,37.60164],[127.49555,37.60157],[127.49553,37.60146],[127.49558,37.60146],[127.49558,37.60136],[127.49553,37.60132],[127.49551,37.60116],[127.49536,37.60087],[127.49529,37.60086],[127.49527,37.60094],[127.49518,37.60094],[127.49507,37.60081],[127.49495,37.60079],[127.49496,37.60072],[127.495,37.60072],[127.495,37.60063],[127.49505,37.60063],[127.49505,37.60054],[127.4951,37.60052],[127.4951,37.60041],[127.49535,37.60041],[127.49535,37.60047],[127.49519,37.6005],[127.49519,37.60056],[127.4953,37.60056],[127.49532,37.60074],[127.49525,37.60074],[127.49525,37.6007],[127.49518,37.60068],[127.49518,37.60063],[127.49512,37.60063],[127.49511,37.60074],[127.4952,37.60079],[127.49541,37.60081],[127.49547,37.6009],[127.4957,37.60094],[127.4957,37.60103],[127.49565,37.60107],[127.49565,37.60128],[127.49574,37.60136],[127.49578,37.60136],[127.49578,37.60143],[127.49564,37.60143],[127.49564,37.60148],[127.49569,37.6015],[127.49571,37.6017],[127.49555,37.60184],[127.49554,37.60199],[127.4955,37.60199],[127.49538,37.60207],[127.49536,37.60216],[127.49522,37.60229],[127.49506,37.6023]]]}},{"type":"Feature","properties":{"valleyId":"eobi","layer":"shadow","date":"2026-08-01","timeLocal":"18:00"},"geometry":{"type":"Polygon","coordinates":[[[127.49695,37.60051],[127.49696,37.60044],[127.49702,37.60044],[127.49702,37.60051],[127.49695,37.60051]]]}},{"type":"Feature","properties":{"valleyId":"eobi","layer":"shadow","date":"2026-08-01","timeLocal":"18:00"},"geometry":{"type":"Polygon","coordinates":[[[127.49585,37.60123],[127.49583,37.60105],[127.49579,37.601],[127.49579,37.60087],[127.49575,37.6008],[127.49577,37.60064],[127.49566,37.60051],[127.49564,37.6004],[127.49555,37.60038],[127.49553,37.60031],[127.49569,37.60031],[127.49593,37.60062],[127.49591,37.60073],[127.49597,37.6008],[127.49597,37.60086],[127.49593,37.60087],[127.49593,37.60096],[127.49597,37.60096],[127.49608,37.60106],[127.49608,37.60116],[127.49594,37.6012],[127.49592,37.60123],[127.49585,37.60123]]]}},{"type":"Feature","properties":{"valleyId":"eobi","layer":"shadow","date":"2026-08-01","timeLocal":"18:00"},"geometry":{"type":"Polygon","coordinates":[[[127.49734,37.60039],[127.49734,37.60024],[127.49741,37.60022],[127.49748,37.60015],[127.49755,37.60015],[127.49755,37.6003],[127.49746,37.60033],[127.49745,37.60039],[127.49734,37.60039]]]}},{"type":"Feature","properties":{"valleyId":"eobi","layer":"shadow","date":"2026-08-01","timeLocal":"18:00"},"geometry":{"type":"Polygon","coordinates":[[[127.49542,37.60029],[127.4954,37.60022],[127.49535,37.6002],[127.49535,37.60013],[127.49544,37.60013],[127.49549,37.60018],[127.49549,37.60029],[127.49542,37.60029]]]}},{"type":"Feature","properties":{"valleyId":"eobi","layer":"shadow","date":"2026-08-01","timeLocal":"18:00"},"geometry":{"type":"Polygon","coordinates":[[[127.49719,37.60022],[127.49717,37.60013],[127.49723,37.60013],[127.49725,37.60022],[127.49719,37.60022]]]}},{"type":"Feature","properties":{"valleyId":"eobi","layer":"shadow","date":"2026-08-01","timeLocal":"18:00"},"geometry":{"type":"Polygon","coordinates":[[[127.49524,37.60009],[127.49522,37.59994],[127.49529,37.59995],[127.49533,37.59998],[127.49533,37.60005],[127.49531,37.60009],[127.49524,37.60009]]]}},{"type":"Feature","properties":{"valleyId":"eobi","layer":"shadow","date":"2026-08-01","timeLocal":"18:00"},"geometry":{"type":"Polygon","coordinates":[[[127.49728,37.59999],[127.49726,37.59986],[127.49728,37.59983],[127.49738,37.59983],[127.49742,37.59997],[127.49728,37.59999]]]}},{"type":"Feature","properties":{"valleyId":"eobi","layer":"shadow","date":"2026-08-01","timeLocal":"18:00"},"geometry":{"type":"Polygon","coordinates":[[[127.49633,37.59985],[127.49633,37.5998],[127.4964,37.5998],[127.4964,37.59985],[127.49633,37.59985]]]}},{"type":"Feature","properties":{"valleyId":"eobi","layer":"shadow","date":"2026-08-01","timeLocal":"18:00"},"geometry":{"type":"Polygon","coordinates":[[[127.49692,37.59993],[127.4969,37.59982],[127.49699,37.59977],[127.49699,37.59973],[127.49706,37.59973],[127.49706,37.59988],[127.49699,37.59993],[127.49692,37.59993]]]}},{"type":"Feature","properties":{"valleyId":"eobi","layer":"shadow","date":"2026-08-01","timeLocal":"18:00"},"geometry":{"type":"Polygon","coordinates":[[[127.49507,37.5998],[127.49507,37.59974],[127.49502,37.59971],[127.49505,37.59951],[127.49539,37.59951],[127.49541,37.5996],[127.4953,37.59962],[127.49527,37.59966],[127.49516,37.59966],[127.49516,37.59978],[127.49507,37.5998]]]}},{"type":"Feature","properties":{"valleyId":"eobi","layer":"shadow","date":"2026-08-01","timeLocal":"18:00"},"geometry":{"type":"Polygon","coordinates":[[[127.49622,37.59962],[127.49616,37.59954],[127.49616,37.59949],[127.49623,37.59949],[127.49623,37.59952],[127.49629,37.59956],[127.49629,37.59962],[127.49622,37.59962]]]}},{"type":"Feature","properties":{"valleyId":"eobi","layer":"shadow","date":"2026-08-01","timeLocal":"18:00"},"geometry":{"type":"Polygon","coordinates":[[[127.49487,37.59951],[127.49487,37.59936],[127.49505,37.59937],[127.495,37.59951],[127.49487,37.59951]]]}},{"type":"Feature","properties":{"valleyId":"eobi","layer":"shadow","date":"2026-08-01","timeLocal":"18:00"},"geometry":{"type":"Polygon","coordinates":[[[127.49634,37.59936],[127.49634,37.59927],[127.49641,37.59927],[127.49641,37.59937],[127.49634,37.59936]]]}},{"type":"Feature","properties":{"valleyId":"eobi","layer":"shadow","date":"2026-08-01","timeLocal":"18:00"},"geometry":{"type":"Polygon","coordinates":[[[127.49568,37.59945],[127.49564,37.59937],[127.4956,37.5991],[127.49574,37.59912],[127.49571,37.59925],[127.49584,37.59938],[127.49584,37.59945],[127.49568,37.59945]]]}},{"type":"Feature","properties":{"valleyId":"eobi","layer":"shadow","date":"2026-08-01","timeLocal":"18:00"},"geometry":{"type":"Polygon","coordinates":[[[127.49439,37.59948],[127.49439,37.59938],[127.4943,37.59934],[127.49428,37.59921],[127.49417,37.59919],[127.49415,37.59907],[127.49433,37.59909],[127.49433,37.59918],[127.49449,37.5992],[127.49444,37.59932],[127.49451,37.59936],[127.49451,37.59947],[127.49439,37.59948]]]}},{"type":"Feature","properties":{"valleyId":"eobi","layer":"shadow","date":"2026-08-01","timeLocal":"18:00"},"geometry":{"type":"Polygon","coordinates":[[[127.49621,37.59927],[127.49619,37.59918],[127.49614,37.59915],[127.49614,37.59909],[127.49623,37.59909],[127.4963,37.59915],[127.49628,37.59927],[127.49621,37.59927]]]}},{"type":"Feature","properties":{"valleyId":"eobi","layer":"shadow","date":"2026-08-01","timeLocal":"18:00"},"geometry":{"type":"Polygon","coordinates":[[[127.49377,37.59902],[127.49377,37.59895],[127.49386,37.59895],[127.49386,37.59903],[127.49377,37.59902]]]}},{"type":"Feature","properties":{"valleyId":"eobi","layer":"shadow","date":"2026-08-01","timeLocal":"18:00"},"geometry":{"type":"Polygon","coordinates":[[[127.49385,37.59939],[127.49385,37.59933],[127.49381,37.59933],[127.49378,37.59926],[127.49374,37.59926],[127.49374,37.59922],[127.49365,37.59922],[127.49365,37.59917],[127.49361,37.59917],[127.49356,37.59911],[127.49345,37.59911],[127.49338,37.59918],[127.49331,37.59918],[127.49331,37.59904],[127.49343,37.59904],[127.49343,37.59898],[127.49347,37.59899],[127.49347,37.59895],[127.49363,37.59893],[127.49359,37.59904],[127.4937,37.59904],[127.4937,37.59913],[127.49374,37.59913],[127.49374,37.5992],[127.49403,37.59924],[127.49401,37.59933],[127.49394,37.59933],[127.49392,37.59939],[127.49385,37.59939]]]}},{"type":"Feature","properties":{"valleyId":"eobi","layer":"shadow","date":"2026-08-01","timeLocal":"18:00"},"geometry":{"type":"Polygon","coordinates":[[[127.49501,37.59902],[127.49501,37.59895],[127.49508,37.59895],[127.49508,37.59902],[127.49501,37.59902]]]}},{"type":"Feature","properties":{"valleyId":"eobi","layer":"shadow","date":"2026-08-01","timeLocal":"18:00"},"geometry":{"type":"Polygon","coordinates":[[[127.49064,37.59886],[127.49064,37.5988],[127.49071,37.59881],[127.49071,37.59886],[127.49064,37.59886]]]}},{"type":"Feature","properties":{"valleyId":"eobi","layer":"shadow","date":"2026-08-01","timeLocal":"18:00"},"geometry":{"type":"Polygon","coordinates":[[[127.49551,37.59896],[127.49551,37.59885],[127.49561,37.59885],[127.49563,37.59892],[127.49558,37.59896],[127.49551,37.59896]]]}},{"type":"Feature","properties":{"valleyId":"eobi","layer":"shadow","date":"2026-08-01","timeLocal":"18:00"},"geometry":{"type":"Polygon","coordinates":[[[127.4939,37.59894],[127.49391,37.59888],[127.49384,37.59888],[127.49384,37.59883],[127.49397,37.59887],[127.49397,37.59894],[127.4939,37.59894]]]}},{"type":"Feature","properties":{"valleyId":"eobi","layer":"shadow","date":"2026-08-01","timeLocal":"18:00"},"geometry":{"type":"Polygon","coordinates":[[[127.49363,37.59893],[127.49366,37.59874],[127.4938,37.59874],[127.49382,37.59883],[127.49375,37.59883],[127.49375,37.59893],[127.49363,37.59893]]]}},{"type":"Feature","properties":{"valleyId":"eobi","layer":"shadow","date":"2026-08-01","timeLocal":"18:00"},"geometry":{"type":"Polygon","coordinates":[[[127.49504,37.59877],[127.495,37.59873],[127.495,37.59868],[127.49511,37.59868],[127.49511,37.59877],[127.49504,37.59877]]]}},{"type":"Feature","properties":{"valleyId":"eobi","layer":"shadow","date":"2026-08-01","timeLocal":"18:00"},"geometry":{"type":"Polygon","coordinates":[[[127.49315,37.59904],[127.49311,37.59882],[127.4932,37.5988],[127.49321,37.59869],[127.49325,37.59869],[127.49325,37.59862],[127.49337,37.59861],[127.49339,37.59875],[127.49343,37.59875],[127.49343,37.5988],[127.49339,37.5988],[127.49336,37.59886],[127.49341,37.59898],[127.49329,37.59898],[127.49329,37.59904],[127.49315,37.59904]]]}},{"type":"Feature","properties":{"valleyId":"eobi","layer":"shadow","date":"2026-08-01","timeLocal":"18:00"},"geometry":{"type":"Polygon","coordinates":[[[127.49509,37.59866],[127.49509,37.59861],[127.49516,37.59861],[127.49516,37.59866],[127.49509,37.59866]]]}},{"type":"Feature","properties":{"valleyId":"eobi","layer":"shadow","date":"2026-08-01","timeLocal":"18:00"},"geometry":{"type":"Polygon","coordinates":[[[127.49346,37.59862],[127.49344,37.59852],[127.49355,37.5985],[127.49357,37.59863],[127.49346,37.59862]]]}},{"type":"Feature","properties":{"valleyId":"eobi","layer":"shadow","date":"2026-08-01","timeLocal":"18:00"},"geometry":{"type":"Polygon","coordinates":[[[127.49292,37.59853],[127.49292,37.59847],[127.49301,37.59847],[127.49301,37.59853],[127.49292,37.59853]]]}},{"type":"Feature","properties":{"valleyId":"eobi","layer":"shadow","date":"2026-08-01","timeLocal":"18:00"},"geometry":{"type":"Polygon","coordinates":[[[127.49314,37.59855],[127.49307,37.59853],[127.49308,37.59846],[127.49323,37.59844],[127.49326,37.59853],[127.49314,37.59855]]]}},{"type":"Feature","properties":{"valleyId":"eobi","layer":"shadow","date":"2026-08-01","timeLocal":"18:00"},"geometry":{"type":"Polygon","coordinates":[[[127.49476,37.59925],[127.49476,37.59915],[127.49472,37.59913],[127.49472,37.59907],[127.49465,37.599],[127.49463,37.59884],[127.49454,37.59884],[127.49452,37.59875],[127.49454,37.59871],[127.49468,37.59871],[127.49466,37.59859],[127.49473,37.59855],[127.49475,37.5985],[127.4948,37.5985],[127.4948,37.59846],[127.49491,37.59844],[127.49498,37.59846],[127.49498,37.59852],[127.49484,37.59855],[127.49486,37.59866],[127.49475,37.59868],[127.49475,37.59875],[127.49479,37.59877],[127.49479,37.59884],[127.49488,37.59884],[127.4949,37.59888],[127.49495,37.59888],[127.49495,37.59893],[127.49481,37.599],[127.49481,37.59907],[127.49488,37.59908],[127.4949,37.59918],[127.49485,37.5992],[127.49485,37.59926],[127.49476,37.59925]]]}},{"type":"Feature","properties":{"valleyId":"eobi","layer":"shadow","date":"2026-08-01","timeLocal":"18:00"},"geometry":{"type":"Polygon","coordinates":[[[127.49882,37.59891],[127.49875,37.59889],[127.49876,37.5988],[127.49882,37.59876],[127.49883,37.59858],[127.49874,37.59855],[127.49874,37.59849],[127.49908,37.59855],[127.49912,37.59862],[127.49912,37.59871],[127.49903,37.59879],[127.49903,37.59882],[127.49891,37.59891],[127.49882,37.59891]]]}},{"type":"Feature","properties":{"valleyId":"eobi","layer":"shadow","date":"2026-08-01","timeLocal":"18:00"},"geometry":{"type":"Polygon","coordinates":[[[127.49537,37.59834],[127.49535,37.59825],[127.49548,37.59825],[127.49548,37.59833],[127.49537,37.59834]]]}},{"type":"Feature","properties":{"valleyId":"eobi","layer":"shadow","date":"2026-08-01","timeLocal":"18:00"},"geometry":{"type":"Polygon","coordinates":[[[127.49453,37.59844],[127.49453,37.59828],[127.49457,37.59828],[127.49458,37.59821],[127.49449,37.59817],[127.49449,37.5981],[127.49471,37.59812],[127.49473,37.59824],[127.49469,37.59828],[127.49462,37.59828],[127.49462,37.59833],[127.49469,37.59833],[127.49469,37.59839],[127.49459,37.59844],[127.49453,37.59844]]]}},{"type":"Feature","properties":{"valleyId":"eobi","layer":"shadow","date":"2026-08-01","timeLocal":"18:00"},"geometry":{"type":"Polygon","coordinates":[[[127.49381,37.59821],[127.49378,37.59818],[127.49374,37.59818],[127.49372,37.59809],[127.4939,37.59811],[127.49387,37.59822],[127.49381,37.59821]]]}},{"type":"Feature","properties":{"valleyId":"eobi","layer":"shadow","date":"2026-08-01","timeLocal":"18:00"},"geometry":{"type":"Polygon","coordinates":[[[127.49585,37.59817],[127.49587,37.59802],[127.49603,37.59803],[127.49603,37.59808],[127.49598,37.59808],[127.49598,37.59812],[127.49591,37.59811],[127.49591,37.59817],[127.49585,37.59817]]]}},{"type":"Feature","properties":{"valleyId":"eobi","layer":"shadow","date":"2026-08-01","timeLocal":"18:00"},"geometry":{"type":"Polygon","coordinates":[[[127.49576,37.59802],[127.49576,37.59797],[127.49587,37.59797],[127.49587,37.59802],[127.49576,37.59802]]]}},{"type":"Feature","properties":{"valleyId":"eobi","layer":"shadow","date":"2026-08-01","timeLocal":"18:00"},"geometry":{"type":"Polygon","coordinates":[[[127.49657,37.59796],[127.49658,37.59791],[127.49664,37.59791],[127.49664,37.59796],[127.49657,37.59796]]]}},{"type":"Feature","properties":{"valleyId":"eobi","layer":"shadow","date":"2026-08-01","timeLocal":"18:00"},"geometry":{"type":"Polygon","coordinates":[[[127.49783,37.59875],[127.49783,37.5987],[127.4979,37.59864],[127.4979,37.59854],[127.49779,37.59852],[127.49774,37.59846],[127.4977,37.59846],[127.49768,37.59841],[127.49754,37.59842],[127.49743,37.59833],[127.49741,37.59808],[127.49737,37.59804],[127.49721,37.59804],[127.49726,37.5979],[127.49732,37.5979],[127.49735,37.59795],[127.49744,37.59795],[127.49744,37.5979],[127.4975,37.5979],[127.49748,37.59801],[127.49768,37.59805],[127.49768,37.59808],[127.49773,37.5981],[127.49789,37.5981],[127.49789,37.59814],[127.49802,37.59814],[127.49802,37.59821],[127.49811,37.59822],[127.49811,37.59825],[127.49815,37.59827],[127.49827,37.59827],[127.49829,37.59834],[127.4984,37.59834],[127.49845,37.59838],[127.49845,37.59845],[127.49854,37.59845],[127.49853,37.59856],[127.49835,37.59852],[127.49837,37.59863],[127.49806,37.59865],[127.49801,37.59872],[127.49783,37.59875]],[[127.49748,37.59819],[127.49759,37.59819],[127.49759,37.59812],[127.49748,37.59812],[127.49748,37.59819]]]}},{"type":"Feature","properties":{"valleyId":"eobi","layer":"shadow","date":"2026-08-01","timeLocal":"18:00"},"geometry":{"type":"Polygon","coordinates":[[[127.49773,37.59798],[127.49773,37.59789],[127.49789,37.59791],[127.49789,37.59796],[127.49773,37.59798]]]}},{"type":"Feature","properties":{"valleyId":"eobi","layer":"shadow","date":"2026-08-01","timeLocal":"18:00"},"geometry":{"type":"Polygon","coordinates":[[[127.49458,37.59785],[127.49458,37.59779],[127.49474,37.59779],[127.49474,37.59785],[127.49458,37.59785]]]}},{"type":"Feature","properties":{"valleyId":"eobi","layer":"shadow","date":"2026-08-01","timeLocal":"18:00"},"geometry":{"type":"Polygon","coordinates":[[[127.49766,37.59787],[127.49767,37.59781],[127.49773,37.59781],[127.49773,37.59787],[127.49766,37.59787]]]}},{"type":"Feature","properties":{"valleyId":"eobi","layer":"shadow","date":"2026-08-01","timeLocal":"18:00"},"geometry":{"type":"Polygon","coordinates":[[[127.49633,37.59783],[127.49633,37.59778],[127.4964,37.59778],[127.4964,37.59783],[127.49633,37.59783]]]}},{"type":"Feature","properties":{"valleyId":"eobi","layer":"shadow","date":"2026-08-01","timeLocal":"18:00"},"geometry":{"type":"Polygon","coordinates":[[[127.49689,37.59782],[127.4969,37.59777],[127.49699,37.59775],[127.49699,37.59782],[127.49689,37.59782]]]}},{"type":"Feature","properties":{"valleyId":"eobi","layer":"shadow","date":"2026-08-01","timeLocal":"18:00"},"geometry":{"type":"Polygon","coordinates":[[[127.49791,37.59785],[127.49785,37.5978],[127.49783,37.59771],[127.49805,37.59773],[127.49805,37.59784],[127.49791,37.59785]]]}},{"type":"Feature","properties":{"valleyId":"eobi","layer":"shadow","date":"2026-08-01","timeLocal":"18:00"},"geometry":{"type":"Polygon","coordinates":[[[127.49816,37.598],[127.49816,37.59787],[127.49812,37.59785],[127.49812,37.5978],[127.49825,37.5978],[127.4983,37.59777],[127.49826,37.59766],[127.49839,37.59766],[127.49837,37.59782],[127.49848,37.59782],[127.49848,37.59788],[127.49841,37.59788],[127.49836,37.59795],[127.49816,37.598]]]}},{"type":"Feature","properties":{"valleyId":"eobi","layer":"shadow","date":"2026-08-01","timeLocal":"18:00"},"geometry":{"type":"Polygon","coordinates":[[[127.4962,37.59769],[127.49615,37.59767],[127.49615,37.59761],[127.49626,37.59763],[127.49626,37.59769],[127.4962,37.59769]]]}},{"type":"Feature","properties":{"valleyId":"eobi","layer":"shadow","date":"2026-08-01","timeLocal":"18:00"},"geometry":{"type":"Polygon","coordinates":[[[127.49454,37.5977],[127.49454,37.59763],[127.49463,37.59763],[127.49463,37.59758],[127.49472,37.5976],[127.49472,37.59769],[127.49454,37.5977]]]}},{"type":"Feature","properties":{"valleyId":"eobi","layer":"shadow","date":"2026-08-01","timeLocal":"18:00"},"geometry":{"type":"Polygon","coordinates":[[[127.49651,37.59771],[127.49651,37.5976],[127.4966,37.5976],[127.49658,37.59771],[127.49651,37.59771]]]}},{"type":"Feature","properties":{"valleyId":"eobi","layer":"shadow","date":"2026-08-01","timeLocal":"18:00"},"geometry":{"type":"Polygon","coordinates":[[[127.49715,37.59772],[127.49715,37.59761],[127.49726,37.59763],[127.49726,37.59772],[127.49715,37.59772]]]}},{"type":"Feature","properties":{"valleyId":"eobi","layer":"shadow","date":"2026-08-01","timeLocal":"18:00"},"geometry":{"type":"Polygon","coordinates":[[[127.49868,37.59786],[127.49871,37.5977],[127.49857,37.59766],[127.49855,37.59757],[127.49867,37.59757],[127.49867,37.59761],[127.49876,37.59761],[127.49876,37.59765],[127.49896,37.59767],[127.49893,37.59777],[127.4988,37.59781],[127.4988,37.59785],[127.49875,37.59786],[127.49868,37.59786]]]}},{"type":"Feature","properties":{"valleyId":"eobi","layer":"shadow","date":"2026-08-01","timeLocal":"18:00"},"geometry":{"type":"Polygon","coordinates":[[[127.49731,37.59763],[127.49731,37.59757],[127.49742,37.59758],[127.49742,37.59749],[127.49751,37.59749],[127.49753,37.59758],[127.49747,37.59759],[127.49746,37.59763],[127.49731,37.59763]]]}},{"type":"Feature","properties":{"valleyId":"eobi","layer":"shadow","date":"2026-08-01","timeLocal":"18:00"},"geometry":{"type":"Polygon","coordinates":[[[127.49785,37.59754],[127.49785,37.59749],[127.49792,37.59749],[127.49792,37.59755],[127.49785,37.59754]]]}},{"type":"Feature","properties":{"valleyId":"eobi","layer":"shadow","date":"2026-08-01","timeLocal":"18:00"},"geometry":{"type":"Polygon","coordinates":[[[127.4983,37.59757],[127.49831,37.59746],[127.4984,37.59746],[127.49837,37.59757],[127.4983,37.59757]]]}},{"type":"Feature","properties":{"valleyId":"eobi","layer":"shadow","date":"2026-08-01","timeLocal":"18:00"},"geometry":{"type":"Polygon","coordinates":[[[127.4979,37.59747],[127.4979,37.59742],[127.49799,37.59742],[127.49799,37.59747],[127.4979,37.59747]]]}},{"type":"Feature","properties":{"valleyId":"eobi","layer":"shadow","date":"2026-08-01","timeLocal":"18:00"},"geometry":{"type":"Polygon","coordinates":[[[127.49862,37.59755],[127.49862,37.59752],[127.49858,37.5975],[127.49858,37.59745],[127.49862,37.59745],[127.49862,37.59741],[127.49869,37.59741],[127.49869,37.59747],[127.49883,37.59747],[127.4988,37.59756],[127.49862,37.59755]]]}},{"type":"Feature","properties":{"valleyId":"eobi","layer":"shadow","date":"2026-08-01","timeLocal":"18:00"},"geometry":{"type":"Polygon","coordinates":[[[127.49865,37.59739],[127.49865,37.59734],[127.49872,37.59734],[127.49872,37.59739],[127.49865,37.59739]]]}},{"type":"Feature","properties":{"valleyId":"eobi","layer":"shadow","date":"2026-08-01","timeLocal":"18:00"},"geometry":{"type":"Polygon","coordinates":[[[127.4977,37.59734],[127.4977,37.59729],[127.49777,37.59729],[127.49777,37.59735],[127.4977,37.59734]]]}},{"type":"Feature","properties":{"valleyId":"eobi","layer":"shadow","date":"2026-08-01","timeLocal":"18:00"},"geometry":{"type":"Polygon","coordinates":[[[127.49806,37.59735],[127.49806,37.5973],[127.49813,37.5973],[127.49813,37.59735],[127.49806,37.59735]]]}},{"type":"Feature","properties":{"valleyId":"eobi","layer":"shadow","date":"2026-08-01","timeLocal":"18:00"},"geometry":{"type":"Polygon","coordinates":[[[127.49423,37.5973],[127.49423,37.59719],[127.49437,37.59721],[127.49435,37.5973],[127.49423,37.5973]]]}},{"type":"Feature","properties":{"valleyId":"eobi","layer":"shadow","date":"2026-08-01","timeLocal":"18:00"},"geometry":{"type":"Polygon","coordinates":[[[127.49706,37.5975],[127.49704,37.59735],[127.49736,37.59734],[127.49734,37.59723],[127.49747,37.59723],[127.49745,37.59738],[127.49738,37.59738],[127.49738,37.59741],[127.49729,37.59743],[127.49726,37.59747],[127.49713,37.59746],[127.49713,37.5975],[127.49706,37.5975]]]}},{"type":"Feature","properties":{"valleyId":"eobi","layer":"shadow","date":"2026-08-01","timeLocal":"18:00"},"geometry":{"type":"Polygon","coordinates":[[[127.49442,37.59712],[127.49442,37.59705],[127.49449,37.59705],[127.49448,37.59712],[127.49442,37.59712]]]}},{"type":"Feature","properties":{"valleyId":"eobi","layer":"shadow","date":"2026-08-01","timeLocal":"18:00"},"geometry":{"type":"Polygon","coordinates":[[[127.49569,37.59714],[127.49569,37.59708],[127.49573,37.59705],[127.49582,37.59705],[127.49587,37.59692],[127.49594,37.59693],[127.49596,37.59689],[127.49605,37.59691],[127.49605,37.59698],[127.49594,37.59702],[127.49594,37.59707],[127.49589,37.59707],[127.49582,37.59712],[127.49569,37.59714]]]}},{"type":"Feature","properties":{"valleyId":"eobi","layer":"shadow","date":"2026-08-01","timeLocal":"18:00"},"geometry":{"type":"Polygon","coordinates":[[[127.49897,37.597],[127.49897,37.59689],[127.49904,37.59689],[127.49906,37.59698],[127.49897,37.597]]]}},{"type":"Feature","properties":{"valleyId":"eobi","layer":"shadow","date":"2026-08-01","timeLocal":"18:00"},"geometry":{"type":"Polygon","coordinates":[[[127.49653,37.59695],[127.49655,37.59684],[127.49662,37.59684],[127.49662,37.59695],[127.49653,37.59695]]]}},{"type":"Feature","properties":{"valleyId":"eobi","layer":"shadow","date":"2026-08-01","timeLocal":"18:00"},"geometry":{"type":"Polygon","coordinates":[[[127.49675,37.59694],[127.49676,37.59683],[127.49682,37.59683],[127.49682,37.59694],[127.49675,37.59694]]]}},{"type":"Feature","properties":{"valleyId":"eobi","layer":"shadow","date":"2026-08-01","timeLocal":"18:00"},"geometry":{"type":"Polygon","coordinates":[[[127.4985,37.59692],[127.49852,37.59683],[127.49866,37.59682],[127.49861,37.59692],[127.4985,37.59692]]]}},{"type":"Feature","properties":{"valleyId":"eobi","layer":"shadow","date":"2026-08-01","timeLocal":"18:00"},"geometry":{"type":"Polygon","coordinates":[[[127.49451,37.59682],[127.49451,37.59676],[127.49447,37.59665],[127.49454,37.59666],[127.49461,37.59669],[127.49461,37.59673],[127.49465,37.59673],[127.49463,37.59682],[127.49451,37.59682]]]}},{"type":"Feature","properties":{"valleyId":"eobi","layer":"shadow","date":"2026-08-01","timeLocal":"18:00"},"geometry":{"type":"Polygon","coordinates":[[[127.49576,37.59682],[127.49576,37.59662],[127.49583,37.59662],[127.49588,37.59664],[127.49588,37.59669],[127.49597,37.59671],[127.49596,37.59676],[127.49587,37.59678],[127.49587,37.59682],[127.49576,37.59682]]]}},{"type":"Feature","properties":{"valleyId":"eobi","layer":"shadow","date":"2026-08-01","timeLocal":"18:00"},"geometry":{"type":"Polygon","coordinates":[[[127.49787,37.59681],[127.49787,37.59675],[127.49794,37.59672],[127.49798,37.59665],[127.4981,37.59665],[127.49809,37.59677],[127.49805,37.59677],[127.49803,37.59681],[127.49787,37.59681]]]}},{"type":"Feature","properties":{"valleyId":"eobi","layer":"shadow","date":"2026-08-01","timeLocal":"18:00"},"geometry":{"type":"Polygon","coordinates":[[[127.49393,37.59661],[127.49393,37.59654],[127.49404,37.59654],[127.49404,37.59661],[127.49393,37.59661]]]}},{"type":"Feature","properties":{"valleyId":"eobi","layer":"shadow","date":"2026-08-01","timeLocal":"18:00"},"geometry":{"type":"Polygon","coordinates":[[[127.49728,37.59678],[127.49728,37.59673],[127.49723,37.59671],[127.49721,37.59664],[127.4972,37.5964],[127.49704,37.5964],[127.49699,37.59636],[127.49692,37.59636],[127.49693,37.59631],[127.49706,37.59629],[127.49729,37.59638],[127.49733,37.59665],[127.49739,37.59671],[127.49739,37.59678],[127.49728,37.59678]]]}},{"type":"Feature","properties":{"valleyId":"eobi","layer":"shadow","date":"2026-08-01","timeLocal":"18:00"},"geometry":{"type":"Polygon","coordinates":[[[127.4962,37.59635],[127.49613,37.59632],[127.49613,37.59623],[127.49618,37.59619],[127.49643,37.59619],[127.49643,37.59625],[127.49636,37.59628],[127.49634,37.59635],[127.4962,37.59635]]]}},{"type":"Feature","properties":{"valleyId":"eobi","layer":"shadow","date":"2026-08-01","timeLocal":"18:00"},"geometry":{"type":"Polygon","coordinates":[[[127.49709,37.5962],[127.49709,37.59613],[127.49716,37.59613],[127.49715,37.5962],[127.49709,37.5962]]]}},{"type":"Feature","properties":{"valleyId":"eobi","layer":"shadow","date":"2026-08-01","timeLocal":"18:00"},"geometry":{"type":"Polygon","coordinates":[[[127.48972,37.59622],[127.48966,37.59618],[127.48947,37.59619],[127.48945,37.59616],[127.48941,37.59616],[127.48941,37.59605],[127.4897,37.59607],[127.4898,37.59602],[127.48986,37.59602],[127.48991,37.59606],[127.48988,37.59618],[127.48984,37.59622],[127.48972,37.59622]]]}},{"type":"Feature","properties":{"valleyId":"eobi","layer":"shadow","date":"2026-08-01","timeLocal":"18:00"},"geometry":{"type":"Polygon","coordinates":[[[127.49688,37.59614],[127.49691,37.59602],[127.49698,37.59602],[127.49695,37.59615],[127.49688,37.59614]]]}},{"type":"Feature","properties":{"valleyId":"eobi","layer":"shadow","date":"2026-08-01","timeLocal":"18:00"},"geometry":{"type":"Polygon","coordinates":[[[127.49711,37.59604],[127.49711,37.59595],[127.49729,37.59595],[127.49729,37.59601],[127.49711,37.59604]]]}},{"type":"Feature","properties":{"valleyId":"eobi","layer":"shadow","date":"2026-08-01","timeLocal":"18:00"},"geometry":{"type":"Polygon","coordinates":[[[127.4893,37.59574],[127.48903,37.5957],[127.48892,37.59563],[127.48888,37.5955],[127.48879,37.59541],[127.48881,37.59523],[127.48899,37.59527],[127.48906,37.59534],[127.48917,37.59538],[127.48917,37.59542],[127.48933,37.59554],[127.48946,37.59555],[127.48949,37.59558],[127.48953,37.59558],[127.48951,37.59574],[127.4893,37.59574]]]}},{"type":"Feature","properties":{"valleyId":"eobi","layer":"shadow","date":"2026-08-01","timeLocal":"18:00"},"geometry":{"type":"Polygon","coordinates":[[[127.49261,37.59557],[127.49257,37.59551],[127.4926,37.5953],[127.49266,37.59526],[127.49276,37.59526],[127.49275,37.59533],[127.49271,37.59537],[127.4927,37.59557],[127.49261,37.59557]]]}},{"type":"Feature","properties":{"valleyId":"eobi","layer":"shadow","date":"2026-08-01","timeLocal":"18:00"},"geometry":{"type":"Polygon","coordinates":[[[127.4919,37.59511],[127.4919,37.59505],[127.49197,37.59505],[127.49197,37.59511],[127.4919,37.59511]]]}},{"type":"Feature","properties":{"valleyId":"eobi","layer":"shadow","date":"2026-08-01","timeLocal":"18:00"},"geometry":{"type":"Polygon","coordinates":[[[127.48832,37.59519],[127.48823,37.59517],[127.48818,37.5951],[127.48812,37.59506],[127.48792,37.59477],[127.48792,37.5947],[127.48805,37.59472],[127.4881,37.59477],[127.48817,37.59477],[127.48835,37.5947],[127.48835,37.59456],[127.48847,37.59456],[127.48855,37.59461],[127.48855,37.59478],[127.4886,37.59479],[127.48859,37.59487],[127.48848,37.59492],[127.48852,37.59519],[127.48832,37.59519]]]}},{"type":"Feature","properties":{"valleyId":"eobi","layer":"shadow","date":"2026-08-01","timeLocal":"18:00"},"geometry":{"type":"Polygon","coordinates":[[[127.48972,37.59403],[127.48968,37.594],[127.48968,37.59394],[127.48979,37.59396],[127.48979,37.59404],[127.48972,37.59403]]]}},{"type":"Feature","properties":{"valleyId":"eobi","layer":"shadow","date":"2026-08-01","timeLocal":"18:00"},"geometry":{"type":"Polygon","coordinates":[[[127.48989,37.59454],[127.48987,37.59449],[127.48974,37.59447],[127.48967,37.59432],[127.4896,37.59429],[127.48958,37.59421],[127.48947,37.59412],[127.48941,37.59398],[127.48936,37.59396],[127.48936,37.5939],[127.48932,37.5939],[127.48932,37.59385],[127.48927,37.59385],[127.48927,37.59379],[127.48934,37.5938],[127.48938,37.5939],[127.48952,37.59396],[127.48954,37.59407],[127.48961,37.59412],[127.48965,37.59423],[127.48974,37.59429],[127.48976,37.59436],[127.48987,37.59443],[127.48987,37.59447],[127.48996,37.59449],[127.48996,37.59454],[127.48989,37.59454]]]}},{"type":"Feature","properties":{"valleyId":"eobi","layer":"shadow","date":"2026-08-01","timeLocal":"18:00"},"geometry":{"type":"Polygon","coordinates":[[[127.49152,37.5937],[127.49152,37.59362],[127.49159,37.59363],[127.49159,37.5937],[127.49152,37.5937]]]}},{"type":"Feature","properties":{"valleyId":"eobi","layer":"shadow","date":"2026-08-01","timeLocal":"18:00"},"geometry":{"type":"Polygon","coordinates":[[[127.49136,37.59364],[127.49136,37.59357],[127.49143,37.59357],[127.49143,37.59364],[127.49136,37.59364]]]}},{"type":"Feature","properties":{"valleyId":"eobi","layer":"shadow","date":"2026-08-01","timeLocal":"18:00"},"geometry":{"type":"Polygon","coordinates":[[[127.4912,37.59362],[127.4912,37.59353],[127.49127,37.59353],[127.49127,37.59362],[127.4912,37.59362]]]}},{"type":"Feature","properties":{"valleyId":"eobi","layer":"shadow","date":"2026-08-01","timeLocal":"18:00"},"geometry":{"type":"Polygon","coordinates":[[[127.48955,37.59367],[127.48948,37.59363],[127.48948,37.59349],[127.48953,37.59345],[127.48971,37.59344],[127.48966,37.59367],[127.48955,37.59367]]]}},{"type":"Feature","properties":{"valleyId":"eobi","layer":"shadow","date":"2026-08-01","timeLocal":"18:00"},"geometry":{"type":"Polygon","coordinates":[[[127.49057,37.59332],[127.49058,37.59327],[127.49064,37.59327],[127.49064,37.59332],[127.49057,37.59332]]]}},{"type":"Feature","properties":{"valleyId":"eobi","layer":"shadow","date":"2026-08-01","timeLocal":"18:00"},"geometry":{"type":"Polygon","coordinates":[[[127.49166,37.59346],[127.49175,37.59325],[127.49189,37.59325],[127.49189,37.59332],[127.49184,37.59334],[127.49184,37.59338],[127.4918,37.59338],[127.49173,37.59343],[127.49173,37.59347],[127.49166,37.59346]]]}},{"type":"Feature","properties":{"valleyId":"eobi","layer":"shadow","date":"2026-08-01","timeLocal":"18:00"},"geometry":{"type":"Polygon","coordinates":[[[127.49042,37.59323],[127.49042,37.59316],[127.49049,37.59316],[127.49049,37.59323],[127.49042,37.59323]]]}},{"type":"Feature","properties":{"valleyId":"eobi","layer":"shadow","date":"2026-08-01","timeLocal":"18:00"},"geometry":{"type":"Polygon","coordinates":[[[127.49067,37.59322],[127.49067,37.59316],[127.49074,37.59316],[127.49074,37.59322],[127.49067,37.59322]]]}},{"type":"Feature","properties":{"valleyId":"eobi","layer":"shadow","date":"2026-08-01","timeLocal":"18:00"},"geometry":{"type":"Polygon","coordinates":[[[127.49135,37.5933],[127.49135,37.59314],[127.49144,37.59312],[127.49146,37.59326],[127.49141,37.59326],[127.49141,37.5933],[127.49135,37.5933]]]}},{"type":"Feature","properties":{"valleyId":"eobi","layer":"shadow","date":"2026-08-01","timeLocal":"18:00"},"geometry":{"type":"Polygon","coordinates":[[[127.49129,37.60718],[127.49132,37.60707],[127.49141,37.60703],[127.49145,37.60698],[127.49146,37.6068],[127.49141,37.60678],[127.49141,37.60669],[127.49157,37.60671],[127.4916,37.60668],[127.49164,37.60668],[127.49162,37.60659],[127.49151,37.60655],[127.49151,37.60649],[127.49144,37.60649],[127.49142,37.60644],[127.49135,37.60644],[127.49135,37.60637],[127.4916,37.60639],[127.49172,37.60635],[127.49174,37.60632],[127.49194,37.60632],[127.49188,37.60616],[127.49197,37.60616],[127.49197,37.6061],[127.49188,37.60601],[127.49168,37.60597],[127.49163,37.60594],[127.49152,37.60594],[127.49143,37.60584],[127.49143,37.60575],[127.49137,37.60574],[127.49137,37.60566],[127.49146,37.60554],[127.49153,37.60554],[127.49157,37.60561],[127.49173,37.60561],[127.49173,37.60558],[127.49178,37.60558],[127.49178,37.60552],[127.49182,37.60553],[127.49183,37.6054],[127.49176,37.6054],[127.49176,37.60529],[127.49167,37.60525],[127.49167,37.60518],[127.4916,37.60518],[127.49158,37.60522],[127.49142,37.60521],[127.49141,37.60442],[127.49147,37.60379],[127.49161,37.60374],[127.49168,37.60374],[127.4917,37.60381],[127.49181,37.60379],[127.49182,37.60365],[127.49191,37.60362],[127.49197,37.60362],[127.49197,37.60369],[127.49216,37.60367],[127.49215,37.60373],[127.49211,37.60373],[127.49211,37.6038],[127.4922,37.6038],[127.4922,37.60375],[127.49229,37.60369],[127.49229,37.60362],[127.49234,37.60362],[127.49232,37.60349],[127.49236,37.6035],[127.49255,37.60323],[127.49255,37.60307],[127.49262,37.60303],[127.49262,37.60292],[127.49244,37.60294],[127.49242,37.6031],[127.49237,37.60313],[127.49237,37.60328],[127.4923,37.60331],[127.49227,37.60342],[127.49223,37.60342],[127.49223,37.60349],[127.49218,37.60349],[127.49213,37.60355],[127.49195,37.60354],[127.49191,37.60349],[127.49189,37.60338],[127.49198,37.60331],[127.49196,37.60317],[127.49185,37.60316],[127.49178,37.60325],[127.49171,37.60325],[127.49166,37.60329],[127.4916,37.60329],[127.4916,37.60322],[127.49176,37.60289],[127.49181,37.60271],[127.49193,37.60271],[127.49193,37.60266],[127.49186,37.60266],[127.49186,37.60261],[127.49205,37.60219],[127.49217,37.60201],[127.4923,37.60189],[127.49231,37.60185],[127.49251,37.60168],[127.49254,37.60157],[127.49238,37.60151],[127.49218,37.60137],[127.49213,37.60137],[127.49187,37.60115],[127.49187,37.60106],[127.49178,37.60104],[127.49178,37.601],[127.49171,37.60096],[127.49165,37.60076],[127.49179,37.60066],[127.49179,37.60055],[127.49166,37.60033],[127.49166,37.60015],[127.49157,37.6001],[127.49143,37.60008],[127.49144,37.59986],[127.49124,37.59984],[127.49124,37.59973],[127.49113,37.59966],[127.49085,37.59962],[127.49081,37.59958],[127.49063,37.59958],[127.49058,37.59954],[127.49034,37.5995],[127.49009,37.5993],[127.49009,37.59923],[127.49016,37.5992],[127.49061,37.59922],[127.49066,37.59917],[127.49087,37.59911],[127.49089,37.59901],[127.4908,37.59891],[127.49081,37.5987],[127.49063,37.59859],[127.49056,37.59848],[127.49049,37.59842],[127.49045,37.59842],[127.4904,37.59835],[127.49034,37.59835],[127.49025,37.59828],[127.49016,37.59828],[127.49002,37.5982],[127.48995,37.5982],[127.48982,37.59809],[127.4896,37.59805],[127.48946,37.59792],[127.48928,37.5979],[127.48922,37.5978],[127.4892,37.59767],[127.48926,37.59767],[127.48929,37.59771],[127.48962,37.59775],[127.48969,37.5978],[127.49003,37.59784],[127.49007,37.59795],[127.49018,37.59802],[127.49018,37.59806],[127.49034,37.59808],[127.49041,37.59817],[127.4905,37.59819],[127.49052,37.59823],[127.49057,37.59823],[127.49057,37.59826],[127.49063,37.59826],[127.49072,37.59834],[127.49081,37.59836],[127.49086,37.59839],[127.49086,37.59846],[127.49097,37.5985],[127.49097,37.59856],[127.49101,37.59859],[127.49101,37.59872],[127.4911,37.59877],[127.49114,37.59894],[127.49121,37.59899],[127.49125,37.59899],[127.49125,37.59903],[127.4913,37.59903],[127.4913,37.59912],[127.49134,37.59919],[127.49147,37.59925],[127.49154,37.59948],[127.4916,37.59956],[127.4916,37.59965],[127.49187,37.59967],[127.49185,37.59951],[127.4919,37.59949],[127.4919,37.59943],[127.49181,37.59934],[127.49177,37.59934],[127.49172,37.59923],[127.49168,37.59923],[127.49168,37.59918],[127.49172,37.59918],[127.49171,37.59902],[127.49157,37.59889],[127.49155,37.59882],[127.49148,37.5988],[127.49149,37.59869],[127.49165,37.59851],[127.49165,37.5984],[127.49163,37.59824],[127.49156,37.59822],[127.4915,37.59806],[127.49145,37.59804],[127.49146,37.59791],[127.49141,37.5979],[127.49141,37.59782],[127.49135,37.59777],[127.49112,37.59777],[127.49094,37.59769],[127.49078,37.59756],[127.49076,37.59738],[127.4907,37.59738],[127.4907,37.59742],[127.49054,37.59742],[127.49031,37.59732],[127.49013,37.59734],[127.48995,37.59719],[127.48991,37.59712],[127.4898,37.59712],[127.48973,37.59719],[127.48966,37.59719],[127.48957,37.59724],[127.48929,37.59727],[127.48927,37.59731],[127.48923,37.59731],[127.4892,37.59736],[127.48911,37.59736],[127.48909,37.59729],[127.48901,37.59686],[127.48901,37.59667],[127.48942,37.59668],[127.4894,37.5965],[127.48951,37.59645],[127.48961,37.59645],[127.48965,37.59648],[127.48969,37.59661],[127.48985,37.59674],[127.48998,37.59674],[127.49001,37.59669],[127.4901,37.59663],[127.4901,37.5966],[127.4903,37.59664],[127.49037,37.59675],[127.49048,37.59675],[127.49055,37.59659],[127.49054,37.59632],[127.49042,37.5963],[127.49031,37.59613],[127.49016,37.59611],[127.49011,37.59604],[127.48993,37.59598],[127.48991,37.59586],[127.48984,37.59584],[127.48987,37.59571],[127.48973,37.59569],[127.48964,37.59564],[127.48965,37.59558],[127.48983,37.59559],[127.4899,37.59553],[127.48999,37.59553],[127.49003,37.59561],[127.49019,37.59564],[127.49019,37.59532],[127.49024,37.5953],[127.49024,37.59527],[127.49031,37.59525],[127.49036,37.59511],[127.49045,37.59511],[127.49045,37.59514],[127.49051,37.59514],[127.49049,37.59505],[127.49038,37.59502],[127.49032,37.59489],[127.4902,37.59485],[127.4902,37.59482],[127.49009,37.59474],[127.49003,37.59463],[127.49003,37.59456],[127.4901,37.59456],[127.4901,37.59453],[127.49014,37.59451],[127.49014,37.59444],[127.49023,37.59444],[127.4903,37.59449],[127.49035,37.59449],[127.49034,37.59462],[127.49046,37.59462],[127.49064,37.59478],[127.4907,37.59479],[127.49068,37.59461],[127.4906,37.59453],[127.4905,37.59453],[127.49042,37.59448],[127.49037,37.5944],[127.49028,37.59438],[127.49026,37.59435],[127.4901,37.59436],[127.4901,37.59433],[127.49001,37.59429],[127.49001,37.59424],[127.48981,37.59413],[127.48981,37.59407],[127.48988,37.59407],[127.49008,37.59418],[127.49022,37.5942],[127.49024,37.59426],[127.49031,37.59426],[127.49046,37.59435],[127.49055,37.59435],[127.49064,37.59441],[127.49076,37.59441],[127.49074,37.59428],[127.49053,37.59426],[127.49035,37.59417],[127.49024,37.59415],[127.4902,37.59406],[127.49004,37.59397],[127.49004,37.59389],[127.49011,37.59386],[127.49013,37.59377],[127.49025,37.59377],[127.49034,37.59368],[127.49034,37.59363],[127.49032,37.59357],[127.49014,37.59355],[127.49015,37.59326],[127.49001,37.59321],[127.49001,37.59317],[127.48997,37.59315],[127.48999,37.59308],[127.49017,37.59308],[127.49017,37.59314],[127.49022,37.59314],[127.49021,37.59321],[127.49017,37.59321],[127.49017,37.59326],[127.49024,37.59327],[127.49024,37.59318],[127.49031,37.59318],[127.49035,37.59321],[127.4903,37.59348],[127.49034,37.5935],[127.49034,37.59357],[127.49039,37.59357],[127.49041,37.59365],[127.49057,37.59365],[127.49057,37.59372],[127.49063,37.59372],[127.49063,37.59392],[127.49056,37.59395],[127.49054,37.59404],[127.49074,37.59403],[127.49076,37.59421],[127.49105,37.59429],[127.49105,37.59421],[127.49096,37.59421],[127.49097,37.59414],[127.49112,37.59414],[127.49112,37.59411],[127.49117,37.59409],[127.49117,37.59402],[127.49115,37.59398],[127.49101,37.59398],[127.49102,37.59392],[127.49097,37.59391],[127.49088,37.5939],[127.49086,37.59396],[127.49072,37.59396],[127.49077,37.59383],[127.49097,37.59385],[127.491,37.59378],[127.49093,37.59374],[127.49091,37.59367],[127.49086,37.59367],[127.49084,37.59356],[127.49071,37.59345],[127.49069,37.59336],[127.49078,37.59336],[127.49078,37.59342],[127.49087,37.59344],[127.49087,37.59349],[127.49096,37.59355],[127.49098,37.5936],[127.49104,37.59362],[127.49106,37.59376],[127.4912,37.59376],[127.4912,37.59382],[127.49108,37.59385],[127.49108,37.59391],[127.49126,37.59393],[127.49126,37.59396],[127.4914,37.59398],[127.4914,37.59406],[127.49133,37.59407],[127.49133,37.59411],[127.49122,37.59413],[127.49117,37.59416],[127.49119,37.59431],[127.49112,37.59432],[127.49112,37.59438],[127.49123,37.59445],[127.49134,37.59445],[127.49135,37.59438],[127.4913,37.59432],[127.49126,37.59432],[127.49126,37.59427],[127.49164,37.59428],[127.49163,37.59476],[127.49156,37.5948],[127.49156,37.59485],[127.49147,37.59485],[127.49138,37.59479],[127.49138,37.59476],[127.49132,37.5947],[127.4912,37.5947],[127.4912,37.59497],[127.49111,37.59497],[127.49108,37.59517],[127.49113,37.59517],[127.49115,37.59521],[127.49117,37.59542],[127.49123,37.59542],[127.49123,37.59539],[127.49128,37.59537],[127.49128,37.59524],[127.49122,37.59517],[127.49124,37.59506],[127.49131,37.59506],[127.49135,37.59515],[127.49147,37.59516],[127.49147,37.59512],[127.49156,37.59512],[127.49156,37.59518],[127.49151,37.59517],[127.49151,37.59523],[127.49146,37.59526],[127.49146,37.59537],[127.4915,37.59552],[127.49155,37.59555],[127.49155,37.59573],[127.4915,37.59573],[127.49154,37.5959],[127.49147,37.5959],[127.49143,37.59595],[127.49136,37.59595],[127.49134,37.59598],[127.49126,37.59642],[127.49128,37.59654],[127.49108,37.59652],[127.49108,37.59658],[127.49119,37.59661],[127.49119,37.59665],[127.49132,37.59661],[127.49134,37.59678],[127.49127,37.59678],[127.49123,37.5967],[127.49116,37.5967],[127.49116,37.59683],[127.49121,37.59683],[127.49123,37.59687],[127.49134,37.59687],[127.49139,37.5969],[127.49138,37.59701],[127.49145,37.59705],[127.49142,37.59735],[127.49147,37.59739],[127.49146,37.59748],[127.49155,37.59755],[127.49157,37.59772],[127.49162,37.59775],[127.49168,37.59795],[127.49175,37.59801],[127.49182,37.59801],[127.49184,37.59792],[127.49191,37.59788],[127.49191,37.59781],[127.49184,37.59776],[127.49175,37.59774],[127.49176,37.59758],[127.49171,37.59756],[127.49171,37.59747],[127.49158,37.59741],[127.49158,37.59734],[127.49172,37.59734],[127.49172,37.59729],[127.49165,37.59721],[127.4917,37.59687],[127.49168,37.59682],[127.49159,37.59682],[127.49154,37.59692],[127.49148,37.59692],[127.49148,37.59681],[127.49157,37.59682],[127.49157,37.59676],[127.49143,37.59674],[127.49145,37.59618],[127.49149,37.59615],[127.4915,37.59597],[127.49159,37.59595],[127.49158,37.59604],[127.49167,37.5962],[127.49167,37.59628],[127.4918,37.59639],[127.49189,37.59639],[127.49194,37.59632],[127.49201,37.59632],[127.49208,37.59637],[127.49223,37.59637],[127.49226,37.59641],[127.49235,37.59643],[127.49239,37.59654],[127.49259,37.59656],[127.4926,37.59647],[127.49287,37.59645],[127.49287,37.59642],[127.49294,37.59636],[127.49292,37.59626],[127.49317,37.59617],[127.49321,37.5961],[127.49322,37.5959],[127.49326,37.59588],[127.49324,37.59574],[127.49367,37.59573],[127.4936,37.59617],[127.49335,37.59619],[127.49335,37.59626],[127.49323,37.59626],[127.49321,37.59631],[127.49312,37.59631],[127.4931,37.59638],[127.49298,37.5964],[127.49298,37.59646],[127.4933,37.59646],[127.49329,37.59673],[127.49363,37.59673],[127.49368,37.59677],[127.49374,37.59677],[127.49374,37.59683],[127.49363,37.59682],[127.49363,37.59697],[127.49356,37.59697],[127.49356,37.59711],[127.49362,37.59711],[127.49367,37.59708],[127.49367,37.59695],[127.49383,37.59695],[127.49388,37.59697],[127.49388,37.59701],[127.49397,37.59701],[127.49395,37.59782],[127.49361,37.59782],[127.4936,37.59809],[127.4934,37.59808],[127.4934,37.59819],[127.49362,37.59821],[127.49362,37.59827],[127.49367,37.59828],[127.49392,37.59829],[127.49394,37.59836],[127.49401,37.59842],[127.4941,37.59843],[127.4941,37.59847],[127.49419,37.59847],[127.49421,37.59854],[127.49441,37.5986],[127.49438,37.59889],[127.49424,37.59894],[127.49415,37.59894],[127.4942,37.5988],[127.49409,37.59874],[127.49409,37.59867],[127.49402,37.59863],[127.494,37.59858],[127.49393,37.59856],[127.49385,37.59841],[127.49358,37.5983],[127.49294,37.59828],[127.49278,37.59833],[127.49265,37.59831],[127.4926,37.59834],[127.49244,37.59834],[127.49238,37.59838],[127.49197,37.59835],[127.49183,37.59841],[127.49183,37.59848],[127.49192,37.59853],[127.49192,37.59859],[127.49196,37.59862],[127.49205,37.59862],[127.49208,37.59866],[127.49212,37.59866],[127.49214,37.59875],[127.49219,37.59875],[127.49228,37.59883],[127.49241,37.59883],[127.49241,37.59886],[127.49255,37.59892],[127.49261,37.59899],[127.4927,37.59899],[127.4927,37.59894],[127.49257,37.59888],[127.49253,37.59879],[127.49241,37.5987],[127.49214,37.59864],[127.49214,37.59857],[127.49205,37.59855],[127.49206,37.5985],[127.49258,37.59849],[127.49262,37.59845],[127.49276,37.59845],[127.49276,37.5986],[127.49282,37.59865],[127.49303,37.59871],[127.493,37.59883],[127.49293,37.59883],[127.49293,37.59894],[127.49286,37.59894],[127.49281,37.59905],[127.49286,37.59909],[127.49309,37.59911],[127.49313,37.59918],[127.4932,37.59918],[127.49322,37.59922],[127.49336,37.59922],[127.49338,37.59927],[127.49358,37.59933],[127.49358,37.59944],[127.49392,37.59944],[127.49391,37.59998],[127.49425,37.59999],[127.49423,37.60069],[127.49427,37.60096],[127.49423,37.60096],[127.49422,37.60107],[127.49418,37.60109],[127.49418,37.60114],[127.49413,37.60114],[127.49411,37.60123],[127.49399,37.60124],[127.49392,37.60132],[127.49388,37.60132],[127.49388,37.60135],[127.49383,37.60135],[127.49383,37.60139],[127.49379,37.60139],[127.49376,37.60142],[127.49356,37.60151],[127.49356,37.6016],[127.4936,37.6016],[127.49362,37.60169],[127.49355,37.60169],[127.49355,37.60173],[127.49342,37.60172],[127.49338,37.60156],[127.49331,37.60156],[127.49331,37.6016],[127.49313,37.60163],[127.49312,37.60167],[127.49308,37.60167],[127.49308,37.60174],[127.49303,37.60176],[127.49305,37.60188],[127.49312,37.60188],[127.49312,37.60179],[127.49328,37.60181],[127.49328,37.60192],[127.49323,37.60192],[127.49323,37.60197],[127.49344,37.60199],[127.49343,37.60205],[127.49334,37.60208],[127.49323,37.60208],[127.49323,37.60201],[127.49314,37.60201],[127.49314,37.60208],[127.49327,37.6021],[127.49327,37.60214],[127.49332,37.60214],[127.49336,37.60219],[127.49334,37.60228],[127.49327,37.60228],[127.49327,37.60232],[127.49318,37.60232],[127.49317,37.60295],[127.49294,37.60294],[127.49289,37.60305],[127.49282,37.60307],[127.49282,37.60312],[127.49289,37.60314],[127.49284,37.60327],[127.49291,37.60332],[127.49293,37.60347],[127.49316,37.60349],[127.49317,37.60383],[127.4931,37.60385],[127.4931,37.60388],[127.49303,37.60392],[127.49303,37.60406],[127.49296,37.60408],[127.49294,37.60413],[127.4928,37.60417],[127.4928,37.60429],[127.49257,37.60429],[127.49248,37.60433],[127.49246,37.60442],[127.49245,37.60456],[127.49254,37.60456],[127.49254,37.60462],[127.49261,37.60469],[127.4926,37.60499],[127.49253,37.60507],[127.49253,37.60512],[127.49267,37.60516],[127.49266,37.60543],[127.49262,37.60545],[127.49262,37.6055],[127.49266,37.6055],[127.49266,37.60566],[127.49259,37.60573],[127.49256,37.60584],[127.49252,37.60584],[127.4925,37.60589],[127.49243,37.60591],[127.49242,37.60618],[127.49233,37.60618],[127.49231,37.60622],[127.49222,37.60623],[127.49219,37.60629],[127.49215,37.60629],[127.49215,37.60634],[127.49221,37.60638],[127.49221,37.60641],[127.49226,37.60641],[127.49226,37.6065],[127.49207,37.60657],[127.49207,37.60672],[127.49194,37.60672],[127.49191,37.60679],[127.49184,37.60679],[127.49184,37.60684],[127.49209,37.60684],[127.49211,37.60692],[127.49204,37.60692],[127.49202,37.60695],[127.49191,37.60695],[127.49188,37.60699],[127.4917,37.607],[127.4917,37.60706],[127.49163,37.60707],[127.49163,37.60711],[127.4915,37.60711],[127.49147,37.60714],[127.49136,37.60714],[127.49136,37.60718],[127.49129,37.60718]],[[127.49202,37.60596],[127.49209,37.60596],[127.49207,37.60589],[127.492,37.60589],[127.49202,37.60596]],[[127.49212,37.60566],[127.49225,37.60566],[127.49228,37.60555],[127.49209,37.60558],[127.49212,37.60566]],[[127.49235,37.60548],[127.49244,37.60548],[127.49244,37.60541],[127.49239,37.60537],[127.4923,37.60537],[127.49235,37.60548]],[[127.49217,37.60535],[127.49223,37.60535],[127.4923,37.6053],[127.49228,37.60517],[127.49224,37.60512],[127.4921,37.60511],[127.49212,37.60522],[127.49208,37.60524],[127.49208,37.60533],[127.49217,37.60535]],[[127.49163,37.60509],[127.49174,37.60507],[127.49182,37.60479],[127.49188,37.60475],[127.49189,37.60461],[127.49193,37.60455],[127.49198,37.60455],[127.49198,37.60448],[127.49191,37.60443],[127.49194,37.6043],[127.49187,37.60425],[127.49178,37.60424],[127.49176,37.60421],[127.49165,37.60421],[127.49158,37.60428],[127.49159,37.6048],[127.49166,37.60484],[127.49165,37.60489],[127.49159,37.60491],[127.49158,37.60505],[127.49163,37.60509]],[[127.49187,37.60408],[127.49194,37.60408],[127.49194,37.60403],[127.49188,37.60403],[127.49187,37.60408]],[[127.49217,37.60393],[127.49242,37.60389],[127.49245,37.60378],[127.49252,37.60379],[127.49261,37.60368],[127.49261,37.60359],[127.49252,37.60359],[127.49252,37.60364],[127.49247,37.60366],[127.49242,37.60378],[127.49229,37.60378],[127.49226,37.60385],[127.49217,37.60387],[127.49217,37.60393]],[[127.49238,37.60357],[127.49245,37.60357],[127.49245,37.60351],[127.49238,37.60351],[127.49238,37.60357]],[[127.49224,37.60284],[127.4924,37.60285],[127.4924,37.60277],[127.4922,37.6027],[127.49211,37.6027],[127.49213,37.60279],[127.49222,37.60281],[127.49224,37.60284]],[[127.49256,37.60272],[127.49265,37.60272],[127.49265,37.60267],[127.49256,37.60267],[127.49256,37.60272]],[[127.49302,37.60233],[127.49311,37.60232],[127.49311,37.60223],[127.49302,37.60212],[127.49298,37.60212],[127.49296,37.60208],[127.49287,37.60208],[127.49282,37.60204],[127.49282,37.60195],[127.49287,37.60195],[127.49287,37.60174],[127.49281,37.60173],[127.49276,37.60199],[127.49262,37.602],[127.49262,37.60206],[127.49271,37.60206],[127.49278,37.60213],[127.49287,37.60215],[127.49289,37.60219],[127.49296,37.60219],[127.49302,37.60233]],[[127.49228,37.60216],[127.49237,37.60214],[127.49235,37.60205],[127.49226,37.60207],[127.49228,37.60216]],[[127.49248,37.60195],[127.49255,37.60195],[127.49255,37.60186],[127.49249,37.60186],[127.49248,37.60195]],[[127.49279,37.60154],[127.49288,37.60154],[127.49288,37.60147],[127.49281,37.60143],[127.49279,37.60137],[127.4927,37.60137],[127.4927,37.60143],[127.49274,37.60143],[127.49279,37.60154]],[[127.49221,37.60115],[127.4923,37.60113],[127.4923,37.60101],[127.49212,37.60104],[127.49212,37.60111],[127.49221,37.60115]],[[127.493,37.60105],[127.49311,37.60104],[127.49314,37.60095],[127.49307,37.60085],[127.49289,37.60085],[127.49287,37.60092],[127.49296,37.60096],[127.493,37.60105]],[[127.49242,37.60067],[127.49249,37.60067],[127.49256,37.60061],[127.49256,37.60052],[127.49247,37.60052],[127.49244,37.60059],[127.49238,37.60059],[127.49237,37.60065],[127.49242,37.60067]],[[127.4924,37.60045],[127.49249,37.60045],[127.49249,37.6004],[127.4924,37.6004],[127.4924,37.60045]],[[127.49268,37.60036],[127.49277,37.60035],[127.49277,37.60024],[127.49272,37.60018],[127.49263,37.60018],[127.49268,37.60036]],[[127.49322,37.60037],[127.49329,37.60037],[127.49329,37.60032],[127.49322,37.60032],[127.49322,37.60037]],[[127.49191,37.60024],[127.49211,37.60025],[127.49209,37.60003],[127.49198,37.59999],[127.49196,37.5999],[127.49189,37.5999],[127.49189,37.60001],[127.49182,37.60008],[127.49182,37.60015],[127.49184,37.60019],[127.49189,37.60019],[127.49191,37.60024]],[[127.49245,37.60018],[127.49252,37.60018],[127.49252,37.60005],[127.49248,37.6],[127.49241,37.6],[127.49241,37.60013],[127.49245,37.60014],[127.49245,37.60018]],[[127.49323,37.60003],[127.49334,37.60001],[127.49339,37.59998],[127.49339,37.59992],[127.49327,37.5999],[127.49325,37.59987],[127.49316,37.59986],[127.49314,37.59995],[127.49323,37.60003]],[[127.49318,37.59981],[127.49325,37.59981],[127.49325,37.59976],[127.49319,37.59976],[127.49318,37.59981]],[[127.49262,37.59953],[127.49269,37.59953],[127.49267,37.59946],[127.4926,37.59946],[127.49262,37.59953]],[[127.4924,37.59928],[127.49247,37.59928],[127.49247,37.59922],[127.4924,37.59922],[127.49236,37.59919],[127.49236,37.59913],[127.49229,37.59913],[127.49229,37.59924],[127.4924,37.59928]],[[127.49247,37.5991],[127.49259,37.5991],[127.49259,37.59903],[127.4925,37.59903],[127.49247,37.5991]],[[127.49176,37.59835],[127.49183,37.59835],[127.49183,37.59826],[127.49172,37.59826],[127.49172,37.59831],[127.49176,37.59835]],[[127.49247,37.5982],[127.49263,37.5982],[127.49265,37.59816],[127.49265,37.59804],[127.49254,37.59796],[127.49245,37.59793],[127.4922,37.59792],[127.49213,37.59799],[127.49195,37.59797],[127.49195,37.59815],[127.49242,37.59816],[127.49247,37.5982]],[[127.49261,37.59789],[127.49268,37.59789],[127.49268,37.59782],[127.49261,37.59782],[127.49261,37.59789]],[[127.49223,37.59787],[127.49236,37.59785],[127.49236,37.59778],[127.49227,37.59774],[127.49232,37.59755],[127.4921,37.59753],[127.49208,37.59745],[127.49214,37.59745],[127.49215,37.59738],[127.49206,37.59738],[127.49203,37.59743],[127.49196,37.59743],[127.49194,37.59733],[127.49183,37.59731],[127.49183,37.59736],[127.4919,37.5974],[127.4919,37.59743],[127.49194,37.59743],[127.49194,37.59749],[127.49183,37.59749],[127.49185,37.59758],[127.49191,37.59763],[127.49207,37.59763],[127.49212,37.59765],[127.49212,37.59769],[127.49223,37.59771],[127.49223,37.59776],[127.49203,37.59776],[127.49205,37.59783],[127.49223,37.59787]],[[127.49113,37.59731],[127.49129,37.5973],[127.49129,37.59724],[127.49111,37.59721],[127.49113,37.59731]],[[127.49127,37.59715],[127.49134,37.59716],[127.49134,37.59703],[127.49118,37.59703],[127.49116,37.59694],[127.49109,37.59694],[127.49109,37.59697],[127.49104,37.59697],[127.49106,37.59708],[127.491,37.59708],[127.491,37.59713],[127.49111,37.59713],[127.49116,37.59708],[127.49122,37.59708],[127.49127,37.59715]],[[127.49326,37.59714],[127.49337,37.59713],[127.4934,37.59698],[127.49326,37.59696],[127.49326,37.59714]],[[127.49265,37.59699],[127.49272,37.59699],[127.49272,37.59694],[127.49265,37.59694],[127.49265,37.59699]],[[127.49331,37.59689],[127.49338,37.59689],[127.49338,37.59682],[127.49329,37.59682],[127.49331,37.59689]],[[127.49112,37.59645],[127.49119,37.59645],[127.49117,37.59618],[127.49124,37.59609],[127.4912,37.59595],[127.49106,37.59596],[127.4911,37.59623],[127.49108,37.59629],[127.49101,37.5963],[127.49101,37.59638],[127.49112,37.59638],[127.49112,37.59645]],[[127.49072,37.59621],[127.49081,37.59621],[127.49081,37.59616],[127.49072,37.59616],[127.49072,37.59621]],[[127.49036,37.5959],[127.49048,37.5959],[127.49048,37.59585],[127.49037,37.59583],[127.49036,37.5959]],[[127.49041,37.5957],[127.49053,37.5957],[127.49055,37.59561],[127.49042,37.59559],[127.49041,37.5957]],[[127.49085,37.59533],[127.49096,37.59533],[127.49097,37.59528],[127.49085,37.59526],[127.49085,37.59533]],[[127.49041,37.59493],[127.49047,37.59493],[127.49048,37.59487],[127.49041,37.59487],[127.49041,37.59493]],[[127.49023,37.59476],[127.4903,37.59476],[127.4903,37.59471],[127.49023,37.59471],[127.49023,37.59476]],[[127.49102,37.59461],[127.49109,37.59461],[127.49109,37.59456],[127.49098,37.59454],[127.49098,37.59459],[127.49102,37.59461]]]}},{"type":"Feature","properties":{"valleyId":"eobi","layer":"shadow","date":"2026-08-01","timeLocal":"18:00"},"geometry":{"type":"Polygon","coordinates":[[[127.4918,37.59307],[127.4918,37.59302],[127.49192,37.59302],[127.49192,37.59307],[127.4918,37.59307]]]}},{"type":"Feature","properties":{"valleyId":"eobi","layer":"shadow","date":"2026-08-01","timeLocal":"18:00"},"geometry":{"type":"Polygon","coordinates":[[[127.49314,37.5931],[127.49312,37.59301],[127.49323,37.59303],[127.49323,37.59309],[127.49314,37.5931]]]}},{"type":"Feature","properties":{"valleyId":"eobi","layer":"shadow","date":"2026-08-01","timeLocal":"18:00"},"geometry":{"type":"Polygon","coordinates":[[[127.49269,37.59303],[127.49269,37.59297],[127.49276,37.59292],[127.49276,37.59288],[127.49283,37.59288],[127.49282,37.59297],[127.49276,37.59303],[127.49269,37.59303]]]}},{"type":"Feature","properties":{"valleyId":"eobi","layer":"shadow","date":"2026-08-01","timeLocal":"18:00"},"geometry":{"type":"Polygon","coordinates":[[[127.49142,37.5931],[127.4914,37.59301],[127.49151,37.59298],[127.49153,37.59289],[127.49167,37.59285],[127.49167,37.59291],[127.49158,37.59294],[127.49158,37.59305],[127.49148,37.5931],[127.49142,37.5931]]]}},{"type":"Feature","properties":{"valleyId":"eobi","layer":"shadow","date":"2026-08-01","timeLocal":"18:00"},"geometry":{"type":"Polygon","coordinates":[[[127.49237,37.59293],[127.49237,37.59286],[127.49246,37.59286],[127.49246,37.59293],[127.49237,37.59293]]]}},{"type":"Feature","properties":{"valleyId":"eobi","layer":"shadow","date":"2026-08-01","timeLocal":"18:00"},"geometry":{"type":"Polygon","coordinates":[[[127.48977,37.59279],[127.48977,37.59272],[127.48988,37.5927],[127.48988,37.59276],[127.48984,37.59279],[127.48977,37.59279]]]}},{"type":"Feature","properties":{"valleyId":"eobi","layer":"shadow","date":"2026-08-01","timeLocal":"18:00"},"geometry":{"type":"Polygon","coordinates":[[[127.49276,37.59281],[127.49269,37.59279],[127.49269,37.59272],[127.49283,37.59272],[127.49283,37.59281],[127.49276,37.59281]]]}},{"type":"Feature","properties":{"valleyId":"eobi","layer":"shadow","date":"2026-08-01","timeLocal":"18:00"},"geometry":{"type":"Polygon","coordinates":[[[127.49326,37.59276],[127.49326,37.59271],[127.49335,37.59271],[127.49335,37.59276],[127.49326,37.59276]]]}},{"type":"Feature","properties":{"valleyId":"eobi","layer":"shadow","date":"2026-08-01","timeLocal":"18:00"},"geometry":{"type":"Polygon","coordinates":[[[127.49299,37.59285],[127.49297,37.59265],[127.49315,37.59267],[127.4931,37.59283],[127.49299,37.59285]]]}},{"type":"Feature","properties":{"valleyId":"eobi","layer":"shadow","date":"2026-08-01","timeLocal":"18:00"},"geometry":{"type":"Polygon","coordinates":[[[127.49256,37.5927],[127.49256,37.59265],[127.49267,37.59263],[127.49267,37.5927],[127.49256,37.5927]]]}},{"type":"Feature","properties":{"valleyId":"eobi","layer":"shadow","date":"2026-08-01","timeLocal":"18:00"},"geometry":{"type":"Polygon","coordinates":[[[127.48975,37.59265],[127.48975,37.59257],[127.48982,37.59258],[127.48984,37.59265],[127.48975,37.59265]]]}},{"type":"Feature","properties":{"valleyId":"eobi","layer":"shadow","date":"2026-08-01","timeLocal":"18:00"},"geometry":{"type":"Polygon","coordinates":[[[127.49156,37.59271],[127.49154,37.59256],[127.49172,37.59256],[127.49172,37.59264],[127.49165,37.59265],[127.49165,37.59271],[127.49156,37.59271]]]}},{"type":"Feature","properties":{"valleyId":"eobi","layer":"shadow","date":"2026-08-01","timeLocal":"18:00"},"geometry":{"type":"Polygon","coordinates":[[[127.49265,37.59261],[127.49265,37.5925],[127.49277,37.59252],[127.49276,37.59261],[127.49265,37.59261]]]}},{"type":"Feature","properties":{"valleyId":"eobi","layer":"shadow","date":"2026-08-01","timeLocal":"18:00"},"geometry":{"type":"Polygon","coordinates":[[[127.48955,37.59259],[127.48953,37.59248],[127.48962,37.59246],[127.48962,37.59254],[127.48971,37.59254],[127.48971,37.59259],[127.48955,37.59259]]]}},{"type":"Feature","properties":{"valleyId":"eobi","layer":"shadow","date":"2026-08-01","timeLocal":"18:00"},"geometry":{"type":"Polygon","coordinates":[[[127.4907,37.59277],[127.49066,37.59246],[127.49077,37.59246],[127.49082,37.59261],[127.49077,37.59264],[127.49077,37.59277],[127.4907,37.59277]]]}},{"type":"Feature","properties":{"valleyId":"eobi","layer":"shadow","date":"2026-08-01","timeLocal":"18:00"},"geometry":{"type":"Polygon","coordinates":[[[127.49138,37.59281],[127.49136,37.59276],[127.49127,37.59276],[127.49111,37.59263],[127.49109,37.59248],[127.49123,37.59247],[127.49122,37.59252],[127.49134,37.59261],[127.49134,37.59265],[127.49138,37.59265],[127.4914,37.59272],[127.49147,37.59272],[127.49147,37.59279],[127.49138,37.59281]]]}},{"type":"Feature","properties":{"valleyId":"eobi","layer":"shadow","date":"2026-08-01","timeLocal":"18:00"},"geometry":{"type":"Polygon","coordinates":[[[127.49306,37.59262],[127.49306,37.59254],[127.49299,37.59254],[127.49302,37.59247],[127.49308,37.59247],[127.49308,37.59255],[127.49315,37.59255],[127.49315,37.59262],[127.49306,37.59262]]]}},{"type":"Feature","properties":{"valleyId":"eobi","layer":"shadow","date":"2026-08-01","timeLocal":"18:00"},"geometry":{"type":"Polygon","coordinates":[[[127.49203,37.59284],[127.49206,37.59271],[127.49195,37.59269],[127.49193,37.59262],[127.49197,37.59251],[127.49202,37.5925],[127.49202,37.59244],[127.49209,37.59244],[127.49209,37.5925],[127.49218,37.59253],[127.49217,37.59262],[127.49213,37.59262],[127.49213,37.59268],[127.49224,37.5927],[127.49224,37.59275],[127.49215,37.59282],[127.49203,37.59284]]]}},{"type":"Feature","properties":{"valleyId":"eobi","layer":"shadow","date":"2026-08-01","timeLocal":"18:00"},"geometry":{"type":"Polygon","coordinates":[[[127.49123,37.59243],[127.49123,37.59238],[127.49134,37.59238],[127.49134,37.59243],[127.49123,37.59243]]]}},{"type":"Feature","properties":{"valleyId":"eobi","layer":"shadow","date":"2026-08-01","timeLocal":"18:00"},"geometry":{"type":"Polygon","coordinates":[[[127.49013,37.59307],[127.49013,37.59298],[127.49006,37.59296],[127.49002,37.59279],[127.49011,37.59274],[127.49011,37.59263],[127.49023,37.59254],[127.49023,37.59251],[127.49032,37.59249],[127.49034,37.59238],[127.49055,37.59233],[127.49052,37.59242],[127.49041,37.59246],[127.49038,37.59269],[127.49025,37.59273],[127.49025,37.5928],[127.49036,37.59283],[127.49035,37.593],[127.49026,37.593],[127.49027,37.59292],[127.49018,37.5929],[127.49015,37.59298],[127.49024,37.593],[127.49024,37.59305],[127.49013,37.59307]]]}},{"type":"Feature","properties":{"valleyId":"eobi","layer":"shadow","date":"2026-08-01","timeLocal":"18:00"},"geometry":{"type":"Polygon","coordinates":[[[127.49281,37.59249],[127.49284,37.59236],[127.49293,37.59236],[127.49292,37.59249],[127.49281,37.59249]]]}},{"type":"Feature","properties":{"valleyId":"eobi","layer":"shadow","date":"2026-08-01","timeLocal":"18:00"},"geometry":{"type":"Polygon","coordinates":[[[127.49261,37.59243],[127.49261,37.59234],[127.49268,37.59234],[127.49268,37.59243],[127.49261,37.59243]]]}},{"type":"Feature","properties":{"valleyId":"eobi","layer":"shadow","date":"2026-08-01","timeLocal":"18:00"},"geometry":{"type":"Polygon","coordinates":[[[127.48919,37.59233],[127.48919,37.59228],[127.48928,37.59228],[127.48928,37.59233],[127.48919,37.59233]]]}},{"type":"Feature","properties":{"valleyId":"eobi","layer":"shadow","date":"2026-08-01","timeLocal":"18:00"},"geometry":{"type":"Polygon","coordinates":[[[127.48966,37.59243],[127.48964,37.5923],[127.48983,37.59227],[127.48985,37.59241],[127.48966,37.59243]]]}},{"type":"Feature","properties":{"valleyId":"eobi","layer":"shadow","date":"2026-08-01","timeLocal":"18:00"},"geometry":{"type":"Polygon","coordinates":[[[127.49291,37.59233],[127.49291,37.59227],[127.49297,37.59227],[127.49297,37.59233],[127.49291,37.59233]]]}},{"type":"Feature","properties":{"valleyId":"eobi","layer":"shadow","date":"2026-08-01","timeLocal":"18:00"},"geometry":{"type":"Polygon","coordinates":[[[127.49188,37.5924],[127.49189,37.59226],[127.492,37.59224],[127.492,37.59228],[127.49205,37.59228],[127.49202,37.59241],[127.49188,37.5924]]]}},{"type":"Feature","properties":{"valleyId":"eobi","layer":"shadow","date":"2026-08-01","timeLocal":"18:00"},"geometry":{"type":"Polygon","coordinates":[[[127.4934,37.59246],[127.4934,37.59235],[127.49331,37.59231],[127.49334,37.59224],[127.49345,37.59224],[127.49345,37.59228],[127.4935,37.59228],[127.49351,37.59244],[127.4934,37.59246]]]}},{"type":"Feature","properties":{"valleyId":"eobi","layer":"shadow","date":"2026-08-01","timeLocal":"18:00"},"geometry":{"type":"Polygon","coordinates":[[[127.49096,37.59236],[127.49098,37.59218],[127.49105,37.59218],[127.49105,37.59236],[127.49096,37.59236]]]}},{"type":"Feature","properties":{"valleyId":"eobi","layer":"shadow","date":"2026-08-01","timeLocal":"18:00"},"geometry":{"type":"Polygon","coordinates":[[[127.49248,37.59225],[127.49248,37.59216],[127.49264,37.59216],[127.49264,37.59223],[127.49248,37.59225]]]}},{"type":"Feature","properties":{"valleyId":"eobi","layer":"shadow","date":"2026-08-01","timeLocal":"18:00"},"geometry":{"type":"Polygon","coordinates":[[[127.48834,37.59272],[127.48835,37.59265],[127.48823,37.59256],[127.48828,37.59236],[127.48822,37.59236],[127.48819,37.59241],[127.48808,37.59239],[127.48799,37.59232],[127.48797,37.59223],[127.48777,37.59219],[127.48777,37.59204],[127.48795,37.59205],[127.48797,37.59216],[127.48806,37.59216],[127.48806,37.59205],[127.4882,37.59205],[127.48817,37.59218],[127.48829,37.59225],[127.48838,37.59225],[127.48842,37.59229],[127.48842,37.5924],[127.48846,37.5924],[127.48846,37.59247],[127.48842,37.5925],[127.48843,37.5927],[127.48834,37.59272]]]}},{"type":"Feature","properties":{"valleyId":"eobi","layer":"shadow","date":"2026-08-01","timeLocal":"18:00"},"geometry":{"type":"Polygon","coordinates":[[[127.49162,37.5922],[127.4916,37.59209],[127.49169,37.59209],[127.49171,37.5922],[127.49162,37.5922]]]}},{"type":"Feature","properties":{"valleyId":"eobi","layer":"shadow","date":"2026-08-01","timeLocal":"18:00"},"geometry":{"type":"Polygon","coordinates":[[[127.48756,37.5921],[127.48756,37.59204],[127.48763,37.59204],[127.48763,37.5921],[127.48756,37.5921]]]}},{"type":"Feature","properties":{"valleyId":"eobi","layer":"shadow","date":"2026-08-01","timeLocal":"18:00"},"geometry":{"type":"Polygon","coordinates":[[[127.49354,37.59223],[127.49352,37.5921],[127.49359,37.5921],[127.49359,37.59217],[127.49363,37.59217],[127.49363,37.59223],[127.49354,37.59223]]]}},{"type":"Feature","properties":{"valleyId":"eobi","layer":"shadow","date":"2026-08-01","timeLocal":"18:00"},"geometry":{"type":"Polygon","coordinates":[[[127.48923,37.59374],[127.48919,37.59367],[127.48919,37.59354],[127.4891,37.59343],[127.48906,37.59327],[127.48899,37.59327],[127.48897,37.5933],[127.4887,37.59328],[127.48867,37.59332],[127.48851,37.59328],[127.4882,37.59328],[127.48795,37.59316],[127.48786,37.59302],[127.4877,37.59298],[127.48739,37.59301],[127.48738,37.59312],[127.48743,37.59314],[127.48743,37.59318],[127.48754,37.5932],[127.48759,37.59325],[127.48765,37.59327],[127.4877,37.59334],[127.48767,37.59354],[127.48762,37.59361],[127.48751,37.59361],[127.48742,37.59352],[127.48729,37.5935],[127.4872,37.5935],[127.4871,37.59357],[127.48685,37.59355],[127.48681,37.59347],[127.48684,37.59331],[127.48668,37.59329],[127.48668,37.59324],[127.48684,37.59317],[127.48684,37.59304],[127.48657,37.59302],[127.48651,37.5928],[127.48651,37.59264],[127.4866,37.59264],[127.4866,37.59259],[127.48649,37.59253],[127.48652,37.5923],[127.48659,37.59226],[127.48659,37.59203],[127.48686,37.59205],[127.48686,37.59201],[127.48695,37.59202],[127.48695,37.59207],[127.48686,37.59207],[127.48686,37.59212],[127.48693,37.59216],[127.48704,37.59216],[127.48702,37.59205],[127.48711,37.59205],[127.48718,37.59209],[127.48718,37.59213],[127.48722,37.59213],[127.48722,37.59216],[127.48736,37.59218],[127.4874,37.59229],[127.48745,37.59229],[127.48747,37.59233],[127.48758,37.59233],[127.48767,37.59239],[127.48781,37.59241],[127.48781,37.59246],[127.48785,37.59246],[127.4878,37.5926],[127.48794,37.59261],[127.48793,37.59288],[127.48879,37.59289],[127.48879,37.59283],[127.4887,37.5928],[127.48871,37.59274],[127.48886,37.59274],[127.48902,37.59276],[127.48904,37.59289],[127.4895,37.5929],[127.48949,37.59304],[127.48951,37.59308],[127.48961,37.59308],[127.48967,37.59302],[127.48968,37.59288],[127.48979,37.59288],[127.48979,37.59304],[127.48972,37.5931],[127.48972,37.59322],[127.48978,37.59322],[127.48978,37.59319],[127.48992,37.59321],[127.49003,37.5935],[127.49,37.59362],[127.48989,37.5936],[127.48987,37.59341],[127.48983,37.59337],[127.48978,37.59337],[127.48974,37.59331],[127.4896,37.59331],[127.48958,37.59328],[127.48949,37.59327],[127.48942,37.59342],[127.48926,37.59342],[127.48923,37.59354],[127.48928,37.5936],[127.4893,37.59374],[127.48923,37.59374]],[[127.48908,37.59314],[127.48915,37.59314],[127.48913,37.59304],[127.48899,37.59302],[127.48899,37.59307],[127.48908,37.59314]],[[127.48674,37.59259],[127.48687,37.59259],[127.4869,37.59252],[127.48672,37.59252],[127.48674,37.59259]],[[127.48728,37.59249],[127.4874,37.59249],[127.48742,37.59242],[127.48738,37.59238],[127.48729,37.59238],[127.48728,37.59249]],[[127.48679,37.59232],[127.48692,37.59232],[127.48693,37.59225],[127.48679,37.59227],[127.48679,37.59232]],[[127.48713,37.59225],[127.4872,37.59225],[127.4872,37.5922],[127.48713,37.5922],[127.48713,37.59225]]]}},{"type":"Feature","properties":{"valleyId":"eobi","layer":"shadow","date":"2026-08-01","timeLocal":"18:00"},"geometry":{"type":"Polygon","coordinates":[[[127.48894,37.59222],[127.48894,37.59213],[127.48881,37.59211],[127.48879,37.59204],[127.48929,37.59208],[127.48926,37.59215],[127.48917,37.59215],[127.48915,37.59219],[127.48903,37.59219],[127.48901,37.59222],[127.48894,37.59222]]]}},{"type":"Feature","properties":{"valleyId":"eobi","layer":"shadow","date":"2026-08-01","timeLocal":"18:00"},"geometry":{"type":"Polygon","coordinates":[[[127.49225,37.59219],[127.49225,37.59212],[127.49221,37.59212],[127.49221,37.59205],[127.49237,37.59209],[127.49234,37.59219],[127.49225,37.59219]]]}},{"type":"Feature","properties":{"valleyId":"eobi","layer":"shadow","date":"2026-08-01","timeLocal":"18:00"},"geometry":{"type":"Polygon","coordinates":[[[127.493,37.59215],[127.49298,37.59197],[127.49307,37.59197],[127.49312,37.59199],[127.49311,37.59215],[127.493,37.59215]]]}},{"type":"Feature","properties":{"valleyId":"eobi","layer":"shadow","date":"2026-08-01","timeLocal":"18:00"},"geometry":{"type":"Polygon","coordinates":[[[127.48791,37.59201],[127.48791,37.59188],[127.48807,37.59192],[127.48804,37.59199],[127.48791,37.59201]]]}},{"type":"Feature","properties":{"valleyId":"eobi","layer":"shadow","date":"2026-08-01","timeLocal":"18:00"},"geometry":{"type":"Polygon","coordinates":[[[127.48856,37.59205],[127.48856,37.59202],[127.48849,37.59202],[127.4885,37.59195],[127.48865,37.59195],[127.4887,37.59189],[127.48877,37.5919],[127.48872,37.592],[127.48865,37.592],[127.48865,37.59206],[127.48856,37.59205]]]}},{"type":"Feature","properties":{"valleyId":"eobi","layer":"shadow","date":"2026-08-01","timeLocal":"18:00"},"geometry":{"type":"Polygon","coordinates":[[[127.49255,37.59203],[127.49257,37.59191],[127.49266,37.59191],[127.49266,37.592],[127.49262,37.592],[127.49262,37.59203],[127.49255,37.59203]]]}},{"type":"Feature","properties":{"valleyId":"eobi","layer":"shadow","date":"2026-08-01","timeLocal":"18:00"},"geometry":{"type":"Polygon","coordinates":[[[127.4882,37.59187],[127.4882,37.59182],[127.48827,37.59182],[127.48827,37.59187],[127.4882,37.59187]]]}},{"type":"Feature","properties":{"valleyId":"eobi","layer":"shadow","date":"2026-08-01","timeLocal":"18:00"},"geometry":{"type":"Polygon","coordinates":[[[127.48886,37.59188],[127.48888,37.59181],[127.489,37.59183],[127.489,37.59188],[127.48886,37.59188]]]}},{"type":"Feature","properties":{"valleyId":"eobi","layer":"shadow","date":"2026-08-01","timeLocal":"18:00"},"geometry":{"type":"Polygon","coordinates":[[[127.48721,37.59182],[127.48721,37.59177],[127.48728,37.59177],[127.48727,37.59182],[127.48721,37.59182]]]}},{"type":"Feature","properties":{"valleyId":"eobi","layer":"shadow","date":"2026-08-01","timeLocal":"18:00"},"geometry":{"type":"Polygon","coordinates":[[[127.49289,37.59189],[127.49289,37.59184],[127.49298,37.59184],[127.49298,37.59189],[127.49289,37.59189]]]}},{"type":"Feature","properties":{"valleyId":"eobi","layer":"shadow","date":"2026-08-01","timeLocal":"18:00"},"geometry":{"type":"Polygon","coordinates":[[[127.4873,37.59171],[127.4873,37.59166],[127.48744,37.59166],[127.48744,37.59172],[127.4873,37.59171]]]}},{"type":"Feature","properties":{"valleyId":"eobi","layer":"shadow","date":"2026-08-01","timeLocal":"18:00"},"geometry":{"type":"Polygon","coordinates":[[[127.49115,37.59171],[127.49115,37.59164],[127.49122,37.59164],[127.49122,37.59171],[127.49115,37.59171]]]}},{"type":"Feature","properties":{"valleyId":"eobi","layer":"shadow","date":"2026-08-01","timeLocal":"18:00"},"geometry":{"type":"Polygon","coordinates":[[[127.48777,37.59179],[127.48778,37.59172],[127.48764,37.5917],[127.48764,37.59165],[127.48775,37.59165],[127.48776,37.59158],[127.48782,37.59158],[127.48784,37.59165],[127.4878,37.59165],[127.4878,37.59172],[127.48787,37.59174],[127.48786,37.59179],[127.48777,37.59179]]]}},{"type":"Feature","properties":{"valleyId":"eobi","layer":"shadow","date":"2026-08-01","timeLocal":"18:00"},"geometry":{"type":"Polygon","coordinates":[[[127.49269,37.59169],[127.49269,37.59164],[127.49278,37.59162],[127.49278,37.59169],[127.49269,37.59169]]]}},{"type":"Feature","properties":{"valleyId":"eobi","layer":"shadow","date":"2026-08-01","timeLocal":"18:00"},"geometry":{"type":"Polygon","coordinates":[[[127.4898,37.59225],[127.4898,37.59218],[127.48976,37.59216],[127.48979,37.59196],[127.48988,37.59189],[127.48988,37.59184],[127.48995,37.5918],[127.48995,37.59171],[127.49009,37.5917],[127.49008,37.59184],[127.4902,37.59186],[127.49024,37.59182],[127.49031,37.59161],[127.49038,37.59157],[127.49047,37.59157],[127.49049,37.59166],[127.49045,37.59166],[127.49042,37.59181],[127.49038,37.59183],[127.49038,37.59186],[127.4902,37.59191],[127.49019,37.59199],[127.49015,37.59198],[127.49015,37.59202],[127.49006,37.59206],[127.49006,37.59211],[127.4901,37.59211],[127.4901,37.59218],[127.48994,37.59225],[127.4898,37.59225]]]}},{"type":"Feature","properties":{"valleyId":"eobi","layer":"shadow","date":"2026-08-01","timeLocal":"18:00"},"geometry":{"type":"Polygon","coordinates":[[[127.4906,37.5923],[127.4906,37.59186],[127.49065,37.59181],[127.49068,37.59167],[127.49074,37.59161],[127.49079,37.59151],[127.49086,37.59147],[127.49091,37.59135],[127.49095,37.59133],[127.49096,37.59126],[127.49091,37.59124],[127.49087,37.59113],[127.49089,37.59104],[127.49096,37.59104],[127.49096,37.59111],[127.491,37.59111],[127.49105,37.5912],[127.49102,37.59165],[127.49097,37.59167],[127.49097,37.59174],[127.49088,37.59178],[127.49081,37.59187],[127.49074,37.59208],[127.49073,37.59221],[127.49066,37.59226],[127.49066,37.5923],[127.4906,37.5923]]]}},{"type":"Feature","properties":{"valleyId":"eobi","layer":"shadow","date":"2026-08-01","timeLocal":"18:00"},"geometry":{"type":"Polygon","coordinates":[[[127.48741,37.59163],[127.48735,37.59161],[127.48733,37.5915],[127.48726,37.59148],[127.48722,37.59123],[127.48759,37.59101],[127.48765,37.59102],[127.48768,37.59105],[127.48779,37.59105],[127.48784,37.59096],[127.4879,37.59096],[127.48797,37.59102],[127.48802,37.59102],[127.48804,37.59109],[127.48776,37.59111],[127.48776,37.59114],[127.48763,37.59112],[127.48763,37.59121],[127.48749,37.59121],[127.48749,37.59128],[127.48744,37.59128],[127.48744,37.59134],[127.48735,37.59143],[127.48735,37.5915],[127.48742,37.5915],[127.48742,37.59154],[127.48748,37.59155],[127.48748,37.59163],[127.48741,37.59163]]]}},{"type":"Feature","properties":{"valleyId":"eobi","layer":"shadow","date":"2026-08-01","timeLocal":"18:00"},"geometry":{"type":"Polygon","coordinates":[[[127.48863,37.59069],[127.48852,37.59058],[127.48855,37.5905],[127.48862,37.59051],[127.48861,37.59054],[127.48873,37.59056],[127.48872,37.59069],[127.48863,37.59069]]]}},{"type":"Feature","properties":{"valleyId":"eobi","layer":"shadow","date":"2026-08-01","timeLocal":"18:00"},"geometry":{"type":"Polygon","coordinates":[[[127.48802,37.59068],[127.48798,37.59066],[127.48798,37.59057],[127.48803,37.59046],[127.4881,37.59046],[127.48812,37.59052],[127.48823,37.59054],[127.48823,37.59059],[127.4882,37.59066],[127.48802,37.59068]]]}},{"type":"Feature","properties":{"valleyId":"eobi","layer":"shadow","date":"2026-08-01","timeLocal":"18:00"},"geometry":{"type":"Polygon","coordinates":[[[127.49043,37.59038],[127.49043,37.59031],[127.49052,37.5903],[127.49052,37.59039],[127.49043,37.59038]]]}},{"type":"Feature","properties":{"valleyId":"eobi","layer":"shadow","date":"2026-08-01","timeLocal":"18:00"},"geometry":{"type":"Polygon","coordinates":[[[127.48912,37.59022],[127.48912,37.59017],[127.48919,37.59017],[127.48919,37.59022],[127.48912,37.59022]]]}},{"type":"Feature","properties":{"valleyId":"eobi","layer":"shadow","date":"2026-08-01","timeLocal":"18:00"},"geometry":{"type":"Polygon","coordinates":[[[127.48885,37.59013],[127.48885,37.59008],[127.48892,37.59008],[127.48892,37.59013],[127.48885,37.59013]]]}},{"type":"Feature","properties":{"valleyId":"eobi","layer":"shadow","date":"2026-08-01","timeLocal":"18:00"},"geometry":{"type":"Polygon","coordinates":[[[127.49055,37.59024],[127.49062,37.59001],[127.49069,37.59001],[127.49066,37.59021],[127.49061,37.59024],[127.49055,37.59024]]]}},{"type":"Feature","properties":{"valleyId":"eobi","layer":"shadow","date":"2026-08-01","timeLocal":"18:00"},"geometry":{"type":"Polygon","coordinates":[[[127.49069,37.58999],[127.49069,37.58994],[127.49076,37.58994],[127.49075,37.58999],[127.49069,37.58999]]]}},{"type":"Feature","properties":{"valleyId":"eobi","layer":"shadow","date":"2026-08-01","timeLocal":"18:00"},"geometry":{"type":"Polygon","coordinates":[[[127.48998,37.59002],[127.48994,37.58998],[127.48994,37.58989],[127.49003,37.58989],[127.49008,37.58993],[127.49008,37.59],[127.48998,37.59002]]]}},{"type":"Feature","properties":{"valleyId":"eobi","layer":"shadow","date":"2026-08-01","timeLocal":"18:00"},"geometry":{"type":"Polygon","coordinates":[[[127.48906,37.58999],[127.48901,37.58995],[127.48901,37.5899],[127.48926,37.58986],[127.48926,37.58992],[127.48922,37.58992],[127.48922,37.58995],[127.48917,37.58995],[127.48915,37.58999],[127.48906,37.58999]]]}},{"type":"Feature","properties":{"valleyId":"eobi","layer":"shadow","date":"2026-08-01","timeLocal":"18:00"},"geometry":{"type":"Polygon","coordinates":[[[127.49002,37.59142],[127.48998,37.59137],[127.48984,37.59135],[127.4899,37.59101],[127.49001,37.59087],[127.49004,37.59076],[127.49013,37.59072],[127.49036,37.59073],[127.49036,37.59062],[127.49029,37.59056],[127.49029,37.59051],[127.4902,37.59049],[127.49016,37.5904],[127.49011,37.59038],[127.49012,37.59027],[127.49023,37.59018],[127.49021,37.58993],[127.49033,37.5899],[127.49037,37.58982],[127.49044,37.58983],[127.49051,37.58984],[127.49053,37.59001],[127.49039,37.5901],[127.49039,37.59019],[127.49032,37.59018],[127.49032,37.59036],[127.49043,37.59038],[127.49043,37.59049],[127.49049,37.59053],[127.49047,37.59085],[127.49042,37.59089],[127.49042,37.59096],[127.49035,37.59101],[127.49037,37.59114],[127.4903,37.59121],[127.49027,37.59134],[127.49011,37.59143],[127.49002,37.59142]]]}},{"type":"Feature","properties":{"valleyId":"eobi","layer":"shadow","date":"2026-08-01","timeLocal":"18:00"},"geometry":{"type":"Polygon","coordinates":[[[127.48881,37.58986],[127.48881,37.5898],[127.48888,37.58981],[127.48888,37.58986],[127.48881,37.58986]]]}},{"type":"Feature","properties":{"valleyId":"eobi","layer":"shadow","date":"2026-08-01","timeLocal":"18:00"},"geometry":{"type":"Polygon","coordinates":[[[127.48872,37.58975],[127.4887,37.58964],[127.48881,37.58962],[127.48883,37.58973],[127.48872,37.58975]]]}},{"type":"Feature","properties":{"valleyId":"eobi","layer":"shadow","date":"2026-08-01","timeLocal":"18:00"},"geometry":{"type":"Polygon","coordinates":[[[127.49031,37.58936],[127.49025,37.58934],[127.49025,37.58928],[127.49038,37.58927],[127.49041,37.58936],[127.49031,37.58936]]]}},{"type":"Feature","properties":{"valleyId":"eobi","layer":"shadow","date":"2026-08-01","timeLocal":"18:00"},"geometry":{"type":"Polygon","coordinates":[[[127.4908,37.58988],[127.49074,37.58974],[127.49065,37.58972],[127.49061,37.58956],[127.49051,37.58957],[127.49051,37.58968],[127.49044,37.58974],[127.49035,37.58973],[127.49035,37.58968],[127.49045,37.58959],[127.49045,37.58948],[127.49054,37.58948],[127.49054,37.58932],[127.49047,37.58929],[127.49048,37.58918],[127.49057,37.58909],[127.49059,37.589],[127.49082,37.58884],[127.49094,37.58884],[127.49096,37.58891],[127.49089,37.58891],[127.49089,37.58895],[127.49077,37.58904],[127.49073,37.58922],[127.49059,37.58921],[127.49061,37.58929],[127.4907,37.58929],[127.49077,37.58934],[127.49081,37.58956],[127.49085,37.58958],[127.49092,37.58969],[127.49087,37.58989],[127.4908,37.58988]]]}},{"type":"Feature","properties":{"valleyId":"eobi","layer":"shadow","date":"2026-08-01","timeLocal":"18:00"},"geometry":{"type":"Polygon","coordinates":[[[127.49214,37.58857],[127.49205,37.58851],[127.49208,37.58842],[127.49215,37.58842],[127.49214,37.58848],[127.49221,37.58851],[127.49221,37.58857],[127.49214,37.58857]]]}},{"type":"Feature","properties":{"valleyId":"eobi","layer":"shadow","date":"2026-08-01","timeLocal":"18:00"},"geometry":{"type":"Polygon","coordinates":[[[127.49105,37.58763],[127.49105,37.58758],[127.49112,37.58758],[127.49112,37.58764],[127.49105,37.58763]]]}},{"type":"Feature","properties":{"valleyId":"eobi","layer":"shadow","date":"2026-08-01","timeLocal":"18:00"},"geometry":{"type":"Polygon","coordinates":[[[127.49381,37.58668],[127.4938,37.58635],[127.49384,37.58634],[127.49384,37.58625],[127.49391,37.58625],[127.49391,37.58632],[127.49402,37.58636],[127.49402,37.58643],[127.49395,37.58655],[127.49388,37.58661],[127.49388,37.58668],[127.49381,37.58668]]]}},{"type":"Feature","properties":{"valleyId":"eobi","layer":"shadow","date":"2026-08-01","timeLocal":"18:00"},"geometry":{"type":"Polygon","coordinates":[[[127.49378,37.58623],[127.49373,37.58617],[127.49364,37.58615],[127.49364,37.5861],[127.49376,37.58608],[127.49382,37.58612],[127.49384,37.58623],[127.49378,37.58623]]]}}]}
