{"type":"FeatureCollection","metadata":{"description":"수관 아래(CHM > 2 m) — 시각 무관. 구간 회랑 ±200 m 절단","source":"위성 기반 추정 — Copernicus GLO-30 지형(30 m) + Meta/WRI 수관 높이(1 m CHM, 2018~2019 촬영). 그늘 = 수관(CHM > 2 m) ∪ 나무·지형 그림자 ∪ 원거리 지형 마스크. 현장과 다를 수 있음.","datasetVersion":"2026-09-24.0","collectedAt":"2026-09-24","coordinateOrder":"[longitude, latitude]","crs":"EPSG:4326","representativeDate":"2026-08-01","hours":["10:00","11:00","12:00","13:00","14:00","15:00","16:00","17:00","18:00"],"chmAcquisition":["2018-06","2019-03"],"assets":{"glo30":{"dataset":"Copernicus DEM GLO-30 (COG, s3://copernicus-dem-30m)","tiles":["Copernicus_DSM_COG_10_N37_00_E126_00_DEM","Copernicus_DSM_COG_10_N37_00_E127_00_DEM"]},"chm":{"dataset":"Meta/WRI Global Canopy Height Map v1 (alsgedi_global_v6_float, 1 m, CC-BY 4.0)","quadkeys":["132110320"],"acquisition":["2018-06","2019-03"]}},"method":{"gridResM":2,"canopyThresholdM":2,"bufferHalfM":25,"corridorHalfM":200,"simplifyTolM":2,"minAreaM2":25,"coordDecimals":5},"generator":"scripts/shade 0.1.0","builtAt":"2026-09-23T15:32:06Z","layer":"canopy"},"features":[{"type":"Feature","properties":{"valleyId":"gwanaksan","layer":"canopy","date":"2026-08-01"},"geometry":{"type":"Polygon","coordinates":[[[126.9491,37.48806],[126.94908,37.48799],[126.94919,37.48799],[126.9492,37.48792],[126.94926,37.48792],[126.94926,37.48803],[126.9491,37.48806]]]}},{"type":"Feature","properties":{"valleyId":"gwanaksan","layer":"canopy","date":"2026-08-01"},"geometry":{"type":"Polygon","coordinates":[[[126.94963,37.48796],[126.9496,37.48789],[126.94965,37.4878],[126.94977,37.48778],[126.94974,37.48794],[126.94963,37.48796]]]}},{"type":"Feature","properties":{"valleyId":"gwanaksan","layer":"canopy","date":"2026-08-01"},"geometry":{"type":"Polygon","coordinates":[[[126.94898,37.48768],[126.94898,37.48762],[126.94905,37.48763],[126.94904,37.48768],[126.94898,37.48768]]]}},{"type":"Feature","properties":{"valleyId":"gwanaksan","layer":"canopy","date":"2026-08-01"},"geometry":{"type":"Polygon","coordinates":[[[126.94844,37.48758],[126.94844,37.48752],[126.94851,37.48753],[126.9485,37.48758],[126.94844,37.48758]]]}},{"type":"Feature","properties":{"valleyId":"gwanaksan","layer":"canopy","date":"2026-08-01"},"geometry":{"type":"Polygon","coordinates":[[[126.95036,37.48774],[126.95033,37.48768],[126.95022,37.48761],[126.95023,37.4875],[126.95029,37.4875],[126.95034,37.48759],[126.9504,37.48761],[126.95042,37.48774],[126.95036,37.48774]]]}},{"type":"Feature","properties":{"valleyId":"gwanaksan","layer":"canopy","date":"2026-08-01"},"geometry":{"type":"Polygon","coordinates":[[[126.9495,37.4876],[126.94952,37.48751],[126.94962,37.48749],[126.94964,37.48746],[126.94973,37.48746],[126.94973,37.48751],[126.94968,37.48755],[126.94964,37.48755],[126.94957,37.4876],[126.9495,37.4876]]]}},{"type":"Feature","properties":{"valleyId":"gwanaksan","layer":"canopy","date":"2026-08-01"},"geometry":{"type":"Polygon","coordinates":[[[126.94998,37.48746],[126.94998,37.48743],[126.94989,37.48737],[126.94989,37.48732],[126.94998,37.48732],[126.95005,37.48739],[126.95005,37.48746],[126.94998,37.48746]]]}},{"type":"Feature","properties":{"valleyId":"gwanaksan","layer":"canopy","date":"2026-08-01"},"geometry":{"type":"Polygon","coordinates":[[[126.9491,37.4873],[126.9491,37.48725],[126.94917,37.48725],[126.94917,37.4873],[126.9491,37.4873]]]}},{"type":"Feature","properties":{"valleyId":"gwanaksan","layer":"canopy","date":"2026-08-01"},"geometry":{"type":"Polygon","coordinates":[[[126.95048,37.48734],[126.95043,37.48732],[126.95044,37.48727],[126.95055,37.48727],[126.95055,37.48734],[126.95048,37.48734]]]}},{"type":"Feature","properties":{"valleyId":"gwanaksan","layer":"canopy","date":"2026-08-01"},"geometry":{"type":"Polygon","coordinates":[[[126.95035,37.48725],[126.95033,37.48718],[126.95042,37.48718],[126.95041,37.48725],[126.95035,37.48725]]]}},{"type":"Feature","properties":{"valleyId":"gwanaksan","layer":"canopy","date":"2026-08-01"},"geometry":{"type":"Polygon","coordinates":[[[126.95068,37.48731],[126.95073,37.48717],[126.95085,37.48717],[126.95084,37.48721],[126.95091,37.48721],[126.95096,37.48724],[126.95095,37.48732],[126.95089,37.48731],[126.95087,37.48728],[126.95068,37.48731]]]}},{"type":"Feature","properties":{"valleyId":"gwanaksan","layer":"canopy","date":"2026-08-01"},"geometry":{"type":"Polygon","coordinates":[[[126.94915,37.48703],[126.94913,37.48694],[126.9492,37.48694],[126.94922,37.48703],[126.94915,37.48703]]]}},{"type":"Feature","properties":{"valleyId":"gwanaksan","layer":"canopy","date":"2026-08-01"},"geometry":{"type":"Polygon","coordinates":[[[126.94947,37.48702],[126.94945,37.48695],[126.94954,37.48695],[126.94956,37.48702],[126.94947,37.48702]]]}},{"type":"Feature","properties":{"valleyId":"gwanaksan","layer":"canopy","date":"2026-08-01"},"geometry":{"type":"Polygon","coordinates":[[[126.95159,37.48722],[126.95162,37.48709],[126.95157,37.48704],[126.95158,37.48697],[126.95167,37.48695],[126.95168,37.4872],[126.95159,37.48722]]]}},{"type":"Feature","properties":{"valleyId":"gwanaksan","layer":"canopy","date":"2026-08-01"},"geometry":{"type":"Polygon","coordinates":[[[126.94964,37.48675],[126.94964,37.4867],[126.9497,37.4867],[126.9497,37.48675],[126.94964,37.48675]]]}},{"type":"Feature","properties":{"valleyId":"gwanaksan","layer":"canopy","date":"2026-08-01"},"geometry":{"type":"Polygon","coordinates":[[[126.94801,37.48665],[126.94797,37.48663],[126.94797,37.48658],[126.9481,37.48656],[126.9481,37.48664],[126.94801,37.48665]]]}},{"type":"Feature","properties":{"valleyId":"gwanaksan","layer":"canopy","date":"2026-08-01"},"geometry":{"type":"Polygon","coordinates":[[[126.94919,37.4866],[126.94919,37.48651],[126.94926,37.48651],[126.94928,37.4866],[126.94919,37.4866]]]}},{"type":"Feature","properties":{"valleyId":"gwanaksan","layer":"canopy","date":"2026-08-01"},"geometry":{"type":"Polygon","coordinates":[[[126.95192,37.48681],[126.95185,37.48672],[126.95163,37.4867],[126.95165,37.48653],[126.95184,37.48654],[126.95192,37.48668],[126.95213,37.48665],[126.95212,37.48676],[126.95208,37.48679],[126.95192,37.48681]]]}},{"type":"Feature","properties":{"valleyId":"gwanaksan","layer":"canopy","date":"2026-08-01"},"geometry":{"type":"Polygon","coordinates":[[[126.95156,37.48657],[126.95156,37.48652],[126.95163,37.48652],[126.95163,37.48657],[126.95156,37.48657]]]}},{"type":"Feature","properties":{"valleyId":"gwanaksan","layer":"canopy","date":"2026-08-01"},"geometry":{"type":"Polygon","coordinates":[[[126.9488,37.48665],[126.94874,37.48659],[126.94874,37.48654],[126.94878,37.48652],[126.94883,37.48641],[126.94892,37.48642],[126.94894,37.48651],[126.94899,37.48654],[126.94898,37.48665],[126.9488,37.48665]]]}},{"type":"Feature","properties":{"valleyId":"gwanaksan","layer":"canopy","date":"2026-08-01"},"geometry":{"type":"Polygon","coordinates":[[[126.9496,37.4865],[126.94958,37.48637],[126.94965,37.48637],[126.94969,37.48641],[126.94969,37.4865],[126.9496,37.4865]]]}},{"type":"Feature","properties":{"valleyId":"gwanaksan","layer":"canopy","date":"2026-08-01"},"geometry":{"type":"Polygon","coordinates":[[[126.95141,37.48639],[126.95139,37.48631],[126.95148,37.48632],[126.95148,37.48639],[126.95141,37.48639]]]}},{"type":"Feature","properties":{"valleyId":"gwanaksan","layer":"canopy","date":"2026-08-01"},"geometry":{"type":"Polygon","coordinates":[[[126.94838,37.48623],[126.94838,37.48617],[126.94845,37.48617],[126.94845,37.48623],[126.94838,37.48623]]]}},{"type":"Feature","properties":{"valleyId":"gwanaksan","layer":"canopy","date":"2026-08-01"},"geometry":{"type":"Polygon","coordinates":[[[126.94958,37.4863],[126.94954,37.48616],[126.94965,37.48614],[126.94965,37.4863],[126.94958,37.4863]]]}},{"type":"Feature","properties":{"valleyId":"gwanaksan","layer":"canopy","date":"2026-08-01"},"geometry":{"type":"Polygon","coordinates":[[[126.94831,37.48628],[126.94832,37.48624],[126.94818,37.48622],[126.94814,37.48608],[126.94836,37.48608],[126.94836,37.48617],[126.94832,37.48617],[126.94832,37.48622],[126.94838,37.48623],[126.94838,37.48628],[126.94831,37.48628]]]}},{"type":"Feature","properties":{"valleyId":"gwanaksan","layer":"canopy","date":"2026-08-01"},"geometry":{"type":"Polygon","coordinates":[[[126.95176,37.48605],[126.95176,37.486],[126.95185,37.486],[126.95185,37.48605],[126.95176,37.48605]]]}},{"type":"Feature","properties":{"valleyId":"gwanaksan","layer":"canopy","date":"2026-08-01"},"geometry":{"type":"Polygon","coordinates":[[[126.94929,37.48606],[126.94927,37.48597],[126.94941,37.48594],[126.94945,37.48597],[126.94945,37.48605],[126.94929,37.48606]]]}},{"type":"Feature","properties":{"valleyId":"gwanaksan","layer":"canopy","date":"2026-08-01"},"geometry":{"type":"Polygon","coordinates":[[[126.9521,37.48582],[126.95206,37.48577],[126.95197,37.48573],[126.95197,37.48568],[126.95213,37.48568],[126.95217,37.48582],[126.9521,37.48582]]]}},{"type":"Feature","properties":{"valleyId":"gwanaksan","layer":"canopy","date":"2026-08-01"},"geometry":{"type":"Polygon","coordinates":[[[126.95151,37.48587],[126.95145,37.48581],[126.95145,37.48574],[126.95125,37.48573],[126.95122,37.48577],[126.95106,37.48579],[126.95104,37.48571],[126.95109,37.48571],[126.95111,37.48568],[126.95134,37.48566],[126.95134,37.48557],[126.95141,37.48558],[126.95143,37.48561],[126.95148,37.48561],[126.95147,37.48572],[126.95159,37.48574],[126.95161,37.48578],[126.95161,37.48587],[126.95151,37.48587]]]}},{"type":"Feature","properties":{"valleyId":"gwanaksan","layer":"canopy","date":"2026-08-01"},"geometry":{"type":"Polygon","coordinates":[[[126.95175,37.48555],[126.95175,37.48549],[126.95184,37.48549],[126.95184,37.48555],[126.95175,37.48555]]]}},{"type":"Feature","properties":{"valleyId":"gwanaksan","layer":"canopy","date":"2026-08-01"},"geometry":{"type":"Polygon","coordinates":[[[126.94874,37.48547],[126.94875,37.48538],[126.94881,37.48539],[126.94883,37.48548],[126.94874,37.48547]]]}},{"type":"Feature","properties":{"valleyId":"gwanaksan","layer":"canopy","date":"2026-08-01"},"geometry":{"type":"Polygon","coordinates":[[[126.92874,37.48509],[126.92874,37.48504],[126.92883,37.48504],[126.92883,37.48509],[126.92874,37.48509]]]}},{"type":"Feature","properties":{"valleyId":"gwanaksan","layer":"canopy","date":"2026-08-01"},"geometry":{"type":"Polygon","coordinates":[[[126.9284,37.48492],[126.9284,37.48483],[126.92849,37.48483],[126.92852,37.48491],[126.9284,37.48492]]]}},{"type":"Feature","properties":{"valleyId":"gwanaksan","layer":"canopy","date":"2026-08-01"},"geometry":{"type":"Polygon","coordinates":[[[126.95029,37.48523],[126.95029,37.48518],[126.95038,37.48518],[126.95038,37.48523],[126.95029,37.48523]]]}},{"type":"Feature","properties":{"valleyId":"gwanaksan","layer":"canopy","date":"2026-08-01"},"geometry":{"type":"Polygon","coordinates":[[[126.95148,37.48532],[126.9514,37.48525],[126.9514,37.48518],[126.95167,37.48517],[126.9518,37.48528],[126.9518,37.48533],[126.95167,37.48533],[126.95162,37.48531],[126.95162,37.48527],[126.95155,37.48527],[126.95155,37.48533],[126.95148,37.48532]]]}},{"type":"Feature","properties":{"valleyId":"gwanaksan","layer":"canopy","date":"2026-08-01"},"geometry":{"type":"Polygon","coordinates":[[[126.95004,37.48516],[126.95002,37.48512],[126.94995,37.48512],[126.94991,37.48508],[126.94991,37.48503],[126.95,37.48499],[126.95014,37.48499],[126.95015,37.48516],[126.95004,37.48516]]]}},{"type":"Feature","properties":{"valleyId":"gwanaksan","layer":"canopy","date":"2026-08-01"},"geometry":{"type":"Polygon","coordinates":[[[126.94971,37.48482],[126.94971,37.48473],[126.94978,37.48474],[126.94983,37.48477],[126.94982,37.48483],[126.94971,37.48482]]]}},{"type":"Feature","properties":{"valleyId":"gwanaksan","layer":"canopy","date":"2026-08-01"},"geometry":{"type":"Polygon","coordinates":[[[126.92582,37.48324],[126.92578,37.48318],[126.92567,37.48318],[126.92565,37.48309],[126.92576,37.48309],[126.92578,37.48313],[126.92585,37.48313],[126.92585,37.48309],[126.92601,37.48308],[126.92598,37.4832],[126.92582,37.48324]]]}},{"type":"Feature","properties":{"valleyId":"gwanaksan","layer":"canopy","date":"2026-08-01"},"geometry":{"type":"Polygon","coordinates":[[[126.9299,37.48293],[126.92991,37.48282],[126.93002,37.48281],[126.93004,37.48288],[126.92997,37.48288],[126.92997,37.48293],[126.9299,37.48293]]]}},{"type":"Feature","properties":{"valleyId":"gwanaksan","layer":"canopy","date":"2026-08-01"},"geometry":{"type":"Polygon","coordinates":[[[126.9517,37.48311],[126.9517,37.48304],[126.95177,37.48304],[126.95177,37.48311],[126.9517,37.48311]]]}},{"type":"Feature","properties":{"valleyId":"gwanaksan","layer":"canopy","date":"2026-08-01"},"geometry":{"type":"Polygon","coordinates":[[[126.92995,37.48273],[126.92996,37.48266],[126.93007,37.48264],[126.93007,37.48272],[126.92995,37.48273]]]}},{"type":"Feature","properties":{"valleyId":"gwanaksan","layer":"canopy","date":"2026-08-01"},"geometry":{"type":"Polygon","coordinates":[[[126.94368,37.48288],[126.94368,37.48283],[126.94375,37.48283],[126.94375,37.48288],[126.94368,37.48288]]]}},{"type":"Feature","properties":{"valleyId":"gwanaksan","layer":"canopy","date":"2026-08-01"},"geometry":{"type":"Polygon","coordinates":[[[126.95202,37.48297],[126.95202,37.48292],[126.95212,37.48292],[126.95211,37.48297],[126.95202,37.48297]]]}},{"type":"Feature","properties":{"valleyId":"gwanaksan","layer":"canopy","date":"2026-08-01"},"geometry":{"type":"Polygon","coordinates":[[[126.93032,37.48258],[126.93032,37.48252],[126.93041,37.48252],[126.93041,37.48258],[126.93032,37.48258]]]}},{"type":"Feature","properties":{"valleyId":"gwanaksan","layer":"canopy","date":"2026-08-01"},"geometry":{"type":"Polygon","coordinates":[[[126.92557,37.48247],[126.92558,37.48242],[126.92564,37.48242],[126.92564,37.48248],[126.92557,37.48247]]]}},{"type":"Feature","properties":{"valleyId":"gwanaksan","layer":"canopy","date":"2026-08-01"},"geometry":{"type":"Polygon","coordinates":[[[126.93,37.48259],[126.92998,37.48248],[126.93005,37.48248],[126.9301,37.48252],[126.93009,37.48257],[126.93,37.48259]]]}},{"type":"Feature","properties":{"valleyId":"gwanaksan","layer":"canopy","date":"2026-08-01"},"geometry":{"type":"Polygon","coordinates":[[[126.92573,37.48244],[126.92573,37.48239],[126.9258,37.48239],[126.9258,37.48244],[126.92573,37.48244]]]}},{"type":"Feature","properties":{"valleyId":"gwanaksan","layer":"canopy","date":"2026-08-01"},"geometry":{"type":"Polygon","coordinates":[[[126.94233,37.48266],[126.94233,37.48261],[126.94242,37.48261],[126.94242,37.48266],[126.94233,37.48266]]]}},{"type":"Feature","properties":{"valleyId":"gwanaksan","layer":"canopy","date":"2026-08-01"},"geometry":{"type":"Polygon","coordinates":[[[126.92622,37.48218],[126.92622,37.48209],[126.92629,37.48209],[126.92631,37.48216],[126.92622,37.48218]]]}},{"type":"Feature","properties":{"valleyId":"gwanaksan","layer":"canopy","date":"2026-08-01"},"geometry":{"type":"Polygon","coordinates":[[[126.92594,37.4825],[126.92592,37.48219],[126.92604,37.48214],[126.92604,37.48207],[126.92611,37.48207],[126.9261,37.48218],[126.92599,37.4823],[126.926,37.4825],[126.92594,37.4825]]]}},{"type":"Feature","properties":{"valleyId":"gwanaksan","layer":"canopy","date":"2026-08-01"},"geometry":{"type":"Polygon","coordinates":[[[126.95326,37.48307],[126.95324,37.48303],[126.95315,37.48301],[126.95315,37.48297],[126.95309,37.48294],[126.95309,37.48288],[126.953,37.48285],[126.95298,37.48279],[126.95287,37.48272],[126.95287,37.48254],[126.95303,37.48254],[126.95319,37.48267],[126.95318,37.48272],[126.95332,37.48281],[126.95334,37.48289],[126.95338,37.48291],[126.95338,37.48305],[126.95326,37.48307]]]}},{"type":"Feature","properties":{"valleyId":"gwanaksan","layer":"canopy","date":"2026-08-01"},"geometry":{"type":"Polygon","coordinates":[[[126.93004,37.48208],[126.93002,37.48201],[126.93016,37.48203],[126.93015,37.48209],[126.93004,37.48208]]]}},{"type":"Feature","properties":{"valleyId":"gwanaksan","layer":"canopy","date":"2026-08-01"},"geometry":{"type":"Polygon","coordinates":[[[126.92556,37.48199],[126.92557,37.48193],[126.92566,37.48192],[126.92566,37.48199],[126.92556,37.48199]]]}},{"type":"Feature","properties":{"valleyId":"gwanaksan","layer":"canopy","date":"2026-08-01"},"geometry":{"type":"Polygon","coordinates":[[[126.93002,37.48194],[126.93002,37.48189],[126.93009,37.48189],[126.93009,37.48194],[126.93002,37.48194]]]}},{"type":"Feature","properties":{"valleyId":"gwanaksan","layer":"canopy","date":"2026-08-01"},"geometry":{"type":"Polygon","coordinates":[[[126.92919,37.48193],[126.92914,37.48189],[126.92914,37.4818],[126.92921,37.48175],[126.92933,37.48175],[126.92932,37.48187],[126.92946,37.48188],[126.92946,37.48193],[126.92919,37.48193]]]}},{"type":"Feature","properties":{"valleyId":"gwanaksan","layer":"canopy","date":"2026-08-01"},"geometry":{"type":"Polygon","coordinates":[[[126.94382,37.482],[126.94382,37.48195],[126.94391,37.48195],[126.94391,37.482],[126.94382,37.482]]]}},{"type":"Feature","properties":{"valleyId":"gwanaksan","layer":"canopy","date":"2026-08-01"},"geometry":{"type":"Polygon","coordinates":[[[126.95404,37.48214],[126.95404,37.48209],[126.95411,37.48209],[126.9541,37.48214],[126.95404,37.48214]]]}},{"type":"Feature","properties":{"valleyId":"gwanaksan","layer":"canopy","date":"2026-08-01"},"geometry":{"type":"Polygon","coordinates":[[[126.9262,37.48184],[126.92602,37.48173],[126.92603,37.48158],[126.9261,37.48158],[126.92609,37.48165],[126.92614,37.48169],[126.92623,37.48169],[126.92627,37.48173],[126.92627,37.48184],[126.9262,37.48184]]]}},{"type":"Feature","properties":{"valleyId":"gwanaksan","layer":"canopy","date":"2026-08-01"},"geometry":{"type":"Polygon","coordinates":[[[126.92638,37.48186],[126.92639,37.48173],[126.92632,37.48166],[126.92632,37.48159],[126.92643,37.48161],[126.92646,37.48168],[126.92645,37.48186],[126.92638,37.48186]]]}},{"type":"Feature","properties":{"valleyId":"gwanaksan","layer":"canopy","date":"2026-08-01"},"geometry":{"type":"Polygon","coordinates":[[[126.92595,37.48198],[126.92593,37.48192],[126.92573,37.4819],[126.92573,37.48183],[126.92543,37.48182],[126.92546,37.48172],[126.92573,37.48172],[126.92574,37.48156],[126.92589,37.4816],[126.92591,37.48169],[126.92582,37.48169],[126.92582,37.48172],[126.92578,37.48172],[126.92577,37.48183],[126.926,37.48182],[126.92602,37.48198],[126.92595,37.48198]]]}},{"type":"Feature","properties":{"valleyId":"gwanaksan","layer":"canopy","date":"2026-08-01"},"geometry":{"type":"Polygon","coordinates":[[[126.92969,37.48175],[126.92967,37.48172],[126.92951,37.48173],[126.92949,37.4817],[126.92937,37.48169],[126.92938,37.48153],[126.92951,37.48157],[126.92953,37.48163],[126.9296,37.48163],[126.92963,37.48155],[126.92974,37.48157],[126.92976,37.48176],[126.92969,37.48175]]]}},{"type":"Feature","properties":{"valleyId":"gwanaksan","layer":"canopy","date":"2026-08-01"},"geometry":{"type":"Polygon","coordinates":[[[126.92644,37.48152],[126.92644,37.48146],[126.92653,37.48146],[126.92653,37.48152],[126.92644,37.48152]]]}},{"type":"Feature","properties":{"valleyId":"gwanaksan","layer":"canopy","date":"2026-08-01"},"geometry":{"type":"Polygon","coordinates":[[[126.92689,37.48152],[126.92689,37.48147],[126.92696,37.48147],[126.92696,37.48153],[126.92689,37.48152]]]}},{"type":"Feature","properties":{"valleyId":"gwanaksan","layer":"canopy","date":"2026-08-01"},"geometry":{"type":"Polygon","coordinates":[[[126.92662,37.48152],[126.92662,37.48145],[126.92669,37.48145],[126.92669,37.48152],[126.92662,37.48152]]]}},{"type":"Feature","properties":{"valleyId":"gwanaksan","layer":"canopy","date":"2026-08-01"},"geometry":{"type":"Polygon","coordinates":[[[126.9296,37.48152],[126.92958,37.48145],[126.92967,37.48145],[126.92967,37.48152],[126.9296,37.48152]]]}},{"type":"Feature","properties":{"valleyId":"gwanaksan","layer":"canopy","date":"2026-08-01"},"geometry":{"type":"Polygon","coordinates":[[[126.94428,37.48176],[126.94428,37.4817],[126.94437,37.4817],[126.94437,37.48176],[126.94428,37.48176]]]}},{"type":"Feature","properties":{"valleyId":"gwanaksan","layer":"canopy","date":"2026-08-01"},"geometry":{"type":"Polygon","coordinates":[[[126.92721,37.48142],[126.92723,37.48135],[126.92742,37.48132],[126.92741,37.48139],[126.92732,37.48142],[126.92721,37.48142]]]}},{"type":"Feature","properties":{"valleyId":"gwanaksan","layer":"canopy","date":"2026-08-01"},"geometry":{"type":"Polygon","coordinates":[[[126.92563,37.4813],[126.92563,37.48123],[126.9257,37.48123],[126.92572,37.48131],[126.92563,37.4813]]]}},{"type":"Feature","properties":{"valleyId":"gwanaksan","layer":"canopy","date":"2026-08-01"},"geometry":{"type":"Polygon","coordinates":[[[126.94288,37.48157],[126.94288,37.48152],[126.94297,37.48152],[126.94297,37.48157],[126.94288,37.48157]]]}},{"type":"Feature","properties":{"valleyId":"gwanaksan","layer":"canopy","date":"2026-08-01"},"geometry":{"type":"Polygon","coordinates":[[[126.94315,37.48154],[126.94315,37.48147],[126.94322,37.48147],[126.94322,37.48154],[126.94315,37.48154]]]}},{"type":"Feature","properties":{"valleyId":"gwanaksan","layer":"canopy","date":"2026-08-01"},"geometry":{"type":"Polygon","coordinates":[[[126.95466,37.48174],[126.95468,37.48161],[126.95475,37.48161],[126.95477,37.48172],[126.95466,37.48174]]]}},{"type":"Feature","properties":{"valleyId":"gwanaksan","layer":"canopy","date":"2026-08-01"},"geometry":{"type":"Polygon","coordinates":[[[126.92753,37.48118],[126.92751,37.48108],[126.92769,37.48111],[126.92769,37.48116],[126.92753,37.48118]]]}},{"type":"Feature","properties":{"valleyId":"gwanaksan","layer":"canopy","date":"2026-08-01"},"geometry":{"type":"Polygon","coordinates":[[[126.92608,37.48153],[126.92599,37.48151],[126.92594,37.48144],[126.92587,37.48143],[126.92588,37.48124],[126.92579,37.48111],[126.9258,37.48096],[126.92586,37.48097],[126.92589,37.48102],[126.92598,37.48104],[126.92597,37.48126],[126.92615,37.4813],[126.92615,37.48117],[126.92631,37.48117],[126.92633,37.48123],[126.92642,37.48128],[126.92644,37.48143],[126.9263,37.48142],[126.92631,37.48133],[126.92615,37.48131],[126.92612,37.48144],[126.92619,37.48146],[126.92619,37.48151],[126.92608,37.48153]]]}},{"type":"Feature","properties":{"valleyId":"gwanaksan","layer":"canopy","date":"2026-08-01"},"geometry":{"type":"Polygon","coordinates":[[[126.92713,37.48113],[126.92713,37.48108],[126.92722,37.48106],[126.92722,37.48097],[126.92733,37.48097],[126.92733,37.48108],[126.92724,37.48108],[126.92722,37.48113],[126.92713,37.48113]]]}},{"type":"Feature","properties":{"valleyId":"gwanaksan","layer":"canopy","date":"2026-08-01"},"geometry":{"type":"Polygon","coordinates":[[[126.92783,37.48102],[126.92783,37.48096],[126.9279,37.48097],[126.9279,37.48102],[126.92783,37.48102]]]}},{"type":"Feature","properties":{"valleyId":"gwanaksan","layer":"canopy","date":"2026-08-01"},"geometry":{"type":"Polygon","coordinates":[[[126.95369,37.48147],[126.95369,37.48142],[126.95378,37.48142],[126.95378,37.48147],[126.95369,37.48147]]]}},{"type":"Feature","properties":{"valleyId":"gwanaksan","layer":"canopy","date":"2026-08-01"},"geometry":{"type":"Polygon","coordinates":[[[126.92598,37.48097],[126.92598,37.48091],[126.92605,37.48091],[126.92605,37.48097],[126.92598,37.48097]]]}},{"type":"Feature","properties":{"valleyId":"gwanaksan","layer":"canopy","date":"2026-08-01"},"geometry":{"type":"Polygon","coordinates":[[[126.95433,37.48144],[126.95433,37.48139],[126.9544,37.48139],[126.95439,37.48145],[126.95433,37.48144]]]}},{"type":"Feature","properties":{"valleyId":"gwanaksan","layer":"canopy","date":"2026-08-01"},"geometry":{"type":"Polygon","coordinates":[[[126.92711,37.48088],[126.92711,37.48083],[126.9272,37.48083],[126.9272,37.48088],[126.92711,37.48088]]]}},{"type":"Feature","properties":{"valleyId":"gwanaksan","layer":"canopy","date":"2026-08-01"},"geometry":{"type":"Polygon","coordinates":[[[126.94108,37.48116],[126.94099,37.48112],[126.94099,37.48107],[126.9412,37.48111],[126.94119,37.48116],[126.94108,37.48116]]]}},{"type":"Feature","properties":{"valleyId":"gwanaksan","layer":"canopy","date":"2026-08-01"},"geometry":{"type":"Polygon","coordinates":[[[126.92648,37.48085],[126.92648,37.48078],[126.92659,37.4808],[126.92659,37.48085],[126.92648,37.48085]]]}},{"type":"Feature","properties":{"valleyId":"gwanaksan","layer":"canopy","date":"2026-08-01"},"geometry":{"type":"Polygon","coordinates":[[[126.92698,37.48079],[126.92698,37.48073],[126.92705,37.48073],[126.92705,37.48079],[126.92698,37.48079]]]}},{"type":"Feature","properties":{"valleyId":"gwanaksan","layer":"canopy","date":"2026-08-01"},"geometry":{"type":"Polygon","coordinates":[[[126.92752,37.4808],[126.92752,37.48074],[126.92761,37.48074],[126.92761,37.4808],[126.92752,37.4808]]]}},{"type":"Feature","properties":{"valleyId":"gwanaksan","layer":"canopy","date":"2026-08-01"},"geometry":{"type":"Polygon","coordinates":[[[126.94077,37.48106],[126.94079,37.48092],[126.94086,37.48092],[126.94086,37.48096],[126.94095,37.48101],[126.94095,37.48107],[126.94077,37.48106]]]}},{"type":"Feature","properties":{"valleyId":"gwanaksan","layer":"canopy","date":"2026-08-01"},"geometry":{"type":"Polygon","coordinates":[[[126.92691,37.48073],[126.92691,37.48068],[126.92698,37.48068],[126.92698,37.48073],[126.92691,37.48073]]]}},{"type":"Feature","properties":{"valleyId":"gwanaksan","layer":"canopy","date":"2026-08-01"},"geometry":{"type":"Polygon","coordinates":[[[126.92584,37.48088],[126.9258,37.48086],[126.92578,37.48071],[126.92589,37.4807],[126.9259,37.48059],[126.92599,37.48059],[126.92596,37.48077],[126.92619,37.48076],[126.92621,37.48083],[126.92598,37.48082],[126.92598,37.48086],[126.92584,37.48088]]]}},{"type":"Feature","properties":{"valleyId":"gwanaksan","layer":"canopy","date":"2026-08-01"},"geometry":{"type":"Polygon","coordinates":[[[126.92719,37.48057],[126.92719,37.48052],[126.92726,37.48052],[126.92726,37.48058],[126.92719,37.48057]]]}},{"type":"Feature","properties":{"valleyId":"gwanaksan","layer":"canopy","date":"2026-08-01"},"geometry":{"type":"Polygon","coordinates":[[[126.92644,37.4806],[126.92642,37.48049],[126.92656,37.48049],[126.92653,37.4806],[126.92644,37.4806]]]}},{"type":"Feature","properties":{"valleyId":"gwanaksan","layer":"canopy","date":"2026-08-01"},"geometry":{"type":"Polygon","coordinates":[[[126.92588,37.48055],[126.92586,37.48046],[126.92597,37.48046],[126.92594,37.48055],[126.92588,37.48055]]]}},{"type":"Feature","properties":{"valleyId":"gwanaksan","layer":"canopy","date":"2026-08-01"},"geometry":{"type":"Polygon","coordinates":[[[126.93686,37.48069],[126.93689,37.48062],[126.93698,37.48062],[126.93698,37.48067],[126.93686,37.48069]]]}},{"type":"Feature","properties":{"valleyId":"gwanaksan","layer":"canopy","date":"2026-08-01"},"geometry":{"type":"Polygon","coordinates":[[[126.9271,37.4805],[126.9271,37.48045],[126.92719,37.48045],[126.92719,37.4805],[126.9271,37.4805]]]}},{"type":"Feature","properties":{"valleyId":"gwanaksan","layer":"canopy","date":"2026-08-01"},"geometry":{"type":"Polygon","coordinates":[[[126.92759,37.48056],[126.92758,37.48046],[126.92769,37.48046],[126.92771,37.48055],[126.92759,37.48056]]]}},{"type":"Feature","properties":{"valleyId":"gwanaksan","layer":"canopy","date":"2026-08-01"},"geometry":{"type":"Polygon","coordinates":[[[126.92868,37.48049],[126.92868,37.48044],[126.92875,37.48044],[126.92875,37.48049],[126.92868,37.48049]]]}},{"type":"Feature","properties":{"valleyId":"gwanaksan","layer":"canopy","date":"2026-08-01"},"geometry":{"type":"Polygon","coordinates":[[[126.9273,37.48043],[126.92731,37.48034],[126.9274,37.48034],[126.9274,37.48042],[126.9273,37.48043]]]}},{"type":"Feature","properties":{"valleyId":"gwanaksan","layer":"canopy","date":"2026-08-01"},"geometry":{"type":"Polygon","coordinates":[[[126.92667,37.48048],[126.92665,37.4804],[126.92676,37.48039],[126.92679,37.48032],[126.92686,37.48032],[126.9269,37.48037],[126.92706,37.48037],[126.92706,37.48032],[126.92717,37.48032],[126.92717,37.48039],[126.92708,37.48039],[126.92708,37.48045],[126.92667,37.48048]]]}},{"type":"Feature","properties":{"valleyId":"gwanaksan","layer":"canopy","date":"2026-08-01"},"geometry":{"type":"Polygon","coordinates":[[[126.9259,37.48034],[126.92591,37.48028],[126.92597,37.48028],[126.92597,37.48034],[126.9259,37.48034]]]}},{"type":"Feature","properties":{"valleyId":"gwanaksan","layer":"canopy","date":"2026-08-01"},"geometry":{"type":"Polygon","coordinates":[[[126.92613,37.48041],[126.92613,37.48027],[126.92618,37.48027],[126.92618,37.48023],[126.92625,37.48023],[126.92627,37.48031],[126.9262,37.4803],[126.9262,37.48041],[126.92613,37.48041]]]}},{"type":"Feature","properties":{"valleyId":"gwanaksan","layer":"canopy","date":"2026-08-01"},"geometry":{"type":"Polygon","coordinates":[[[126.93685,37.48051],[126.93685,37.48042],[126.93703,37.4804],[126.937,37.48051],[126.93685,37.48051]]]}},{"type":"Feature","properties":{"valleyId":"gwanaksan","layer":"canopy","date":"2026-08-01"},"geometry":{"type":"Polygon","coordinates":[[[126.92695,37.48028],[126.92695,37.48021],[126.92704,37.48021],[126.92704,37.48028],[126.92695,37.48028]]]}},{"type":"Feature","properties":{"valleyId":"gwanaksan","layer":"canopy","date":"2026-08-01"},"geometry":{"type":"Polygon","coordinates":[[[126.92742,37.48027],[126.92738,37.48025],[126.92738,37.4802],[126.92749,37.48022],[126.92749,37.48027],[126.92742,37.48027]]]}},{"type":"Feature","properties":{"valleyId":"gwanaksan","layer":"canopy","date":"2026-08-01"},"geometry":{"type":"Polygon","coordinates":[[[126.9264,37.48029],[126.92641,37.48009],[126.92648,37.48009],[126.92649,37.48029],[126.9264,37.48029]]]}},{"type":"Feature","properties":{"valleyId":"gwanaksan","layer":"canopy","date":"2026-08-01"},"geometry":{"type":"Polygon","coordinates":[[[126.94467,37.48047],[126.94468,37.48039],[126.94474,37.48039],[126.94476,37.48047],[126.94467,37.48047]]]}},{"type":"Feature","properties":{"valleyId":"gwanaksan","layer":"canopy","date":"2026-08-01"},"geometry":{"type":"Polygon","coordinates":[[[126.93692,37.4802],[126.9369,37.4801],[126.93699,37.4801],[126.93704,37.48013],[126.93704,37.48021],[126.93692,37.4802]]]}},{"type":"Feature","properties":{"valleyId":"gwanaksan","layer":"canopy","date":"2026-08-01"},"geometry":{"type":"Polygon","coordinates":[[[126.92854,37.48],[126.92854,37.47995],[126.92861,37.47995],[126.92861,37.48],[126.92854,37.48]]]}},{"type":"Feature","properties":{"valleyId":"gwanaksan","layer":"canopy","date":"2026-08-01"},"geometry":{"type":"Polygon","coordinates":[[[126.92863,37.47999],[126.92863,37.47991],[126.92874,37.47992],[126.92872,37.47999],[126.92863,37.47999]]]}},{"type":"Feature","properties":{"valleyId":"gwanaksan","layer":"canopy","date":"2026-08-01"},"geometry":{"type":"Polygon","coordinates":[[[126.92845,37.47995],[126.92845,37.47989],[126.92852,37.47989],[126.92852,37.47995],[126.92845,37.47995]]]}},{"type":"Feature","properties":{"valleyId":"gwanaksan","layer":"canopy","date":"2026-08-01"},"geometry":{"type":"Polygon","coordinates":[[[126.9298,37.48003],[126.92978,37.47997],[126.92971,37.47995],[126.92972,37.4799],[126.9299,37.47994],[126.92989,37.48001],[126.9298,37.48003]]]}},{"type":"Feature","properties":{"valleyId":"gwanaksan","layer":"canopy","date":"2026-08-01"},"geometry":{"type":"Polygon","coordinates":[[[126.92899,37.47994],[126.92897,37.47987],[126.92906,37.47987],[126.92908,37.47994],[126.92899,37.47994]]]}},{"type":"Feature","properties":{"valleyId":"gwanaksan","layer":"canopy","date":"2026-08-01"},"geometry":{"type":"Polygon","coordinates":[[[126.93847,37.48056],[126.93848,37.48048],[126.93854,37.48045],[126.93855,37.48023],[126.9386,37.48022],[126.93865,37.48],[126.93874,37.48],[126.93889,37.48024],[126.93888,37.48042],[126.9387,37.48049],[126.93868,37.48052],[126.93847,37.48056]]]}},{"type":"Feature","properties":{"valleyId":"gwanaksan","layer":"canopy","date":"2026-08-01"},"geometry":{"type":"Polygon","coordinates":[[[126.92623,37.47989],[126.92624,37.47984],[126.92628,37.47984],[126.92633,37.47978],[126.92642,37.47979],[126.92641,37.47988],[126.92623,37.47989]]]}},{"type":"Feature","properties":{"valleyId":"gwanaksan","layer":"canopy","date":"2026-08-01"},"geometry":{"type":"Polygon","coordinates":[[[126.94224,37.48012],[126.94224,37.48006],[126.94231,37.48006],[126.94231,37.48012],[126.94224,37.48012]]]}},{"type":"Feature","properties":{"valleyId":"gwanaksan","layer":"canopy","date":"2026-08-01"},"geometry":{"type":"Polygon","coordinates":[[[126.92854,37.47988],[126.9285,37.47977],[126.92863,37.47977],[126.92863,37.47988],[126.92854,37.47988]]]}},{"type":"Feature","properties":{"valleyId":"gwanaksan","layer":"canopy","date":"2026-08-01"},"geometry":{"type":"Polygon","coordinates":[[[126.93704,37.47997],[126.93704,37.4799],[126.93711,37.4799],[126.93711,37.47997],[126.93704,37.47997]]]}},{"type":"Feature","properties":{"valleyId":"gwanaksan","layer":"canopy","date":"2026-08-01"},"geometry":{"type":"Polygon","coordinates":[[[126.92879,37.47981],[126.92879,37.47976],[126.92886,37.47976],[126.92886,37.47981],[126.92879,37.47981]]]}},{"type":"Feature","properties":{"valleyId":"gwanaksan","layer":"canopy","date":"2026-08-01"},"geometry":{"type":"Polygon","coordinates":[[[126.94061,37.48002],[126.94062,37.47996],[126.94068,37.47996],[126.94068,37.48002],[126.94061,37.48002]]]}},{"type":"Feature","properties":{"valleyId":"gwanaksan","layer":"canopy","date":"2026-08-01"},"geometry":{"type":"Polygon","coordinates":[[[126.928,37.47972],[126.928,37.47967],[126.92807,37.47967],[126.92807,37.47972],[126.928,37.47972]]]}},{"type":"Feature","properties":{"valleyId":"gwanaksan","layer":"canopy","date":"2026-08-01"},"geometry":{"type":"Polygon","coordinates":[[[126.92771,37.47972],[126.92769,37.47965],[126.92778,37.47965],[126.9278,37.47972],[126.92771,37.47972]]]}},{"type":"Feature","properties":{"valleyId":"gwanaksan","layer":"canopy","date":"2026-08-01"},"geometry":{"type":"Polygon","coordinates":[[[126.92895,37.47967],[126.92896,37.47961],[126.92902,37.47962],[126.92902,37.47967],[126.92895,37.47967]]]}},{"type":"Feature","properties":{"valleyId":"gwanaksan","layer":"canopy","date":"2026-08-01"},"geometry":{"type":"Polygon","coordinates":[[[126.92861,37.47975],[126.92859,37.47968],[126.92852,37.47964],[126.92853,37.47959],[126.92864,37.47959],[126.92864,37.47964],[126.92868,37.47965],[126.92868,37.47975],[126.92861,37.47975]]]}},{"type":"Feature","properties":{"valleyId":"gwanaksan","layer":"canopy","date":"2026-08-01"},"geometry":{"type":"Polygon","coordinates":[[[126.95188,37.48005],[126.95188,37.47998],[126.95197,37.47998],[126.95197,37.48005],[126.95188,37.48005]]]}},{"type":"Feature","properties":{"valleyId":"gwanaksan","layer":"canopy","date":"2026-08-01"},"geometry":{"type":"Polygon","coordinates":[[[126.92823,37.47967],[126.92821,37.4796],[126.92816,37.4796],[126.92817,37.47955],[126.92823,37.47955],[126.92828,37.47962],[126.92837,37.47962],[126.92837,37.47968],[126.92823,37.47967]]]}},{"type":"Feature","properties":{"valleyId":"gwanaksan","layer":"canopy","date":"2026-08-01"},"geometry":{"type":"Polygon","coordinates":[[[126.94256,37.47987],[126.94252,37.47983],[126.94252,37.47978],[126.94263,37.4798],[126.94263,37.47987],[126.94256,37.47987]]]}},{"type":"Feature","properties":{"valleyId":"gwanaksan","layer":"canopy","date":"2026-08-01"},"geometry":{"type":"Polygon","coordinates":[[[126.92997,37.47961],[126.92995,37.47954],[126.93007,37.47954],[126.93006,37.4796],[126.92997,37.47961]]]}},{"type":"Feature","properties":{"valleyId":"gwanaksan","layer":"canopy","date":"2026-08-01"},"geometry":{"type":"Polygon","coordinates":[[[126.92764,37.47957],[126.92762,37.47948],[126.92772,37.47947],[126.92771,37.47957],[126.92764,37.47957]]]}},{"type":"Feature","properties":{"valleyId":"gwanaksan","layer":"canopy","date":"2026-08-01"},"geometry":{"type":"Polygon","coordinates":[[[126.94609,37.47984],[126.94605,37.47982],[126.94605,37.47975],[126.94612,37.47975],[126.94616,37.47979],[126.94616,37.47984],[126.94609,37.47984]]]}},{"type":"Feature","properties":{"valleyId":"gwanaksan","layer":"canopy","date":"2026-08-01"},"geometry":{"type":"Polygon","coordinates":[[[126.92979,37.47956],[126.92979,37.47952],[126.92975,37.47952],[126.92975,37.47947],[126.92984,37.47947],[126.92984,37.4795],[126.92989,37.4795],[126.92988,37.47956],[126.92979,37.47956]]]}},{"type":"Feature","properties":{"valleyId":"gwanaksan","layer":"canopy","date":"2026-08-01"},"geometry":{"type":"Polygon","coordinates":[[[126.94244,37.4796],[126.94244,37.47954],[126.9425,37.47954],[126.9425,37.4796],[126.94244,37.4796]]]}},{"type":"Feature","properties":{"valleyId":"gwanaksan","layer":"canopy","date":"2026-08-01"},"geometry":{"type":"Polygon","coordinates":[[[126.94897,37.47971],[126.94897,37.47966],[126.94904,37.47966],[126.94904,37.47971],[126.94897,37.47971]]]}},{"type":"Feature","properties":{"valleyId":"gwanaksan","layer":"canopy","date":"2026-08-01"},"geometry":{"type":"Polygon","coordinates":[[[126.95114,37.47973],[126.95114,37.47968],[126.95123,37.47968],[126.95123,37.47973],[126.95114,37.47973]]]}},{"type":"Feature","properties":{"valleyId":"gwanaksan","layer":"canopy","date":"2026-08-01"},"geometry":{"type":"Polygon","coordinates":[[[126.9281,37.47933],[126.92811,37.47926],[126.92817,37.47926],[126.92817,37.47933],[126.9281,37.47933]]]}},{"type":"Feature","properties":{"valleyId":"gwanaksan","layer":"canopy","date":"2026-08-01"},"geometry":{"type":"Polygon","coordinates":[[[126.92831,37.47931],[126.92831,37.47926],[126.92845,37.47924],[126.92844,37.4793],[126.92831,37.47931]]]}},{"type":"Feature","properties":{"valleyId":"gwanaksan","layer":"canopy","date":"2026-08-01"},"geometry":{"type":"Polygon","coordinates":[[[126.93986,37.47952],[126.93984,37.47943],[126.93991,37.47943],[126.93995,37.47946],[126.93995,37.47952],[126.93986,37.47952]]]}},{"type":"Feature","properties":{"valleyId":"gwanaksan","layer":"canopy","date":"2026-08-01"},"geometry":{"type":"Polygon","coordinates":[[[126.9279,37.47929],[126.92788,37.47922],[126.92795,37.47922],[126.92797,37.47929],[126.9279,37.47929]]]}},{"type":"Feature","properties":{"valleyId":"gwanaksan","layer":"canopy","date":"2026-08-01"},"geometry":{"type":"Polygon","coordinates":[[[126.92768,37.47925],[126.92768,37.4792],[126.92777,37.4792],[126.92777,37.47925],[126.92768,37.47925]]]}},{"type":"Feature","properties":{"valleyId":"gwanaksan","layer":"canopy","date":"2026-08-01"},"geometry":{"type":"Polygon","coordinates":[[[126.92749,37.47926],[126.92747,37.47923],[126.92741,37.47923],[126.92741,37.47915],[126.92756,37.47919],[126.92756,37.47927],[126.92749,37.47926]]]}},{"type":"Feature","properties":{"valleyId":"gwanaksan","layer":"canopy","date":"2026-08-01"},"geometry":{"type":"Polygon","coordinates":[[[126.92856,37.4793],[126.92852,37.47917],[126.92861,37.47916],[126.92865,37.47919],[126.92865,37.47928],[126.92856,37.4793]]]}},{"type":"Feature","properties":{"valleyId":"gwanaksan","layer":"canopy","date":"2026-08-01"},"geometry":{"type":"Polygon","coordinates":[[[126.93016,37.47926],[126.93014,37.47918],[126.93021,37.47919],[126.93023,37.47926],[126.93016,37.47926]]]}},{"type":"Feature","properties":{"valleyId":"gwanaksan","layer":"canopy","date":"2026-08-01"},"geometry":{"type":"Polygon","coordinates":[[[126.95535,37.47968],[126.95535,37.47955],[126.95544,37.47953],[126.95549,37.47959],[126.95548,37.47966],[126.95535,37.47968]]]}},{"type":"Feature","properties":{"valleyId":"gwanaksan","layer":"canopy","date":"2026-08-01"},"geometry":{"type":"Polygon","coordinates":[[[126.92689,37.4792],[126.92682,37.47914],[126.92677,37.47914],[126.92678,37.47907],[126.92682,37.47907],[126.92691,37.479],[126.92719,37.47901],[126.92718,37.47906],[126.927,37.47908],[126.927,37.47918],[126.92689,37.4792]]]}},{"type":"Feature","properties":{"valleyId":"gwanaksan","layer":"canopy","date":"2026-08-01"},"geometry":{"type":"Polygon","coordinates":[[[126.92648,37.4791],[126.92644,37.47907],[126.92617,37.47906],[126.92619,37.47893],[126.92612,37.47893],[126.92612,37.47901],[126.92603,37.479],[126.92603,37.47891],[126.92613,37.4789],[126.92613,37.47881],[126.92633,37.47879],[126.92638,37.47883],[126.92637,37.47892],[126.92646,37.47892],[126.92649,37.47887],[126.92656,37.47887],[126.92658,37.47892],[126.92664,37.47896],[126.92664,37.47901],[126.92671,37.47905],[126.92671,37.47911],[126.92648,37.4791]]]}},{"type":"Feature","properties":{"valleyId":"gwanaksan","layer":"canopy","date":"2026-08-01"},"geometry":{"type":"Polygon","coordinates":[[[126.92708,37.47884],[126.92708,37.47879],[126.92715,37.47879],[126.92714,37.47884],[126.92708,37.47884]]]}},{"type":"Feature","properties":{"valleyId":"gwanaksan","layer":"canopy","date":"2026-08-01"},"geometry":{"type":"Polygon","coordinates":[[[126.92732,37.4789],[126.9273,37.47883],[126.92726,37.47881],[126.92726,37.47876],[126.92737,37.47878],[126.92739,37.4789],[126.92732,37.4789]]]}},{"type":"Feature","properties":{"valleyId":"gwanaksan","layer":"canopy","date":"2026-08-01"},"geometry":{"type":"Polygon","coordinates":[[[126.92988,37.4788],[126.92988,37.47875],[126.92995,37.47875],[126.92995,37.4788],[126.92988,37.4788]]]}},{"type":"Feature","properties":{"valleyId":"gwanaksan","layer":"canopy","date":"2026-08-01"},"geometry":{"type":"Polygon","coordinates":[[[126.92911,37.47881],[126.92909,37.47873],[126.92918,37.47872],[126.9292,37.47879],[126.92911,37.47881]]]}},{"type":"Feature","properties":{"valleyId":"gwanaksan","layer":"canopy","date":"2026-08-01"},"geometry":{"type":"Polygon","coordinates":[[[126.92741,37.4791],[126.92735,37.47892],[126.9275,37.47894],[126.92753,37.47889],[126.92766,37.47889],[126.92758,37.47865],[126.92774,37.47866],[126.92776,37.47869],[126.92783,37.47869],[126.92785,37.47878],[126.92773,37.47878],[126.92775,37.47894],[126.9278,37.47895],[126.9278,37.479],[126.92762,37.47896],[126.92759,37.47903],[126.92748,37.47903],[126.92748,37.4791],[126.92741,37.4791]]]}},{"type":"Feature","properties":{"valleyId":"gwanaksan","layer":"canopy","date":"2026-08-01"},"geometry":{"type":"Polygon","coordinates":[[[126.92997,37.47875],[126.92998,37.47869],[126.93004,37.4787],[126.93004,37.47875],[126.92997,37.47875]]]}},{"type":"Feature","properties":{"valleyId":"gwanaksan","layer":"canopy","date":"2026-08-01"},"geometry":{"type":"Polygon","coordinates":[[[126.92686,37.47866],[126.92686,37.4786],[126.92695,37.47859],[126.92695,37.47866],[126.92686,37.47866]]]}},{"type":"Feature","properties":{"valleyId":"gwanaksan","layer":"canopy","date":"2026-08-01"},"geometry":{"type":"Polygon","coordinates":[[[126.92615,37.47874],[126.92615,37.47866],[126.9262,37.47865],[126.9262,37.47861],[126.92625,37.47861],[126.92625,37.47854],[126.92634,37.47852],[126.92633,37.47874],[126.92615,37.47874]]]}},{"type":"Feature","properties":{"valleyId":"gwanaksan","layer":"canopy","date":"2026-08-01"},"geometry":{"type":"Polygon","coordinates":[[[126.95886,37.47925],[126.95884,37.47916],[126.95891,37.47911],[126.95903,37.47909],[126.959,37.47922],[126.95886,37.47925]]]}},{"type":"Feature","properties":{"valleyId":"gwanaksan","layer":"canopy","date":"2026-08-01"},"geometry":{"type":"Polygon","coordinates":[[[126.92654,37.4788],[126.92656,37.47865],[126.9265,37.4786],[126.9265,37.47853],[126.92672,37.47851],[126.92672,37.47862],[126.92665,37.47862],[126.92663,37.47867],[126.92665,37.47878],[126.92654,37.4788]]]}},{"type":"Feature","properties":{"valleyId":"gwanaksan","layer":"canopy","date":"2026-08-01"},"geometry":{"type":"Polygon","coordinates":[[[126.92894,37.47859],[126.92894,37.47851],[126.92901,37.47852],[126.92901,37.47859],[126.92894,37.47859]]]}},{"type":"Feature","properties":{"valleyId":"gwanaksan","layer":"canopy","date":"2026-08-01"},"geometry":{"type":"Polygon","coordinates":[[[126.95756,37.47905],[126.95756,37.47899],[126.95763,37.479],[126.95763,37.47905],[126.95756,37.47905]]]}},{"type":"Feature","properties":{"valleyId":"gwanaksan","layer":"canopy","date":"2026-08-01"},"geometry":{"type":"Polygon","coordinates":[[[126.92641,37.47852],[126.92634,37.4785],[126.92634,37.47843],[126.92648,37.47847],[126.92647,37.47853],[126.92641,37.47852]]]}},{"type":"Feature","properties":{"valleyId":"gwanaksan","layer":"canopy","date":"2026-08-01"},"geometry":{"type":"Polygon","coordinates":[[[126.93636,37.47863],[126.93636,37.47857],[126.93642,37.47857],[126.93642,37.47863],[126.93636,37.47863]]]}},{"type":"Feature","properties":{"valleyId":"gwanaksan","layer":"canopy","date":"2026-08-01"},"geometry":{"type":"Polygon","coordinates":[[[126.95412,37.47894],[126.95413,37.47888],[126.95422,37.47888],[126.95421,37.47894],[126.95412,37.47894]]]}},{"type":"Feature","properties":{"valleyId":"gwanaksan","layer":"canopy","date":"2026-08-01"},"geometry":{"type":"Polygon","coordinates":[[[126.94551,37.47882],[126.94554,37.47873],[126.94569,37.47872],[126.94567,37.47881],[126.94551,37.47882]]]}},{"type":"Feature","properties":{"valleyId":"gwanaksan","layer":"canopy","date":"2026-08-01"},"geometry":{"type":"Polygon","coordinates":[[[126.9357,37.47856],[126.9357,37.47851],[126.93577,37.47851],[126.93577,37.47856],[126.9357,37.47856]]]}},{"type":"Feature","properties":{"valleyId":"gwanaksan","layer":"canopy","date":"2026-08-01"},"geometry":{"type":"Polygon","coordinates":[[[126.95729,37.47894],[126.95729,37.47888],[126.95736,37.47888],[126.95736,37.47894],[126.95729,37.47894]]]}},{"type":"Feature","properties":{"valleyId":"gwanaksan","layer":"canopy","date":"2026-08-01"},"geometry":{"type":"Polygon","coordinates":[[[126.93606,37.47853],[126.93607,37.47848],[126.93613,37.47848],[126.93613,37.47853],[126.93606,37.47853]]]}},{"type":"Feature","properties":{"valleyId":"gwanaksan","layer":"canopy","date":"2026-08-01"},"geometry":{"type":"Polygon","coordinates":[[[126.92761,37.47838],[126.92761,37.47831],[126.92772,37.47831],[126.9277,37.47838],[126.92761,37.47838]]]}},{"type":"Feature","properties":{"valleyId":"gwanaksan","layer":"canopy","date":"2026-08-01"},"geometry":{"type":"Polygon","coordinates":[[[126.92673,37.47839],[126.92671,37.47831],[126.92682,37.47832],[126.92682,37.47828],[126.92689,37.47828],[126.92689,37.47833],[126.92682,37.47833],[126.92682,37.47839],[126.92673,37.47839]]]}},{"type":"Feature","properties":{"valleyId":"gwanaksan","layer":"canopy","date":"2026-08-01"},"geometry":{"type":"Polygon","coordinates":[[[126.92838,37.47836],[126.92838,37.47831],[126.92845,37.47831],[126.92845,37.47836],[126.92838,37.47836]]]}},{"type":"Feature","properties":{"valleyId":"gwanaksan","layer":"canopy","date":"2026-08-01"},"geometry":{"type":"Polygon","coordinates":[[[126.96419,37.47898],[126.96419,37.47893],[126.96426,37.47893],[126.96425,37.47898],[126.96419,37.47898]]]}},{"type":"Feature","properties":{"valleyId":"gwanaksan","layer":"canopy","date":"2026-08-01"},"geometry":{"type":"Polygon","coordinates":[[[126.93677,37.48157],[126.93634,37.48149],[126.9361,37.4814],[126.9361,37.48134],[126.93642,37.48133],[126.93642,37.48137],[126.93653,37.48137],[126.93653,37.48131],[126.93649,37.48131],[126.93651,37.48117],[126.93647,37.48113],[126.9364,37.48113],[126.9364,37.48108],[126.93638,37.48104],[126.93631,37.48104],[126.93631,37.48099],[126.93613,37.48098],[126.93609,37.48102],[126.93597,37.48103],[126.93593,37.48109],[126.93577,37.48109],[126.93577,37.48118],[126.93563,37.48117],[126.93554,37.48108],[126.9355,37.48108],[126.93525,37.48086],[126.93525,37.48082],[126.93519,37.48079],[126.93512,37.48066],[126.93508,37.48064],[126.93495,37.48042],[126.93485,37.48006],[126.93496,37.48004],[126.93496,37.48017],[126.93507,37.48017],[126.93509,37.48023],[126.93529,37.48025],[126.93526,37.47974],[126.93536,37.47956],[126.93545,37.47953],[126.93547,37.47948],[126.93583,37.47946],[126.93604,37.47934],[126.93605,37.47922],[126.93616,37.47911],[126.93616,37.47906],[126.93603,37.47905],[126.93596,37.47902],[126.93594,37.47896],[126.9358,37.47894],[126.93578,37.47887],[126.93583,37.47885],[126.93594,37.47885],[126.93597,37.47882],[126.93603,37.47882],[126.93603,37.47878],[126.9361,37.47878],[126.93619,37.47873],[126.9364,37.47868],[126.93667,37.47869],[126.93681,37.47862],[126.93706,37.47862],[126.93719,37.47859],[126.93785,37.47862],[126.93792,37.47856],[126.9381,37.47857],[126.93814,37.47853],[126.93844,37.47854],[126.93848,37.47859],[126.9386,37.47859],[126.93869,37.47856],[126.93869,37.4785],[126.93873,37.47847],[126.93912,37.47849],[126.93916,37.47853],[126.93916,37.47866],[126.93911,37.47869],[126.93905,37.47869],[126.93902,37.4788],[126.93893,37.4788],[126.93891,37.47876],[126.93871,37.47872],[126.93868,37.47887],[126.93848,37.47886],[126.93843,37.4789],[126.93834,37.4789],[126.93827,37.47879],[126.93818,37.47878],[126.9382,37.47893],[126.93816,37.47893],[126.93811,37.47898],[126.93795,37.47898],[126.93786,37.47889],[126.9378,37.47889],[126.93777,37.47885],[126.93759,37.47885],[126.93755,37.4789],[126.93748,37.4789],[126.93741,37.47895],[126.93741,37.47899],[126.93734,37.479],[126.93734,37.47913],[126.93738,37.47915],[126.93738,37.47922],[126.93751,37.47928],[126.93754,37.47931],[126.93753,37.47955],[126.93748,37.47955],[126.93741,37.47965],[126.93732,37.47972],[126.93718,37.47972],[126.93712,37.47967],[126.93703,37.47967],[126.93703,37.47961],[126.9371,37.47961],[126.9371,37.47956],[126.93699,37.47956],[126.93696,37.47959],[126.93669,37.47957],[126.93669,37.47971],[126.93653,37.47971],[126.93653,37.4798],[126.93635,37.47976],[126.93632,37.47982],[126.93623,37.47981],[126.93623,37.4799],[126.93641,37.47992],[126.93639,37.48],[126.93623,37.47999],[126.93623,37.47992],[126.93614,37.47992],[126.93609,37.48014],[126.93616,37.48015],[126.93618,37.48023],[126.93622,37.48025],[126.93624,37.48035],[126.93628,37.48037],[126.9363,37.48054],[126.93635,37.48055],[126.93635,37.48063],[126.93639,37.48066],[126.93648,37.48067],[126.93659,37.48074],[126.93657,37.48081],[126.93634,37.48077],[126.93634,37.48084],[126.93647,37.48088],[126.93663,37.48088],[126.93663,37.48094],[126.93659,37.48094],[126.93658,37.48099],[126.93663,37.48099],[126.93663,37.48106],[126.93676,37.48105],[126.93679,37.48096],[126.93686,37.48096],[126.93686,37.48092],[126.93693,37.48093],[126.93693,37.48087],[126.937,37.48085],[126.937,37.48075],[126.93704,37.48075],[126.93705,37.48055],[126.93709,37.48055],[126.93714,37.48046],[126.93721,37.48046],[126.93719,37.48034],[126.93724,37.48032],[126.93724,37.48028],[126.93735,37.48027],[126.93735,37.48014],[126.93742,37.48009],[126.93743,37.48001],[126.93752,37.47996],[126.93752,37.47985],[126.93759,37.47982],[126.93759,37.47971],[126.93764,37.47969],[126.93771,37.47953],[126.93771,37.47937],[126.93769,37.47932],[126.9376,37.47928],[126.93756,37.47912],[126.93765,37.4791],[126.9377,37.47905],[126.93784,37.47903],[126.93783,37.47916],[126.93804,37.47918],[126.93801,37.47947],[126.93791,37.47954],[126.93788,37.47977],[126.93793,37.4799],[126.9382,37.4799],[126.93814,37.48023],[126.93808,37.48024],[126.93807,37.4804],[126.938,37.48046],[126.938,37.4806],[126.93781,37.48083],[126.93778,37.48096],[126.9376,37.48103],[126.9376,37.48108],[126.93753,37.48112],[126.93753,37.48117],[126.93748,37.48121],[126.93748,37.4813],[126.93737,37.48129],[126.93739,37.48137],[126.93746,37.48137],[126.93748,37.48131],[126.93757,37.48132],[126.93764,37.48139],[126.9377,37.48141],[126.93772,37.4815],[126.93727,37.48158],[126.93677,37.48157]],[[126.93882,37.47867],[126.93889,37.47867],[126.93889,37.47862],[126.93882,37.47862],[126.93882,37.47867]]]}},{"type":"Feature","properties":{"valleyId":"gwanaksan","layer":"canopy","date":"2026-08-01"},"geometry":{"type":"Polygon","coordinates":[[[126.93539,37.47848],[126.93539,37.47843],[126.93557,37.47841],[126.93555,37.47849],[126.93539,37.47848]]]}},{"type":"Feature","properties":{"valleyId":"gwanaksan","layer":"canopy","date":"2026-08-01"},"geometry":{"type":"Polygon","coordinates":[[[126.92775,37.47833],[126.92775,37.47828],[126.92784,37.47826],[126.92784,37.47831],[126.92775,37.47833]]]}},{"type":"Feature","properties":{"valleyId":"gwanaksan","layer":"canopy","date":"2026-08-01"},"geometry":{"type":"Polygon","coordinates":[[[126.94461,37.47877],[126.94454,37.47873],[126.94452,37.47853],[126.94464,37.47855],[126.94472,37.47865],[126.94472,37.47874],[126.94467,37.47877],[126.94461,37.47877]]]}},{"type":"Feature","properties":{"valleyId":"gwanaksan","layer":"canopy","date":"2026-08-01"},"geometry":{"type":"Polygon","coordinates":[[[126.9275,37.47829],[126.92748,37.47822],[126.92755,37.47822],[126.92757,37.47829],[126.9275,37.47829]]]}},{"type":"Feature","properties":{"valleyId":"gwanaksan","layer":"canopy","date":"2026-08-01"},"geometry":{"type":"Polygon","coordinates":[[[126.9516,37.47873],[126.95162,37.47862],[126.95171,37.47862],[126.95173,37.47871],[126.9516,37.47873]]]}},{"type":"Feature","properties":{"valleyId":"gwanaksan","layer":"canopy","date":"2026-08-01"},"geometry":{"type":"Polygon","coordinates":[[[126.92724,37.47866],[126.92724,37.47857],[126.9272,37.47856],[126.92718,37.47841],[126.92722,37.47839],[126.92723,37.47823],[126.9273,37.47823],[126.9273,37.47818],[126.92737,37.47818],[126.92741,37.47833],[126.92734,37.47832],[126.92734,37.47841],[126.92741,37.47842],[126.92747,37.47847],[126.92752,37.47847],[126.92754,37.47856],[126.9274,37.47856],[126.92735,37.47867],[126.92724,37.47866]]]}},{"type":"Feature","properties":{"valleyId":"gwanaksan","layer":"canopy","date":"2026-08-01"},"geometry":{"type":"Polygon","coordinates":[[[126.93605,37.4784],[126.93605,37.47833],[126.93618,37.47833],[126.93618,37.47839],[126.93605,37.4784]]]}},{"type":"Feature","properties":{"valleyId":"gwanaksan","layer":"canopy","date":"2026-08-01"},"geometry":{"type":"Polygon","coordinates":[[[126.96387,37.47887],[126.96385,37.47878],[126.96394,37.47878],[126.96394,37.47887],[126.96387,37.47887]]]}},{"type":"Feature","properties":{"valleyId":"gwanaksan","layer":"canopy","date":"2026-08-01"},"geometry":{"type":"Polygon","coordinates":[[[126.96417,37.47882],[126.96417,37.47875],[126.96424,37.47875],[126.96424,37.47882],[126.96417,37.47882]]]}},{"type":"Feature","properties":{"valleyId":"gwanaksan","layer":"canopy","date":"2026-08-01"},"geometry":{"type":"Polygon","coordinates":[[[126.93505,37.47826],[126.93508,37.47819],[126.93517,37.47821],[126.93517,37.47826],[126.93505,37.47826]]]}},{"type":"Feature","properties":{"valleyId":"gwanaksan","layer":"canopy","date":"2026-08-01"},"geometry":{"type":"Polygon","coordinates":[[[126.94611,37.47842],[126.94611,37.47836],[126.94618,37.47836],[126.94618,37.47842],[126.94611,37.47842]]]}},{"type":"Feature","properties":{"valleyId":"gwanaksan","layer":"canopy","date":"2026-08-01"},"geometry":{"type":"Polygon","coordinates":[[[126.96422,37.47866],[126.9642,37.47857],[126.96429,37.47857],[126.96429,37.47866],[126.96422,37.47866]]]}},{"type":"Feature","properties":{"valleyId":"gwanaksan","layer":"canopy","date":"2026-08-01"},"geometry":{"type":"Polygon","coordinates":[[[126.95475,37.47837],[126.95475,37.47832],[126.95482,37.47832],[126.95482,37.47837],[126.95475,37.47837]]]}},{"type":"Feature","properties":{"valleyId":"gwanaksan","layer":"canopy","date":"2026-08-01"},"geometry":{"type":"Polygon","coordinates":[[[126.95192,37.47839],[126.9519,37.47821],[126.95202,37.4782],[126.95204,37.47836],[126.95199,37.47839],[126.95192,37.47839]]]}},{"type":"Feature","properties":{"valleyId":"gwanaksan","layer":"canopy","date":"2026-08-01"},"geometry":{"type":"Polygon","coordinates":[[[126.96418,37.47848],[126.96418,37.47839],[126.96425,37.47839],[126.96427,37.47846],[126.96418,37.47848]]]}},{"type":"Feature","properties":{"valleyId":"gwanaksan","layer":"canopy","date":"2026-08-01"},"geometry":{"type":"Polygon","coordinates":[[[126.96486,37.47845],[126.96486,37.4784],[126.96495,37.4784],[126.96495,37.47846],[126.96486,37.47845]]]}},{"type":"Feature","properties":{"valleyId":"gwanaksan","layer":"canopy","date":"2026-08-01"},"geometry":{"type":"Polygon","coordinates":[[[126.9645,37.47841],[126.96448,37.47832],[126.96457,37.47832],[126.96459,37.4784],[126.9645,37.47841]]]}},{"type":"Feature","properties":{"valleyId":"gwanaksan","layer":"canopy","date":"2026-08-01"},"geometry":{"type":"Polygon","coordinates":[[[126.93581,37.47779],[126.93581,37.47773],[126.93593,37.47772],[126.93593,37.47777],[126.93581,37.47779]]]}},{"type":"Feature","properties":{"valleyId":"gwanaksan","layer":"canopy","date":"2026-08-01"},"geometry":{"type":"Polygon","coordinates":[[[126.94585,37.47784],[126.94586,37.47778],[126.94595,37.47778],[126.94594,37.47784],[126.94585,37.47784]]]}},{"type":"Feature","properties":{"valleyId":"gwanaksan","layer":"canopy","date":"2026-08-01"},"geometry":{"type":"Polygon","coordinates":[[[126.94831,37.47651],[126.94831,37.47644],[126.94838,37.47644],[126.94838,37.47651],[126.94831,37.47651]]]}},{"type":"Feature","properties":{"valleyId":"gwanaksan","layer":"canopy","date":"2026-08-01"},"geometry":{"type":"Polygon","coordinates":[[[126.94811,37.47645],[126.94811,37.4764],[126.9482,37.4764],[126.9482,37.47645],[126.94811,37.47645]]]}},{"type":"Feature","properties":{"valleyId":"gwanaksan","layer":"canopy","date":"2026-08-01"},"geometry":{"type":"Polygon","coordinates":[[[126.95935,37.47706],[126.95926,37.47702],[126.95927,37.47699],[126.9592,37.47693],[126.95922,37.47682],[126.95918,37.47682],[126.95918,37.47675],[126.95923,37.47675],[126.95923,37.4767],[126.95932,37.47663],[126.95932,37.47659],[126.95937,37.47656],[126.95944,37.47656],[126.95941,37.47668],[126.95932,37.47675],[126.95925,37.47675],[126.95925,37.47683],[126.95936,37.47683],[126.95938,37.47694],[126.95954,37.47699],[126.95956,37.47706],[126.95935,37.47706]]]}},{"type":"Feature","properties":{"valleyId":"gwanaksan","layer":"canopy","date":"2026-08-01"},"geometry":{"type":"Polygon","coordinates":[[[126.93923,37.47624],[126.93921,37.47615],[126.9393,37.47615],[126.93932,37.47623],[126.93923,37.47624]]]}},{"type":"Feature","properties":{"valleyId":"gwanaksan","layer":"canopy","date":"2026-08-01"},"geometry":{"type":"Polygon","coordinates":[[[126.93577,37.47606],[126.93577,37.476],[126.93588,37.476],[126.93588,37.47606],[126.93577,37.47606]]]}},{"type":"Feature","properties":{"valleyId":"gwanaksan","layer":"canopy","date":"2026-08-01"},"geometry":{"type":"Polygon","coordinates":[[[126.94072,37.47614],[126.94072,37.47607],[126.94081,37.47607],[126.94081,37.47614],[126.94072,37.47614]]]}},{"type":"Feature","properties":{"valleyId":"gwanaksan","layer":"canopy","date":"2026-08-01"},"geometry":{"type":"Polygon","coordinates":[[[126.94142,37.47612],[126.9414,37.47605],[126.94149,37.47605],[126.94151,37.47612],[126.94142,37.47612]]]}},{"type":"Feature","properties":{"valleyId":"gwanaksan","layer":"canopy","date":"2026-08-01"},"geometry":{"type":"Polygon","coordinates":[[[126.93604,37.47603],[126.93607,37.47594],[126.9362,37.47596],[126.93618,37.47603],[126.93604,37.47603]]]}},{"type":"Feature","properties":{"valleyId":"gwanaksan","layer":"canopy","date":"2026-08-01"},"geometry":{"type":"Polygon","coordinates":[[[126.93962,37.47605],[126.93962,37.476],[126.93968,37.476],[126.93968,37.47605],[126.93962,37.47605]]]}},{"type":"Feature","properties":{"valleyId":"gwanaksan","layer":"canopy","date":"2026-08-01"},"geometry":{"type":"Polygon","coordinates":[[[126.93921,37.47608],[126.93921,37.4759],[126.93928,37.4759],[126.9393,37.47608],[126.93921,37.47608]]]}},{"type":"Feature","properties":{"valleyId":"gwanaksan","layer":"canopy","date":"2026-08-01"},"geometry":{"type":"Polygon","coordinates":[[[126.93849,37.47594],[126.93849,37.47589],[126.93856,37.47589],[126.93856,37.47594],[126.93849,37.47594]]]}},{"type":"Feature","properties":{"valleyId":"gwanaksan","layer":"canopy","date":"2026-08-01"},"geometry":{"type":"Polygon","coordinates":[[[126.93869,37.47593],[126.93869,37.47587],[126.93876,37.47587],[126.93876,37.47593],[126.93869,37.47593]]]}},{"type":"Feature","properties":{"valleyId":"gwanaksan","layer":"canopy","date":"2026-08-01"},"geometry":{"type":"Polygon","coordinates":[[[126.93835,37.47587],[126.93836,37.47581],[126.93842,37.47581],[126.93842,37.47587],[126.93835,37.47587]]]}},{"type":"Feature","properties":{"valleyId":"gwanaksan","layer":"canopy","date":"2026-08-01"},"geometry":{"type":"Polygon","coordinates":[[[126.93944,37.47601],[126.93939,37.47599],[126.93942,37.47581],[126.93958,37.47583],[126.9396,37.47594],[126.93953,37.47594],[126.93953,37.47601],[126.93944,37.47601]]]}},{"type":"Feature","properties":{"valleyId":"gwanaksan","layer":"canopy","date":"2026-08-01"},"geometry":{"type":"Polygon","coordinates":[[[126.93808,37.47599],[126.93806,37.4759],[126.93801,37.4759],[126.93802,37.47577],[126.93809,37.47577],[126.93811,37.47583],[126.93829,37.47583],[126.93828,37.47592],[126.93833,37.47594],[126.93833,37.47599],[126.93808,37.47599]]]}},{"type":"Feature","properties":{"valleyId":"gwanaksan","layer":"canopy","date":"2026-08-01"},"geometry":{"type":"Polygon","coordinates":[[[126.94107,37.4759],[126.94107,37.47584],[126.94116,37.47583],[126.94116,37.4759],[126.94107,37.4759]]]}},{"type":"Feature","properties":{"valleyId":"gwanaksan","layer":"canopy","date":"2026-08-01"},"geometry":{"type":"Polygon","coordinates":[[[126.93774,37.47589],[126.93774,37.47582],[126.93768,37.47582],[126.93768,37.47575],[126.93784,37.47577],[126.93783,37.47588],[126.93774,37.47589]]]}},{"type":"Feature","properties":{"valleyId":"gwanaksan","layer":"canopy","date":"2026-08-01"},"geometry":{"type":"Polygon","coordinates":[[[126.96078,37.47622],[126.96078,37.47613],[126.9609,37.47611],[126.96087,37.4762],[126.96078,37.47622]]]}},{"type":"Feature","properties":{"valleyId":"gwanaksan","layer":"canopy","date":"2026-08-01"},"geometry":{"type":"Polygon","coordinates":[[[126.93288,37.47575],[126.93284,37.47572],[126.93284,37.47563],[126.93296,37.47563],[126.933,37.47567],[126.933,37.47572],[126.93297,37.47576],[126.93288,37.47575]]]}},{"type":"Feature","properties":{"valleyId":"gwanaksan","layer":"canopy","date":"2026-08-01"},"geometry":{"type":"Polygon","coordinates":[[[126.93384,37.4757],[126.93384,37.47564],[126.9339,37.47565],[126.9339,37.4757],[126.93384,37.4757]]]}},{"type":"Feature","properties":{"valleyId":"gwanaksan","layer":"canopy","date":"2026-08-01"},"geometry":{"type":"Polygon","coordinates":[[[126.93591,37.47573],[126.93589,37.47566],[126.93598,37.47566],[126.93598,37.47574],[126.93591,37.47573]]]}},{"type":"Feature","properties":{"valleyId":"gwanaksan","layer":"canopy","date":"2026-08-01"},"geometry":{"type":"Polygon","coordinates":[[[126.94084,37.4758],[126.94084,37.47575],[126.94091,37.47575],[126.94091,37.4758],[126.94084,37.4758]]]}},{"type":"Feature","properties":{"valleyId":"gwanaksan","layer":"canopy","date":"2026-08-01"},"geometry":{"type":"Polygon","coordinates":[[[126.94204,37.47588],[126.94202,37.47577],[126.94211,37.47575],[126.94211,37.47588],[126.94204,37.47588]]]}},{"type":"Feature","properties":{"valleyId":"gwanaksan","layer":"canopy","date":"2026-08-01"},"geometry":{"type":"Polygon","coordinates":[[[126.9403,37.47581],[126.94026,37.47577],[126.94026,37.47572],[126.94035,37.47572],[126.94039,37.47576],[126.94039,37.47581],[126.9403,37.47581]]]}},{"type":"Feature","properties":{"valleyId":"gwanaksan","layer":"canopy","date":"2026-08-01"},"geometry":{"type":"Polygon","coordinates":[[[126.94066,37.47578],[126.94066,37.47573],[126.94073,37.47573],[126.94073,37.47578],[126.94066,37.47578]]]}},{"type":"Feature","properties":{"valleyId":"gwanaksan","layer":"canopy","date":"2026-08-01"},"geometry":{"type":"Polygon","coordinates":[[[126.93449,37.47576],[126.93435,37.47573],[126.93436,37.47565],[126.93454,37.47566],[126.93456,37.4756],[126.93467,37.4756],[126.93469,37.4757],[126.93463,37.47569],[126.9346,37.47577],[126.93449,37.47576]]]}},{"type":"Feature","properties":{"valleyId":"gwanaksan","layer":"canopy","date":"2026-08-01"},"geometry":{"type":"Polygon","coordinates":[[[126.94179,37.47575],[126.9418,37.47568],[126.94189,37.47566],[126.94191,37.47573],[126.94179,37.47575]]]}},{"type":"Feature","properties":{"valleyId":"gwanaksan","layer":"canopy","date":"2026-08-01"},"geometry":{"type":"Polygon","coordinates":[[[126.96099,37.47604],[126.96101,37.47597],[126.9611,37.47597],[126.9611,37.47603],[126.96099,37.47604]]]}},{"type":"Feature","properties":{"valleyId":"gwanaksan","layer":"canopy","date":"2026-08-01"},"geometry":{"type":"Polygon","coordinates":[[[126.94015,37.47568],[126.94015,37.47559],[126.94026,37.47559],[126.94026,37.47565],[126.94021,37.47568],[126.94015,37.47568]]]}},{"type":"Feature","properties":{"valleyId":"gwanaksan","layer":"canopy","date":"2026-08-01"},"geometry":{"type":"Polygon","coordinates":[[[126.96112,37.47601],[126.96113,37.47596],[126.96119,37.47596],[126.96119,37.47601],[126.96112,37.47601]]]}},{"type":"Feature","properties":{"valleyId":"gwanaksan","layer":"canopy","date":"2026-08-01"},"geometry":{"type":"Polygon","coordinates":[[[126.95143,37.47586],[126.95138,37.47584],[126.95138,37.47579],[126.95156,37.47577],[126.95156,37.47583],[126.95152,37.47583],[126.95152,37.47586],[126.95143,37.47586]]]}},{"type":"Feature","properties":{"valleyId":"gwanaksan","layer":"canopy","date":"2026-08-01"},"geometry":{"type":"Polygon","coordinates":[[[126.93969,37.47564],[126.93972,37.47555],[126.93985,37.47557],[126.93983,37.47564],[126.93969,37.47564]]]}},{"type":"Feature","properties":{"valleyId":"gwanaksan","layer":"canopy","date":"2026-08-01"},"geometry":{"type":"Polygon","coordinates":[[[126.93721,37.4756],[126.93719,37.4755],[126.93728,37.47551],[126.9373,37.47558],[126.93721,37.4756]]]}},{"type":"Feature","properties":{"valleyId":"gwanaksan","layer":"canopy","date":"2026-08-01"},"geometry":{"type":"Polygon","coordinates":[[[126.93775,37.47568],[126.93775,37.47564],[126.9377,37.47562],[126.93771,37.47555],[126.93782,37.47553],[126.93782,37.47548],[126.93789,37.47548],[126.93789,37.47553],[126.93784,37.47553],[126.93782,37.47559],[126.93782,37.47568],[126.93775,37.47568]]]}},{"type":"Feature","properties":{"valleyId":"gwanaksan","layer":"canopy","date":"2026-08-01"},"geometry":{"type":"Polygon","coordinates":[[[126.9382,37.47565],[126.93818,37.47556],[126.938,37.47557],[126.93798,37.47548],[126.93825,37.47551],[126.93827,37.47565],[126.9382,37.47565]]]}},{"type":"Feature","properties":{"valleyId":"gwanaksan","layer":"canopy","date":"2026-08-01"},"geometry":{"type":"Polygon","coordinates":[[[126.93947,37.47556],[126.93947,37.47549],[126.93963,37.47549],[126.93963,37.47557],[126.93947,37.47556]]]}},{"type":"Feature","properties":{"valleyId":"gwanaksan","layer":"canopy","date":"2026-08-01"},"geometry":{"type":"Polygon","coordinates":[[[126.93712,37.4755],[126.93712,37.47545],[126.93719,37.47545],[126.93719,37.4755],[126.93712,37.4755]]]}},{"type":"Feature","properties":{"valleyId":"gwanaksan","layer":"canopy","date":"2026-08-01"},"geometry":{"type":"Polygon","coordinates":[[[126.9418,37.47558],[126.9418,37.47551],[126.94187,37.47551],[126.94187,37.47559],[126.9418,37.47558]]]}},{"type":"Feature","properties":{"valleyId":"gwanaksan","layer":"canopy","date":"2026-08-01"},"geometry":{"type":"Polygon","coordinates":[[[126.96183,37.47595],[126.96181,37.47586],[126.9619,37.47586],[126.96192,37.47593],[126.96183,37.47595]]]}},{"type":"Feature","properties":{"valleyId":"gwanaksan","layer":"canopy","date":"2026-08-01"},"geometry":{"type":"Polygon","coordinates":[[[126.96411,37.47601],[126.96409,37.47592],[126.96414,37.47588],[126.9642,37.47588],[126.96422,37.47599],[126.96411,37.47601]]]}},{"type":"Feature","properties":{"valleyId":"gwanaksan","layer":"canopy","date":"2026-08-01"},"geometry":{"type":"Polygon","coordinates":[[[126.96099,37.47592],[126.96095,37.47588],[126.96095,37.47583],[126.96106,37.47585],[126.96106,37.47592],[126.96099,37.47592]]]}},{"type":"Feature","properties":{"valleyId":"gwanaksan","layer":"canopy","date":"2026-08-01"},"geometry":{"type":"Polygon","coordinates":[[[126.94198,37.47557],[126.94201,37.47548],[126.94214,37.4755],[126.94212,37.47557],[126.94198,37.47557]]]}},{"type":"Feature","properties":{"valleyId":"gwanaksan","layer":"canopy","date":"2026-08-01"},"geometry":{"type":"Polygon","coordinates":[[[126.93448,37.47542],[126.9345,37.47535],[126.93464,37.47535],[126.93463,37.47541],[126.93448,37.47542]]]}},{"type":"Feature","properties":{"valleyId":"gwanaksan","layer":"canopy","date":"2026-08-01"},"geometry":{"type":"Polygon","coordinates":[[[126.94038,37.47552],[126.94033,37.47551],[126.94033,37.47545],[126.94045,37.47545],[126.94047,37.47553],[126.94038,37.47552]]]}},{"type":"Feature","properties":{"valleyId":"gwanaksan","layer":"canopy","date":"2026-08-01"},"geometry":{"type":"Polygon","coordinates":[[[126.93231,37.47537],[126.93231,37.47529],[126.93238,37.47529],[126.93237,37.47537],[126.93231,37.47537]]]}},{"type":"Feature","properties":{"valleyId":"gwanaksan","layer":"canopy","date":"2026-08-01"},"geometry":{"type":"Polygon","coordinates":[[[126.94108,37.47557],[126.94103,37.47552],[126.94092,37.4755],[126.94092,37.47544],[126.94117,37.4755],[126.94117,37.47556],[126.94108,37.47557]]]}},{"type":"Feature","properties":{"valleyId":"gwanaksan","layer":"canopy","date":"2026-08-01"},"geometry":{"type":"Polygon","coordinates":[[[126.93943,37.47545],[126.93943,37.4754],[126.9395,37.4754],[126.9395,37.47545],[126.93943,37.47545]]]}},{"type":"Feature","properties":{"valleyId":"gwanaksan","layer":"canopy","date":"2026-08-01"},"geometry":{"type":"Polygon","coordinates":[[[126.93999,37.47541],[126.94,37.47536],[126.94006,37.47536],[126.94006,37.47541],[126.93999,37.47541]]]}},{"type":"Feature","properties":{"valleyId":"gwanaksan","layer":"canopy","date":"2026-08-01"},"geometry":{"type":"Polygon","coordinates":[[[126.93905,37.47592],[126.93901,37.47582],[126.93872,37.47584],[126.93867,37.47573],[126.9384,37.47572],[126.9384,37.47569],[126.93834,37.47567],[126.93836,37.47547],[126.93843,37.47547],[126.93841,37.47558],[126.93852,37.47558],[126.9385,37.47546],[126.93859,37.47546],[126.93859,37.47557],[126.93868,37.47558],[126.93864,37.47531],[126.93871,37.47531],[126.93875,37.47539],[126.93884,37.47543],[126.93884,37.47553],[126.93893,37.47553],[126.93893,37.47561],[126.93881,37.47562],[126.93883,37.47571],[126.93888,37.47571],[126.9389,37.47575],[126.93899,37.47575],[126.93901,37.47572],[126.93919,37.47574],[126.93917,37.47588],[126.93912,37.47592],[126.93905,37.47592]]]}},{"type":"Feature","properties":{"valleyId":"gwanaksan","layer":"canopy","date":"2026-08-01"},"geometry":{"type":"Polygon","coordinates":[[[126.94115,37.47539],[126.94115,37.47534],[126.94122,37.47534],[126.94122,37.47539],[126.94115,37.47539]]]}},{"type":"Feature","properties":{"valleyId":"gwanaksan","layer":"canopy","date":"2026-08-01"},"geometry":{"type":"Polygon","coordinates":[[[126.94069,37.4756],[126.94067,37.47555],[126.94056,37.47555],[126.94054,37.47542],[126.9404,37.47538],[126.94043,37.47531],[126.94054,37.47531],[126.94056,37.47538],[126.94067,37.4754],[126.94067,37.47544],[126.94081,37.47542],[126.94083,37.47559],[126.94069,37.4756]]]}},{"type":"Feature","properties":{"valleyId":"gwanaksan","layer":"canopy","date":"2026-08-01"},"geometry":{"type":"Polygon","coordinates":[[[126.93179,37.47523],[126.9317,37.47521],[126.9317,37.47516],[126.93206,37.47516],[126.93206,37.47522],[126.93202,37.47523],[126.93179,37.47523]]]}},{"type":"Feature","properties":{"valleyId":"gwanaksan","layer":"canopy","date":"2026-08-01"},"geometry":{"type":"Polygon","coordinates":[[[126.93948,37.47533],[126.93948,37.47527],[126.93957,37.47528],[126.93957,37.47533],[126.93948,37.47533]]]}},{"type":"Feature","properties":{"valleyId":"gwanaksan","layer":"canopy","date":"2026-08-01"},"geometry":{"type":"Polygon","coordinates":[[[126.93471,37.47526],[126.93469,37.47519],[126.93482,37.47517],[126.93484,37.47527],[126.93471,37.47526]]]}},{"type":"Feature","properties":{"valleyId":"gwanaksan","layer":"canopy","date":"2026-08-01"},"geometry":{"type":"Polygon","coordinates":[[[126.93975,37.47535],[126.93973,37.47526],[126.93991,37.4753],[126.93991,37.47535],[126.93975,37.47535]]]}},{"type":"Feature","properties":{"valleyId":"gwanaksan","layer":"canopy","date":"2026-08-01"},"geometry":{"type":"Polygon","coordinates":[[[126.93814,37.47532],[126.9381,37.4753],[126.9381,37.47525],[126.93815,37.47521],[126.93821,37.47522],[126.93821,37.47532],[126.93814,37.47532]]]}},{"type":"Feature","properties":{"valleyId":"gwanaksan","layer":"canopy","date":"2026-08-01"},"geometry":{"type":"Polygon","coordinates":[[[126.93884,37.47534],[126.93882,37.47524],[126.93896,37.47525],[126.93898,37.47521],[126.93905,37.47521],[126.93905,37.47525],[126.93921,37.47527],[126.93921,37.47532],[126.93898,37.4753],[126.93898,37.47534],[126.93884,37.47534]]]}},{"type":"Feature","properties":{"valleyId":"gwanaksan","layer":"canopy","date":"2026-08-01"},"geometry":{"type":"Polygon","coordinates":[[[126.94131,37.47534],[126.94126,37.47531],[126.94127,37.47525],[126.94138,37.47525],[126.9414,37.47533],[126.94131,37.47534]]]}},{"type":"Feature","properties":{"valleyId":"gwanaksan","layer":"canopy","date":"2026-08-01"},"geometry":{"type":"Polygon","coordinates":[[[126.93835,37.47527],[126.93828,37.47524],[126.93828,37.47518],[126.93842,37.47522],[126.93842,37.47527],[126.93835,37.47527]]]}},{"type":"Feature","properties":{"valleyId":"gwanaksan","layer":"canopy","date":"2026-08-01"},"geometry":{"type":"Polygon","coordinates":[[[126.95103,37.47544],[126.95103,37.47539],[126.9511,37.47539],[126.9511,37.47544],[126.95103,37.47544]]]}},{"type":"Feature","properties":{"valleyId":"gwanaksan","layer":"canopy","date":"2026-08-01"},"geometry":{"type":"Polygon","coordinates":[[[126.96642,37.47576],[126.96636,37.4757],[126.96636,37.47563],[126.96645,37.47563],[126.96652,37.47569],[126.96651,37.47574],[126.96642,37.47576]]]}},{"type":"Feature","properties":{"valleyId":"gwanaksan","layer":"canopy","date":"2026-08-01"},"geometry":{"type":"Polygon","coordinates":[[[126.94102,37.47525],[126.94102,37.47519],[126.94109,37.47519],[126.94108,37.47525],[126.94102,37.47525]]]}},{"type":"Feature","properties":{"valleyId":"gwanaksan","layer":"canopy","date":"2026-08-01"},"geometry":{"type":"Polygon","coordinates":[[[126.9374,37.47515],[126.9374,37.47509],[126.93752,37.4751],[126.93751,37.47515],[126.9374,37.47515]]]}},{"type":"Feature","properties":{"valleyId":"gwanaksan","layer":"canopy","date":"2026-08-01"},"geometry":{"type":"Polygon","coordinates":[[[126.93957,37.4752],[126.93957,37.47511],[126.93964,37.47511],[126.93964,37.4752],[126.93957,37.4752]]]}},{"type":"Feature","properties":{"valleyId":"gwanaksan","layer":"canopy","date":"2026-08-01"},"geometry":{"type":"Polygon","coordinates":[[[126.9318,37.47503],[126.9318,37.47498],[126.93186,37.47498],[126.93186,37.47503],[126.9318,37.47503]]]}},{"type":"Feature","properties":{"valleyId":"gwanaksan","layer":"canopy","date":"2026-08-01"},"geometry":{"type":"Polygon","coordinates":[[[126.93792,37.47514],[126.93792,37.47508],[126.93799,37.47509],[126.93799,37.47514],[126.93792,37.47514]]]}},{"type":"Feature","properties":{"valleyId":"gwanaksan","layer":"canopy","date":"2026-08-01"},"geometry":{"type":"Polygon","coordinates":[[[126.95225,37.47541],[126.95226,37.47532],[126.95235,37.47532],[126.95234,37.47541],[126.95225,37.47541]]]}},{"type":"Feature","properties":{"valleyId":"gwanaksan","layer":"canopy","date":"2026-08-01"},"geometry":{"type":"Polygon","coordinates":[[[126.96408,37.47559],[126.96408,37.47552],[126.96415,37.47552],[126.96414,37.47559],[126.96408,37.47559]]]}},{"type":"Feature","properties":{"valleyId":"gwanaksan","layer":"canopy","date":"2026-08-01"},"geometry":{"type":"Polygon","coordinates":[[[126.93978,37.47517],[126.93973,37.47515],[126.93973,37.4751],[126.93996,37.4751],[126.93996,37.47516],[126.93978,37.47517]]]}},{"type":"Feature","properties":{"valleyId":"gwanaksan","layer":"canopy","date":"2026-08-01"},"geometry":{"type":"Polygon","coordinates":[[[126.93706,37.47512],[126.93704,37.47505],[126.93716,37.47504],[126.93718,37.47511],[126.93706,37.47512]]]}},{"type":"Feature","properties":{"valleyId":"gwanaksan","layer":"canopy","date":"2026-08-01"},"geometry":{"type":"Polygon","coordinates":[[[126.94032,37.47518],[126.94027,37.47516],[126.94027,37.47511],[126.94041,37.47509],[126.94043,37.47516],[126.94032,37.47518]]]}},{"type":"Feature","properties":{"valleyId":"gwanaksan","layer":"canopy","date":"2026-08-01"},"geometry":{"type":"Polygon","coordinates":[[[126.9402,37.47541],[126.94013,37.47539],[126.94011,37.47529],[126.94002,37.47528],[126.94003,37.47512],[126.94009,37.4751],[126.94009,37.47507],[126.94018,37.47507],[126.94018,37.47512],[126.94014,37.47512],[126.94016,37.47521],[126.94036,37.47527],[126.94036,37.47534],[126.94027,37.47541],[126.9402,37.47541]]]}},{"type":"Feature","properties":{"valleyId":"gwanaksan","layer":"canopy","date":"2026-08-01"},"geometry":{"type":"Polygon","coordinates":[[[126.93894,37.47512],[126.93894,37.47507],[126.93899,37.47505],[126.9391,37.47507],[126.9391,37.47512],[126.93894,37.47512]]]}},{"type":"Feature","properties":{"valleyId":"gwanaksan","layer":"canopy","date":"2026-08-01"},"geometry":{"type":"Polygon","coordinates":[[[126.94125,37.47516],[126.94122,37.47509],[126.94134,37.47509],[126.94134,37.47514],[126.94125,37.47516]]]}},{"type":"Feature","properties":{"valleyId":"gwanaksan","layer":"canopy","date":"2026-08-01"},"geometry":{"type":"Polygon","coordinates":[[[126.93437,37.47504],[126.93417,37.47502],[126.9341,37.47498],[126.93397,37.475],[126.9339,37.47498],[126.9339,37.47492],[126.93444,37.47497],[126.93446,37.47504],[126.93437,37.47504]]]}},{"type":"Feature","properties":{"valleyId":"gwanaksan","layer":"canopy","date":"2026-08-01"},"geometry":{"type":"Polygon","coordinates":[[[126.93768,37.47501],[126.93768,37.47495],[126.93775,37.47496],[126.93774,37.47501],[126.93768,37.47501]]]}},{"type":"Feature","properties":{"valleyId":"gwanaksan","layer":"canopy","date":"2026-08-01"},"geometry":{"type":"Polygon","coordinates":[[[126.93674,37.47517],[126.93668,37.47512],[126.93664,37.47501],[126.93659,37.47499],[126.93659,37.47492],[126.93673,37.47492],[126.93675,37.47505],[126.93684,37.4751],[126.93684,37.47516],[126.93674,37.47517]]]}},{"type":"Feature","properties":{"valleyId":"gwanaksan","layer":"canopy","date":"2026-08-01"},"geometry":{"type":"Polygon","coordinates":[[[126.93207,37.47496],[126.9321,37.4748],[126.93219,37.4748],[126.93218,37.47491],[126.93214,37.47493],[126.93214,37.47497],[126.93207,37.47496]]]}},{"type":"Feature","properties":{"valleyId":"gwanaksan","layer":"canopy","date":"2026-08-01"},"geometry":{"type":"Polygon","coordinates":[[[126.96196,37.47539],[126.96196,37.4753],[126.96203,37.4753],[126.96205,37.4754],[126.96196,37.47539]]]}},{"type":"Feature","properties":{"valleyId":"gwanaksan","layer":"canopy","date":"2026-08-01"},"geometry":{"type":"Polygon","coordinates":[[[126.96451,37.47544],[126.96449,37.47535],[126.9646,37.47537],[126.9646,37.47542],[126.96451,37.47544]]]}},{"type":"Feature","properties":{"valleyId":"gwanaksan","layer":"canopy","date":"2026-08-01"},"geometry":{"type":"Polygon","coordinates":[[[126.93853,37.47506],[126.93849,37.47502],[126.93847,37.4749],[126.93854,37.4749],[126.93856,37.47495],[126.93863,37.47499],[126.93862,37.47506],[126.93853,37.47506]]]}},{"type":"Feature","properties":{"valleyId":"gwanaksan","layer":"canopy","date":"2026-08-01"},"geometry":{"type":"Polygon","coordinates":[[[126.96135,37.47537],[126.96132,37.47529],[126.96139,37.47529],[126.96141,37.47537],[126.96135,37.47537]]]}},{"type":"Feature","properties":{"valleyId":"gwanaksan","layer":"canopy","date":"2026-08-01"},"geometry":{"type":"Polygon","coordinates":[[[126.94039,37.47498],[126.94035,37.47496],[126.94035,37.47489],[126.94057,37.4749],[126.94057,37.47495],[126.94039,37.47498]]]}},{"type":"Feature","properties":{"valleyId":"gwanaksan","layer":"canopy","date":"2026-08-01"},"geometry":{"type":"Polygon","coordinates":[[[126.93257,37.47479],[126.93257,37.47474],[126.93264,37.47474],[126.93264,37.47479],[126.93257,37.47479]]]}},{"type":"Feature","properties":{"valleyId":"gwanaksan","layer":"canopy","date":"2026-08-01"},"geometry":{"type":"Polygon","coordinates":[[[126.94019,37.47489],[126.94019,37.47484],[126.94026,37.47484],[126.94026,37.47489],[126.94019,37.47489]]]}},{"type":"Feature","properties":{"valleyId":"gwanaksan","layer":"canopy","date":"2026-08-01"},"geometry":{"type":"Polygon","coordinates":[[[126.93347,37.47493],[126.93345,37.47483],[126.93318,37.4748],[126.93314,37.47477],[126.93314,37.47469],[126.93348,37.47472],[126.93354,37.47477],[126.93354,37.47486],[126.93363,37.47488],[126.93363,37.47494],[126.93347,37.47493]]]}},{"type":"Feature","properties":{"valleyId":"gwanaksan","layer":"canopy","date":"2026-08-01"},"geometry":{"type":"Polygon","coordinates":[[[126.93415,37.47487],[126.93404,37.47482],[126.93407,37.47469],[126.93431,37.47472],[126.93438,37.47477],[126.93465,37.47481],[126.93465,37.47487],[126.93415,37.47487]]]}},{"type":"Feature","properties":{"valleyId":"gwanaksan","layer":"canopy","date":"2026-08-01"},"geometry":{"type":"Polygon","coordinates":[[[126.93931,37.47486],[126.93931,37.47477],[126.93942,37.47477],[126.93942,37.47484],[126.93931,37.47486]]]}},{"type":"Feature","properties":{"valleyId":"gwanaksan","layer":"canopy","date":"2026-08-01"},"geometry":{"type":"Polygon","coordinates":[[[126.9396,37.47484],[126.93958,37.47477],[126.93965,37.47477],[126.93967,37.47484],[126.9396,37.47484]]]}},{"type":"Feature","properties":{"valleyId":"gwanaksan","layer":"canopy","date":"2026-08-01"},"geometry":{"type":"Polygon","coordinates":[[[126.94098,37.47485],[126.94098,37.4748],[126.94119,37.4748],[126.94119,37.47485],[126.94098,37.47485]]]}},{"type":"Feature","properties":{"valleyId":"gwanaksan","layer":"canopy","date":"2026-08-01"},"geometry":{"type":"Polygon","coordinates":[[[126.93728,37.47479],[126.93725,37.47471],[126.93732,37.47471],[126.93734,37.47479],[126.93728,37.47479]]]}},{"type":"Feature","properties":{"valleyId":"gwanaksan","layer":"canopy","date":"2026-08-01"},"geometry":{"type":"Polygon","coordinates":[[[126.93155,37.47479],[126.93153,37.4747],[126.9316,37.47463],[126.93167,37.47463],[126.93169,37.4746],[126.93183,37.4746],[126.93183,37.47471],[126.93178,37.47476],[126.93164,37.47476],[126.93164,37.47479],[126.93155,37.47479]]]}},{"type":"Feature","properties":{"valleyId":"gwanaksan","layer":"canopy","date":"2026-08-01"},"geometry":{"type":"Polygon","coordinates":[[[126.96481,37.47523],[126.96481,37.47517],[126.96488,37.47517],[126.96488,37.47523],[126.96481,37.47523]]]}},{"type":"Feature","properties":{"valleyId":"gwanaksan","layer":"canopy","date":"2026-08-01"},"geometry":{"type":"Polygon","coordinates":[[[126.9609,37.47514],[126.9609,37.47507],[126.96104,37.47507],[126.96101,37.47514],[126.9609,37.47514]]]}},{"type":"Feature","properties":{"valleyId":"gwanaksan","layer":"canopy","date":"2026-08-01"},"geometry":{"type":"Polygon","coordinates":[[[126.93205,37.47468],[126.93201,37.47457],[126.93215,37.47459],[126.93217,37.47466],[126.93205,37.47468]]]}},{"type":"Feature","properties":{"valleyId":"gwanaksan","layer":"canopy","date":"2026-08-01"},"geometry":{"type":"Polygon","coordinates":[[[126.93278,37.4746],[126.93278,37.47454],[126.93285,37.47455],[126.93285,37.4746],[126.93278,37.4746]]]}},{"type":"Feature","properties":{"valleyId":"gwanaksan","layer":"canopy","date":"2026-08-01"},"geometry":{"type":"Polygon","coordinates":[[[126.95037,37.47743],[126.95034,37.47739],[126.95014,37.47739],[126.95014,37.47723],[126.9501,37.47719],[126.95003,37.47719],[126.95001,37.4771],[126.9499,37.47708],[126.94988,37.47704],[126.94981,37.47704],[126.94979,37.477],[126.94972,37.477],[126.94965,37.47695],[126.94966,37.47679],[126.94962,37.47666],[126.94946,37.47666],[126.94946,37.47662],[126.94933,37.4766],[126.94932,37.47669],[126.94928,37.47671],[126.94923,37.47683],[126.94898,37.47679],[126.94896,37.4769],[126.94891,37.4769],[126.94891,37.47695],[126.94898,37.47695],[126.94897,37.47701],[126.94882,37.47704],[126.94879,37.47708],[126.9487,37.47707],[126.9487,37.47713],[126.94865,37.47716],[126.94854,37.47716],[126.94847,37.47711],[126.94836,37.47711],[126.94827,37.47703],[126.94809,37.47703],[126.94805,37.47699],[126.94805,37.47694],[126.94789,37.47695],[126.94785,37.47683],[126.94796,37.47681],[126.94799,37.47674],[126.94763,37.47673],[126.94761,37.47659],[126.94785,37.47661],[126.94804,37.47645],[126.94811,37.47645],[126.94811,37.47652],[126.94817,37.47653],[126.94817,37.47665],[126.94824,37.47665],[126.94824,37.47672],[126.94815,37.47672],[126.94814,37.47678],[126.94819,37.4768],[126.94819,37.47689],[126.94825,37.4769],[126.94825,37.47694],[126.94832,37.47694],[126.94828,37.47683],[126.94842,37.4768],[126.94846,37.47671],[126.94851,37.47671],[126.94858,37.47664],[126.94858,37.47659],[126.94844,37.47658],[126.94845,37.47649],[126.94858,37.47646],[126.94859,37.47635],[126.94845,37.4763],[126.94845,37.47622],[126.94868,37.47614],[126.94882,37.47612],[126.94886,37.47609],[126.94914,37.47604],[126.9495,37.47603],[126.9495,37.47608],[126.94957,37.47608],[126.94957,37.47603],[126.94988,37.47603],[126.94998,37.47578],[126.95012,37.47555],[126.95017,37.47553],[126.95022,37.47544],[126.95031,37.47543],[126.95031,37.47534],[126.9504,37.47528],[126.9504,37.47525],[126.95072,37.47504],[126.95073,37.47491],[126.95077,37.47488],[126.95111,37.4749],[126.95114,37.47486],[126.95127,37.47487],[126.95136,37.47483],[126.95197,37.47486],[126.95194,37.47531],[126.952,37.47537],[126.95198,37.47544],[126.95187,37.47544],[126.95185,37.4754],[126.95157,37.47539],[126.95155,37.47532],[126.95167,37.47531],[126.95167,37.47525],[126.9516,37.47525],[126.95158,37.4752],[126.95151,37.4752],[126.95149,37.4753],[126.95124,37.4753],[126.95124,37.47521],[126.95115,37.47517],[126.95116,37.47501],[126.95102,37.47499],[126.951,37.47506],[126.95095,37.47508],[126.95095,37.47513],[126.9509,37.47515],[126.95092,37.47527],[126.95081,37.47527],[126.95076,37.47531],[126.95074,37.47547],[126.95058,37.4755],[126.95053,37.47556],[126.95026,37.47559],[126.95025,37.47573],[126.95021,37.47575],[126.95018,37.47584],[126.95029,37.47589],[126.95029,37.47595],[126.95025,37.47595],[126.95027,37.47607],[126.9504,37.47611],[126.9504,37.47619],[126.95033,37.47618],[126.95031,37.47626],[126.95042,37.47628],[126.95051,37.47626],[126.95053,37.47621],[126.9506,37.47621],[126.95067,37.47632],[126.95066,37.47642],[126.95057,37.47646],[126.95057,37.47653],[126.95064,37.47659],[126.95079,37.47661],[126.95093,37.47675],[126.95092,37.47683],[126.95079,37.47688],[126.95078,37.477],[126.95074,37.477],[126.95067,37.47706],[126.95064,37.47718],[126.95058,37.4772],[126.95059,37.47731],[126.95069,37.47731],[126.95069,37.47716],[126.95087,37.47718],[126.95091,37.47729],[126.95075,37.47733],[126.95073,37.47742],[126.95037,37.47743]],[[126.9488,37.47688],[126.94887,37.47688],[126.94887,37.47683],[126.9488,37.47682],[126.9488,37.47688]],[[126.94931,37.47642],[126.94938,37.47642],[126.94938,37.47637],[126.94933,37.47636],[126.94933,37.47624],[126.94927,37.47624],[126.94931,37.47642]],[[126.95176,37.47534],[126.95185,37.47535],[126.95185,37.47524],[126.95178,37.47524],[126.95176,37.47534]],[[126.95178,37.47516],[126.95185,37.47516],[126.95185,37.47511],[126.95179,37.47511],[126.95178,37.47516]]]}},{"type":"Feature","properties":{"valleyId":"gwanaksan","layer":"canopy","date":"2026-08-01"},"geometry":{"type":"Polygon","coordinates":[[[126.94013,37.47469],[126.94013,37.47464],[126.94022,37.47464],[126.94022,37.47469],[126.94013,37.47469]]]}},{"type":"Feature","properties":{"valleyId":"gwanaksan","layer":"canopy","date":"2026-08-01"},"geometry":{"type":"Polygon","coordinates":[[[126.93353,37.47456],[126.93353,37.4745],[126.93362,37.47449],[126.93362,37.47454],[126.93353,37.47456]]]}},{"type":"Feature","properties":{"valleyId":"gwanaksan","layer":"canopy","date":"2026-08-01"},"geometry":{"type":"Polygon","coordinates":[[[126.93455,37.47456],[126.93457,37.47449],[126.93466,37.47449],[126.93466,37.47456],[126.93455,37.47456]]]}},{"type":"Feature","properties":{"valleyId":"gwanaksan","layer":"canopy","date":"2026-08-01"},"geometry":{"type":"Polygon","coordinates":[[[126.9395,37.47466],[126.93947,37.47457],[126.93966,37.47459],[126.93965,37.47466],[126.9395,37.47466]]]}},{"type":"Feature","properties":{"valleyId":"gwanaksan","layer":"canopy","date":"2026-08-01"},"geometry":{"type":"Polygon","coordinates":[[[126.96099,37.47496],[126.961,37.47491],[126.96106,37.47491],[126.96106,37.47496],[126.96099,37.47496]]]}},{"type":"Feature","properties":{"valleyId":"gwanaksan","layer":"canopy","date":"2026-08-01"},"geometry":{"type":"Polygon","coordinates":[[[126.93199,37.47444],[126.93199,37.47439],[126.93206,37.47439],[126.93209,37.47435],[126.9322,37.47435],[126.93217,37.47444],[126.93199,37.47444]]]}},{"type":"Feature","properties":{"valleyId":"gwanaksan","layer":"canopy","date":"2026-08-01"},"geometry":{"type":"Polygon","coordinates":[[[126.95159,37.47475],[126.95159,37.47469],[126.95166,37.47469],[126.95166,37.47475],[126.95159,37.47475]]]}},{"type":"Feature","properties":{"valleyId":"gwanaksan","layer":"canopy","date":"2026-08-01"},"geometry":{"type":"Polygon","coordinates":[[[126.96183,37.47496],[126.96181,37.47487],[126.96195,37.47487],[126.96192,37.47496],[126.96183,37.47496]]]}},{"type":"Feature","properties":{"valleyId":"gwanaksan","layer":"canopy","date":"2026-08-01"},"geometry":{"type":"Polygon","coordinates":[[[126.93052,37.47443],[126.93048,37.47429],[126.93073,37.47431],[126.9307,37.4744],[126.93052,37.47443]]]}},{"type":"Feature","properties":{"valleyId":"gwanaksan","layer":"canopy","date":"2026-08-01"},"geometry":{"type":"Polygon","coordinates":[[[126.96127,37.47486],[126.96127,37.47481],[126.96134,37.47481],[126.96134,37.47486],[126.96127,37.47486]]]}},{"type":"Feature","properties":{"valleyId":"gwanaksan","layer":"canopy","date":"2026-08-01"},"geometry":{"type":"Polygon","coordinates":[[[126.96158,37.47486],[126.96159,37.47481],[126.96165,37.47481],[126.96165,37.47487],[126.96158,37.47486]]]}},{"type":"Feature","properties":{"valleyId":"gwanaksan","layer":"canopy","date":"2026-08-01"},"geometry":{"type":"Polygon","coordinates":[[[126.93925,37.47451],[126.93928,37.47442],[126.93948,37.47441],[126.93948,37.47446],[126.93941,37.47452],[126.93925,37.47451]]]}},{"type":"Feature","properties":{"valleyId":"gwanaksan","layer":"canopy","date":"2026-08-01"},"geometry":{"type":"Polygon","coordinates":[[[126.93179,37.47435],[126.93179,37.47427],[126.93188,37.47428],[126.93188,37.47433],[126.93179,37.47435]]]}},{"type":"Feature","properties":{"valleyId":"gwanaksan","layer":"canopy","date":"2026-08-01"},"geometry":{"type":"Polygon","coordinates":[[[126.96267,37.47487],[126.96267,37.47481],[126.96274,37.47481],[126.96274,37.47487],[126.96267,37.47487]]]}},{"type":"Feature","properties":{"valleyId":"gwanaksan","layer":"canopy","date":"2026-08-01"},"geometry":{"type":"Polygon","coordinates":[[[126.96197,37.47484],[126.96197,37.47476],[126.96206,37.47476],[126.96206,37.47484],[126.96197,37.47484]]]}},{"type":"Feature","properties":{"valleyId":"gwanaksan","layer":"canopy","date":"2026-08-01"},"geometry":{"type":"Polygon","coordinates":[[[126.95168,37.47468],[126.95169,37.47457],[126.95178,37.47457],[126.95178,37.47466],[126.95168,37.47468]]]}},{"type":"Feature","properties":{"valleyId":"gwanaksan","layer":"canopy","date":"2026-08-01"},"geometry":{"type":"Polygon","coordinates":[[[126.96303,37.47496],[126.96306,37.47485],[126.96285,37.47485],[126.96285,37.4748],[126.96294,37.4748],[126.96297,37.47474],[126.96304,37.47475],[126.96312,37.47482],[126.96312,37.47496],[126.96303,37.47496]]]}},{"type":"Feature","properties":{"valleyId":"gwanaksan","layer":"canopy","date":"2026-08-01"},"geometry":{"type":"Polygon","coordinates":[[[126.96324,37.47486],[126.96324,37.47477],[126.96333,37.47475],[126.96335,37.47486],[126.96324,37.47486]]]}},{"type":"Feature","properties":{"valleyId":"gwanaksan","layer":"canopy","date":"2026-08-01"},"geometry":{"type":"Polygon","coordinates":[[[126.96177,37.47485],[126.96172,37.47479],[126.96168,37.47479],[126.9617,37.47472],[126.96186,37.47474],[126.96183,37.47485],[126.96177,37.47485]]]}},{"type":"Feature","properties":{"valleyId":"gwanaksan","layer":"canopy","date":"2026-08-01"},"geometry":{"type":"Polygon","coordinates":[[[126.9322,37.4743],[126.93218,37.47419],[126.93225,37.47419],[126.93225,37.47423],[126.93234,37.47425],[126.93234,37.4743],[126.9322,37.4743]]]}},{"type":"Feature","properties":{"valleyId":"gwanaksan","layer":"canopy","date":"2026-08-01"},"geometry":{"type":"Polygon","coordinates":[[[126.93394,37.47451],[126.93382,37.47444],[126.9338,37.47436],[126.93367,37.47436],[126.9336,37.47431],[126.93358,37.47422],[126.93372,37.47422],[126.93378,37.47427],[126.93378,37.47431],[126.93385,37.47431],[126.93385,37.47427],[126.93396,37.47428],[126.93396,37.47437],[126.93405,37.47442],[126.93405,37.47448],[126.934,37.47451],[126.93394,37.47451]]]}},{"type":"Feature","properties":{"valleyId":"gwanaksan","layer":"canopy","date":"2026-08-01"},"geometry":{"type":"Polygon","coordinates":[[[126.93675,37.47425],[126.93675,37.4742],[126.93684,37.4742],[126.93684,37.47425],[126.93675,37.47425]]]}},{"type":"Feature","properties":{"valleyId":"gwanaksan","layer":"canopy","date":"2026-08-01"},"geometry":{"type":"Polygon","coordinates":[[[126.96222,37.47486],[126.9622,37.4748],[126.96211,37.47478],[126.96209,37.47464],[126.96231,37.47468],[126.96231,37.47475],[126.9624,37.47475],[126.9624,37.47486],[126.96222,37.47486]]]}},{"type":"Feature","properties":{"valleyId":"gwanaksan","layer":"canopy","date":"2026-08-01"},"geometry":{"type":"Polygon","coordinates":[[[126.96231,37.47468],[126.96232,37.47462],[126.96238,37.47463],[126.96238,37.47468],[126.96231,37.47468]]]}},{"type":"Feature","properties":{"valleyId":"gwanaksan","layer":"canopy","date":"2026-08-01"},"geometry":{"type":"Polygon","coordinates":[[[126.93928,37.47424],[126.93928,37.47419],[126.93935,37.47419],[126.93935,37.47424],[126.93928,37.47424]]]}},{"type":"Feature","properties":{"valleyId":"gwanaksan","layer":"canopy","date":"2026-08-01"},"geometry":{"type":"Polygon","coordinates":[[[126.96306,37.47464],[126.96306,37.47458],[126.96313,37.47458],[126.96313,37.47464],[126.96306,37.47464]]]}},{"type":"Feature","properties":{"valleyId":"gwanaksan","layer":"canopy","date":"2026-08-01"},"geometry":{"type":"Polygon","coordinates":[[[126.96381,37.47472],[126.96378,37.47469],[126.96369,37.47468],[126.9637,37.47461],[126.96374,37.47461],[126.96379,37.47456],[126.9639,37.47456],[126.96392,37.47471],[126.96381,37.47472]]]}},{"type":"Feature","properties":{"valleyId":"gwanaksan","layer":"canopy","date":"2026-08-01"},"geometry":{"type":"Polygon","coordinates":[[[126.96207,37.47462],[126.962,37.47458],[126.962,37.47453],[126.96214,37.47457],[126.96213,37.47462],[126.96207,37.47462]]]}},{"type":"Feature","properties":{"valleyId":"gwanaksan","layer":"canopy","date":"2026-08-01"},"geometry":{"type":"Polygon","coordinates":[[[126.93772,37.47429],[126.93772,37.47423],[126.93768,37.4742],[126.9377,37.47411],[126.93788,37.47411],[126.93788,37.4742],[126.93783,37.4742],[126.93783,37.47427],[126.93772,37.47429]]]}},{"type":"Feature","properties":{"valleyId":"gwanaksan","layer":"canopy","date":"2026-08-01"},"geometry":{"type":"Polygon","coordinates":[[[126.93241,37.47405],[126.93241,37.474],[126.9325,37.474],[126.9325,37.47405],[126.93241,37.47405]]]}},{"type":"Feature","properties":{"valleyId":"gwanaksan","layer":"canopy","date":"2026-08-01"},"geometry":{"type":"Polygon","coordinates":[[[126.94077,37.4742],[126.94075,37.47412],[126.94082,37.47413],[126.94084,37.4742],[126.94077,37.4742]]]}},{"type":"Feature","properties":{"valleyId":"gwanaksan","layer":"canopy","date":"2026-08-01"},"geometry":{"type":"Polygon","coordinates":[[[126.93334,37.47405],[126.93332,37.47396],[126.93339,37.47396],[126.93341,37.47405],[126.93334,37.47405]]]}},{"type":"Feature","properties":{"valleyId":"gwanaksan","layer":"canopy","date":"2026-08-01"},"geometry":{"type":"Polygon","coordinates":[[[126.93639,37.47407],[126.93639,37.47401],[126.93648,37.47401],[126.93648,37.47407],[126.93639,37.47407]]]}},{"type":"Feature","properties":{"valleyId":"gwanaksan","layer":"canopy","date":"2026-08-01"},"geometry":{"type":"Polygon","coordinates":[[[126.93289,37.47395],[126.93289,37.47388],[126.93298,37.47386],[126.93296,37.47395],[126.93289,37.47395]]]}},{"type":"Feature","properties":{"valleyId":"gwanaksan","layer":"canopy","date":"2026-08-01"},"geometry":{"type":"Polygon","coordinates":[[[126.94001,37.47404],[126.94001,37.47397],[126.94008,37.47397],[126.94008,37.47404],[126.94001,37.47404]]]}},{"type":"Feature","properties":{"valleyId":"gwanaksan","layer":"canopy","date":"2026-08-01"},"geometry":{"type":"Polygon","coordinates":[[[126.93596,37.47399],[126.93594,37.47388],[126.93603,37.47388],[126.93603,37.47399],[126.93596,37.47399]]]}},{"type":"Feature","properties":{"valleyId":"gwanaksan","layer":"canopy","date":"2026-08-01"},"geometry":{"type":"Polygon","coordinates":[[[126.93131,37.47385],[126.93131,37.4738],[126.93138,37.4738],[126.93138,37.47385],[126.93131,37.47385]]]}},{"type":"Feature","properties":{"valleyId":"gwanaksan","layer":"canopy","date":"2026-08-01"},"geometry":{"type":"Polygon","coordinates":[[[126.93223,37.4739],[126.93214,37.47385],[126.93215,37.47379],[126.93233,37.4738],[126.9323,37.47391],[126.93223,37.4739]]]}},{"type":"Feature","properties":{"valleyId":"gwanaksan","layer":"canopy","date":"2026-08-01"},"geometry":{"type":"Polygon","coordinates":[[[126.93944,37.47403],[126.93942,37.47399],[126.93938,37.47399],[126.93938,37.47392],[126.93958,37.47391],[126.9396,37.47403],[126.93944,37.47403]]]}},{"type":"Feature","properties":{"valleyId":"gwanaksan","layer":"canopy","date":"2026-08-01"},"geometry":{"type":"Polygon","coordinates":[[[126.95192,37.47417],[126.95193,37.47412],[126.95202,37.47412],[126.95201,37.47418],[126.95192,37.47417]]]}},{"type":"Feature","properties":{"valleyId":"gwanaksan","layer":"canopy","date":"2026-08-01"},"geometry":{"type":"Polygon","coordinates":[[[126.93759,37.47391],[126.9376,37.47385],[126.93766,37.47385],[126.93766,37.47391],[126.93759,37.47391]]]}},{"type":"Feature","properties":{"valleyId":"gwanaksan","layer":"canopy","date":"2026-08-01"},"geometry":{"type":"Polygon","coordinates":[[[126.932,37.47419],[126.932,37.4741],[126.93193,37.4741],[126.93189,37.47406],[126.93189,37.47399],[126.93185,37.47395],[126.9316,37.47395],[126.9316,37.47389],[126.93185,37.4739],[126.93185,37.47386],[126.93199,37.47385],[126.93199,37.47379],[126.9319,37.47379],[126.9319,37.47374],[126.9321,37.47376],[126.9321,37.47383],[126.93205,37.47383],[126.93205,37.47388],[126.93214,37.47394],[126.93211,37.47417],[126.932,37.47419]]]}},{"type":"Feature","properties":{"valleyId":"gwanaksan","layer":"canopy","date":"2026-08-01"},"geometry":{"type":"Polygon","coordinates":[[[126.96357,37.47434],[126.96355,37.47425],[126.96361,37.47425],[126.96363,37.47434],[126.96357,37.47434]]]}},{"type":"Feature","properties":{"valleyId":"gwanaksan","layer":"canopy","date":"2026-08-01"},"geometry":{"type":"Polygon","coordinates":[[[126.93579,37.47384],[126.93577,37.47373],[126.93586,37.47373],[126.93588,37.47384],[126.93579,37.47384]]]}},{"type":"Feature","properties":{"valleyId":"gwanaksan","layer":"canopy","date":"2026-08-01"},"geometry":{"type":"Polygon","coordinates":[[[126.96243,37.47439],[126.96241,37.47436],[126.96237,37.47436],[126.96237,37.47428],[126.96248,37.47427],[126.96248,37.47421],[126.96253,37.47418],[126.96262,37.47418],[126.96264,37.47425],[126.9626,37.47429],[126.96253,37.47429],[126.96253,37.47439],[126.96243,37.47439]]]}},{"type":"Feature","properties":{"valleyId":"gwanaksan","layer":"canopy","date":"2026-08-01"},"geometry":{"type":"Polygon","coordinates":[[[126.96302,37.47437],[126.96298,37.47435],[126.963,37.47424],[126.96305,37.47424],[126.96305,37.47419],[126.96312,37.47419],[126.96312,37.47426],[126.96316,37.47426],[126.96316,37.47432],[126.96311,37.47437],[126.96302,37.47437]]]}},{"type":"Feature","properties":{"valleyId":"gwanaksan","layer":"canopy","date":"2026-08-01"},"geometry":{"type":"Polygon","coordinates":[[[126.95272,37.47408],[126.95272,37.47401],[126.95281,37.47401],[126.95281,37.47406],[126.95272,37.47408]]]}},{"type":"Feature","properties":{"valleyId":"gwanaksan","layer":"canopy","date":"2026-08-01"},"geometry":{"type":"Polygon","coordinates":[[[126.94182,37.47387],[126.94183,37.47382],[126.94189,37.47382],[126.94189,37.47387],[126.94182,37.47387]]]}},{"type":"Feature","properties":{"valleyId":"gwanaksan","layer":"canopy","date":"2026-08-01"},"geometry":{"type":"Polygon","coordinates":[[[126.93978,37.474],[126.93974,37.47398],[126.93974,37.47393],[126.93967,37.47389],[126.93968,37.47382],[126.93977,37.47382],[126.93977,37.47377],[126.93984,37.47377],[126.93988,37.4738],[126.93995,37.4738],[126.93995,37.47389],[126.93988,37.47391],[126.93985,37.474],[126.93978,37.474]]]}},{"type":"Feature","properties":{"valleyId":"gwanaksan","layer":"canopy","date":"2026-08-01"},"geometry":{"type":"Polygon","coordinates":[[[126.96307,37.47417],[126.96308,37.47412],[126.96317,37.47412],[126.96316,37.47417],[126.96307,37.47417]]]}},{"type":"Feature","properties":{"valleyId":"gwanaksan","layer":"canopy","date":"2026-08-01"},"geometry":{"type":"Polygon","coordinates":[[[126.93812,37.4737],[126.9381,37.47363],[126.93826,37.47365],[126.93826,37.4737],[126.93812,37.4737]]]}},{"type":"Feature","properties":{"valleyId":"gwanaksan","layer":"canopy","date":"2026-08-01"},"geometry":{"type":"Polygon","coordinates":[[[126.96276,37.47406],[126.96276,37.474],[126.96285,37.474],[126.96285,37.47406],[126.96276,37.47406]]]}},{"type":"Feature","properties":{"valleyId":"gwanaksan","layer":"canopy","date":"2026-08-01"},"geometry":{"type":"Polygon","coordinates":[[[126.96332,37.47412],[126.96328,37.47405],[126.96328,37.47399],[126.96335,37.47399],[126.96339,37.47407],[126.96339,37.47412],[126.96332,37.47412]]]}},{"type":"Feature","properties":{"valleyId":"gwanaksan","layer":"canopy","date":"2026-08-01"},"geometry":{"type":"Polygon","coordinates":[[[126.95153,37.47383],[126.95153,37.47377],[126.9516,37.47377],[126.95159,37.47383],[126.95153,37.47383]]]}},{"type":"Feature","properties":{"valleyId":"gwanaksan","layer":"canopy","date":"2026-08-01"},"geometry":{"type":"Polygon","coordinates":[[[126.93961,37.4736],[126.93962,37.47355],[126.93968,37.47355],[126.93968,37.4736],[126.93961,37.4736]]]}},{"type":"Feature","properties":{"valleyId":"gwanaksan","layer":"canopy","date":"2026-08-01"},"geometry":{"type":"Polygon","coordinates":[[[126.96267,37.47398],[126.96267,37.47393],[126.96274,37.47393],[126.96274,37.47398],[126.96267,37.47398]]]}},{"type":"Feature","properties":{"valleyId":"gwanaksan","layer":"canopy","date":"2026-08-01"},"geometry":{"type":"Polygon","coordinates":[[[126.94054,37.47354],[126.94052,37.47345],[126.94068,37.47347],[126.94068,37.47355],[126.94054,37.47354]]]}},{"type":"Feature","properties":{"valleyId":"gwanaksan","layer":"canopy","date":"2026-08-01"},"geometry":{"type":"Polygon","coordinates":[[[126.95107,37.47411],[126.95084,37.47407],[126.9508,37.47403],[126.9508,37.47392],[126.95076,37.47388],[126.95069,37.47388],[126.95069,37.47377],[126.95074,37.47374],[126.95079,37.4736],[126.95085,37.4736],[126.9509,37.47369],[126.95099,37.47374],[126.95096,37.47385],[126.95101,37.47387],[126.95107,37.474],[126.95118,37.47402],[126.95123,37.47405],[126.95123,37.47411],[126.95107,37.47411]]]}},{"type":"Feature","properties":{"valleyId":"gwanaksan","layer":"canopy","date":"2026-08-01"},"geometry":{"type":"Polygon","coordinates":[[[126.9527,37.47385],[126.95268,37.47381],[126.95257,37.47381],[126.95257,37.47375],[126.9527,37.47376],[126.95275,37.47365],[126.95284,37.47363],[126.95288,37.47383],[126.9527,37.47385]]]}},{"type":"Feature","properties":{"valleyId":"gwanaksan","layer":"canopy","date":"2026-08-01"},"geometry":{"type":"Polygon","coordinates":[[[126.93523,37.47333],[126.93521,37.47325],[126.9353,37.47325],[126.9353,37.47333],[126.93523,37.47333]]]}},{"type":"Feature","properties":{"valleyId":"gwanaksan","layer":"canopy","date":"2026-08-01"},"geometry":{"type":"Polygon","coordinates":[[[126.93503,37.4733],[126.93503,37.47323],[126.93515,37.47322],[126.93512,37.47331],[126.93503,37.4733]]]}},{"type":"Feature","properties":{"valleyId":"gwanaksan","layer":"canopy","date":"2026-08-01"},"geometry":{"type":"Polygon","coordinates":[[[126.93944,37.4734],[126.93944,37.47336],[126.93935,37.47333],[126.93935,37.47327],[126.93958,37.47328],[126.93958,37.47333],[126.93951,37.47333],[126.93951,37.4734],[126.93944,37.4734]]]}},{"type":"Feature","properties":{"valleyId":"gwanaksan","layer":"canopy","date":"2026-08-01"},"geometry":{"type":"Polygon","coordinates":[[[126.93571,37.47323],[126.93571,37.47317],[126.93578,37.47317],[126.93578,37.47323],[126.93571,37.47323]]]}},{"type":"Feature","properties":{"valleyId":"gwanaksan","layer":"canopy","date":"2026-08-01"},"geometry":{"type":"Polygon","coordinates":[[[126.93811,37.47325],[126.93813,37.47318],[126.93827,37.4732],[126.93827,37.47325],[126.93811,37.47325]]]}},{"type":"Feature","properties":{"valleyId":"gwanaksan","layer":"canopy","date":"2026-08-01"},"geometry":{"type":"Polygon","coordinates":[[[126.93481,37.47317],[126.93474,37.47315],[126.93474,37.4731],[126.93492,37.4731],[126.93492,37.47318],[126.93481,37.47317]]]}},{"type":"Feature","properties":{"valleyId":"gwanaksan","layer":"canopy","date":"2026-08-01"},"geometry":{"type":"Polygon","coordinates":[[[126.93438,37.47311],[126.93438,37.47306],[126.93445,37.47306],[126.93445,37.47311],[126.93438,37.47311]]]}},{"type":"Feature","properties":{"valleyId":"gwanaksan","layer":"canopy","date":"2026-08-01"},"geometry":{"type":"Polygon","coordinates":[[[126.94006,37.47321],[126.94008,37.47312],[126.94026,37.47312],[126.94024,37.4732],[126.94006,37.47321]]]}},{"type":"Feature","properties":{"valleyId":"gwanaksan","layer":"canopy","date":"2026-08-01"},"geometry":{"type":"Polygon","coordinates":[[[126.95269,37.47343],[126.95258,37.47341],[126.95256,37.47332],[126.95276,37.47334],[126.95281,37.47331],[126.95292,37.47331],[126.95292,37.47342],[126.95269,37.47343]]]}},{"type":"Feature","properties":{"valleyId":"gwanaksan","layer":"canopy","date":"2026-08-01"},"geometry":{"type":"Polygon","coordinates":[[[126.9514,37.47335],[126.95127,37.47333],[126.95127,37.47328],[126.95147,37.47328],[126.95149,37.47336],[126.9514,37.47335]]]}},{"type":"Feature","properties":{"valleyId":"gwanaksan","layer":"canopy","date":"2026-08-01"},"geometry":{"type":"Polygon","coordinates":[[[126.93361,37.47304],[126.93364,37.47297],[126.93375,37.47296],[126.93373,37.47305],[126.93361,37.47304]]]}},{"type":"Feature","properties":{"valleyId":"gwanaksan","layer":"canopy","date":"2026-08-01"},"geometry":{"type":"Polygon","coordinates":[[[126.9385,37.47311],[126.93848,37.47304],[126.93859,37.47306],[126.93859,37.47311],[126.9385,37.47311]]]}},{"type":"Feature","properties":{"valleyId":"gwanaksan","layer":"canopy","date":"2026-08-01"},"geometry":{"type":"Polygon","coordinates":[[[126.9394,37.47313],[126.93943,37.47304],[126.93954,37.47306],[126.93951,37.47313],[126.9394,37.47313]]]}},{"type":"Feature","properties":{"valleyId":"gwanaksan","layer":"canopy","date":"2026-08-01"},"geometry":{"type":"Polygon","coordinates":[[[126.91969,37.47273],[126.91969,37.47266],[126.91981,37.47268],[126.91981,37.47273],[126.91969,37.47273]]]}},{"type":"Feature","properties":{"valleyId":"gwanaksan","layer":"canopy","date":"2026-08-01"},"geometry":{"type":"Polygon","coordinates":[[[126.93979,37.47308],[126.93979,37.47301],[126.9399,37.47303],[126.9399,37.47308],[126.93979,37.47308]]]}},{"type":"Feature","properties":{"valleyId":"gwanaksan","layer":"canopy","date":"2026-08-01"},"geometry":{"type":"Polygon","coordinates":[[[126.93965,37.47304],[126.93963,37.47297],[126.9397,37.47297],[126.93972,37.47304],[126.93965,37.47304]]]}},{"type":"Feature","properties":{"valleyId":"gwanaksan","layer":"canopy","date":"2026-08-01"},"geometry":{"type":"Polygon","coordinates":[[[126.9345,37.47292],[126.9345,37.47286],[126.93461,37.47286],[126.93461,37.47292],[126.9345,37.47292]]]}},{"type":"Feature","properties":{"valleyId":"gwanaksan","layer":"canopy","date":"2026-08-01"},"geometry":{"type":"Polygon","coordinates":[[[126.94187,37.47304],[126.94187,37.47299],[126.94194,37.47299],[126.94194,37.47305],[126.94187,37.47304]]]}},{"type":"Feature","properties":{"valleyId":"gwanaksan","layer":"canopy","date":"2026-08-01"},"geometry":{"type":"Polygon","coordinates":[[[126.95281,37.47325],[126.95279,37.47318],[126.95283,37.47315],[126.9529,37.47315],[126.9529,37.47324],[126.95281,37.47325]]]}},{"type":"Feature","properties":{"valleyId":"gwanaksan","layer":"canopy","date":"2026-08-01"},"geometry":{"type":"Polygon","coordinates":[[[126.91997,37.47264],[126.91997,37.47257],[126.92008,37.47257],[126.92008,37.47263],[126.91997,37.47264]]]}},{"type":"Feature","properties":{"valleyId":"gwanaksan","layer":"canopy","date":"2026-08-01"},"geometry":{"type":"Polygon","coordinates":[[[126.94158,37.473],[126.94158,37.47295],[126.94165,37.47295],[126.94164,37.473],[126.94158,37.473]]]}},{"type":"Feature","properties":{"valleyId":"gwanaksan","layer":"canopy","date":"2026-08-01"},"geometry":{"type":"Polygon","coordinates":[[[126.93934,37.473],[126.93932,37.47295],[126.93916,37.47294],[126.93916,37.47287],[126.9393,37.47284],[126.93941,37.47286],[126.93941,37.473],[126.93934,37.473]]]}},{"type":"Feature","properties":{"valleyId":"gwanaksan","layer":"canopy","date":"2026-08-01"},"geometry":{"type":"Polygon","coordinates":[[[126.94074,37.47315],[126.94071,37.47311],[126.94042,37.47309],[126.94035,37.47304],[126.94036,37.47298],[126.94065,37.47297],[126.94065,37.47301],[126.94072,37.47306],[126.94087,37.47305],[126.94088,37.47299],[126.94081,37.47295],[126.94061,37.47295],[126.94061,37.47288],[126.94065,37.47286],[126.94083,37.47286],[126.94088,37.4729],[126.94099,37.47292],[126.94106,37.47298],[126.94105,37.47308],[126.94094,37.4731],[126.94089,37.47315],[126.94074,37.47315]]]}},{"type":"Feature","properties":{"valleyId":"gwanaksan","layer":"canopy","date":"2026-08-01"},"geometry":{"type":"Polygon","coordinates":[[[126.93563,37.47286],[126.93559,37.47283],[126.93559,37.47277],[126.93586,37.4728],[126.93586,37.47285],[126.93563,37.47286]]]}},{"type":"Feature","properties":{"valleyId":"gwanaksan","layer":"canopy","date":"2026-08-01"},"geometry":{"type":"Polygon","coordinates":[[[126.94181,37.47288],[126.94181,37.47281],[126.94188,37.47281],[126.94187,37.47288],[126.94181,37.47288]]]}},{"type":"Feature","properties":{"valleyId":"gwanaksan","layer":"canopy","date":"2026-08-01"},"geometry":{"type":"Polygon","coordinates":[[[126.93529,37.47284],[126.9353,37.47279],[126.93521,37.47277],[126.93518,37.47269],[126.93532,37.47273],[126.93546,37.47272],[126.93543,37.47284],[126.93529,37.47284]]]}},{"type":"Feature","properties":{"valleyId":"gwanaksan","layer":"canopy","date":"2026-08-01"},"geometry":{"type":"Polygon","coordinates":[[[126.94031,37.47282],[126.94032,37.47275],[126.94043,37.47275],[126.94041,37.47282],[126.94031,37.47282]]]}},{"type":"Feature","properties":{"valleyId":"gwanaksan","layer":"canopy","date":"2026-08-01"},"geometry":{"type":"Polygon","coordinates":[[[126.93566,37.4727],[126.93566,37.47265],[126.93577,37.47265],[126.93577,37.4727],[126.93566,37.4727]]]}},{"type":"Feature","properties":{"valleyId":"gwanaksan","layer":"canopy","date":"2026-08-01"},"geometry":{"type":"Polygon","coordinates":[[[126.93584,37.47271],[126.93584,37.47265],[126.93591,37.47265],[126.93591,37.47271],[126.93584,37.47271]]]}},{"type":"Feature","properties":{"valleyId":"gwanaksan","layer":"canopy","date":"2026-08-01"},"geometry":{"type":"Polygon","coordinates":[[[126.93792,37.47274],[126.93792,37.47269],[126.93799,37.47269],[126.93799,37.47274],[126.93792,37.47274]]]}},{"type":"Feature","properties":{"valleyId":"gwanaksan","layer":"canopy","date":"2026-08-01"},"geometry":{"type":"Polygon","coordinates":[[[126.94133,37.47277],[126.94134,37.47271],[126.9414,37.47271],[126.9414,37.47277],[126.94133,37.47277]]]}},{"type":"Feature","properties":{"valleyId":"gwanaksan","layer":"canopy","date":"2026-08-01"},"geometry":{"type":"Polygon","coordinates":[[[126.93469,37.47265],[126.93469,37.4726],[126.93478,37.47258],[126.93478,37.47263],[126.93469,37.47265]]]}},{"type":"Feature","properties":{"valleyId":"gwanaksan","layer":"canopy","date":"2026-08-01"},"geometry":{"type":"Polygon","coordinates":[[[126.91882,37.47248],[126.9188,37.47237],[126.91889,37.47235],[126.91889,37.47228],[126.91898,37.47228],[126.91898,37.47236],[126.91891,37.47235],[126.91891,37.47246],[126.91882,37.47248]]]}},{"type":"Feature","properties":{"valleyId":"gwanaksan","layer":"canopy","date":"2026-08-01"},"geometry":{"type":"Polygon","coordinates":[[[126.91972,37.47246],[126.91973,37.47226],[126.91982,37.47226],[126.91981,37.47244],[126.91972,37.47246]]]}},{"type":"Feature","properties":{"valleyId":"gwanaksan","layer":"canopy","date":"2026-08-01"},"geometry":{"type":"Polygon","coordinates":[[[126.93973,37.47286],[126.9397,37.47279],[126.93957,37.47279],[126.93953,37.47273],[126.93939,37.47273],[126.93939,37.47261],[126.93951,37.47263],[126.93953,37.47268],[126.93964,37.4727],[126.93966,37.47274],[126.9398,37.47276],[126.93989,37.47276],[126.93989,37.4727],[126.93982,37.4727],[126.93982,37.47263],[126.93989,37.47263],[126.93989,37.47269],[126.93998,37.47269],[126.94005,37.47274],[126.94004,37.4728],[126.94,37.4728],[126.93991,37.47287],[126.93973,37.47286]]]}},{"type":"Feature","properties":{"valleyId":"gwanaksan","layer":"canopy","date":"2026-08-01"},"geometry":{"type":"Polygon","coordinates":[[[126.92115,37.47238],[126.9212,37.47227],[126.92131,37.47227],[126.92131,37.47234],[126.92126,37.47234],[126.92124,37.47238],[126.92115,37.47238]]]}},{"type":"Feature","properties":{"valleyId":"gwanaksan","layer":"canopy","date":"2026-08-01"},"geometry":{"type":"Polygon","coordinates":[[[126.9407,37.47274],[126.94063,37.4727],[126.94064,37.47263],[126.9408,37.47261],[126.94084,37.47265],[126.94084,37.4727],[126.94079,37.47274],[126.9407,37.47274]]]}},{"type":"Feature","properties":{"valleyId":"gwanaksan","layer":"canopy","date":"2026-08-01"},"geometry":{"type":"Polygon","coordinates":[[[126.95326,37.47346],[126.95324,37.47306],[126.95318,37.47302],[126.95318,37.47281],[126.95327,37.47283],[126.95327,37.47294],[126.95333,37.47308],[126.95335,37.47341],[126.95332,37.47346],[126.95326,37.47346]]]}},{"type":"Feature","properties":{"valleyId":"gwanaksan","layer":"canopy","date":"2026-08-01"},"geometry":{"type":"Polygon","coordinates":[[[126.93919,37.47271],[126.93919,37.47255],[126.9393,37.47255],[126.9393,37.47269],[126.93919,37.47271]]]}},{"type":"Feature","properties":{"valleyId":"gwanaksan","layer":"canopy","date":"2026-08-01"},"geometry":{"type":"Polygon","coordinates":[[[126.93826,37.47259],[126.93826,37.47253],[126.93836,37.47253],[126.93835,37.47259],[126.93826,37.47259]]]}},{"type":"Feature","properties":{"valleyId":"gwanaksan","layer":"canopy","date":"2026-08-01"},"geometry":{"type":"Polygon","coordinates":[[[126.94098,37.47265],[126.94098,37.47258],[126.94109,37.47256],[126.94109,37.47265],[126.94098,37.47265]]]}},{"type":"Feature","properties":{"valleyId":"gwanaksan","layer":"canopy","date":"2026-08-01"},"geometry":{"type":"Polygon","coordinates":[[[126.9389,37.4726],[126.9389,37.47252],[126.93903,37.47253],[126.93903,37.4726],[126.9389,37.4726]]]}},{"type":"Feature","properties":{"valleyId":"gwanaksan","layer":"canopy","date":"2026-08-01"},"geometry":{"type":"Polygon","coordinates":[[[126.92054,37.47233],[126.92052,37.47218],[126.92061,37.47219],[126.92065,37.47231],[126.92054,37.47233]]]}},{"type":"Feature","properties":{"valleyId":"gwanaksan","layer":"canopy","date":"2026-08-01"},"geometry":{"type":"Polygon","coordinates":[[[126.95198,37.47281],[126.95199,37.47273],[126.95205,37.47274],[126.95205,37.47281],[126.95198,37.47281]]]}},{"type":"Feature","properties":{"valleyId":"gwanaksan","layer":"canopy","date":"2026-08-01"},"geometry":{"type":"Polygon","coordinates":[[[126.93614,37.47253],[126.93609,37.47251],[126.9361,37.47246],[126.93621,37.47244],[126.93623,37.47251],[126.93614,37.47253]]]}},{"type":"Feature","properties":{"valleyId":"gwanaksan","layer":"canopy","date":"2026-08-01"},"geometry":{"type":"Polygon","coordinates":[[[126.93537,37.47248],[126.93537,37.47241],[126.93544,37.47241],[126.93544,37.47248],[126.93537,37.47248]]]}},{"type":"Feature","properties":{"valleyId":"gwanaksan","layer":"canopy","date":"2026-08-01"},"geometry":{"type":"Polygon","coordinates":[[[126.92138,37.47224],[126.92136,37.47216],[126.92143,37.47216],[126.92145,37.47224],[126.92138,37.47224]]]}},{"type":"Feature","properties":{"valleyId":"gwanaksan","layer":"canopy","date":"2026-08-01"},"geometry":{"type":"Polygon","coordinates":[[[126.91898,37.47218],[126.91897,37.47203],[126.91908,37.47203],[126.91907,37.47216],[126.91898,37.47218]]]}},{"type":"Feature","properties":{"valleyId":"gwanaksan","layer":"canopy","date":"2026-08-01"},"geometry":{"type":"Polygon","coordinates":[[[126.93591,37.47247],[126.93587,37.47244],[126.93587,37.47233],[126.93594,37.47233],[126.93594,37.47238],[126.93601,37.47242],[126.936,37.47247],[126.93591,37.47247]]]}},{"type":"Feature","properties":{"valleyId":"gwanaksan","layer":"canopy","date":"2026-08-01"},"geometry":{"type":"Polygon","coordinates":[[[126.93806,37.47246],[126.93807,37.47237],[126.93813,37.47237],[126.93813,37.47246],[126.93806,37.47246]]]}},{"type":"Feature","properties":{"valleyId":"gwanaksan","layer":"canopy","date":"2026-08-01"},"geometry":{"type":"Polygon","coordinates":[[[126.9382,37.47242],[126.9382,37.47233],[126.93827,37.47233],[126.93829,37.47241],[126.9382,37.47242]]]}},{"type":"Feature","properties":{"valleyId":"gwanaksan","layer":"canopy","date":"2026-08-01"},"geometry":{"type":"Polygon","coordinates":[[[126.9553,37.47546],[126.95521,37.47542],[126.95515,37.47533],[126.95522,37.47508],[126.95507,37.47506],[126.95502,37.475],[126.95498,37.475],[126.95498,37.47482],[126.95489,37.47482],[126.95485,37.47464],[126.95481,37.4746],[126.95474,37.4746],[126.95467,37.47453],[126.95458,37.47453],[126.95456,37.47456],[126.95447,37.47458],[126.95433,37.47469],[126.95426,37.47468],[126.95415,37.47477],[126.95385,37.47477],[126.95388,37.47468],[126.95392,37.47468],[126.95397,37.47462],[126.95408,37.47463],[126.95409,37.47443],[126.95395,37.47444],[126.95395,37.47455],[126.9539,37.47459],[126.95372,37.47458],[126.95373,37.47442],[126.9538,37.47441],[126.9538,37.47435],[126.95373,37.47435],[126.95373,37.47431],[126.95357,37.47429],[126.95355,37.47417],[126.95364,37.47417],[126.95362,37.47402],[126.95367,37.47397],[126.95368,37.47383],[126.95361,37.47359],[126.95368,37.47354],[126.95377,37.47352],[126.95378,37.47347],[126.95373,37.47343],[126.95362,37.47343],[126.95355,37.47337],[126.95349,37.47319],[126.95349,37.47305],[126.95343,37.47299],[126.95343,37.4729],[126.95341,37.47283],[126.95336,37.47281],[126.95337,37.47269],[126.95332,37.47265],[126.95332,37.47259],[126.95344,37.4726],[126.95366,37.47267],[126.95393,37.47271],[126.95449,37.47292],[126.95467,37.47305],[126.95471,37.47305],[126.95485,37.47318],[126.95491,37.4732],[126.95491,37.47324],[126.95507,37.47335],[126.95507,37.47338],[126.95524,37.47357],[126.95546,37.474],[126.95552,37.47429],[126.95548,37.4748],[126.95534,37.47512],[126.95533,37.47519],[126.95544,37.47528],[126.95549,37.47543],[126.9553,37.47546]]]}},{"type":"Feature","properties":{"valleyId":"gwanaksan","layer":"canopy","date":"2026-08-01"},"geometry":{"type":"Polygon","coordinates":[[[126.95214,37.47284],[126.95217,37.47272],[126.95224,37.47268],[126.95224,37.47261],[126.95228,37.47259],[126.9526,37.47255],[126.95278,37.47255],[126.95285,37.47264],[126.95284,37.4728],[126.95275,37.4728],[126.95264,37.47275],[126.95246,37.47274],[126.95232,37.47285],[126.95214,37.47284]]]}},{"type":"Feature","properties":{"valleyId":"gwanaksan","layer":"canopy","date":"2026-08-01"},"geometry":{"type":"Polygon","coordinates":[[[126.93969,37.47239],[126.9397,37.47232],[126.93983,37.47234],[126.93983,37.4724],[126.93969,37.47239]]]}},{"type":"Feature","properties":{"valleyId":"gwanaksan","layer":"canopy","date":"2026-08-01"},"geometry":{"type":"Polygon","coordinates":[[[126.91863,37.47202],[126.91863,37.47193],[126.9187,37.47194],[126.91872,37.47203],[126.91863,37.47202]]]}},{"type":"Feature","properties":{"valleyId":"gwanaksan","layer":"canopy","date":"2026-08-01"},"geometry":{"type":"Polygon","coordinates":[[[126.92104,37.47212],[126.921,37.47199],[126.92105,37.472],[126.92105,37.47194],[126.92112,37.47194],[126.92116,37.47211],[126.92104,37.47212]]]}},{"type":"Feature","properties":{"valleyId":"gwanaksan","layer":"canopy","date":"2026-08-01"},"geometry":{"type":"Polygon","coordinates":[[[126.9191,37.47198],[126.91911,37.47189],[126.91922,37.47187],[126.91919,37.47198],[126.9191,37.47198]]]}},{"type":"Feature","properties":{"valleyId":"gwanaksan","layer":"canopy","date":"2026-08-01"},"geometry":{"type":"Polygon","coordinates":[[[126.939,37.47227],[126.939,37.47222],[126.93906,37.47222],[126.93906,37.47227],[126.939,37.47227]]]}},{"type":"Feature","properties":{"valleyId":"gwanaksan","layer":"canopy","date":"2026-08-01"},"geometry":{"type":"Polygon","coordinates":[[[126.93597,37.47217],[126.93595,37.47209],[126.93602,37.4721],[126.93604,37.47217],[126.93597,37.47217]]]}},{"type":"Feature","properties":{"valleyId":"gwanaksan","layer":"canopy","date":"2026-08-01"},"geometry":{"type":"Polygon","coordinates":[[[126.92103,37.47187],[126.92103,37.47181],[126.92112,37.47182],[126.92112,37.47187],[126.92103,37.47187]]]}},{"type":"Feature","properties":{"valleyId":"gwanaksan","layer":"canopy","date":"2026-08-01"},"geometry":{"type":"Polygon","coordinates":[[[126.92189,37.47187],[126.92189,37.47181],[126.92196,37.47181],[126.92196,37.47187],[126.92189,37.47187]]]}},{"type":"Feature","properties":{"valleyId":"gwanaksan","layer":"canopy","date":"2026-08-01"},"geometry":{"type":"Polygon","coordinates":[[[126.92064,37.47184],[126.92063,37.4717],[126.92076,37.47168],[126.92076,37.47176],[126.9208,37.47176],[126.9208,37.47181],[126.92064,37.47184]]]}},{"type":"Feature","properties":{"valleyId":"gwanaksan","layer":"canopy","date":"2026-08-01"},"geometry":{"type":"Polygon","coordinates":[[[126.92105,37.47176],[126.92106,37.47169],[126.92124,37.47169],[126.92123,37.47175],[126.92105,37.47176]]]}},{"type":"Feature","properties":{"valleyId":"gwanaksan","layer":"canopy","date":"2026-08-01"},"geometry":{"type":"Polygon","coordinates":[[[126.92123,37.47207],[126.92121,37.47194],[126.92134,37.47195],[126.92134,37.47189],[126.92116,37.47185],[126.92117,37.4718],[126.9213,37.47178],[126.92133,37.47168],[126.92144,37.47168],[126.92144,37.47173],[126.92139,37.47173],[126.92143,37.47188],[126.92171,37.4719],[126.92173,37.47199],[126.92148,37.472],[126.92145,37.47197],[126.92136,37.47196],[126.92136,37.47205],[126.92123,37.47207]]]}},{"type":"Feature","properties":{"valleyId":"gwanaksan","layer":"canopy","date":"2026-08-01"},"geometry":{"type":"Polygon","coordinates":[[[126.93832,37.4723],[126.93818,37.47228],[126.93816,37.47221],[126.93802,37.4722],[126.93803,37.47217],[126.93791,37.47215],[126.93792,37.47198],[126.93808,37.47197],[126.9381,37.47211],[126.93819,37.47212],[126.93819,37.47206],[126.93843,37.47212],[126.93843,37.47221],[126.93852,37.47221],[126.93852,37.47227],[126.93845,37.47226],[126.93843,37.4723],[126.93832,37.4723]]]}},{"type":"Feature","properties":{"valleyId":"gwanaksan","layer":"canopy","date":"2026-08-01"},"geometry":{"type":"Polygon","coordinates":[[[126.92101,37.47167],[126.92101,37.47162],[126.92108,37.47162],[126.92108,37.47167],[126.92101,37.47167]]]}},{"type":"Feature","properties":{"valleyId":"gwanaksan","layer":"canopy","date":"2026-08-01"},"geometry":{"type":"Polygon","coordinates":[[[126.93866,37.47209],[126.93859,37.47203],[126.9386,37.47194],[126.93873,37.47194],[126.93876,37.47191],[126.93885,37.47191],[126.93909,37.47197],[126.93907,37.47204],[126.93878,37.47202],[126.93875,37.47209],[126.93866,37.47209]]]}},{"type":"Feature","properties":{"valleyId":"gwanaksan","layer":"canopy","date":"2026-08-01"},"geometry":{"type":"Polygon","coordinates":[[[126.93582,37.47193],[126.93582,37.47186],[126.936,37.47188],[126.936,37.47193],[126.93582,37.47193]]]}},{"type":"Feature","properties":{"valleyId":"gwanaksan","layer":"canopy","date":"2026-08-01"},"geometry":{"type":"Polygon","coordinates":[[[126.91891,37.47156],[126.91891,37.47145],[126.91898,37.47145],[126.91902,37.47156],[126.91891,37.47156]]]}},{"type":"Feature","properties":{"valleyId":"gwanaksan","layer":"canopy","date":"2026-08-01"},"geometry":{"type":"Polygon","coordinates":[[[126.93837,37.47201],[126.93832,37.47199],[126.9383,37.4719],[126.93837,37.47187],[126.93838,37.47178],[126.93844,37.47178],[126.93849,37.47181],[126.93848,37.47201],[126.93837,37.47201]]]}},{"type":"Feature","properties":{"valleyId":"gwanaksan","layer":"canopy","date":"2026-08-01"},"geometry":{"type":"Polygon","coordinates":[[[126.93869,37.47182],[126.93869,37.47176],[126.93892,37.47175],[126.93889,37.47182],[126.93869,37.47182]]]}},{"type":"Feature","properties":{"valleyId":"gwanaksan","layer":"canopy","date":"2026-08-01"},"geometry":{"type":"Polygon","coordinates":[[[126.9398,37.47178],[126.9398,37.47173],[126.93987,37.47173],[126.93987,37.47178],[126.9398,37.47178]]]}},{"type":"Feature","properties":{"valleyId":"gwanaksan","layer":"canopy","date":"2026-08-01"},"geometry":{"type":"Polygon","coordinates":[[[126.91851,37.47143],[126.91844,37.47141],[126.91844,37.47135],[126.91862,37.47134],[126.91862,37.47139],[126.91858,37.47139],[126.91858,37.47143],[126.91851,37.47143]]]}},{"type":"Feature","properties":{"valleyId":"gwanaksan","layer":"canopy","date":"2026-08-01"},"geometry":{"type":"Polygon","coordinates":[[[126.93815,37.47186],[126.93817,37.47175],[126.93804,37.47175],[126.93804,37.47168],[126.93813,37.47168],[126.93817,37.4717],[126.93817,37.47174],[126.93829,37.47176],[126.93828,37.47181],[126.93822,37.47183],[126.93822,37.47186],[126.93815,37.47186]]]}},{"type":"Feature","properties":{"valleyId":"gwanaksan","layer":"canopy","date":"2026-08-01"},"geometry":{"type":"Polygon","coordinates":[[[126.9214,37.4715],[126.92133,37.47144],[126.92136,37.47135],[126.92143,37.47135],[126.92147,37.47141],[126.92154,37.47141],[126.92154,37.4715],[126.9214,37.4715]]]}},{"type":"Feature","properties":{"valleyId":"gwanaksan","layer":"canopy","date":"2026-08-01"},"geometry":{"type":"Polygon","coordinates":[[[126.92194,37.47174],[126.92162,37.47172],[126.92167,37.47159],[126.9216,37.47157],[126.9216,37.47154],[126.92156,37.47154],[126.92156,37.47146],[126.92165,37.47147],[126.92165,37.47141],[126.92154,37.47141],[126.92154,37.47135],[126.92168,37.47136],[126.92174,37.47139],[126.92176,37.47163],[126.92201,37.47163],[126.92205,37.47167],[126.92203,37.47174],[126.92194,37.47174]]]}},{"type":"Feature","properties":{"valleyId":"gwanaksan","layer":"canopy","date":"2026-08-01"},"geometry":{"type":"Polygon","coordinates":[[[126.93037,37.47414],[126.93029,37.47382],[126.93033,37.47324],[126.93048,37.47288],[126.93066,37.47261],[126.93087,37.47244],[126.93087,37.4724],[126.9311,37.47223],[126.93117,37.47221],[126.93107,37.47179],[126.93121,37.47174],[126.93121,37.4717],[126.93125,37.47169],[126.93126,37.4716],[126.93133,37.47153],[126.93169,37.47152],[126.93173,37.47155],[126.93194,37.47157],[126.93202,37.47174],[126.93213,37.47183],[126.93215,37.47192],[126.93233,37.47207],[126.9323,37.47241],[126.93227,37.47244],[126.93223,37.47244],[126.9322,37.47266],[126.93213,37.47271],[126.93208,37.47289],[126.93201,37.47294],[126.9319,37.47296],[126.93189,37.47316],[126.93185,37.47319],[126.93173,37.47323],[126.93157,37.47323],[126.93155,37.4733],[126.93148,37.4733],[126.93142,37.47322],[126.9313,37.47322],[126.93126,37.47324],[126.93125,37.4734],[126.93118,37.47343],[126.93112,37.47343],[126.9311,37.47336],[126.931,37.47336],[126.93094,37.47343],[126.93089,37.47361],[126.93066,37.47361],[126.93066,37.47357],[126.93061,37.47357],[126.93057,37.47351],[126.9305,37.47351],[126.9305,37.47357],[126.93057,37.47362],[126.93068,37.47362],[126.93068,37.47379],[126.93056,37.4738],[126.93054,37.47396],[126.93069,37.47399],[126.93071,37.47409],[126.93046,37.47411],[126.93044,37.47414],[126.93037,37.47414]],[[126.93079,37.47292],[126.9309,37.47293],[126.93093,37.47271],[126.93107,37.47262],[126.93105,37.47253],[126.93091,37.47255],[126.93086,37.47274],[126.93077,37.47278],[126.93079,37.47292]],[[126.93191,37.47246],[126.93202,37.47246],[126.93201,37.47233],[126.93207,37.47231],[126.93208,37.47226],[126.93205,37.47221],[126.93197,37.47217],[126.93195,37.4719],[126.93179,37.47186],[126.93179,37.47195],[126.93188,37.47201],[126.93188,37.47208],[126.93181,37.47213],[126.93181,37.4722],[126.93187,37.47226],[126.93187,37.4724],[126.93191,37.47246]]]}},{"type":"Feature","properties":{"valleyId":"gwanaksan","layer":"canopy","date":"2026-08-01"},"geometry":{"type":"Polygon","coordinates":[[[126.91864,37.47145],[126.91864,37.47138],[126.91869,37.47138],[126.91874,37.47127],[126.91887,37.47127],[126.91885,37.47142],[126.91864,37.47145]]]}},{"type":"Feature","properties":{"valleyId":"gwanaksan","layer":"canopy","date":"2026-08-01"},"geometry":{"type":"Polygon","coordinates":[[[126.93863,37.47174],[126.93849,37.47163],[126.93849,37.47156],[126.93865,37.47156],[126.93865,37.47167],[126.93869,37.47169],[126.93869,37.47175],[126.93863,37.47174]]]}},{"type":"Feature","properties":{"valleyId":"gwanaksan","layer":"canopy","date":"2026-08-01"},"geometry":{"type":"Polygon","coordinates":[[[126.94179,37.47173],[126.94177,37.47169],[126.94173,37.47169],[126.94173,37.47164],[126.94189,37.47162],[126.94195,37.47166],[126.94193,37.47173],[126.94179,37.47173]]]}},{"type":"Feature","properties":{"valleyId":"gwanaksan","layer":"canopy","date":"2026-08-01"},"geometry":{"type":"Polygon","coordinates":[[[126.92052,37.47134],[126.92055,37.47121],[126.92062,37.47121],[126.92059,37.47134],[126.92052,37.47134]]]}},{"type":"Feature","properties":{"valleyId":"gwanaksan","layer":"canopy","date":"2026-08-01"},"geometry":{"type":"Polygon","coordinates":[[[126.92038,37.47151],[126.92034,37.47148],[126.92035,37.47117],[126.92044,37.47119],[126.92043,37.47139],[126.92054,37.47141],[126.92052,37.4715],[126.92038,37.47151]]]}},{"type":"Feature","properties":{"valleyId":"gwanaksan","layer":"canopy","date":"2026-08-01"},"geometry":{"type":"Polygon","coordinates":[[[126.93861,37.47146],[126.93861,37.4714],[126.93868,37.4714],[126.93868,37.47146],[126.93861,37.47146]]]}},{"type":"Feature","properties":{"valleyId":"gwanaksan","layer":"canopy","date":"2026-08-01"},"geometry":{"type":"Polygon","coordinates":[[[126.92218,37.47115],[126.92218,37.47108],[126.92225,37.47108],[126.92225,37.47115],[126.92218,37.47115]]]}},{"type":"Feature","properties":{"valleyId":"gwanaksan","layer":"canopy","date":"2026-08-01"},"geometry":{"type":"Polygon","coordinates":[[[126.91838,37.47107],[126.91838,37.47101],[126.91847,37.47101],[126.91847,37.47107],[126.91838,37.47107]]]}},{"type":"Feature","properties":{"valleyId":"gwanaksan","layer":"canopy","date":"2026-08-01"},"geometry":{"type":"Polygon","coordinates":[[[126.91998,37.47131],[126.91994,37.47125],[126.91994,37.47118],[126.91989,37.47115],[126.91994,37.47098],[126.92001,37.47099],[126.9201,37.47106],[126.9201,37.47111],[126.92005,37.47115],[126.92005,37.47131],[126.91998,37.47131]]]}},{"type":"Feature","properties":{"valleyId":"gwanaksan","layer":"canopy","date":"2026-08-01"},"geometry":{"type":"Polygon","coordinates":[[[126.93886,37.47139],[126.93886,37.47132],[126.93895,37.47132],[126.93895,37.47137],[126.93886,37.47139]]]}},{"type":"Feature","properties":{"valleyId":"gwanaksan","layer":"canopy","date":"2026-08-01"},"geometry":{"type":"Polygon","coordinates":[[[126.91839,37.47094],[126.91839,37.47088],[126.91845,37.47089],[126.91845,37.47094],[126.91839,37.47094]]]}},{"type":"Feature","properties":{"valleyId":"gwanaksan","layer":"canopy","date":"2026-08-01"},"geometry":{"type":"Polygon","coordinates":[[[126.93654,37.47126],[126.93654,37.47117],[126.9367,37.47117],[126.93669,37.47122],[126.93665,37.47126],[126.93654,37.47126]]]}},{"type":"Feature","properties":{"valleyId":"gwanaksan","layer":"canopy","date":"2026-08-01"},"geometry":{"type":"Polygon","coordinates":[[[126.92028,37.47101],[126.92028,37.47095],[126.92024,37.47094],[126.92024,37.47088],[126.92035,37.4709],[126.92035,37.47101],[126.92028,37.47101]]]}},{"type":"Feature","properties":{"valleyId":"gwanaksan","layer":"canopy","date":"2026-08-01"},"geometry":{"type":"Polygon","coordinates":[[[126.93012,37.47111],[126.93012,37.47106],[126.93019,37.47106],[126.93019,37.47111],[126.93012,37.47111]]]}},{"type":"Feature","properties":{"valleyId":"gwanaksan","layer":"canopy","date":"2026-08-01"},"geometry":{"type":"Polygon","coordinates":[[[126.92153,37.47101],[126.92153,37.47089],[126.92164,37.47089],[126.92164,37.47096],[126.9216,37.47098],[126.92159,37.47101],[126.92153,37.47101]]]}},{"type":"Feature","properties":{"valleyId":"gwanaksan","layer":"canopy","date":"2026-08-01"},"geometry":{"type":"Polygon","coordinates":[[[126.91891,37.47089],[126.91891,37.47084],[126.91898,37.47084],[126.91897,37.4709],[126.91891,37.47089]]]}},{"type":"Feature","properties":{"valleyId":"gwanaksan","layer":"canopy","date":"2026-08-01"},"geometry":{"type":"Polygon","coordinates":[[[126.91796,37.4709],[126.91794,37.47086],[126.91789,37.47086],[126.91789,37.4708],[126.91805,37.47081],[126.91805,37.4709],[126.91796,37.4709]]]}},{"type":"Feature","properties":{"valleyId":"gwanaksan","layer":"canopy","date":"2026-08-01"},"geometry":{"type":"Polygon","coordinates":[[[126.93719,37.47118],[126.93717,37.47111],[126.93724,37.47111],[126.93726,37.47118],[126.93719,37.47118]]]}},{"type":"Feature","properties":{"valleyId":"gwanaksan","layer":"canopy","date":"2026-08-01"},"geometry":{"type":"Polygon","coordinates":[[[126.9206,37.47089],[126.9206,37.47082],[126.9207,37.4708],[126.92072,37.47087],[126.9206,37.47089]]]}},{"type":"Feature","properties":{"valleyId":"gwanaksan","layer":"canopy","date":"2026-08-01"},"geometry":{"type":"Polygon","coordinates":[[[126.9419,37.47124],[126.94185,37.47122],[126.94185,37.47115],[126.94192,37.47115],[126.94196,37.47119],[126.94196,37.47124],[126.9419,37.47124]]]}},{"type":"Feature","properties":{"valleyId":"gwanaksan","layer":"canopy","date":"2026-08-01"},"geometry":{"type":"Polygon","coordinates":[[[126.918,37.47079],[126.91801,37.47073],[126.91807,37.47074],[126.91807,37.47079],[126.918,37.47079]]]}},{"type":"Feature","properties":{"valleyId":"gwanaksan","layer":"canopy","date":"2026-08-01"},"geometry":{"type":"Polygon","coordinates":[[[126.91821,37.47081],[126.91816,37.47079],[126.91816,37.47074],[126.91828,37.47076],[126.91828,37.47081],[126.91821,37.47081]]]}},{"type":"Feature","properties":{"valleyId":"gwanaksan","layer":"canopy","date":"2026-08-01"},"geometry":{"type":"Polygon","coordinates":[[[126.92151,37.47081],[126.92151,37.47076],[126.92158,37.47076],[126.92158,37.47081],[126.92151,37.47081]]]}},{"type":"Feature","properties":{"valleyId":"gwanaksan","layer":"canopy","date":"2026-08-01"},"geometry":{"type":"Polygon","coordinates":[[[126.91995,37.47093],[126.91988,37.47091],[126.91988,37.4708],[126.91993,37.47073],[126.92013,37.47074],[126.92013,37.47079],[126.92004,37.47084],[126.92004,37.47091],[126.91995,37.47093]]]}},{"type":"Feature","properties":{"valleyId":"gwanaksan","layer":"canopy","date":"2026-08-01"},"geometry":{"type":"Polygon","coordinates":[[[126.93887,37.47112],[126.93885,37.47103],[126.93901,37.47101],[126.93901,37.47108],[126.93887,37.47112]]]}},{"type":"Feature","properties":{"valleyId":"gwanaksan","layer":"canopy","date":"2026-08-01"},"geometry":{"type":"Polygon","coordinates":[[[126.92108,37.47153],[126.92109,37.4714],[126.92084,37.47138],[126.92086,37.47122],[126.9208,37.47122],[126.9208,37.47129],[126.92073,37.47129],[126.92071,37.47121],[126.92069,37.471],[126.9208,37.47098],[126.92081,37.47082],[126.9209,37.4708],[126.9209,37.47071],[126.92095,37.47068],[126.92106,37.47068],[126.92108,37.47081],[126.92117,37.47081],[126.92117,37.47074],[126.92144,37.47074],[126.92139,37.47088],[126.92124,37.47088],[126.92123,37.47106],[126.92116,37.47108],[126.92116,37.47117],[126.92121,37.47117],[126.92123,37.47121],[126.92132,37.47121],[126.92136,37.47117],[126.92137,37.47108],[126.92143,37.47108],[126.92143,37.47112],[126.92161,37.47109],[126.92159,37.47119],[126.9215,37.47119],[126.9215,37.47126],[126.92145,37.4713],[126.92127,37.4713],[126.9212,37.47128],[126.9212,37.47124],[126.92105,37.47124],[126.92104,37.47129],[126.92113,37.47131],[126.9212,37.47146],[126.9212,37.47153],[126.92108,37.47153]]]}},{"type":"Feature","properties":{"valleyId":"gwanaksan","layer":"canopy","date":"2026-08-01"},"geometry":{"type":"Polygon","coordinates":[[[126.94192,37.47112],[126.94188,37.4711],[126.94188,37.47103],[126.94204,37.47106],[126.94203,37.47112],[126.94192,37.47112]]]}},{"type":"Feature","properties":{"valleyId":"gwanaksan","layer":"canopy","date":"2026-08-01"},"geometry":{"type":"Polygon","coordinates":[[[126.9186,37.4713],[126.91856,37.47123],[126.91849,37.47123],[126.91849,37.47118],[126.91863,37.4712],[126.91863,37.47114],[126.91856,37.4711],[126.91856,37.47103],[126.91847,37.47101],[126.91848,37.47094],[126.91866,37.47093],[126.91868,37.47103],[126.91874,37.47107],[126.91874,37.47111],[126.91883,37.47111],[126.91888,37.471],[126.91906,37.47099],[126.91906,37.4709],[126.91904,37.47082],[126.91893,37.47082],[126.91893,37.47079],[126.91889,37.47077],[126.9188,37.47077],[126.91882,37.47087],[126.91873,37.47087],[126.91868,37.4708],[126.91855,37.47073],[126.91857,37.47064],[126.91882,37.47066],[126.91889,37.47071],[126.91896,37.47071],[126.91896,37.47066],[126.91914,37.47065],[126.91914,37.47059],[126.91928,37.47059],[126.91934,37.47065],[126.91948,37.47067],[126.9194,37.47105],[126.91942,37.47126],[126.91937,37.4713],[126.9193,37.4713],[126.91926,37.47124],[126.91919,37.47124],[126.91919,37.47115],[126.91913,37.47115],[126.91912,37.4712],[126.91906,37.4712],[126.91908,37.47131],[126.91899,37.47131],[126.91899,37.47124],[126.9189,37.4712],[126.91878,37.47122],[126.91878,37.47125],[126.91867,37.47125],[126.91867,37.4713],[126.9186,37.4713]]]}},{"type":"Feature","properties":{"valleyId":"gwanaksan","layer":"canopy","date":"2026-08-01"},"geometry":{"type":"Polygon","coordinates":[[[126.91828,37.47065],[126.91828,37.47058],[126.91835,37.47058],[126.91835,37.47065],[126.91828,37.47065]]]}},{"type":"Feature","properties":{"valleyId":"gwanaksan","layer":"canopy","date":"2026-08-01"},"geometry":{"type":"Polygon","coordinates":[[[126.92203,37.47071],[126.92203,37.47062],[126.92215,37.47064],[126.92212,37.47072],[126.92203,37.47071]]]}},{"type":"Feature","properties":{"valleyId":"gwanaksan","layer":"canopy","date":"2026-08-01"},"geometry":{"type":"Polygon","coordinates":[[[126.92186,37.47136],[126.92179,37.47131],[126.92179,37.47123],[126.92175,37.47121],[126.92175,37.47109],[126.92178,37.471],[126.92182,37.47098],[126.92182,37.47091],[126.92176,37.47085],[126.92167,37.47085],[126.92167,37.47078],[126.9218,37.4708],[126.92181,37.47071],[126.92163,37.47069],[126.92163,37.47062],[126.92172,37.47062],[126.92174,37.47058],[126.92188,37.47059],[126.92199,37.47068],[126.92199,37.47077],[126.92208,37.47079],[126.92207,37.47084],[126.92203,37.47086],[126.92207,37.47099],[126.92196,37.47098],[126.92193,37.47102],[126.92193,37.47109],[126.92204,37.47113],[126.92204,37.4712],[126.92195,37.4712],[126.92197,37.47131],[126.92192,37.47133],[126.92192,37.47136],[126.92186,37.47136]]]}},{"type":"Feature","properties":{"valleyId":"gwanaksan","layer":"canopy","date":"2026-08-01"},"geometry":{"type":"Polygon","coordinates":[[[126.933,37.47087],[126.93298,37.47078],[126.93307,37.47076],[126.93311,37.4708],[126.93311,37.47087],[126.933,37.47087]]]}},{"type":"Feature","properties":{"valleyId":"gwanaksan","layer":"canopy","date":"2026-08-01"},"geometry":{"type":"Polygon","coordinates":[[[126.93132,37.47079],[126.93133,37.47073],[126.93139,37.47073],[126.93139,37.47079],[126.93132,37.47079]]]}},{"type":"Feature","properties":{"valleyId":"gwanaksan","layer":"canopy","date":"2026-08-01"},"geometry":{"type":"Polygon","coordinates":[[[126.93006,37.47082],[126.93001,37.47078],[126.93002,37.47069],[126.93011,37.47069],[126.93013,37.47075],[126.93013,37.47082],[126.93006,37.47082]]]}},{"type":"Feature","properties":{"valleyId":"gwanaksan","layer":"canopy","date":"2026-08-01"},"geometry":{"type":"Polygon","coordinates":[[[126.92963,37.4707],[126.92963,37.47065],[126.92977,37.47065],[126.92977,37.47071],[126.92963,37.4707]]]}},{"type":"Feature","properties":{"valleyId":"gwanaksan","layer":"canopy","date":"2026-08-01"},"geometry":{"type":"Polygon","coordinates":[[[126.92124,37.47066],[126.92122,37.47059],[126.92129,37.47059],[126.92129,37.47052],[126.92134,37.47047],[126.92154,37.47047],[126.92151,37.47067],[126.92124,37.47066]]]}},{"type":"Feature","properties":{"valleyId":"gwanaksan","layer":"canopy","date":"2026-08-01"},"geometry":{"type":"Polygon","coordinates":[[[126.93413,37.47067],[126.93404,37.47058],[126.93405,37.47051],[126.93414,37.47051],[126.9342,37.47057],[126.9342,37.47068],[126.93413,37.47067]]]}},{"type":"Feature","properties":{"valleyId":"gwanaksan","layer":"canopy","date":"2026-08-01"},"geometry":{"type":"Polygon","coordinates":[[[126.94282,37.47065],[126.94282,37.47059],[126.94289,37.47059],[126.94288,37.47065],[126.94282,37.47065]]]}},{"type":"Feature","properties":{"valleyId":"gwanaksan","layer":"canopy","date":"2026-08-01"},"geometry":{"type":"Polygon","coordinates":[[[126.92159,37.47026],[126.92159,37.4702],[126.92166,37.4702],[126.92166,37.47026],[126.92159,37.47026]]]}},{"type":"Feature","properties":{"valleyId":"gwanaksan","layer":"canopy","date":"2026-08-01"},"geometry":{"type":"Polygon","coordinates":[[[126.94223,37.47074],[126.94221,37.47067],[126.94207,37.47065],[126.94207,37.47052],[126.94212,37.47049],[126.94221,37.47051],[126.94221,37.47064],[126.94227,37.47064],[126.94234,37.47069],[126.94234,37.47075],[126.94223,37.47074]]]}},{"type":"Feature","properties":{"valleyId":"gwanaksan","layer":"canopy","date":"2026-08-01"},"geometry":{"type":"Polygon","coordinates":[[[126.93016,37.47032],[126.93016,37.47026],[126.93023,37.47026],[126.93023,37.47032],[126.93016,37.47032]]]}},{"type":"Feature","properties":{"valleyId":"gwanaksan","layer":"canopy","date":"2026-08-01"},"geometry":{"type":"Polygon","coordinates":[[[126.94318,37.47054],[126.94318,37.47049],[126.94325,37.47049],[126.94325,37.47055],[126.94318,37.47054]]]}},{"type":"Feature","properties":{"valleyId":"gwanaksan","layer":"canopy","date":"2026-08-01"},"geometry":{"type":"Polygon","coordinates":[[[126.93287,37.47035],[126.9329,37.47027],[126.93299,37.47029],[126.93299,37.47035],[126.93287,37.47035]]]}},{"type":"Feature","properties":{"valleyId":"gwanaksan","layer":"canopy","date":"2026-08-01"},"geometry":{"type":"Polygon","coordinates":[[[126.94067,37.4705],[126.9407,37.47039],[126.94077,37.47039],[126.94076,37.4705],[126.94067,37.4705]]]}},{"type":"Feature","properties":{"valleyId":"gwanaksan","layer":"canopy","date":"2026-08-01"},"geometry":{"type":"Polygon","coordinates":[[[126.92967,37.47027],[126.92967,37.4702],[126.92978,37.4702],[126.92976,37.47027],[126.92967,37.47027]]]}},{"type":"Feature","properties":{"valleyId":"gwanaksan","layer":"canopy","date":"2026-08-01"},"geometry":{"type":"Polygon","coordinates":[[[126.92151,37.47007],[126.92151,37.47],[126.92158,37.47],[126.92158,37.47008],[126.92151,37.47007]]]}},{"type":"Feature","properties":{"valleyId":"gwanaksan","layer":"canopy","date":"2026-08-01"},"geometry":{"type":"Polygon","coordinates":[[[126.92116,37.47019],[126.92112,37.47016],[126.92112,37.47009],[126.92121,37.47009],[126.9212,37.46989],[126.92129,37.46989],[126.92128,37.47002],[126.92135,37.47009],[126.92135,37.47016],[126.9213,37.4702],[126.92116,37.47019]]]}},{"type":"Feature","properties":{"valleyId":"gwanaksan","layer":"canopy","date":"2026-08-01"},"geometry":{"type":"Polygon","coordinates":[[[126.94348,37.47035],[126.94348,37.47028],[126.94353,37.47024],[126.94366,37.47025],[126.94364,37.47034],[126.94348,37.47035]]]}},{"type":"Feature","properties":{"valleyId":"gwanaksan","layer":"canopy","date":"2026-08-01"},"geometry":{"type":"Polygon","coordinates":[[[126.92153,37.46995],[126.92149,37.46984],[126.92163,37.46986],[126.92165,37.46993],[126.92153,37.46995]]]}},{"type":"Feature","properties":{"valleyId":"gwanaksan","layer":"canopy","date":"2026-08-01"},"geometry":{"type":"Polygon","coordinates":[[[126.94596,37.47634],[126.94587,37.4763],[126.94578,37.47621],[126.94579,37.47609],[126.94572,37.47605],[126.94573,37.4758],[126.94566,37.47569],[126.94548,37.47565],[126.94521,37.47566],[126.94512,37.47561],[126.9449,37.4756],[126.94478,37.47564],[126.94462,37.47563],[126.94458,37.47571],[126.94451,37.4757],[126.94451,37.47576],[126.94442,37.47576],[126.94435,37.4757],[126.94424,37.4757],[126.94415,37.47575],[126.94392,37.47575],[126.9439,37.47571],[126.94383,37.47571],[126.94378,37.4758],[126.94382,37.476],[126.94371,37.47601],[126.94372,37.4758],[126.94361,37.47571],[126.94361,37.47565],[126.9437,37.47562],[126.9437,37.47556],[126.94354,37.47551],[126.94344,37.47531],[126.94337,37.47527],[126.94333,37.4752],[126.94326,37.47518],[126.94326,37.47507],[126.94351,37.47509],[126.94357,37.47517],[126.94364,37.47535],[126.94382,37.47533],[126.94382,37.47524],[126.94366,37.4752],[126.94368,37.47477],[126.94359,37.47471],[126.94352,37.47471],[126.94345,37.47466],[126.94345,37.47462],[126.94341,37.4746],[126.94339,37.47446],[126.94332,37.47444],[126.94324,37.47433],[126.94319,37.47433],[126.94315,37.47426],[126.94317,37.47411],[126.94306,37.47409],[126.94304,37.47402],[126.94297,37.47397],[126.94279,37.47394],[126.94273,37.47387],[126.94266,37.47385],[126.94262,37.47376],[126.94228,37.47377],[126.94219,37.4737],[126.94217,37.47363],[126.94208,37.47359],[126.94208,37.47355],[126.94201,37.47352],[126.94199,37.47344],[126.94195,37.47342],[126.94195,37.47335],[126.94204,37.4733],[126.94204,37.47323],[126.9422,37.47327],[126.94221,37.47314],[126.94214,37.47309],[126.94217,37.47291],[126.94223,37.47289],[126.94224,37.47282],[126.94235,37.47278],[126.9424,37.47262],[126.94252,37.47253],[126.94256,37.47253],[126.94257,37.47237],[126.94275,37.47238],[126.94279,37.47234],[126.9428,37.47212],[126.94305,37.47216],[126.94309,37.47227],[126.94316,37.47227],[126.94315,37.47233],[126.94347,37.47233],[126.94349,37.47237],[126.94361,37.47237],[126.94363,37.4723],[126.94372,37.4723],[126.94372,37.47239],[126.94381,37.47241],[126.94381,37.47232],[126.94379,37.47229],[126.94374,37.47228],[126.94372,37.47218],[126.94354,37.47221],[126.94345,37.47214],[126.94325,37.47215],[126.94318,37.47211],[126.94314,37.47204],[126.94305,37.47204],[126.943,37.47207],[126.9428,37.47207],[126.94276,37.47201],[126.94269,37.47201],[126.94269,37.47183],[126.94279,37.4718],[126.94279,37.47162],[126.94254,37.47161],[126.94254,37.47156],[126.94263,37.47154],[126.94262,37.47133],[126.94278,37.47129],[126.9428,37.47124],[126.94296,37.47126],[126.943,37.47123],[126.94321,37.47121],[126.94319,37.4711],[126.94323,37.47107],[126.94344,37.47104],[126.94349,37.47098],[126.94373,37.47102],[126.94423,37.47098],[126.94432,37.47112],[126.94439,37.47112],[126.94446,37.47104],[126.94457,37.47106],[126.94463,37.47127],[126.94452,37.47134],[126.94449,37.47158],[126.94458,37.47167],[126.94464,37.47167],[126.94464,37.47163],[126.94474,37.47158],[126.94474,37.47153],[126.94483,37.47151],[126.94483,37.47135],[126.9449,37.47121],[126.94497,37.47121],[126.94508,37.47128],[126.94517,37.47128],[126.94522,37.47119],[126.94529,37.47119],[126.94529,37.47109],[126.94538,37.47102],[126.94539,37.47094],[126.94543,37.47091],[126.94546,37.47082],[126.94568,37.4708],[126.94587,37.47061],[126.94601,37.47058],[126.94606,37.47043],[126.9461,37.47043],[126.94617,37.47036],[126.94624,37.47036],[126.94624,37.47033],[126.9464,37.47033],[126.9464,37.47026],[126.94663,37.4703],[126.94665,37.47033],[126.94681,37.47032],[126.94685,37.47036],[126.94692,37.47036],[126.94694,37.47032],[126.94721,37.47033],[126.94721,37.47038],[126.94569,37.47154],[126.94564,37.47154],[126.94559,37.4716],[126.94546,37.47165],[126.94539,37.47175],[126.94525,37.47172],[126.94525,37.47191],[126.9449,37.4722],[126.94485,37.4722],[126.94481,37.47225],[126.94476,37.47225],[126.94472,37.4723],[126.94456,37.47235],[126.94453,37.47239],[126.9443,37.47247],[126.94417,37.47249],[126.94412,37.47253],[126.94371,37.47259],[126.9431,37.47258],[126.94298,37.47283],[126.94301,37.47343],[126.94324,37.47345],[126.94369,37.47356],[126.94402,37.47373],[126.94449,37.47383],[126.94481,37.47396],[126.94483,37.474],[126.94492,37.47402],[126.94496,37.47407],[126.94507,37.47411],[126.94554,37.47453],[126.94556,37.47461],[126.9456,37.47462],[126.9456,37.47477],[126.94567,37.47477],[126.94573,37.47484],[126.94586,37.47524],[126.94587,37.47573],[126.94582,37.47585],[126.94581,37.47602],[126.94586,37.47607],[126.94606,37.47615],[126.9461,37.4762],[126.94624,37.47622],[126.94621,37.47629],[126.94608,37.47629],[126.94605,37.47634],[126.94596,37.47634]],[[126.94457,37.47506],[126.94464,37.47506],[126.94462,37.47499],[126.94455,37.47498],[126.94457,37.47506]],[[126.94401,37.47481],[126.94408,37.47481],[126.94408,37.47478],[126.9442,37.47478],[126.9442,37.47473],[126.94399,37.47474],[126.94401,37.47481]],[[126.94542,37.47476],[126.94549,37.47477],[126.94549,37.47469],[126.94542,37.47469],[126.94542,37.47476]],[[126.94373,37.47443],[126.9438,37.47443],[126.9438,37.4743],[126.94371,37.47432],[126.94373,37.47443]],[[126.94446,37.47426],[126.94453,37.47426],[126.94453,37.47421],[126.94446,37.47421],[126.94446,37.47426]],[[126.94304,37.4724],[126.94311,37.4724],[126.94313,37.47233],[126.94304,37.47233],[126.94304,37.4724]]]}},{"type":"Feature","properties":{"valleyId":"gwanaksan","layer":"canopy","date":"2026-08-01"},"geometry":{"type":"Polygon","coordinates":[[[126.9407,37.47019],[126.94071,37.4701],[126.94086,37.47013],[126.94086,37.47018],[126.9407,37.47019]]]}},{"type":"Feature","properties":{"valleyId":"gwanaksan","layer":"canopy","date":"2026-08-01"},"geometry":{"type":"Polygon","coordinates":[[[126.94606,37.47025],[126.94606,37.47018],[126.94615,37.47018],[126.94615,37.47025],[126.94606,37.47025]]]}},{"type":"Feature","properties":{"valleyId":"gwanaksan","layer":"canopy","date":"2026-08-01"},"geometry":{"type":"Polygon","coordinates":[[[126.93804,37.47009],[126.93802,37.47002],[126.93808,37.47002],[126.93811,37.4701],[126.93804,37.47009]]]}},{"type":"Feature","properties":{"valleyId":"gwanaksan","layer":"canopy","date":"2026-08-01"},"geometry":{"type":"Polygon","coordinates":[[[126.93345,37.47003],[126.93343,37.46992],[126.93354,37.46993],[126.93354,37.47003],[126.93345,37.47003]]]}},{"type":"Feature","properties":{"valleyId":"gwanaksan","layer":"canopy","date":"2026-08-01"},"geometry":{"type":"Polygon","coordinates":[[[126.92088,37.46976],[126.92088,37.4697],[126.92095,37.4697],[126.92095,37.46976],[126.92088,37.46976]]]}},{"type":"Feature","properties":{"valleyId":"gwanaksan","layer":"canopy","date":"2026-08-01"},"geometry":{"type":"Polygon","coordinates":[[[126.9212,37.46974],[126.9212,37.46969],[126.92127,37.46969],[126.92127,37.46975],[126.9212,37.46974]]]}},{"type":"Feature","properties":{"valleyId":"gwanaksan","layer":"canopy","date":"2026-08-01"},"geometry":{"type":"Polygon","coordinates":[[[126.93069,37.46989],[126.9307,37.46984],[126.93076,37.46984],[126.93076,37.46989],[126.93069,37.46989]]]}},{"type":"Feature","properties":{"valleyId":"gwanaksan","layer":"canopy","date":"2026-08-01"},"geometry":{"type":"Polygon","coordinates":[[[126.9445,37.47026],[126.9445,37.47021],[126.94459,37.47017],[126.94469,37.47008],[126.94482,37.47007],[126.94482,37.47014],[126.94471,37.47023],[126.94464,37.47023],[126.94461,37.47026],[126.9445,37.47026]]]}},{"type":"Feature","properties":{"valleyId":"gwanaksan","layer":"canopy","date":"2026-08-01"},"geometry":{"type":"Polygon","coordinates":[[[126.92145,37.46975],[126.92134,37.46973],[126.92132,37.46966],[126.9215,37.46964],[126.92154,37.46968],[126.92154,37.46973],[126.92145,37.46975]]]}},{"type":"Feature","properties":{"valleyId":"gwanaksan","layer":"canopy","date":"2026-08-01"},"geometry":{"type":"Polygon","coordinates":[[[126.93488,37.46995],[126.9349,37.46988],[126.93499,37.46988],[126.93497,37.46995],[126.93488,37.46995]]]}},{"type":"Feature","properties":{"valleyId":"gwanaksan","layer":"canopy","date":"2026-08-01"},"geometry":{"type":"Polygon","coordinates":[[[126.93036,37.46983],[126.93036,37.46978],[126.93045,37.46978],[126.93045,37.46984],[126.93036,37.46983]]]}},{"type":"Feature","properties":{"valleyId":"gwanaksan","layer":"canopy","date":"2026-08-01"},"geometry":{"type":"Polygon","coordinates":[[[126.93849,37.46994],[126.9385,37.46989],[126.93856,37.46989],[126.93856,37.46994],[126.93849,37.46994]]]}},{"type":"Feature","properties":{"valleyId":"gwanaksan","layer":"canopy","date":"2026-08-01"},"geometry":{"type":"Polygon","coordinates":[[[126.94584,37.47007],[126.94584,37.47001],[126.94591,37.47001],[126.94591,37.47007],[126.94584,37.47007]]]}},{"type":"Feature","properties":{"valleyId":"gwanaksan","layer":"canopy","date":"2026-08-01"},"geometry":{"type":"Polygon","coordinates":[[[126.93002,37.46981],[126.93002,37.46972],[126.93009,37.46972],[126.93011,37.46981],[126.93002,37.46981]]]}},{"type":"Feature","properties":{"valleyId":"gwanaksan","layer":"canopy","date":"2026-08-01"},"geometry":{"type":"Polygon","coordinates":[[[126.94496,37.46996],[126.94496,37.46987],[126.94508,37.46986],[126.94508,37.46993],[126.94503,37.46996],[126.94496,37.46996]]]}},{"type":"Feature","properties":{"valleyId":"gwanaksan","layer":"canopy","date":"2026-08-01"},"geometry":{"type":"Polygon","coordinates":[[[126.93929,37.46988],[126.93927,37.46976],[126.93938,37.46976],[126.9394,37.46987],[126.93929,37.46988]]]}},{"type":"Feature","properties":{"valleyId":"gwanaksan","layer":"canopy","date":"2026-08-01"},"geometry":{"type":"Polygon","coordinates":[[[126.9342,37.4697],[126.93421,37.46965],[126.93427,37.46965],[126.93427,37.4697],[126.9342,37.4697]]]}},{"type":"Feature","properties":{"valleyId":"gwanaksan","layer":"canopy","date":"2026-08-01"},"geometry":{"type":"Polygon","coordinates":[[[126.93909,37.46975],[126.93909,37.4697],[126.93918,37.4697],[126.93918,37.46975],[126.93909,37.46975]]]}},{"type":"Feature","properties":{"valleyId":"gwanaksan","layer":"canopy","date":"2026-08-01"},"geometry":{"type":"Polygon","coordinates":[[[126.94761,37.47003],[126.94765,37.46987],[126.94779,37.46983],[126.94781,37.46992],[126.94767,37.47003],[126.94761,37.47003]]]}},{"type":"Feature","properties":{"valleyId":"gwanaksan","layer":"canopy","date":"2026-08-01"},"geometry":{"type":"Polygon","coordinates":[[[126.93294,37.46961],[126.93292,37.46952],[126.93301,37.46952],[126.93303,37.46961],[126.93294,37.46961]]]}},{"type":"Feature","properties":{"valleyId":"gwanaksan","layer":"canopy","date":"2026-08-01"},"geometry":{"type":"Polygon","coordinates":[[[126.94214,37.46975],[126.94212,37.46968],[126.94223,37.46968],[126.94223,37.46975],[126.94214,37.46975]]]}},{"type":"Feature","properties":{"valleyId":"gwanaksan","layer":"canopy","date":"2026-08-01"},"geometry":{"type":"Polygon","coordinates":[[[126.93999,37.46979],[126.93997,37.46975],[126.9399,37.46975],[126.9399,37.46968],[126.93997,37.46968],[126.94002,37.46962],[126.94009,37.46963],[126.94011,37.46973],[126.94006,37.46975],[126.94006,37.46979],[126.93999,37.46979]]]}},{"type":"Feature","properties":{"valleyId":"gwanaksan","layer":"canopy","date":"2026-08-01"},"geometry":{"type":"Polygon","coordinates":[[[126.93595,37.46959],[126.93595,37.46953],[126.93604,37.46954],[126.93604,37.46959],[126.93595,37.46959]]]}},{"type":"Feature","properties":{"valleyId":"gwanaksan","layer":"canopy","date":"2026-08-01"},"geometry":{"type":"Polygon","coordinates":[[[126.94707,37.46984],[126.94707,37.46969],[126.94718,37.46969],[126.94718,37.4698],[126.94714,37.46984],[126.94707,37.46984]]]}},{"type":"Feature","properties":{"valleyId":"gwanaksan","layer":"canopy","date":"2026-08-01"},"geometry":{"type":"Polygon","coordinates":[[[126.95787,37.46993],[126.95788,37.46988],[126.95794,37.46988],[126.95794,37.46994],[126.95787,37.46993]]]}},{"type":"Feature","properties":{"valleyId":"gwanaksan","layer":"canopy","date":"2026-08-01"},"geometry":{"type":"Polygon","coordinates":[[[126.94549,37.46959],[126.94549,37.4695],[126.94554,37.46947],[126.94563,37.46947],[126.94563,37.46958],[126.94549,37.46959]]]}},{"type":"Feature","properties":{"valleyId":"gwanaksan","layer":"canopy","date":"2026-08-01"},"geometry":{"type":"Polygon","coordinates":[[[126.95887,37.46997],[126.95887,37.46986],[126.95883,37.46982],[126.95881,37.46966],[126.95861,37.46964],[126.95862,37.46982],[126.95849,37.4698],[126.95847,37.46967],[126.95843,37.46964],[126.95845,37.46949],[126.95854,37.46949],[126.95859,37.46959],[126.95877,37.46959],[126.95894,37.46966],[126.95894,37.46983],[126.95898,37.46995],[126.95887,37.46997]]]}},{"type":"Feature","properties":{"valleyId":"gwanaksan","layer":"canopy","date":"2026-08-01"},"geometry":{"type":"Polygon","coordinates":[[[126.95817,37.46978],[126.95818,37.46967],[126.95811,37.4696],[126.95811,37.46952],[126.95816,37.46949],[126.95825,37.46949],[126.95831,37.46958],[126.95833,37.46976],[126.95817,37.46978]]]}},{"type":"Feature","properties":{"valleyId":"gwanaksan","layer":"canopy","date":"2026-08-01"},"geometry":{"type":"Polygon","coordinates":[[[126.93937,37.46918],[126.93938,37.46909],[126.93944,37.46909],[126.93944,37.46918],[126.93937,37.46918]]]}},{"type":"Feature","properties":{"valleyId":"gwanaksan","layer":"canopy","date":"2026-08-01"},"geometry":{"type":"Polygon","coordinates":[[[126.94892,37.46922],[126.9489,37.46915],[126.94896,37.46915],[126.94898,37.46922],[126.94892,37.46922]]]}},{"type":"Feature","properties":{"valleyId":"gwanaksan","layer":"canopy","date":"2026-08-01"},"geometry":{"type":"Polygon","coordinates":[[[126.94313,37.46901],[126.94313,37.46896],[126.94318,37.46892],[126.94325,37.46892],[126.94322,37.46901],[126.94313,37.46901]]]}},{"type":"Feature","properties":{"valleyId":"gwanaksan","layer":"canopy","date":"2026-08-01"},"geometry":{"type":"Polygon","coordinates":[[[126.94659,37.46905],[126.94657,37.46896],[126.94671,37.46898],[126.9467,37.46906],[126.94659,37.46905]]]}},{"type":"Feature","properties":{"valleyId":"gwanaksan","layer":"canopy","date":"2026-08-01"},"geometry":{"type":"Polygon","coordinates":[[[126.95638,37.46908],[126.95638,37.46904],[126.95634,37.46902],[126.95634,37.46895],[126.95641,37.46895],[126.95645,37.46901],[126.95645,37.46908],[126.95638,37.46908]]]}},{"type":"Feature","properties":{"valleyId":"gwanaksan","layer":"canopy","date":"2026-08-01"},"geometry":{"type":"Polygon","coordinates":[[[126.95979,37.47027],[126.95977,37.47015],[126.95984,37.47009],[126.95984,37.47002],[126.95971,37.46993],[126.95971,37.46984],[126.95976,37.4698],[126.95976,37.46959],[126.95983,37.46955],[126.95983,37.46946],[126.95988,37.46943],[126.96001,37.46943],[126.96003,37.46957],[126.96008,37.46959],[126.96007,37.46974],[126.96019,37.46976],[126.96018,37.46983],[126.96014,37.46985],[126.96013,37.46999],[126.9602,37.46999],[126.9602,37.46992],[126.96025,37.4699],[126.96025,37.46987],[126.96034,37.46987],[126.96039,37.46967],[126.96046,37.46955],[126.96051,37.46955],[126.96053,37.46949],[126.9606,37.46948],[126.9606,37.46942],[126.96067,37.46935],[126.96083,37.46937],[126.96083,37.46932],[126.96079,37.46932],[126.96079,37.46925],[126.96097,37.46927],[126.96099,37.46914],[126.96106,37.46914],[126.96109,37.46909],[126.96118,37.46905],[126.96122,37.46898],[126.96127,37.46898],[126.96129,37.46895],[126.96147,37.46897],[126.96147,37.46904],[126.96134,37.46906],[126.96136,37.46913],[126.96172,37.46912],[126.96169,37.46924],[126.9616,37.46939],[126.96155,37.4694],[126.96153,37.46947],[126.96137,37.46962],[126.96136,37.46965],[126.96102,37.46992],[126.96097,37.46992],[126.96067,37.47009],[126.96056,37.47011],[126.96042,37.47018],[126.96004,37.47026],[126.95979,37.47027]],[[126.9611,37.46954],[126.96119,37.46954],[126.96119,37.46949],[126.9611,37.46948],[126.9611,37.46954]],[[126.96106,37.46936],[126.96112,37.46936],[126.9611,37.46925],[126.96104,37.46925],[126.96106,37.46936]]]}},{"type":"Feature","properties":{"valleyId":"gwanaksan","layer":"canopy","date":"2026-08-01"},"geometry":{"type":"Polygon","coordinates":[[[126.95811,37.46891],[126.95811,37.46882],[126.95818,37.46882],[126.9582,37.46891],[126.95811,37.46891]]]}},{"type":"Feature","properties":{"valleyId":"gwanaksan","layer":"canopy","date":"2026-08-01"},"geometry":{"type":"Polygon","coordinates":[[[126.95766,37.46883],[126.95766,37.46878],[126.95773,37.46878],[126.95772,37.46883],[126.95766,37.46883]]]}},{"type":"Feature","properties":{"valleyId":"gwanaksan","layer":"canopy","date":"2026-08-01"},"geometry":{"type":"Polygon","coordinates":[[[126.9433,37.4686],[126.94326,37.46856],[126.94326,37.46851],[126.94339,37.46855],[126.94339,37.4686],[126.9433,37.4686]]]}},{"type":"Feature","properties":{"valleyId":"gwanaksan","layer":"canopy","date":"2026-08-01"},"geometry":{"type":"Polygon","coordinates":[[[126.95644,37.46877],[126.95644,37.46872],[126.95651,37.46872],[126.9565,37.46877],[126.95644,37.46877]]]}},{"type":"Feature","properties":{"valleyId":"gwanaksan","layer":"canopy","date":"2026-08-01"},"geometry":{"type":"Polygon","coordinates":[[[126.96048,37.46883],[126.96048,37.46877],[126.96053,37.46875],[126.96071,37.46876],[126.96071,37.46881],[126.96066,37.46883],[126.96048,37.46883]]]}},{"type":"Feature","properties":{"valleyId":"gwanaksan","layer":"canopy","date":"2026-08-01"},"geometry":{"type":"Polygon","coordinates":[[[126.95269,37.46867],[126.95269,37.46862],[126.95275,37.46862],[126.95275,37.46867],[126.95269,37.46867]]]}},{"type":"Feature","properties":{"valleyId":"gwanaksan","layer":"canopy","date":"2026-08-01"},"geometry":{"type":"Polygon","coordinates":[[[126.95809,37.46871],[126.95809,37.46866],[126.95816,37.46866],[126.95816,37.46871],[126.95809,37.46871]]]}},{"type":"Feature","properties":{"valleyId":"gwanaksan","layer":"canopy","date":"2026-08-01"},"geometry":{"type":"Polygon","coordinates":[[[126.9323,37.46826],[126.9323,37.46819],[126.93237,37.46819],[126.93237,37.46826],[126.9323,37.46826]]]}},{"type":"Feature","properties":{"valleyId":"gwanaksan","layer":"canopy","date":"2026-08-01"},"geometry":{"type":"Polygon","coordinates":[[[126.95838,37.46866],[126.95839,37.46861],[126.95845,37.46861],[126.95845,37.46866],[126.95838,37.46866]]]}},{"type":"Feature","properties":{"valleyId":"gwanaksan","layer":"canopy","date":"2026-08-01"},"geometry":{"type":"Polygon","coordinates":[[[126.95902,37.4686],[126.95902,37.46855],[126.95909,37.46855],[126.95909,37.4686],[126.95902,37.4686]]]}},{"type":"Feature","properties":{"valleyId":"gwanaksan","layer":"canopy","date":"2026-08-01"},"geometry":{"type":"Polygon","coordinates":[[[126.9531,37.47169],[126.95301,37.47153],[126.953,37.47129],[126.95289,37.47116],[126.95289,37.47111],[126.95298,37.47111],[126.95298,37.47102],[126.95289,37.47102],[126.95287,37.47095],[126.95263,37.47073],[126.95263,37.47067],[126.95257,37.47058],[126.95257,37.47049],[126.9525,37.47047],[126.95246,37.47038],[126.95235,37.47034],[126.9523,37.47022],[126.95231,37.47005],[126.95229,37.46998],[126.95224,37.46996],[126.95225,37.46982],[126.9522,37.46978],[126.9522,37.46971],[126.95225,37.46969],[126.95225,37.46962],[126.95248,37.46959],[126.9525,37.4695],[126.9526,37.46945],[126.95266,37.46945],[126.95276,37.4693],[126.95287,37.46927],[126.95301,37.46913],[126.95313,37.46909],[126.95313,37.46906],[126.95324,37.46904],[126.95324,37.46895],[126.95338,37.46892],[126.95341,37.46878],[126.95332,37.4687],[126.95334,37.46858],[126.95316,37.46857],[126.95317,37.46846],[126.95321,37.46843],[126.9533,37.46843],[126.95337,37.46849],[126.95344,37.46849],[126.95346,37.46852],[126.95355,37.46854],[126.95366,37.46864],[126.9537,37.46864],[126.95379,37.46873],[126.95384,37.46873],[126.95421,37.4691],[126.95447,37.46957],[126.95453,37.46982],[126.95454,37.47015],[126.95444,37.4706],[126.95437,37.47076],[126.95413,37.47109],[126.95369,37.47147],[126.95365,37.47147],[126.9536,37.47152],[126.95356,37.47152],[126.9534,37.47162],[126.95321,37.47169],[126.9531,37.47169]],[[126.95327,37.47112],[126.95336,37.47112],[126.95341,37.47103],[126.95346,37.47103],[126.95346,37.47099],[126.95353,37.47098],[126.95355,37.47081],[126.95344,37.47079],[126.95335,37.47087],[126.95328,37.47099],[126.95327,37.47112]],[[126.95411,37.47037],[126.9542,37.47038],[126.95422,37.47034],[126.95431,37.47032],[126.95438,37.47027],[126.95439,37.47018],[126.95427,37.47018],[126.95427,37.47021],[126.95418,37.47027],[126.95407,37.47026],[126.95406,37.47034],[126.95411,37.47037]],[[126.95335,37.46933],[126.95344,37.46933],[126.95346,37.46921],[126.95328,37.46922],[126.95328,37.4693],[126.95332,37.4693],[126.95335,37.46933]],[[126.95347,37.46894],[126.95354,37.46894],[126.95354,37.46887],[126.95347,37.46887],[126.95347,37.46894]]]}},{"type":"Feature","properties":{"valleyId":"gwanaksan","layer":"canopy","date":"2026-08-01"},"geometry":{"type":"Polygon","coordinates":[[[126.94729,37.46833],[126.94727,37.46825],[126.94741,37.46824],[126.9474,37.46831],[126.94729,37.46833]]]}},{"type":"Feature","properties":{"valleyId":"gwanaksan","layer":"canopy","date":"2026-08-01"},"geometry":{"type":"Polygon","coordinates":[[[126.95943,37.46848],[126.95943,37.46843],[126.95952,37.46843],[126.95952,37.46848],[126.95943,37.46848]]]}},{"type":"Feature","properties":{"valleyId":"gwanaksan","layer":"canopy","date":"2026-08-01"},"geometry":{"type":"Polygon","coordinates":[[[126.95954,37.46847],[126.95954,37.46841],[126.95959,37.4684],[126.95986,37.46836],[126.95986,37.46842],[126.95979,37.46845],[126.95954,37.46847]]]}},{"type":"Feature","properties":{"valleyId":"gwanaksan","layer":"canopy","date":"2026-08-01"},"geometry":{"type":"Polygon","coordinates":[[[126.95878,37.46836],[126.95876,37.46827],[126.95885,37.46827],[126.95884,37.46836],[126.95878,37.46836]]]}},{"type":"Feature","properties":{"valleyId":"gwanaksan","layer":"canopy","date":"2026-08-01"},"geometry":{"type":"Polygon","coordinates":[[[126.94393,37.46805],[126.94393,37.468],[126.944,37.468],[126.944,37.46805],[126.94393,37.46805]]]}},{"type":"Feature","properties":{"valleyId":"gwanaksan","layer":"canopy","date":"2026-08-01"},"geometry":{"type":"Polygon","coordinates":[[[126.92913,37.4683],[126.92913,37.46824],[126.929,37.46826],[126.92877,37.46818],[126.92864,37.46818],[126.92869,37.46798],[126.92885,37.46772],[126.92906,37.46772],[126.92906,37.46779],[126.92894,37.46781],[126.92894,37.46784],[126.92887,37.46788],[126.92887,37.46795],[126.92896,37.46799],[126.92898,37.4681],[126.92916,37.46806],[126.9292,37.4683],[126.92913,37.4683]]]}},{"type":"Feature","properties":{"valleyId":"gwanaksan","layer":"canopy","date":"2026-08-01"},"geometry":{"type":"Polygon","coordinates":[[[126.9519,37.47183],[126.95145,37.47173],[126.95111,37.4716],[126.95109,37.47156],[126.951,37.47155],[126.95089,37.47145],[126.95085,37.47145],[126.95076,37.47136],[126.95071,37.47136],[126.95045,37.47112],[126.95045,37.47109],[126.95038,37.47105],[126.95019,37.47076],[126.95004,37.47036],[126.95003,37.46978],[126.95013,37.46946],[126.94975,37.4695],[126.94945,37.4695],[126.94946,37.46927],[126.94953,37.46921],[126.94964,37.46921],[126.94964,37.46916],[126.9496,37.46914],[126.9496,37.46903],[126.94953,37.469],[126.94953,37.46896],[126.94938,37.46896],[126.94935,37.46892],[126.94926,37.4689],[126.94922,37.46883],[126.94909,37.46879],[126.94906,37.46875],[126.94879,37.4687],[126.94873,37.46857],[126.94869,37.46855],[126.94869,37.46844],[126.9486,37.46837],[126.9486,37.4683],[126.94867,37.4683],[126.94871,37.46837],[126.94878,37.46837],[126.94892,37.46835],[126.94892,37.46826],[126.94901,37.46827],[126.9491,37.46834],[126.94921,37.46834],[126.94923,37.4684],[126.94941,37.4684],[126.94942,37.46835],[126.94948,37.46835],[126.94953,37.46842],[126.94962,37.46842],[126.94962,37.46824],[126.94958,37.46824],[126.94956,37.46819],[126.94947,37.46817],[126.94947,37.46806],[126.94956,37.46806],[126.94958,37.4681],[126.94969,37.46812],[126.94969,37.46819],[126.94983,37.46821],[126.94982,37.4683],[126.95012,37.46834],[126.95016,37.46829],[126.95023,37.46829],[126.95023,37.46832],[126.95048,37.46835],[126.95061,37.46844],[126.95063,37.46856],[126.95079,37.4686],[126.95081,37.46868],[126.95085,37.46868],[126.95085,37.46871],[126.9509,37.46873],[126.95096,37.46873],[126.95101,37.46879],[126.95112,37.46879],[126.95119,37.46883],[126.95119,37.46888],[126.95125,37.46895],[126.95125,37.46908],[126.95132,37.46908],[126.95134,37.46914],[126.95143,37.46916],[126.95149,37.46937],[126.95165,37.46936],[126.95165,37.46939],[126.95171,37.46943],[126.95171,37.46948],[126.95149,37.4695],[126.95149,37.46955],[126.95155,37.46961],[126.95176,37.46959],[126.95178,37.46963],[126.95179,37.46981],[126.95175,37.46981],[126.95175,37.46988],[126.95179,37.4699],[126.95177,37.47003],[126.95181,37.47006],[126.95183,37.47015],[126.9518,37.47042],[126.95189,37.4705],[126.95191,37.47057],[126.95188,37.47089],[126.95201,37.47091],[126.95203,37.471],[126.95203,37.47106],[126.95192,37.47106],[126.95192,37.47113],[126.95198,37.47115],[126.95201,37.4712],[126.95205,37.4712],[126.95207,37.47137],[126.95211,37.47138],[126.95211,37.47156],[126.95206,37.4716],[126.95206,37.47165],[126.9521,37.47173],[126.95217,37.47175],[126.95217,37.47184],[126.9519,37.47183]],[[126.95066,37.47076],[126.95084,37.47077],[126.95086,37.47073],[126.95096,37.47073],[126.95096,37.47064],[126.95091,37.47061],[126.95078,37.47059],[126.95064,37.47069],[126.95066,37.47076]],[[126.95102,37.47018],[126.95108,37.47018],[126.95109,37.47009],[126.951,37.4701],[126.95102,37.47018]]]}},{"type":"Feature","properties":{"valleyId":"gwanaksan","layer":"canopy","date":"2026-08-01"},"geometry":{"type":"Polygon","coordinates":[[[126.93697,37.46786],[126.93697,37.46779],[126.93708,37.46779],[126.93706,37.46786],[126.93697,37.46786]]]}},{"type":"Feature","properties":{"valleyId":"gwanaksan","layer":"canopy","date":"2026-08-01"},"geometry":{"type":"Polygon","coordinates":[[[126.9598,37.46824],[126.9598,37.46818],[126.95993,37.46819],[126.95993,37.46824],[126.9598,37.46824]]]}},{"type":"Feature","properties":{"valleyId":"gwanaksan","layer":"canopy","date":"2026-08-01"},"geometry":{"type":"Polygon","coordinates":[[[126.93744,37.46779],[126.93745,37.46774],[126.93751,37.46774],[126.93751,37.4678],[126.93744,37.46779]]]}},{"type":"Feature","properties":{"valleyId":"gwanaksan","layer":"canopy","date":"2026-08-01"},"geometry":{"type":"Polygon","coordinates":[[[126.94459,37.4679],[126.94454,37.46788],[126.94454,37.46783],[126.94466,37.46781],[126.94468,37.46788],[126.94459,37.4679]]]}},{"type":"Feature","properties":{"valleyId":"gwanaksan","layer":"canopy","date":"2026-08-01"},"geometry":{"type":"Polygon","coordinates":[[[126.93193,37.46772],[126.93189,37.46766],[126.93189,37.46757],[126.93196,37.46757],[126.93198,37.46764],[126.93209,37.46766],[126.93209,37.46772],[126.93193,37.46772]]]}},{"type":"Feature","properties":{"valleyId":"gwanaksan","layer":"canopy","date":"2026-08-01"},"geometry":{"type":"Polygon","coordinates":[[[126.94029,37.46779],[126.94027,37.4677],[126.94041,37.46774],[126.94041,37.46779],[126.94029,37.46779]]]}},{"type":"Feature","properties":{"valleyId":"gwanaksan","layer":"canopy","date":"2026-08-01"},"geometry":{"type":"Polygon","coordinates":[[[126.95923,37.46828],[126.95916,37.46824],[126.95917,37.46817],[126.95921,37.46817],[126.95922,37.46801],[126.9594,37.46805],[126.95941,37.46818],[126.95957,37.4682],[126.95964,37.46823],[126.95964,37.46829],[126.95923,37.46828]]]}},{"type":"Feature","properties":{"valleyId":"gwanaksan","layer":"canopy","date":"2026-08-01"},"geometry":{"type":"Polygon","coordinates":[[[126.9424,37.46784],[126.94238,37.46772],[126.94242,37.46768],[126.94256,37.4677],[126.94258,37.46778],[126.94251,37.46783],[126.9424,37.46784]]]}},{"type":"Feature","properties":{"valleyId":"gwanaksan","layer":"canopy","date":"2026-08-01"},"geometry":{"type":"Polygon","coordinates":[[[126.9365,37.46762],[126.93648,37.46754],[126.93657,37.46754],[126.93657,37.46762],[126.9365,37.46762]]]}},{"type":"Feature","properties":{"valleyId":"gwanaksan","layer":"canopy","date":"2026-08-01"},"geometry":{"type":"Polygon","coordinates":[[[126.93311,37.46759],[126.93306,37.46756],[126.93297,37.46755],[126.93298,37.4675],[126.93318,37.4675],[126.93323,37.46747],[126.93338,37.46749],[126.93336,37.46756],[126.93311,37.46759]]]}},{"type":"Feature","properties":{"valleyId":"gwanaksan","layer":"canopy","date":"2026-08-01"},"geometry":{"type":"Polygon","coordinates":[[[126.94254,37.46758],[126.94254,37.46752],[126.94265,37.46752],[126.94265,37.46758],[126.94254,37.46758]]]}},{"type":"Feature","properties":{"valleyId":"gwanaksan","layer":"canopy","date":"2026-08-01"},"geometry":{"type":"Polygon","coordinates":[[[126.946,37.46764],[126.946,37.46758],[126.94607,37.46758],[126.94606,37.46764],[126.946,37.46764]]]}},{"type":"Feature","properties":{"valleyId":"gwanaksan","layer":"canopy","date":"2026-08-01"},"geometry":{"type":"Polygon","coordinates":[[[126.95872,37.46786],[126.95872,37.46779],[126.95882,37.46777],[126.95881,37.46784],[126.95872,37.46786]]]}},{"type":"Feature","properties":{"valleyId":"gwanaksan","layer":"canopy","date":"2026-08-01"},"geometry":{"type":"Polygon","coordinates":[[[126.94364,37.46801],[126.94357,37.46796],[126.94357,37.46785],[126.94351,37.46777],[126.94349,37.46758],[126.94353,37.46754],[126.94354,37.46749],[126.94363,37.46751],[126.94362,37.46758],[126.94367,37.4676],[126.94367,37.4677],[126.94371,37.46776],[126.9437,37.46801],[126.94364,37.46801]]]}},{"type":"Feature","properties":{"valleyId":"gwanaksan","layer":"canopy","date":"2026-08-01"},"geometry":{"type":"Polygon","coordinates":[[[126.94152,37.46758],[126.94148,37.46754],[126.9415,37.46745],[126.94177,37.46746],[126.94175,37.46753],[126.94166,37.46754],[126.94163,37.46758],[126.94152,37.46758]]]}},{"type":"Feature","properties":{"valleyId":"gwanaksan","layer":"canopy","date":"2026-08-01"},"geometry":{"type":"Polygon","coordinates":[[[126.93169,37.46728],[126.93169,37.46723],[126.93176,37.46723],[126.93176,37.46728],[126.93169,37.46728]]]}},{"type":"Feature","properties":{"valleyId":"gwanaksan","layer":"canopy","date":"2026-08-01"},"geometry":{"type":"Polygon","coordinates":[[[126.93637,37.46731],[126.93637,37.46725],[126.93644,37.46725],[126.93644,37.46731],[126.93637,37.46731]]]}},{"type":"Feature","properties":{"valleyId":"gwanaksan","layer":"canopy","date":"2026-08-01"},"geometry":{"type":"Polygon","coordinates":[[[126.94783,37.46756],[126.94783,37.46743],[126.94795,37.46742],[126.94797,37.46755],[126.94783,37.46756]]]}},{"type":"Feature","properties":{"valleyId":"gwanaksan","layer":"canopy","date":"2026-08-01"},"geometry":{"type":"Polygon","coordinates":[[[126.93081,37.46721],[126.93079,37.46714],[126.93093,37.46709],[126.93102,37.46709],[126.93109,37.46712],[126.93108,37.46718],[126.93104,37.4672],[126.93081,37.46721]]]}},{"type":"Feature","properties":{"valleyId":"gwanaksan","layer":"canopy","date":"2026-08-01"},"geometry":{"type":"Polygon","coordinates":[[[126.93156,37.46711],[126.93156,37.46706],[126.93168,37.46706],[126.93167,37.46712],[126.93156,37.46711]]]}},{"type":"Feature","properties":{"valleyId":"gwanaksan","layer":"canopy","date":"2026-08-01"},"geometry":{"type":"Polygon","coordinates":[[[126.92953,37.46713],[126.92953,37.4671],[126.92946,37.46706],[126.92946,37.46701],[126.92957,37.46701],[126.92959,37.46713],[126.92953,37.46713]]]}},{"type":"Feature","properties":{"valleyId":"gwanaksan","layer":"canopy","date":"2026-08-01"},"geometry":{"type":"Polygon","coordinates":[[[126.92966,37.46706],[126.92967,37.46699],[126.92973,37.46699],[126.92975,37.46707],[126.92966,37.46706]]]}},{"type":"Feature","properties":{"valleyId":"gwanaksan","layer":"canopy","date":"2026-08-01"},"geometry":{"type":"Polygon","coordinates":[[[126.94349,37.46745],[126.94341,37.46732],[126.94343,37.46718],[126.9435,37.46718],[126.94357,37.46723],[126.94358,37.46745],[126.94349,37.46745]]]}},{"type":"Feature","properties":{"valleyId":"gwanaksan","layer":"canopy","date":"2026-08-01"},"geometry":{"type":"Polygon","coordinates":[[[126.95993,37.46759],[126.95988,37.46754],[126.95991,37.46745],[126.96002,37.46745],[126.96004,37.46748],[126.96009,37.46748],[126.96009,37.46754],[126.96004,37.46757],[126.95993,37.46759]]]}},{"type":"Feature","properties":{"valleyId":"gwanaksan","layer":"canopy","date":"2026-08-01"},"geometry":{"type":"Polygon","coordinates":[[[126.9482,37.46733],[126.94811,37.46726],[126.94811,37.46719],[126.94816,37.46715],[126.94827,37.46717],[126.94831,37.46724],[126.94831,37.46732],[126.9482,37.46733]]]}},{"type":"Feature","properties":{"valleyId":"gwanaksan","layer":"canopy","date":"2026-08-01"},"geometry":{"type":"Polygon","coordinates":[[[126.93048,37.46692],[126.93046,37.46684],[126.93055,37.46684],[126.93057,37.46692],[126.93048,37.46692]]]}},{"type":"Feature","properties":{"valleyId":"gwanaksan","layer":"canopy","date":"2026-08-01"},"geometry":{"type":"Polygon","coordinates":[[[126.93392,37.46692],[126.93392,37.46687],[126.93403,37.46685],[126.93403,37.46692],[126.93392,37.46692]]]}},{"type":"Feature","properties":{"valleyId":"gwanaksan","layer":"canopy","date":"2026-08-01"},"geometry":{"type":"Polygon","coordinates":[[[126.93376,37.4669],[126.93376,37.46685],[126.93383,37.46685],[126.93383,37.4669],[126.93376,37.4669]]]}},{"type":"Feature","properties":{"valleyId":"gwanaksan","layer":"canopy","date":"2026-08-01"},"geometry":{"type":"Polygon","coordinates":[[[126.93645,37.46693],[126.93645,37.46688],[126.93652,37.46688],[126.93652,37.46693],[126.93645,37.46693]]]}},{"type":"Feature","properties":{"valleyId":"gwanaksan","layer":"canopy","date":"2026-08-01"},"geometry":{"type":"Polygon","coordinates":[[[126.92992,37.46689],[126.92992,37.46674],[126.92999,37.46674],[126.93001,37.46687],[126.92992,37.46689]]]}},{"type":"Feature","properties":{"valleyId":"gwanaksan","layer":"canopy","date":"2026-08-01"},"geometry":{"type":"Polygon","coordinates":[[[126.93873,37.46697],[126.93874,37.46692],[126.93883,37.4669],[126.93882,37.46695],[126.93873,37.46697]]]}},{"type":"Feature","properties":{"valleyId":"gwanaksan","layer":"canopy","date":"2026-08-01"},"geometry":{"type":"Polygon","coordinates":[[[126.92911,37.46678],[126.92911,37.46673],[126.92918,37.46673],[126.92917,37.46678],[126.92911,37.46678]]]}},{"type":"Feature","properties":{"valleyId":"gwanaksan","layer":"canopy","date":"2026-08-01"},"geometry":{"type":"Polygon","coordinates":[[[126.93814,37.46734],[126.93809,37.46723],[126.93827,37.46723],[126.93832,37.46707],[126.93833,37.46687],[126.93842,37.46687],[126.93839,37.46698],[126.93844,37.46698],[126.93846,37.46716],[126.93839,37.46716],[126.93839,37.46729],[126.93825,37.46729],[126.93825,37.46734],[126.93814,37.46734]]]}},{"type":"Feature","properties":{"valleyId":"gwanaksan","layer":"canopy","date":"2026-08-01"},"geometry":{"type":"Polygon","coordinates":[[[126.95865,37.46732],[126.95865,37.46723],[126.95878,37.46723],[126.95878,37.46728],[126.95874,37.46732],[126.95865,37.46732]]]}},{"type":"Feature","properties":{"valleyId":"gwanaksan","layer":"canopy","date":"2026-08-01"},"geometry":{"type":"Polygon","coordinates":[[[126.93435,37.46684],[126.93435,37.46677],[126.93447,37.46677],[126.93444,37.46684],[126.93435,37.46684]]]}},{"type":"Feature","properties":{"valleyId":"gwanaksan","layer":"canopy","date":"2026-08-01"},"geometry":{"type":"Polygon","coordinates":[[[126.94436,37.46707],[126.9443,37.46699],[126.94432,37.46692],[126.94464,37.46693],[126.94464,37.46698],[126.94452,37.467],[126.9445,37.46707],[126.94436,37.46707]]]}},{"type":"Feature","properties":{"valleyId":"gwanaksan","layer":"canopy","date":"2026-08-01"},"geometry":{"type":"Polygon","coordinates":[[[126.93593,37.46685],[126.93591,37.46678],[126.93603,37.46676],[126.93602,37.46685],[126.93593,37.46685]]]}},{"type":"Feature","properties":{"valleyId":"gwanaksan","layer":"canopy","date":"2026-08-01"},"geometry":{"type":"Polygon","coordinates":[[[126.96002,37.46824],[126.96003,37.46819],[126.96016,37.46808],[126.96017,37.46803],[126.96023,37.46799],[126.96026,37.46792],[126.96048,37.46794],[126.96049,37.46778],[126.96054,37.46769],[126.96069,37.46771],[126.96072,37.46766],[126.96079,37.46766],[126.96088,37.46761],[126.9609,37.4675],[126.96097,37.46745],[126.96102,37.46745],[126.96104,37.46736],[126.96113,37.46732],[126.96114,37.46718],[126.96121,37.46718],[126.9614,37.46735],[126.9614,37.46738],[126.96147,37.46742],[126.96147,37.46745],[126.96154,37.46749],[126.96154,37.46753],[126.96167,37.46767],[126.96167,37.46773],[126.9616,37.46773],[126.96157,37.46778],[126.96144,37.46778],[126.96141,37.46781],[126.9613,37.46783],[126.96128,37.46796],[126.96118,37.46801],[126.96107,37.46801],[126.96105,37.46804],[126.96091,37.46804],[126.96086,37.46808],[126.96071,37.46807],[126.96064,37.46814],[126.96055,37.46814],[126.96052,37.4682],[126.96021,37.46819],[126.96014,37.46824],[126.96002,37.46824]]]}},{"type":"Feature","properties":{"valleyId":"gwanaksan","layer":"canopy","date":"2026-08-01"},"geometry":{"type":"Polygon","coordinates":[[[126.93804,37.46685],[126.93806,37.46676],[126.93813,37.46676],[126.93813,37.46685],[126.93804,37.46685]]]}},{"type":"Feature","properties":{"valleyId":"gwanaksan","layer":"canopy","date":"2026-08-01"},"geometry":{"type":"Polygon","coordinates":[[[126.93643,37.46682],[126.93641,37.46675],[126.93664,37.46672],[126.93664,37.46677],[126.93659,37.46681],[126.93643,37.46682]]]}},{"type":"Feature","properties":{"valleyId":"gwanaksan","layer":"canopy","date":"2026-08-01"},"geometry":{"type":"Polygon","coordinates":[[[126.94721,37.46696],[126.94722,37.4669],[126.94728,37.4669],[126.94728,37.46696],[126.94721,37.46696]]]}},{"type":"Feature","properties":{"valleyId":"gwanaksan","layer":"canopy","date":"2026-08-01"},"geometry":{"type":"Polygon","coordinates":[[[126.94887,37.46695],[126.94889,37.46688],[126.94898,37.4669],[126.94898,37.46695],[126.94887,37.46695]]]}},{"type":"Feature","properties":{"valleyId":"gwanaksan","layer":"canopy","date":"2026-08-01"},"geometry":{"type":"Polygon","coordinates":[[[126.93106,37.46662],[126.93103,37.46655],[126.9311,37.46655],[126.93112,37.46662],[126.93106,37.46662]]]}},{"type":"Feature","properties":{"valleyId":"gwanaksan","layer":"canopy","date":"2026-08-01"},"geometry":{"type":"Polygon","coordinates":[[[126.93596,37.46669],[126.93596,37.46663],[126.93603,37.46663],[126.93603,37.46669],[126.93596,37.46669]]]}},{"type":"Feature","properties":{"valleyId":"gwanaksan","layer":"canopy","date":"2026-08-01"},"geometry":{"type":"Polygon","coordinates":[[[126.93533,37.46666],[126.93533,37.4666],[126.9354,37.46661],[126.9354,37.46666],[126.93533,37.46666]]]}},{"type":"Feature","properties":{"valleyId":"gwanaksan","layer":"canopy","date":"2026-08-01"},"geometry":{"type":"Polygon","coordinates":[[[126.96107,37.46718],[126.96098,37.46714],[126.96096,37.46705],[126.96103,37.46705],[126.96107,37.46711],[126.96114,37.46712],[126.96114,37.46718],[126.96107,37.46718]]]}},{"type":"Feature","properties":{"valleyId":"gwanaksan","layer":"canopy","date":"2026-08-01"},"geometry":{"type":"Polygon","coordinates":[[[126.93653,37.46666],[126.93653,37.46661],[126.9366,37.46661],[126.93659,37.46666],[126.93653,37.46666]]]}},{"type":"Feature","properties":{"valleyId":"gwanaksan","layer":"canopy","date":"2026-08-01"},"geometry":{"type":"Polygon","coordinates":[[[126.95313,37.46727],[126.95311,37.46724],[126.95302,37.46724],[126.95302,37.4672],[126.95297,37.4672],[126.95291,37.46713],[126.95291,37.46704],[126.95298,37.46688],[126.95305,37.46688],[126.95312,37.46693],[126.95328,37.46693],[126.95334,37.46704],[126.95334,37.46713],[126.95329,37.46715],[126.95329,37.46719],[126.95322,37.46722],[126.9532,37.46728],[126.95313,37.46727]]]}},{"type":"Feature","properties":{"valleyId":"gwanaksan","layer":"canopy","date":"2026-08-01"},"geometry":{"type":"Polygon","coordinates":[[[126.94288,37.46675],[126.94288,37.4667],[126.94299,37.4667],[126.94299,37.46676],[126.94288,37.46675]]]}},{"type":"Feature","properties":{"valleyId":"gwanaksan","layer":"canopy","date":"2026-08-01"},"geometry":{"type":"Polygon","coordinates":[[[126.95926,37.46704],[126.95927,37.46698],[126.95933,37.46699],[126.95933,37.46704],[126.95926,37.46704]]]}},{"type":"Feature","properties":{"valleyId":"gwanaksan","layer":"canopy","date":"2026-08-01"},"geometry":{"type":"Polygon","coordinates":[[[126.93409,37.46658],[126.93409,37.46653],[126.93418,37.46653],[126.93418,37.46658],[126.93409,37.46658]]]}},{"type":"Feature","properties":{"valleyId":"gwanaksan","layer":"canopy","date":"2026-08-01"},"geometry":{"type":"Polygon","coordinates":[[[126.9432,37.46674],[126.9432,37.46669],[126.94326,37.46669],[126.94326,37.46674],[126.9432,37.46674]]]}},{"type":"Feature","properties":{"valleyId":"gwanaksan","layer":"canopy","date":"2026-08-01"},"geometry":{"type":"Polygon","coordinates":[[[126.95087,37.46803],[126.95087,37.46797],[126.95056,37.4679],[126.95054,37.46784],[126.95047,37.46782],[126.95043,37.46777],[126.95025,37.46771],[126.9502,37.46766],[126.95009,37.46764],[126.94998,37.46751],[126.94994,37.46751],[126.94983,37.4674],[126.94965,37.46736],[126.9496,37.46729],[126.94954,37.46723],[126.94947,37.46723],[126.94942,37.46716],[126.94934,37.46712],[126.94927,37.46705],[126.94913,37.46706],[126.94911,37.46692],[126.94916,37.4669],[126.94916,37.46686],[126.94928,37.46685],[126.94932,37.46694],[126.94948,37.46696],[126.94952,37.46694],[126.94952,37.46691],[126.94964,37.46689],[126.94966,37.46682],[126.95,37.46682],[126.95014,37.46679],[126.95018,37.46683],[126.95017,37.46721],[126.95023,37.46731],[126.95032,37.46737],[126.95037,37.4675],[126.95034,37.46762],[126.95038,37.46766],[126.95072,37.46772],[126.95079,37.46777],[126.95083,37.46778],[126.95085,37.46788],[126.95096,37.46794],[126.95096,37.46801],[126.95087,37.46803]]]}},{"type":"Feature","properties":{"valleyId":"gwanaksan","layer":"canopy","date":"2026-08-01"},"geometry":{"type":"Polygon","coordinates":[[[126.95736,37.46706],[126.95723,37.46697],[126.95716,37.46697],[126.95717,37.46689],[126.95723,37.46689],[126.95726,37.46693],[126.95735,37.46695],[126.95746,37.46695],[126.95746,37.4669],[126.95755,37.4669],[126.95755,37.46699],[126.95748,37.46701],[126.95748,37.46706],[126.95736,37.46706]]]}},{"type":"Feature","properties":{"valleyId":"gwanaksan","layer":"canopy","date":"2026-08-01"},"geometry":{"type":"Polygon","coordinates":[[[126.95983,37.4678],[126.95983,37.46773],[126.95974,37.46773],[126.95974,37.4677],[126.95968,37.46764],[126.95939,37.46758],[126.95934,37.46753],[126.95921,37.46749],[126.95921,37.46738],[126.95915,37.4672],[126.95903,37.4672],[126.95894,37.46723],[126.95888,37.46723],[126.95883,37.46719],[126.95888,37.46705],[126.95879,37.46699],[126.95882,37.46685],[126.95889,37.46685],[126.95888,37.46694],[126.95893,37.46701],[126.95902,37.46702],[126.95904,37.46707],[126.9592,37.46709],[126.95928,37.46715],[126.95928,37.46718],[126.9594,37.46718],[126.95937,37.46735],[126.95941,37.46746],[126.95948,37.46746],[126.95961,37.46751],[126.95966,37.46757],[126.95979,37.46761],[126.95981,37.46768],[126.95995,37.46768],[126.95995,37.46777],[126.9599,37.46781],[126.95983,37.4678]]]}},{"type":"Feature","properties":{"valleyId":"gwanaksan","layer":"canopy","date":"2026-08-01"},"geometry":{"type":"Polygon","coordinates":[[[126.95359,37.46692],[126.95355,37.46685],[126.95355,37.46676],[126.95364,37.46674],[126.95369,37.46676],[126.95371,37.46687],[126.95368,37.46692],[126.95359,37.46692]]]}},{"type":"Feature","properties":{"valleyId":"gwanaksan","layer":"canopy","date":"2026-08-01"},"geometry":{"type":"Polygon","coordinates":[[[126.94923,37.46677],[126.94919,37.46672],[126.94919,37.46665],[126.94926,37.46665],[126.9493,37.46672],[126.9493,37.46678],[126.94923,37.46677]]]}},{"type":"Feature","properties":{"valleyId":"gwanaksan","layer":"canopy","date":"2026-08-01"},"geometry":{"type":"Polygon","coordinates":[[[126.93215,37.4664],[126.93213,37.46633],[126.93228,37.46635],[126.93228,37.46641],[126.93215,37.4664]]]}},{"type":"Feature","properties":{"valleyId":"gwanaksan","layer":"canopy","date":"2026-08-01"},"geometry":{"type":"Polygon","coordinates":[[[126.9481,37.46668],[126.94808,37.46661],[126.94817,37.46661],[126.94817,37.46668],[126.9481,37.46668]]]}},{"type":"Feature","properties":{"valleyId":"gwanaksan","layer":"canopy","date":"2026-08-01"},"geometry":{"type":"Polygon","coordinates":[[[126.93151,37.46654],[126.93151,37.46636],[126.93156,37.46634],[126.93156,37.4663],[126.93167,37.46631],[126.93169,37.46638],[126.93165,37.4664],[126.93165,37.46649],[126.93158,37.46654],[126.93151,37.46654]]]}},{"type":"Feature","properties":{"valleyId":"gwanaksan","layer":"canopy","date":"2026-08-01"},"geometry":{"type":"Polygon","coordinates":[[[126.93252,37.46684],[126.9325,37.46677],[126.93245,37.46675],[126.93248,37.46663],[126.93244,37.46659],[126.93244,37.4665],[126.93235,37.4665],[126.93233,37.46646],[126.93233,37.46639],[126.93249,37.46636],[126.93249,37.4663],[126.93256,37.4663],[126.9326,37.46634],[126.9326,37.46643],[126.93266,37.46649],[126.93264,37.46658],[126.93257,37.46661],[126.93259,37.46684],[126.93252,37.46684]]]}},{"type":"Feature","properties":{"valleyId":"gwanaksan","layer":"canopy","date":"2026-08-01"},"geometry":{"type":"Polygon","coordinates":[[[126.95299,37.46671],[126.95299,37.46666],[126.95306,37.46666],[126.95306,37.46671],[126.95299,37.46671]]]}},{"type":"Feature","properties":{"valleyId":"gwanaksan","layer":"canopy","date":"2026-08-01"},"geometry":{"type":"Polygon","coordinates":[[[126.93858,37.46677],[126.93858,37.46668],[126.93854,37.46666],[126.93854,37.46661],[126.93843,37.46653],[126.93834,37.46653],[126.93829,37.4666],[126.93802,37.46662],[126.93802,37.46647],[126.93811,37.46647],[126.93811,37.46651],[126.93825,37.46651],[126.93823,37.4664],[126.9383,37.46639],[126.9383,37.46633],[126.9385,37.46634],[126.93852,37.46648],[126.93875,37.46648],[126.93881,37.46654],[126.93886,37.46654],[126.93883,37.46663],[126.93868,37.46663],[126.93867,37.4667],[126.93881,37.46668],[126.93881,37.46674],[126.93858,37.46677]]]}},{"type":"Feature","properties":{"valleyId":"gwanaksan","layer":"canopy","date":"2026-08-01"},"geometry":{"type":"Polygon","coordinates":[[[126.95878,37.46672],[126.95878,37.46667],[126.95885,37.46667],[126.95884,37.46672],[126.95878,37.46672]]]}},{"type":"Feature","properties":{"valleyId":"gwanaksan","layer":"canopy","date":"2026-08-01"},"geometry":{"type":"Polygon","coordinates":[[[126.93454,37.46641],[126.9345,37.46627],[126.93453,37.46623],[126.93459,37.46623],[126.93463,37.46639],[126.93454,37.46641]]]}},{"type":"Feature","properties":{"valleyId":"gwanaksan","layer":"canopy","date":"2026-08-01"},"geometry":{"type":"Polygon","coordinates":[[[126.93059,37.46634],[126.93059,37.46618],[126.93064,37.46614],[126.93075,37.46615],[126.93072,37.46633],[126.93059,37.46634]]]}},{"type":"Feature","properties":{"valleyId":"gwanaksan","layer":"canopy","date":"2026-08-01"},"geometry":{"type":"Polygon","coordinates":[[[126.93086,37.46624],[126.93084,37.46615],[126.93096,37.46615],[126.93095,37.46622],[126.93086,37.46624]]]}},{"type":"Feature","properties":{"valleyId":"gwanaksan","layer":"canopy","date":"2026-08-01"},"geometry":{"type":"Polygon","coordinates":[[[126.93866,37.46643],[126.93866,37.46627],[126.93873,37.46627],[126.9388,37.46636],[126.93879,37.46641],[126.93866,37.46643]]]}},{"type":"Feature","properties":{"valleyId":"gwanaksan","layer":"canopy","date":"2026-08-01"},"geometry":{"type":"Polygon","coordinates":[[[126.94806,37.4665],[126.94807,37.46639],[126.94816,37.4664],[126.94815,37.46649],[126.94806,37.4665]]]}},{"type":"Feature","properties":{"valleyId":"gwanaksan","layer":"canopy","date":"2026-08-01"},"geometry":{"type":"Polygon","coordinates":[[[126.95919,37.46662],[126.95919,37.46657],[126.95926,37.46657],[126.95925,37.46662],[126.95919,37.46662]]]}},{"type":"Feature","properties":{"valleyId":"gwanaksan","layer":"canopy","date":"2026-08-01"},"geometry":{"type":"Polygon","coordinates":[[[126.93345,37.46654],[126.93337,37.46648],[126.93337,37.46641],[126.9333,37.46635],[126.93326,37.46624],[126.93312,37.46624],[126.93313,37.46617],[126.93331,37.46619],[126.93335,37.46615],[126.93351,37.46616],[126.93353,37.46628],[126.93373,37.46631],[126.93376,37.46625],[126.93401,37.46617],[126.93401,37.46613],[126.93457,37.46612],[126.93457,37.46618],[126.93423,37.46621],[126.93416,37.46626],[126.9341,37.46626],[126.93407,37.46633],[126.93398,37.46642],[126.9338,37.46642],[126.93373,37.46643],[126.93361,37.46654],[126.93345,37.46654]]]}},{"type":"Feature","properties":{"valleyId":"gwanaksan","layer":"canopy","date":"2026-08-01"},"geometry":{"type":"Polygon","coordinates":[[[126.95749,37.46657],[126.95747,37.4665],[126.95758,37.46649],[126.95758,37.46656],[126.95749,37.46657]]]}},{"type":"Feature","properties":{"valleyId":"gwanaksan","layer":"canopy","date":"2026-08-01"},"geometry":{"type":"Polygon","coordinates":[[[126.95853,37.46665],[126.95853,37.46659],[126.95874,37.46647],[126.95881,37.46647],[126.95883,37.46653],[126.95903,37.46655],[126.959,37.46664],[126.95889,37.46664],[126.95889,37.4666],[126.95876,37.4666],[126.95853,37.46665]]]}},{"type":"Feature","properties":{"valleyId":"gwanaksan","layer":"canopy","date":"2026-08-01"},"geometry":{"type":"Polygon","coordinates":[[[126.93932,37.46635],[126.9393,37.46628],[126.93903,37.46624],[126.93903,37.46616],[126.93914,37.46613],[126.93934,37.46613],[126.93941,37.46619],[126.93941,37.46635],[126.93932,37.46635]]]}},{"type":"Feature","properties":{"valleyId":"gwanaksan","layer":"canopy","date":"2026-08-01"},"geometry":{"type":"Polygon","coordinates":[[[126.93686,37.46616],[126.93684,37.46605],[126.93695,37.46606],[126.93695,37.46615],[126.93686,37.46616]]]}},{"type":"Feature","properties":{"valleyId":"gwanaksan","layer":"canopy","date":"2026-08-01"},"geometry":{"type":"Polygon","coordinates":[[[126.95419,37.46639],[126.9542,37.46634],[126.95426,37.46634],[126.95426,37.46639],[126.95419,37.46639]]]}},{"type":"Feature","properties":{"valleyId":"gwanaksan","layer":"canopy","date":"2026-08-01"},"geometry":{"type":"Polygon","coordinates":[[[126.9583,37.46747],[126.95831,37.4674],[126.95826,37.46736],[126.95797,37.4673],[126.95797,37.46712],[126.95811,37.46714],[126.95811,37.46704],[126.95809,37.46687],[126.95803,37.46673],[126.9578,37.46669],[126.95779,37.46656],[126.95785,37.46655],[126.9579,37.46638],[126.95797,37.46638],[126.95799,37.46664],[126.95812,37.46664],[126.95819,37.46668],[126.95829,37.46708],[126.95831,37.46711],[126.95843,37.46715],[126.95842,37.4672],[126.95833,37.46726],[126.95833,37.46731],[126.9584,37.46738],[126.95839,37.46747],[126.9583,37.46747]]]}},{"type":"Feature","properties":{"valleyId":"gwanaksan","layer":"canopy","date":"2026-08-01"},"geometry":{"type":"Polygon","coordinates":[[[126.93645,37.46614],[126.93645,37.46606],[126.93654,37.46607],[126.93657,37.46601],[126.93666,37.46601],[126.93663,37.4661],[126.93656,37.4661],[126.93656,37.46614],[126.93645,37.46614]]]}},{"type":"Feature","properties":{"valleyId":"gwanaksan","layer":"canopy","date":"2026-08-01"},"geometry":{"type":"Polygon","coordinates":[[[126.93867,37.4661],[126.93867,37.46605],[126.93874,37.46605],[126.93874,37.4661],[126.93867,37.4661]]]}},{"type":"Feature","properties":{"valleyId":"gwanaksan","layer":"canopy","date":"2026-08-01"},"geometry":{"type":"Polygon","coordinates":[[[126.93727,37.46606],[126.93727,37.46601],[126.93736,37.46601],[126.93736,37.46606],[126.93727,37.46606]]]}},{"type":"Feature","properties":{"valleyId":"gwanaksan","layer":"canopy","date":"2026-08-01"},"geometry":{"type":"Polygon","coordinates":[[[126.93781,37.46605],[126.93779,37.46596],[126.93792,37.46596],[126.93792,37.46602],[126.93788,37.46605],[126.93781,37.46605]]]}},{"type":"Feature","properties":{"valleyId":"gwanaksan","layer":"canopy","date":"2026-08-01"},"geometry":{"type":"Polygon","coordinates":[[[126.95338,37.46631],[126.95336,37.46621],[126.95348,37.46622],[126.95347,37.46629],[126.95338,37.46631]]]}},{"type":"Feature","properties":{"valleyId":"gwanaksan","layer":"canopy","date":"2026-08-01"},"geometry":{"type":"Polygon","coordinates":[[[126.93824,37.46615],[126.93821,37.46611],[126.93806,37.46611],[126.93804,37.466],[126.9382,37.46601],[126.93822,37.46593],[126.93836,37.46594],[126.9384,37.46603],[126.93856,37.46605],[126.93855,37.4661],[126.93851,37.4661],[126.93849,37.46614],[126.93824,37.46615]]]}},{"type":"Feature","properties":{"valleyId":"gwanaksan","layer":"canopy","date":"2026-08-01"},"geometry":{"type":"Polygon","coordinates":[[[126.9532,37.46625],[126.9532,37.46619],[126.9533,37.4662],[126.95329,37.46625],[126.9532,37.46625]]]}},{"type":"Feature","properties":{"valleyId":"gwanaksan","layer":"canopy","date":"2026-08-01"},"geometry":{"type":"Polygon","coordinates":[[[126.93356,37.466],[126.93361,37.46584],[126.93368,37.46584],[126.9337,37.46593],[126.93365,37.466],[126.93356,37.466]]]}},{"type":"Feature","properties":{"valleyId":"gwanaksan","layer":"canopy","date":"2026-08-01"},"geometry":{"type":"Polygon","coordinates":[[[126.94023,37.46602],[126.94026,37.4659],[126.94035,37.4659],[126.94037,37.46599],[126.94023,37.46602]]]}},{"type":"Feature","properties":{"valleyId":"gwanaksan","layer":"canopy","date":"2026-08-01"},"geometry":{"type":"Polygon","coordinates":[[[126.93729,37.46595],[126.93727,37.46584],[126.93736,37.46585],[126.93738,37.46596],[126.93729,37.46595]]]}},{"type":"Feature","properties":{"valleyId":"gwanaksan","layer":"canopy","date":"2026-08-01"},"geometry":{"type":"Polygon","coordinates":[[[126.93103,37.46581],[126.93103,37.46572],[126.93119,37.46572],[126.93117,37.46579],[126.93103,37.46581]]]}},{"type":"Feature","properties":{"valleyId":"gwanaksan","layer":"canopy","date":"2026-08-01"},"geometry":{"type":"Polygon","coordinates":[[[126.94871,37.4668],[126.94867,37.46678],[126.94865,37.46666],[126.94856,37.46664],[126.94851,37.46658],[126.94848,37.46633],[126.94852,37.46631],[126.94859,37.46615],[126.94864,37.46613],[126.94869,37.46604],[126.94894,37.46603],[126.94894,37.46599],[126.949,37.466],[126.949,37.46607],[126.94911,37.46609],[126.94911,37.46623],[126.94945,37.46624],[126.94952,37.46629],[126.94951,37.46642],[126.94931,37.46642],[126.94931,37.46645],[126.94924,37.46645],[126.94924,37.46656],[126.94892,37.46655],[126.94892,37.46659],[126.94881,37.4666],[126.94881,37.46666],[126.94889,37.4667],[126.94889,37.46675],[126.94885,37.4668],[126.94871,37.4668]]]}},{"type":"Feature","properties":{"valleyId":"gwanaksan","layer":"canopy","date":"2026-08-01"},"geometry":{"type":"Polygon","coordinates":[[[126.95003,37.46663],[126.95001,37.4665],[126.95008,37.46646],[126.95009,37.46614],[126.95013,37.4661],[126.95013,37.46605],[126.95022,37.46603],[126.95025,37.466],[126.95047,37.46602],[126.9505,37.46606],[126.95061,37.46606],[126.95065,37.4661],[126.95086,37.46608],[126.95088,37.46612],[126.95097,37.46612],[126.95104,37.46607],[126.95129,37.46611],[126.95133,37.46605],[126.95151,37.46604],[126.95156,37.46611],[126.95169,37.46613],[126.95169,37.46628],[126.95162,37.46627],[126.9516,37.46624],[126.95146,37.46624],[126.95144,37.4662],[126.95103,37.46619],[126.95099,37.46626],[126.95051,37.46626],[126.95042,37.46633],[126.95039,37.46649],[126.95028,37.46649],[126.95021,37.46656],[126.95016,37.46656],[126.95014,37.46663],[126.95003,37.46663]]]}},{"type":"Feature","properties":{"valleyId":"gwanaksan","layer":"canopy","date":"2026-08-01"},"geometry":{"type":"Polygon","coordinates":[[[126.93277,37.46578],[126.93275,37.46569],[126.93296,37.46572],[126.93296,37.46577],[126.93277,37.46578]]]}},{"type":"Feature","properties":{"valleyId":"gwanaksan","layer":"canopy","date":"2026-08-01"},"geometry":{"type":"Polygon","coordinates":[[[126.9306,37.46573],[126.93054,37.46569],[126.93054,37.46564],[126.9307,37.46566],[126.9307,37.46571],[126.9306,37.46573]]]}},{"type":"Feature","properties":{"valleyId":"gwanaksan","layer":"canopy","date":"2026-08-01"},"geometry":{"type":"Polygon","coordinates":[[[126.94017,37.4659],[126.94015,37.4658],[126.94026,37.46581],[126.94026,37.4659],[126.94017,37.4659]]]}},{"type":"Feature","properties":{"valleyId":"gwanaksan","layer":"canopy","date":"2026-08-01"},"geometry":{"type":"Polygon","coordinates":[[[126.95436,37.46609],[126.95436,37.46602],[126.95443,37.46602],[126.95443,37.46609],[126.95436,37.46609]]]}},{"type":"Feature","properties":{"valleyId":"gwanaksan","layer":"canopy","date":"2026-08-01"},"geometry":{"type":"Polygon","coordinates":[[[126.95413,37.46614],[126.95414,37.46599],[126.95423,37.466],[126.95423,37.46607],[126.95434,37.46609],[126.95434,37.46614],[126.95413,37.46614]]]}},{"type":"Feature","properties":{"valleyId":"gwanaksan","layer":"canopy","date":"2026-08-01"},"geometry":{"type":"Polygon","coordinates":[[[126.93228,37.46574],[126.93228,37.46567],[126.93233,37.46561],[126.93248,37.46562],[126.93244,37.46574],[126.93228,37.46574]]]}},{"type":"Feature","properties":{"valleyId":"gwanaksan","layer":"canopy","date":"2026-08-01"},"geometry":{"type":"Polygon","coordinates":[[[126.94955,37.46599],[126.94955,37.46591],[126.94962,37.46592],[126.94962,37.46599],[126.94955,37.46599]]]}},{"type":"Feature","properties":{"valleyId":"gwanaksan","layer":"canopy","date":"2026-08-01"},"geometry":{"type":"Polygon","coordinates":[[[126.93212,37.46577],[126.93212,37.46566],[126.93196,37.46563],[126.93194,37.46555],[126.93219,37.46559],[126.93221,37.46577],[126.93212,37.46577]]]}},{"type":"Feature","properties":{"valleyId":"gwanaksan","layer":"canopy","date":"2026-08-01"},"geometry":{"type":"Polygon","coordinates":[[[126.93359,37.46582],[126.93352,37.46574],[126.93355,37.46558],[126.93359,37.46555],[126.9338,37.46559],[126.93375,37.46575],[126.93368,37.46576],[126.93366,37.46582],[126.93359,37.46582]]]}},{"type":"Feature","properties":{"valleyId":"gwanaksan","layer":"canopy","date":"2026-08-01"},"geometry":{"type":"Polygon","coordinates":[[[126.93072,37.46555],[126.93072,37.46548],[126.93079,37.46548],[126.93081,37.46555],[126.93072,37.46555]]]}},{"type":"Feature","properties":{"valleyId":"gwanaksan","layer":"canopy","date":"2026-08-01"},"geometry":{"type":"Polygon","coordinates":[[[126.95258,37.46593],[126.95256,37.46584],[126.95272,37.46583],[126.95272,37.46592],[126.95258,37.46593]]]}},{"type":"Feature","properties":{"valleyId":"gwanaksan","layer":"canopy","date":"2026-08-01"},"geometry":{"type":"Polygon","coordinates":[[[126.93256,37.46553],[126.93256,37.46547],[126.93262,37.46548],[126.93262,37.46553],[126.93256,37.46553]]]}},{"type":"Feature","properties":{"valleyId":"gwanaksan","layer":"canopy","date":"2026-08-01"},"geometry":{"type":"Polygon","coordinates":[[[126.95203,37.46599],[126.95188,37.46595],[126.95186,37.46588],[126.95217,37.46583],[126.9522,37.4658],[126.95242,37.46582],[126.9524,37.46591],[126.95203,37.46599]]]}},{"type":"Feature","properties":{"valleyId":"gwanaksan","layer":"canopy","date":"2026-08-01"},"geometry":{"type":"Polygon","coordinates":[[[126.95443,37.46598],[126.95443,37.46591],[126.95455,37.46589],[126.9546,37.4658],[126.95475,37.46581],[126.95473,37.4659],[126.95457,37.46593],[126.95457,37.46597],[126.95443,37.46598]]]}},{"type":"Feature","properties":{"valleyId":"gwanaksan","layer":"canopy","date":"2026-08-01"},"geometry":{"type":"Polygon","coordinates":[[[126.95107,37.46585],[126.95107,37.46578],[126.9512,37.46574],[126.95118,37.46583],[126.95107,37.46585]]]}},{"type":"Feature","properties":{"valleyId":"gwanaksan","layer":"canopy","date":"2026-08-01"},"geometry":{"type":"Polygon","coordinates":[[[126.93086,37.46543],[126.93086,37.46537],[126.93093,37.46537],[126.93093,37.46543],[126.93086,37.46543]]]}},{"type":"Feature","properties":{"valleyId":"gwanaksan","layer":"canopy","date":"2026-08-01"},"geometry":{"type":"Polygon","coordinates":[[[126.95041,37.46577],[126.95041,37.46571],[126.9505,37.46571],[126.9505,37.46577],[126.95041,37.46577]]]}},{"type":"Feature","properties":{"valleyId":"gwanaksan","layer":"canopy","date":"2026-08-01"},"geometry":{"type":"Polygon","coordinates":[[[126.93144,37.46576],[126.93144,37.46571],[126.9314,37.46569],[126.9314,37.46554],[126.93143,37.46549],[126.93152,37.46544],[126.93154,37.46537],[126.93161,37.46537],[126.93163,37.46544],[126.93158,37.46564],[126.93162,37.46566],[126.93162,37.46575],[126.93144,37.46576]]]}},{"type":"Feature","properties":{"valleyId":"gwanaksan","layer":"canopy","date":"2026-08-01"},"geometry":{"type":"Polygon","coordinates":[[[126.93251,37.4654],[126.93252,37.46529],[126.93263,37.46531],[126.93263,37.46537],[126.93258,37.4654],[126.93251,37.4654]]]}},{"type":"Feature","properties":{"valleyId":"gwanaksan","layer":"canopy","date":"2026-08-01"},"geometry":{"type":"Polygon","coordinates":[[[126.92854,37.46528],[126.92854,37.46522],[126.92861,37.46522],[126.9286,37.46528],[126.92854,37.46528]]]}},{"type":"Feature","properties":{"valleyId":"gwanaksan","layer":"canopy","date":"2026-08-01"},"geometry":{"type":"Polygon","coordinates":[[[126.94006,37.4655],[126.94004,37.46541],[126.94011,37.46541],[126.94016,37.46544],[126.94015,37.4655],[126.94006,37.4655]]]}},{"type":"Feature","properties":{"valleyId":"gwanaksan","layer":"canopy","date":"2026-08-01"},"geometry":{"type":"Polygon","coordinates":[[[126.93719,37.46556],[126.9371,37.4655],[126.93708,37.46535],[126.93717,37.46536],[126.93731,37.46545],[126.9373,37.46554],[126.93719,37.46556]]]}},{"type":"Feature","properties":{"valleyId":"gwanaksan","layer":"canopy","date":"2026-08-01"},"geometry":{"type":"Polygon","coordinates":[[[126.95283,37.46588],[126.95281,37.46575],[126.95277,37.46574],[126.95279,37.46561],[126.95286,37.46561],[126.95288,37.46574],[126.95295,37.46576],[126.95294,37.46588],[126.95283,37.46588]]]}},{"type":"Feature","properties":{"valleyId":"gwanaksan","layer":"canopy","date":"2026-08-01"},"geometry":{"type":"Polygon","coordinates":[[[126.93211,37.46536],[126.93202,37.46534],[126.93202,37.46528],[126.93207,37.46525],[126.93225,37.46527],[126.93222,37.46534],[126.93211,37.46536]]]}},{"type":"Feature","properties":{"valleyId":"gwanaksan","layer":"canopy","date":"2026-08-01"},"geometry":{"type":"Polygon","coordinates":[[[126.93295,37.46526],[126.93295,37.46521],[126.93302,37.46521],[126.93301,37.46527],[126.93295,37.46526]]]}},{"type":"Feature","properties":{"valleyId":"gwanaksan","layer":"canopy","date":"2026-08-01"},"geometry":{"type":"Polygon","coordinates":[[[126.9494,37.46562],[126.9494,37.46548],[126.94952,37.4655],[126.94954,37.46559],[126.94949,37.46563],[126.9494,37.46562]]]}},{"type":"Feature","properties":{"valleyId":"gwanaksan","layer":"canopy","date":"2026-08-01"},"geometry":{"type":"Polygon","coordinates":[[[126.93152,37.46531],[126.9315,37.46522],[126.93155,37.4652],[126.93155,37.46517],[126.93162,37.46517],[126.93163,37.4653],[126.93152,37.46531]]]}},{"type":"Feature","properties":{"valleyId":"gwanaksan","layer":"canopy","date":"2026-08-01"},"geometry":{"type":"Polygon","coordinates":[[[126.93229,37.46531],[126.93229,37.4652],[126.93238,37.46518],[126.93243,37.46531],[126.93229,37.46531]]]}},{"type":"Feature","properties":{"valleyId":"gwanaksan","layer":"canopy","date":"2026-08-01"},"geometry":{"type":"Polygon","coordinates":[[[126.93941,37.46538],[126.93939,37.46531],[126.93946,37.46531],[126.93948,37.46538],[126.93941,37.46538]]]}},{"type":"Feature","properties":{"valleyId":"gwanaksan","layer":"canopy","date":"2026-08-01"},"geometry":{"type":"Polygon","coordinates":[[[126.93087,37.46519],[126.93085,37.46512],[126.93096,37.4651],[126.93098,37.46518],[126.93087,37.46519]]]}},{"type":"Feature","properties":{"valleyId":"gwanaksan","layer":"canopy","date":"2026-08-01"},"geometry":{"type":"Polygon","coordinates":[[[126.93179,37.46524],[126.93178,37.4651],[126.93191,37.46508],[126.93186,37.46525],[126.93179,37.46524]]]}},{"type":"Feature","properties":{"valleyId":"gwanaksan","layer":"canopy","date":"2026-08-01"},"geometry":{"type":"Polygon","coordinates":[[[126.93234,37.46515],[126.93234,37.46509],[126.93241,37.46509],[126.93241,37.46515],[126.93234,37.46515]]]}},{"type":"Feature","properties":{"valleyId":"gwanaksan","layer":"canopy","date":"2026-08-01"},"geometry":{"type":"Polygon","coordinates":[[[126.93602,37.46517],[126.93603,37.46512],[126.93609,37.46512],[126.93609,37.46518],[126.93602,37.46517]]]}},{"type":"Feature","properties":{"valleyId":"gwanaksan","layer":"canopy","date":"2026-08-01"},"geometry":{"type":"Polygon","coordinates":[[[126.93928,37.46525],[126.93921,37.46519],[126.93921,37.46514],[126.93939,37.46516],[126.93939,37.46525],[126.93928,37.46525]]]}},{"type":"Feature","properties":{"valleyId":"gwanaksan","layer":"canopy","date":"2026-08-01"},"geometry":{"type":"Polygon","coordinates":[[[126.93252,37.46504],[126.93252,37.46499],[126.93259,37.46499],[126.93259,37.46504],[126.93252,37.46504]]]}},{"type":"Feature","properties":{"valleyId":"gwanaksan","layer":"canopy","date":"2026-08-01"},"geometry":{"type":"Polygon","coordinates":[[[126.93625,37.46507],[126.93626,37.46502],[126.93635,37.46502],[126.93634,37.46507],[126.93625,37.46507]]]}},{"type":"Feature","properties":{"valleyId":"gwanaksan","layer":"canopy","date":"2026-08-01"},"geometry":{"type":"Polygon","coordinates":[[[126.93908,37.46512],[126.93908,37.46507],[126.93915,37.46507],[126.93915,37.46512],[126.93908,37.46512]]]}},{"type":"Feature","properties":{"valleyId":"gwanaksan","layer":"canopy","date":"2026-08-01"},"geometry":{"type":"Polygon","coordinates":[[[126.93113,37.46559],[126.93111,37.46552],[126.93095,37.4655],[126.93095,37.46541],[126.93116,37.46541],[126.93111,37.4653],[126.93114,37.46511],[126.93105,37.46509],[126.93105,37.46502],[126.9311,37.46502],[126.93108,37.46491],[126.93117,37.46491],[126.93119,37.46498],[126.93126,37.465],[126.93123,37.4652],[126.9313,37.46525],[126.93129,37.46542],[126.93118,37.46547],[126.9312,37.46559],[126.93113,37.46559]]]}},{"type":"Feature","properties":{"valleyId":"gwanaksan","layer":"canopy","date":"2026-08-01"},"geometry":{"type":"Polygon","coordinates":[[[126.95112,37.46569],[126.95112,37.46546],[126.95105,37.46544],[126.95101,37.46533],[126.95106,37.46531],[126.95111,37.46522],[126.95117,37.46522],[126.95119,37.46546],[126.95123,37.46548],[126.95125,37.46557],[126.95121,37.46562],[126.95121,37.46569],[126.95112,37.46569]]]}},{"type":"Feature","properties":{"valleyId":"gwanaksan","layer":"canopy","date":"2026-08-01"},"geometry":{"type":"Polygon","coordinates":[[[126.9375,37.46506],[126.9375,37.46498],[126.93757,37.46498],[126.93757,37.46506],[126.9375,37.46506]]]}},{"type":"Feature","properties":{"valleyId":"gwanaksan","layer":"canopy","date":"2026-08-01"},"geometry":{"type":"Polygon","coordinates":[[[126.9394,37.46509],[126.93938,37.46502],[126.93947,37.46502],[126.93946,37.46509],[126.9394,37.46509]]]}},{"type":"Feature","properties":{"valleyId":"gwanaksan","layer":"canopy","date":"2026-08-01"},"geometry":{"type":"Polygon","coordinates":[[[126.95494,37.46559],[126.95497,37.46545],[126.95488,37.46538],[126.95488,37.46532],[126.95497,37.46532],[126.95504,37.46527],[126.95511,37.46527],[126.95508,37.46556],[126.95505,37.4656],[126.95494,37.46559]]]}},{"type":"Feature","properties":{"valleyId":"gwanaksan","layer":"canopy","date":"2026-08-01"},"geometry":{"type":"Polygon","coordinates":[[[126.93237,37.46504],[126.93232,37.465],[126.93232,37.46486],[126.93239,37.46486],[126.93239,37.46491],[126.93248,37.46497],[126.93248,37.46502],[126.93237,37.46504]]]}},{"type":"Feature","properties":{"valleyId":"gwanaksan","layer":"canopy","date":"2026-08-01"},"geometry":{"type":"Polygon","coordinates":[[[126.93888,37.46504],[126.93888,37.46497],[126.93895,37.46497],[126.93897,37.46505],[126.93888,37.46504]]]}},{"type":"Feature","properties":{"valleyId":"gwanaksan","layer":"canopy","date":"2026-08-01"},"geometry":{"type":"Polygon","coordinates":[[[126.95159,37.46586],[126.95161,37.46566],[126.9515,37.46566],[126.95141,37.4656],[126.9514,37.46537],[126.95158,37.4653],[126.95163,37.46523],[126.95172,37.46523],[126.95174,37.46516],[126.95183,37.46516],[126.95183,37.46525],[126.95172,37.46525],[126.95171,37.46548],[126.95166,37.46564],[126.95173,37.46568],[126.95172,37.46577],[126.95165,37.46582],[126.95165,37.46586],[126.95159,37.46586]]]}},{"type":"Feature","properties":{"valleyId":"gwanaksan","layer":"canopy","date":"2026-08-01"},"geometry":{"type":"Polygon","coordinates":[[[126.93187,37.46507],[126.93187,37.46503],[126.93182,37.46501],[126.93183,37.46483],[126.93192,37.46481],[126.93193,37.46507],[126.93187,37.46507]]]}},{"type":"Feature","properties":{"valleyId":"gwanaksan","layer":"canopy","date":"2026-08-01"},"geometry":{"type":"Polygon","coordinates":[[[126.92843,37.46603],[126.92838,37.46601],[126.92841,37.46589],[126.92825,37.46587],[126.92818,37.46581],[126.92821,37.46569],[126.92816,37.46569],[126.9281,37.46559],[126.92806,37.46534],[126.92807,37.46514],[126.92816,37.46514],[126.92823,37.46504],[126.92827,37.46504],[126.9283,37.46498],[126.92834,37.46499],[126.92834,37.46493],[126.9283,37.46493],[126.92828,37.46484],[126.9283,37.46475],[126.92839,37.46475],[126.92839,37.46488],[126.92843,37.46488],[126.9285,37.46495],[126.92857,37.46497],[126.92857,37.46504],[126.92852,37.46506],[126.92852,37.46517],[126.92838,37.46518],[126.92831,37.46526],[126.92831,37.46538],[126.92844,37.46542],[126.92847,37.46537],[126.9286,37.46537],[126.9286,37.4653],[126.92872,37.4653],[126.92871,37.46559],[126.92873,37.46562],[126.92889,37.46563],[126.92898,37.46579],[126.92902,37.46581],[126.92902,37.46586],[126.92897,37.4659],[126.9287,37.46591],[126.92863,37.46593],[126.92861,37.46604],[126.92843,37.46603]]]}},{"type":"Feature","properties":{"valleyId":"gwanaksan","layer":"canopy","date":"2026-08-01"},"geometry":{"type":"Polygon","coordinates":[[[126.93153,37.46497],[126.93156,37.46477],[126.93163,37.46477],[126.93167,37.46495],[126.93153,37.46497]]]}},{"type":"Feature","properties":{"valleyId":"gwanaksan","layer":"canopy","date":"2026-08-01"},"geometry":{"type":"Polygon","coordinates":[[[126.93277,37.46503],[126.93271,37.46483],[126.93278,37.46478],[126.93298,37.46478],[126.93298,37.46485],[126.93282,37.46485],[126.93282,37.46496],[126.93286,37.46497],[126.93286,37.46503],[126.93277,37.46503]]]}},{"type":"Feature","properties":{"valleyId":"gwanaksan","layer":"canopy","date":"2026-08-01"},"geometry":{"type":"Polygon","coordinates":[[[126.9514,37.46514],[126.95138,37.46506],[126.95141,37.46503],[126.95147,37.46503],[126.95147,37.46514],[126.9514,37.46514]]]}},{"type":"Feature","properties":{"valleyId":"gwanaksan","layer":"canopy","date":"2026-08-01"},"geometry":{"type":"Polygon","coordinates":[[[126.95181,37.46511],[126.95181,37.46505],[126.9519,37.46504],[126.9519,37.46509],[126.95181,37.46511]]]}},{"type":"Feature","properties":{"valleyId":"gwanaksan","layer":"canopy","date":"2026-08-01"},"geometry":{"type":"Polygon","coordinates":[[[126.9526,37.4651],[126.95263,37.46499],[126.95272,37.465],[126.95276,37.46503],[126.95274,37.4651],[126.9526,37.4651]]]}},{"type":"Feature","properties":{"valleyId":"gwanaksan","layer":"canopy","date":"2026-08-01"},"geometry":{"type":"Polygon","coordinates":[[[126.93877,37.46486],[126.93875,37.46475],[126.93889,37.46476],[126.93888,37.46485],[126.93877,37.46486]]]}},{"type":"Feature","properties":{"valleyId":"gwanaksan","layer":"canopy","date":"2026-08-01"},"geometry":{"type":"Polygon","coordinates":[[[126.93895,37.46477],[126.93895,37.46472],[126.93904,37.46472],[126.93904,37.46478],[126.93895,37.46477]]]}},{"type":"Feature","properties":{"valleyId":"gwanaksan","layer":"canopy","date":"2026-08-01"},"geometry":{"type":"Polygon","coordinates":[[[126.95204,37.46502],[126.95204,37.46493],[126.95211,37.46493],[126.95211,37.46502],[126.95204,37.46502]]]}},{"type":"Feature","properties":{"valleyId":"gwanaksan","layer":"canopy","date":"2026-08-01"},"geometry":{"type":"Polygon","coordinates":[[[126.95498,37.46504],[126.95498,37.46498],[126.95505,37.46498],[126.95505,37.46504],[126.95498,37.46504]]]}},{"type":"Feature","properties":{"valleyId":"gwanaksan","layer":"canopy","date":"2026-08-01"},"geometry":{"type":"Polygon","coordinates":[[[126.93279,37.46452],[126.93279,37.46443],[126.93286,37.46443],[126.93285,37.46452],[126.93279,37.46452]]]}},{"type":"Feature","properties":{"valleyId":"gwanaksan","layer":"canopy","date":"2026-08-01"},"geometry":{"type":"Polygon","coordinates":[[[126.95424,37.46486],[126.95424,37.46479],[126.95431,37.46479],[126.9543,37.46486],[126.95424,37.46486]]]}},{"type":"Feature","properties":{"valleyId":"gwanaksan","layer":"canopy","date":"2026-08-01"},"geometry":{"type":"Polygon","coordinates":[[[126.94841,37.46474],[126.94841,37.46469],[126.94847,37.46469],[126.94847,37.46474],[126.94841,37.46474]]]}},{"type":"Feature","properties":{"valleyId":"gwanaksan","layer":"canopy","date":"2026-08-01"},"geometry":{"type":"Polygon","coordinates":[[[126.94897,37.46473],[126.94897,37.46468],[126.94904,37.46468],[126.94904,37.46473],[126.94897,37.46473]]]}},{"type":"Feature","properties":{"valleyId":"gwanaksan","layer":"canopy","date":"2026-08-01"},"geometry":{"type":"Polygon","coordinates":[[[126.95822,37.46488],[126.95824,37.4648],[126.95838,37.46481],[126.95837,37.46486],[126.95822,37.46488]]]}},{"type":"Feature","properties":{"valleyId":"gwanaksan","layer":"canopy","date":"2026-08-01"},"geometry":{"type":"Polygon","coordinates":[[[126.95903,37.46489],[126.95896,37.46487],[126.95896,37.46482],[126.9591,37.46484],[126.9591,37.46489],[126.95903,37.46489]]]}},{"type":"Feature","properties":{"valleyId":"gwanaksan","layer":"canopy","date":"2026-08-01"},"geometry":{"type":"Polygon","coordinates":[[[126.95141,37.46487],[126.95139,37.46467],[126.95148,37.46467],[126.95148,37.4647],[126.95155,37.46476],[126.95155,37.46483],[126.95141,37.46487]]]}},{"type":"Feature","properties":{"valleyId":"gwanaksan","layer":"canopy","date":"2026-08-01"},"geometry":{"type":"Polygon","coordinates":[[[126.9322,37.4644],[126.93207,37.46438],[126.93207,37.46431],[126.93225,37.46433],[126.93227,37.46441],[126.9322,37.4644]]]}},{"type":"Feature","properties":{"valleyId":"gwanaksan","layer":"canopy","date":"2026-08-01"},"geometry":{"type":"Polygon","coordinates":[[[126.95281,37.46475],[126.95282,37.46467],[126.95295,37.46469],[126.95295,37.46475],[126.95281,37.46475]]]}},{"type":"Feature","properties":{"valleyId":"gwanaksan","layer":"canopy","date":"2026-08-01"},"geometry":{"type":"Polygon","coordinates":[[[126.95876,37.46483],[126.95874,37.46476],[126.95887,37.46478],[126.95887,37.46483],[126.95876,37.46483]]]}},{"type":"Feature","properties":{"valleyId":"gwanaksan","layer":"canopy","date":"2026-08-01"},"geometry":{"type":"Polygon","coordinates":[[[126.938,37.46503],[126.93795,37.46494],[126.93782,37.46486],[126.93782,37.46481],[126.93789,37.46477],[126.93792,37.46467],[126.93792,37.46461],[126.93787,37.46458],[126.93788,37.46445],[126.93794,37.46445],[126.93799,37.46436],[126.93808,37.46436],[126.93819,37.46438],[126.93819,37.46449],[126.93812,37.46451],[126.93805,37.46458],[126.93802,37.46483],[126.93809,37.46485],[126.93809,37.46503],[126.938,37.46503]]]}},{"type":"Feature","properties":{"valleyId":"gwanaksan","layer":"canopy","date":"2026-08-01"},"geometry":{"type":"Polygon","coordinates":[[[126.93295,37.46433],[126.93298,37.46422],[126.93304,37.46422],[126.93304,37.46433],[126.93295,37.46433]]]}},{"type":"Feature","properties":{"valleyId":"gwanaksan","layer":"canopy","date":"2026-08-01"},"geometry":{"type":"Polygon","coordinates":[[[126.93241,37.46426],[126.93239,37.46416],[126.9325,37.46416],[126.9325,37.46427],[126.93241,37.46426]]]}},{"type":"Feature","properties":{"valleyId":"gwanaksan","layer":"canopy","date":"2026-08-01"},"geometry":{"type":"Polygon","coordinates":[[[126.93716,37.46433],[126.93716,37.46424],[126.93725,37.46424],[126.93725,37.46431],[126.93716,37.46433]]]}},{"type":"Feature","properties":{"valleyId":"gwanaksan","layer":"canopy","date":"2026-08-01"},"geometry":{"type":"Polygon","coordinates":[[[126.93817,37.46436],[126.9382,37.46422],[126.93834,37.46421],[126.93831,37.46431],[126.93826,37.46431],[126.93824,37.46437],[126.93817,37.46436]]]}},{"type":"Feature","properties":{"valleyId":"gwanaksan","layer":"canopy","date":"2026-08-01"},"geometry":{"type":"Polygon","coordinates":[[[126.94834,37.46454],[126.94819,37.46452],[126.94819,37.46445],[126.94832,37.46447],[126.94837,37.4644],[126.94846,37.46438],[126.94846,37.46435],[126.94855,37.46435],[126.94855,37.46442],[126.94846,37.46444],[126.94846,37.46451],[126.94841,37.46454],[126.94834,37.46454]]]}},{"type":"Feature","properties":{"valleyId":"gwanaksan","layer":"canopy","date":"2026-08-01"},"geometry":{"type":"Polygon","coordinates":[[[126.95361,37.46454],[126.95361,37.46451],[126.95357,37.46449],[126.95357,37.46442],[126.95368,37.46444],[126.95368,37.46454],[126.95361,37.46454]]]}},{"type":"Feature","properties":{"valleyId":"gwanaksan","layer":"canopy","date":"2026-08-01"},"geometry":{"type":"Polygon","coordinates":[[[126.95142,37.46451],[126.95142,37.4644],[126.95156,37.46436],[126.9516,37.46451],[126.95142,37.46451]]]}},{"type":"Feature","properties":{"valleyId":"gwanaksan","layer":"canopy","date":"2026-08-01"},"geometry":{"type":"Polygon","coordinates":[[[126.92867,37.46445],[126.9287,37.46431],[126.92865,37.46431],[126.92859,37.46425],[126.92857,37.46412],[126.92878,37.46393],[126.92885,37.46393],[126.92887,37.46397],[126.92903,37.46395],[126.929,37.46408],[126.92904,37.4641],[126.9292,37.46408],[126.9293,37.46399],[126.92948,37.46401],[126.92945,37.46416],[126.9294,37.46418],[126.9294,37.46425],[126.92947,37.46428],[126.92947,37.46437],[126.92881,37.46436],[126.92881,37.46445],[126.92867,37.46445]]]}},{"type":"Feature","properties":{"valleyId":"gwanaksan","layer":"canopy","date":"2026-08-01"},"geometry":{"type":"Polygon","coordinates":[[[126.94837,37.46433],[126.94837,37.46427],[126.94844,37.46427],[126.94844,37.46433],[126.94837,37.46433]]]}},{"type":"Feature","properties":{"valleyId":"gwanaksan","layer":"canopy","date":"2026-08-01"},"geometry":{"type":"Polygon","coordinates":[[[126.93262,37.46403],[126.93262,37.46398],[126.93269,37.46398],[126.93269,37.46403],[126.93262,37.46403]]]}},{"type":"Feature","properties":{"valleyId":"gwanaksan","layer":"canopy","date":"2026-08-01"},"geometry":{"type":"Polygon","coordinates":[[[126.9517,37.46435],[126.9517,37.46429],[126.95176,37.46429],[126.95176,37.46435],[126.9517,37.46435]]]}},{"type":"Feature","properties":{"valleyId":"gwanaksan","layer":"canopy","date":"2026-08-01"},"geometry":{"type":"Polygon","coordinates":[[[126.93198,37.46413],[126.93194,37.46409],[126.93194,37.464],[126.93199,37.46397],[126.93203,37.46397],[126.93206,37.46393],[126.93224,37.46395],[126.93221,37.46406],[126.93214,37.46412],[126.93198,37.46413]]]}},{"type":"Feature","properties":{"valleyId":"gwanaksan","layer":"canopy","date":"2026-08-01"},"geometry":{"type":"Polygon","coordinates":[[[126.95859,37.4645],[126.95859,37.46443],[126.95868,37.46436],[126.95886,37.4644],[126.95886,37.46445],[126.95872,37.46451],[126.95859,37.4645]]]}},{"type":"Feature","properties":{"valleyId":"gwanaksan","layer":"canopy","date":"2026-08-01"},"geometry":{"type":"Polygon","coordinates":[[[126.95131,37.46425],[126.95132,37.46418],[126.95141,37.46416],[126.9514,37.46423],[126.95131,37.46425]]]}},{"type":"Feature","properties":{"valleyId":"gwanaksan","layer":"canopy","date":"2026-08-01"},"geometry":{"type":"Polygon","coordinates":[[[126.955,37.46426],[126.95502,37.46419],[126.95514,37.46419],[126.95511,37.46426],[126.955,37.46426]]]}},{"type":"Feature","properties":{"valleyId":"gwanaksan","layer":"canopy","date":"2026-08-01"},"geometry":{"type":"Polygon","coordinates":[[[126.94899,37.46412],[126.94899,37.46407],[126.94906,37.46407],[126.94906,37.46412],[126.94899,37.46412]]]}},{"type":"Feature","properties":{"valleyId":"gwanaksan","layer":"canopy","date":"2026-08-01"},"geometry":{"type":"Polygon","coordinates":[[[126.93169,37.46396],[126.93165,37.46393],[126.9317,37.46376],[126.93175,37.46371],[126.93181,37.46371],[126.93181,37.46393],[126.93176,37.46396],[126.93169,37.46396]]]}},{"type":"Feature","properties":{"valleyId":"gwanaksan","layer":"canopy","date":"2026-08-01"},"geometry":{"type":"Polygon","coordinates":[[[126.95496,37.46412],[126.95496,37.46406],[126.95505,37.46405],[126.95505,37.4641],[126.95496,37.46412]]]}},{"type":"Feature","properties":{"valleyId":"gwanaksan","layer":"canopy","date":"2026-08-01"},"geometry":{"type":"Polygon","coordinates":[[[126.92903,37.46383],[126.92903,37.46377],[126.92908,37.46377],[126.92924,37.46367],[126.92958,37.46355],[126.92967,37.46355],[126.92967,37.46364],[126.9296,37.46369],[126.9296,37.46373],[126.92944,37.46373],[126.92942,37.46376],[126.92926,37.46378],[126.92921,37.46383],[126.92903,37.46383]]]}},{"type":"Feature","properties":{"valleyId":"gwanaksan","layer":"canopy","date":"2026-08-01"},"geometry":{"type":"Polygon","coordinates":[[[126.95875,37.46422],[126.95871,37.46416],[126.95864,37.46414],[126.95865,37.46404],[126.95876,37.46404],[126.95891,37.46417],[126.95891,37.46422],[126.95875,37.46422]]]}},{"type":"Feature","properties":{"valleyId":"gwanaksan","layer":"canopy","date":"2026-08-01"},"geometry":{"type":"Polygon","coordinates":[[[126.93061,37.46405],[126.93059,37.46391],[126.93063,37.46387],[126.93072,37.46387],[126.93077,37.46369],[126.93064,37.46367],[126.93059,37.46364],[126.9306,37.46358],[126.93067,37.46351],[126.9308,37.46351],[126.93089,37.46361],[126.93098,37.46361],[126.93098,37.46366],[126.93089,37.46371],[126.93088,37.4638],[126.93079,37.46391],[126.93079,37.46402],[126.93074,37.46405],[126.93061,37.46405]]]}},{"type":"Feature","properties":{"valleyId":"gwanaksan","layer":"canopy","date":"2026-08-01"},"geometry":{"type":"Polygon","coordinates":[[[126.95444,37.46402],[126.95442,37.46394],[126.95447,37.46391],[126.9546,37.46391],[126.95463,37.46386],[126.95469,37.46386],[126.95469,37.46395],[126.9546,37.46395],[126.95455,37.46402],[126.95444,37.46402]]]}},{"type":"Feature","properties":{"valleyId":"gwanaksan","layer":"canopy","date":"2026-08-01"},"geometry":{"type":"Polygon","coordinates":[[[126.94969,37.46392],[126.9497,37.46384],[126.94974,37.46379],[126.94979,37.46379],[126.94981,37.46376],[126.94995,37.46378],[126.94992,37.46387],[126.94988,37.46387],[126.94983,37.46392],[126.94969,37.46392]]]}},{"type":"Feature","properties":{"valleyId":"gwanaksan","layer":"canopy","date":"2026-08-01"},"geometry":{"type":"Polygon","coordinates":[[[126.9318,37.46353],[126.93178,37.46342],[126.93189,37.46343],[126.93189,37.46353],[126.9318,37.46353]]]}},{"type":"Feature","properties":{"valleyId":"gwanaksan","layer":"canopy","date":"2026-08-01"},"geometry":{"type":"Polygon","coordinates":[[[126.95984,37.46436],[126.95981,37.46429],[126.95993,37.46429],[126.95998,37.46393],[126.96005,37.4639],[126.96008,37.46384],[126.9603,37.46387],[126.96028,37.46397],[126.96004,37.46429],[126.95997,37.46433],[126.95997,37.46436],[126.95984,37.46436]]]}},{"type":"Feature","properties":{"valleyId":"gwanaksan","layer":"canopy","date":"2026-08-01"},"geometry":{"type":"Polygon","coordinates":[[[126.95269,37.4644],[126.9526,37.46435],[126.95256,37.46422],[126.95249,37.46418],[126.95236,37.46418],[126.95231,37.46421],[126.9522,37.46421],[126.95206,37.46426],[126.9519,37.46424],[126.9519,37.46417],[126.95179,37.46413],[126.95179,37.46406],[126.95196,37.4637],[126.95205,37.46367],[126.95219,37.46367],[126.95223,37.46369],[126.95225,37.46378],[126.95268,37.46379],[126.95275,37.46384],[126.95279,37.46384],[126.95279,37.4639],[126.95275,37.46392],[126.95275,37.46395],[126.95268,37.46395],[126.95268,37.464],[126.9527,37.46406],[126.95285,37.46419],[126.95285,37.4644],[126.95269,37.4644]],[[126.95204,37.4641],[126.95213,37.4641],[126.95213,37.46403],[126.95207,37.46403],[126.95204,37.4641]],[[126.95248,37.46393],[126.95254,37.46393],[126.95254,37.46388],[126.95248,37.46387],[126.95248,37.46393]]]}},{"type":"Feature","properties":{"valleyId":"gwanaksan","layer":"canopy","date":"2026-08-01"},"geometry":{"type":"Polygon","coordinates":[[[126.94871,37.46366],[126.94871,37.46361],[126.94878,37.46361],[126.94877,37.46367],[126.94871,37.46366]]]}},{"type":"Feature","properties":{"valleyId":"gwanaksan","layer":"canopy","date":"2026-08-01"},"geometry":{"type":"Polygon","coordinates":[[[126.93268,37.46339],[126.93266,37.46331],[126.93277,37.46332],[126.93277,37.46339],[126.93268,37.46339]]]}},{"type":"Feature","properties":{"valleyId":"gwanaksan","layer":"canopy","date":"2026-08-01"},"geometry":{"type":"Polygon","coordinates":[[[126.95174,37.4637],[126.95174,37.46365],[126.9518,37.46365],[126.9518,37.4637],[126.95174,37.4637]]]}},{"type":"Feature","properties":{"valleyId":"gwanaksan","layer":"canopy","date":"2026-08-01"},"geometry":{"type":"Polygon","coordinates":[[[126.95386,37.46375],[126.95384,37.46363],[126.954,37.46363],[126.95402,37.46374],[126.95386,37.46375]]]}},{"type":"Feature","properties":{"valleyId":"gwanaksan","layer":"canopy","date":"2026-08-01"},"geometry":{"type":"Polygon","coordinates":[[[126.95053,37.46397],[126.95046,37.46391],[126.95047,37.46382],[126.95031,37.46385],[126.95024,37.46384],[126.95015,37.46374],[126.9502,37.4636],[126.95031,37.46357],[126.95032,37.46353],[126.95036,37.46351],[126.95047,37.46352],[126.95049,37.46368],[126.95056,37.4637],[126.95056,37.46386],[126.95062,37.4639],[126.95062,37.46397],[126.95053,37.46397]]]}},{"type":"Feature","properties":{"valleyId":"gwanaksan","layer":"canopy","date":"2026-08-01"},"geometry":{"type":"Polygon","coordinates":[[[126.95897,37.46446],[126.95897,37.4644],[126.95902,37.4644],[126.95911,37.46433],[126.95911,37.46424],[126.95925,37.46419],[126.95926,37.46403],[126.95919,37.46401],[126.95919,37.46383],[126.95924,37.46379],[126.95924,37.46374],[126.9592,37.46374],[126.9592,37.46367],[126.95931,37.46369],[126.95931,37.46374],[126.9594,37.4638],[126.95965,37.46382],[126.95964,37.46389],[126.95951,37.46396],[126.9595,37.46403],[126.95946,37.46403],[126.95946,37.46407],[126.95941,37.46408],[126.95939,37.46423],[126.9592,37.46432],[126.9592,37.46437],[126.95913,37.46444],[126.95897,37.46446]]]}},{"type":"Feature","properties":{"valleyId":"gwanaksan","layer":"canopy","date":"2026-08-01"},"geometry":{"type":"Polygon","coordinates":[[[126.95368,37.46362],[126.95368,37.46357],[126.95375,37.46357],[126.95375,37.46363],[126.95368,37.46362]]]}},{"type":"Feature","properties":{"valleyId":"gwanaksan","layer":"canopy","date":"2026-08-01"},"geometry":{"type":"Polygon","coordinates":[[[126.93189,37.46328],[126.93185,37.46321],[126.93185,37.46312],[126.93192,37.46312],[126.93196,37.46316],[126.93196,37.46328],[126.93189,37.46328]]]}},{"type":"Feature","properties":{"valleyId":"gwanaksan","layer":"canopy","date":"2026-08-01"},"geometry":{"type":"Polygon","coordinates":[[[126.95201,37.46358],[126.95199,37.46349],[126.95213,37.46347],[126.95215,37.46356],[126.95201,37.46358]]]}},{"type":"Feature","properties":{"valleyId":"gwanaksan","layer":"canopy","date":"2026-08-01"},"geometry":{"type":"Polygon","coordinates":[[[126.93124,37.46336],[126.93112,37.46329],[126.93113,37.46323],[126.93119,37.4632],[126.9312,37.46307],[126.93127,37.46307],[126.93135,37.46316],[126.93147,37.46317],[126.93146,37.46327],[126.9314,37.46331],[126.9313,37.46331],[126.9313,37.46336],[126.93124,37.46336]]]}},{"type":"Feature","properties":{"valleyId":"gwanaksan","layer":"canopy","date":"2026-08-01"},"geometry":{"type":"Polygon","coordinates":[[[126.93091,37.46303],[126.93091,37.46296],[126.93098,37.46296],[126.93097,37.46303],[126.93091,37.46303]]]}},{"type":"Feature","properties":{"valleyId":"gwanaksan","layer":"canopy","date":"2026-08-01"},"geometry":{"type":"Polygon","coordinates":[[[126.9484,37.4642],[126.94838,37.46411],[126.94845,37.46411],[126.94845,37.46406],[126.9484,37.46406],[126.94836,37.46393],[126.94846,37.46366],[126.94828,37.46368],[126.94828,37.46355],[126.9483,37.46351],[126.94848,37.46353],[126.94855,37.46348],[126.94856,37.46339],[126.9486,37.46332],[126.94869,37.4633],[126.94876,37.46323],[126.94883,37.46323],[126.94883,37.46331],[126.94876,37.46332],[126.9488,37.46349],[126.94871,37.46354],[126.94871,37.46359],[126.94862,37.46361],[126.94864,37.46375],[126.9487,37.46375],[126.9487,37.46385],[126.94866,37.46388],[126.94865,37.46402],[126.94861,37.46402],[126.94856,37.46409],[126.94849,37.46411],[126.94847,37.4642],[126.9484,37.4642]]]}},{"type":"Feature","properties":{"valleyId":"gwanaksan","layer":"canopy","date":"2026-08-01"},"geometry":{"type":"Polygon","coordinates":[[[126.95125,37.46337],[126.95125,37.46329],[126.95129,37.4633],[126.95132,37.46326],[126.95141,37.46326],[126.95141,37.46333],[126.95136,37.46337],[126.95125,37.46337]]]}},{"type":"Feature","properties":{"valleyId":"gwanaksan","layer":"canopy","date":"2026-08-01"},"geometry":{"type":"Polygon","coordinates":[[[126.95882,37.46343],[126.95882,37.46337],[126.95889,37.46337],[126.95889,37.46343],[126.95882,37.46343]]]}},{"type":"Feature","properties":{"valleyId":"gwanaksan","layer":"canopy","date":"2026-08-01"},"geometry":{"type":"Polygon","coordinates":[[[126.95161,37.46332],[126.95161,37.46326],[126.95166,37.46327],[126.95166,37.46318],[126.9518,37.46316],[126.95179,37.46323],[126.95175,37.46327],[126.95168,37.46327],[126.95168,37.46332],[126.95161,37.46332]]]}},{"type":"Feature","properties":{"valleyId":"gwanaksan","layer":"canopy","date":"2026-08-01"},"geometry":{"type":"Polygon","coordinates":[[[126.95324,37.46336],[126.95324,37.46318],[126.9534,37.46321],[126.95344,37.46324],[126.95344,37.4633],[126.9534,37.4633],[126.9533,37.46337],[126.95324,37.46336]]]}},{"type":"Feature","properties":{"valleyId":"gwanaksan","layer":"canopy","date":"2026-08-01"},"geometry":{"type":"Polygon","coordinates":[[[126.94913,37.46319],[126.94913,37.4631],[126.94918,37.46306],[126.94927,37.46306],[126.94926,37.46315],[126.94922,37.46319],[126.94913,37.46319]]]}},{"type":"Feature","properties":{"valleyId":"gwanaksan","layer":"canopy","date":"2026-08-01"},"geometry":{"type":"Polygon","coordinates":[[[126.95073,37.46314],[126.95071,37.46307],[126.95096,37.46306],[126.95094,37.46314],[126.95073,37.46314]]]}},{"type":"Feature","properties":{"valleyId":"gwanaksan","layer":"canopy","date":"2026-08-01"},"geometry":{"type":"Polygon","coordinates":[[[126.95292,37.46347],[126.9529,37.46343],[126.95278,37.46343],[126.95274,37.46339],[126.95277,37.46321],[126.95259,37.46319],[126.95257,37.46306],[126.95288,37.46311],[126.95293,37.46316],[126.95299,37.46316],[126.953,37.46311],[126.95311,37.46313],[126.95308,37.46322],[126.95301,37.46323],[126.95303,37.46342],[126.95299,37.46343],[126.95299,37.46347],[126.95292,37.46347]]]}},{"type":"Feature","properties":{"valleyId":"gwanaksan","layer":"canopy","date":"2026-08-01"},"geometry":{"type":"Polygon","coordinates":[[[126.9197,37.46265],[126.91968,37.46263],[126.91966,37.46244],[126.91973,37.46244],[126.91977,37.46247],[126.91977,37.46265],[126.9197,37.46265]]]}},{"type":"Feature","properties":{"valleyId":"gwanaksan","layer":"canopy","date":"2026-08-01"},"geometry":{"type":"Polygon","coordinates":[[[126.95456,37.4638],[126.95454,37.46369],[126.95468,37.46368],[126.95468,37.46361],[126.95463,37.46355],[126.95457,37.46353],[126.95457,37.46348],[126.9545,37.46346],[126.95444,37.46331],[126.95444,37.46322],[126.95439,37.46322],[126.9544,37.46315],[126.95451,37.4631],[126.95454,37.46303],[126.9546,37.46303],[126.9546,37.46328],[126.95466,37.46328],[126.95471,37.46332],[126.95473,37.46348],[126.95484,37.46354],[126.95481,37.46364],[126.95486,37.46366],[126.95485,37.46374],[126.95481,37.46377],[126.95456,37.4638]]]}},{"type":"Feature","properties":{"valleyId":"gwanaksan","layer":"canopy","date":"2026-08-01"},"geometry":{"type":"Polygon","coordinates":[[[126.94766,37.46296],[126.94767,37.46285],[126.94776,37.46286],[126.94782,37.46289],[126.94782,37.46296],[126.94766,37.46296]]]}},{"type":"Feature","properties":{"valleyId":"gwanaksan","layer":"canopy","date":"2026-08-01"},"geometry":{"type":"Polygon","coordinates":[[[126.94946,37.46323],[126.94947,37.46317],[126.94953,37.46317],[126.94954,37.46303],[126.94938,37.46301],[126.94936,37.46306],[126.94929,37.46306],[126.94931,37.46295],[126.94938,37.46288],[126.94954,37.46287],[126.94954,37.46283],[126.94977,37.46284],[126.94981,37.46293],[126.9499,37.46296],[126.94985,37.46309],[126.94974,37.46311],[126.94962,37.46319],[126.94953,37.46319],[126.94953,37.46323],[126.94946,37.46323]]]}},{"type":"Feature","properties":{"valleyId":"gwanaksan","layer":"canopy","date":"2026-08-01"},"geometry":{"type":"Polygon","coordinates":[[[126.92021,37.46237],[126.92018,37.4623],[126.92034,37.46227],[126.92034,37.46234],[126.9203,37.46234],[126.9203,37.46237],[126.92021,37.46237]]]}},{"type":"Feature","properties":{"valleyId":"gwanaksan","layer":"canopy","date":"2026-08-01"},"geometry":{"type":"Polygon","coordinates":[[[126.94056,37.46799],[126.94052,37.46796],[126.94053,37.4676],[126.9403,37.46761],[126.9403,37.46768],[126.94023,37.46768],[126.94022,37.46734],[126.94008,37.46734],[126.94008,37.46725],[126.94015,37.46725],[126.94015,37.46712],[126.94009,37.4671],[126.94009,37.46694],[126.94016,37.46694],[126.94027,37.46687],[126.94028,37.46683],[126.94032,37.46682],[126.94032,37.46671],[126.94039,37.46669],[126.94037,37.4666],[126.94015,37.46658],[126.94015,37.46649],[126.94022,37.46646],[126.94022,37.46635],[126.94029,37.46626],[126.94029,37.46613],[126.94034,37.46613],[126.94034,37.4661],[126.94045,37.4661],[126.94052,37.46605],[126.94055,37.46597],[126.94051,37.46576],[126.94044,37.4657],[126.94026,37.4657],[126.94026,37.46561],[126.94031,37.46554],[126.94045,37.4655],[126.94045,37.46543],[126.94038,37.46536],[126.94032,37.46536],[126.94032,37.46529],[126.94045,37.46531],[126.94046,37.46514],[126.94053,37.46514],[126.94055,37.46495],[126.94065,37.46488],[126.94065,37.46471],[126.9407,37.46468],[126.94081,37.46468],[126.94083,37.46465],[126.94097,37.46463],[126.94097,37.46454],[126.94106,37.46454],[126.94113,37.46449],[126.94113,37.46445],[126.94122,37.46445],[126.94123,37.46422],[126.94112,37.46422],[126.94112,37.46418],[126.94091,37.46421],[126.9408,37.46412],[126.9406,37.46412],[126.94053,37.46406],[126.94028,37.46406],[126.94029,37.46397],[126.94024,37.46397],[126.94015,37.46388],[126.94016,37.46379],[126.94022,37.46373],[126.94027,37.46373],[126.94025,37.46354],[126.9403,37.46352],[126.9403,37.46346],[126.94014,37.46343],[126.94012,37.4635],[126.94005,37.46353],[126.94006,37.46395],[126.93997,37.464],[126.93994,37.46407],[126.9399,37.46409],[126.93987,37.46421],[126.93969,37.46426],[126.93962,37.46432],[126.93962,37.46435],[126.93955,37.46437],[126.93955,37.46441],[126.93946,37.46446],[126.93943,37.46455],[126.93932,37.46464],[126.93923,37.46465],[126.93916,37.46471],[126.93904,37.4647],[126.93905,37.46467],[126.93896,37.46465],[126.93896,37.46454],[126.93887,37.46454],[126.93885,37.46447],[126.93864,37.46452],[126.9386,37.46446],[126.93853,37.46446],[126.93851,37.46441],[126.93838,37.46439],[126.93838,37.46433],[126.93847,37.46432],[126.93849,37.46419],[126.93854,37.46412],[126.93861,37.46408],[126.93864,37.46398],[126.93841,37.46401],[126.93837,37.4639],[126.93828,37.46383],[126.93823,37.46382],[126.93824,37.46366],[126.93817,37.46366],[126.93815,37.4637],[126.93812,37.46393],[126.93807,37.46397],[126.93807,37.46402],[126.93802,37.46404],[126.93802,37.46409],[126.93807,37.46409],[126.93806,37.46424],[126.93797,37.46423],[126.93793,37.46429],[126.93783,37.46432],[126.93772,37.4643],[126.93768,37.46409],[126.93773,37.46401],[126.93782,37.46402],[126.93785,37.46378],[126.93776,37.46376],[126.93776,37.46387],[126.93767,37.46387],[126.93767,37.46383],[126.93756,37.46374],[126.93742,37.46372],[126.93742,37.46361],[126.93738,37.46354],[126.93738,37.46343],[126.93763,37.46336],[126.93795,37.46332],[126.93845,37.46332],[126.93845,37.46341],[126.93824,37.46359],[126.93824,37.46364],[126.93837,37.46363],[126.93842,37.46354],[126.93849,37.46352],[126.93854,37.46338],[126.93865,37.46338],[126.93868,37.46317],[126.93896,37.46295],[126.939,37.46296],[126.93914,37.46285],[126.93946,37.46271],[126.93953,37.46271],[126.93976,37.46263],[126.94021,37.46256],[126.94066,37.46257],[126.94129,37.46271],[126.9414,37.46276],[126.9414,37.46282],[126.94131,37.46289],[126.94131,37.46294],[126.94158,37.46296],[126.94158,37.46287],[126.94167,37.46288],[126.94169,37.46291],[126.94174,37.46291],[126.94194,37.46308],[126.94198,37.46308],[126.94205,37.46313],[126.94205,37.46317],[126.9422,37.46328],[126.9422,37.46332],[126.94238,37.4635],[126.94257,37.46388],[126.94263,37.46414],[126.94265,37.4645],[126.94252,37.46498],[126.94226,37.46539],[126.94189,37.46571],[126.94182,37.46582],[126.94154,37.46603],[126.94147,37.46604],[126.94147,37.46622],[126.94195,37.46612],[126.94256,37.46612],[126.94301,37.4662],[126.94332,37.46633],[126.94339,37.46633],[126.94339,37.46638],[126.94332,37.46638],[126.94331,37.46653],[126.94327,37.46653],[126.94322,37.46658],[126.94282,37.46657],[126.94263,37.46664],[126.94211,37.46663],[126.94209,37.46667],[126.94198,37.46668],[126.94182,37.46666],[126.94177,37.4667],[126.94161,37.46673],[126.94159,37.46677],[126.94148,37.46677],[126.94147,37.46687],[126.94111,37.4669],[126.94111,37.46694],[126.94099,37.46705],[126.94081,37.46702],[126.94077,37.46706],[126.94076,37.46731],[126.94089,37.46735],[126.94089,37.4674],[126.94076,37.4674],[126.94075,37.46765],[126.9407,37.46769],[126.9407,37.46778],[126.94066,37.4678],[126.94067,37.468],[126.94056,37.46799]],[[126.94058,37.46725],[126.94065,37.46726],[126.94065,37.46718],[126.94058,37.46718],[126.94058,37.46725]],[[126.93876,37.46437],[126.93883,37.46438],[126.93883,37.46432],[126.93874,37.46427],[126.93867,37.46427],[126.93867,37.46434],[126.93876,37.46437]]]}},{"type":"Feature","properties":{"valleyId":"gwanaksan","layer":"canopy","date":"2026-08-01"},"geometry":{"type":"Polygon","coordinates":[[[126.95017,37.46297],[126.95015,37.46281],[126.95025,37.46274],[126.95036,37.46274],[126.95036,37.46277],[126.95043,37.46283],[126.95042,37.46294],[126.95035,37.46294],[126.95033,37.46297],[126.95017,37.46297]]]}},{"type":"Feature","properties":{"valleyId":"gwanaksan","layer":"canopy","date":"2026-08-01"},"geometry":{"type":"Polygon","coordinates":[[[126.91991,37.4623],[126.91985,37.46226],[126.91985,37.46219],[126.91989,37.46219],[126.91996,37.46212],[126.92026,37.46209],[126.92025,37.46223],[126.92003,37.46224],[126.92,37.4623],[126.91991,37.4623]]]}},{"type":"Feature","properties":{"valleyId":"gwanaksan","layer":"canopy","date":"2026-08-01"},"geometry":{"type":"Polygon","coordinates":[[[126.94778,37.46264],[126.94779,37.4625],[126.94786,37.4625],[126.94785,37.46264],[126.94778,37.46264]]]}},{"type":"Feature","properties":{"valleyId":"gwanaksan","layer":"canopy","date":"2026-08-01"},"geometry":{"type":"Polygon","coordinates":[[[126.95422,37.46306],[126.95415,37.463],[126.95414,37.46277],[126.95407,37.46277],[126.95402,37.4628],[126.95402,37.46295],[126.95379,37.46294],[126.95377,37.46287],[126.95363,37.46287],[126.95361,37.46292],[126.9535,37.46294],[126.95348,37.46268],[126.95353,37.46269],[126.95355,37.46265],[126.95369,37.46265],[126.95369,37.46254],[126.95382,37.46255],[126.95391,37.4626],[126.95391,37.46264],[126.95407,37.46262],[126.95409,37.46271],[126.9542,37.46271],[126.95421,37.46264],[126.95427,37.46264],[126.95429,37.46277],[126.95425,37.46279],[126.95425,37.46286],[126.95434,37.4629],[126.95433,37.46301],[126.95429,37.46302],[126.95429,37.46306],[126.95422,37.46306]]]}},{"type":"Feature","properties":{"valleyId":"gwanaksan","layer":"canopy","date":"2026-08-01"},"geometry":{"type":"Polygon","coordinates":[[[126.94952,37.46269],[126.94944,37.46263],[126.94912,37.46264],[126.94912,37.46257],[126.94921,37.46256],[126.94921,37.46247],[126.94948,37.46251],[126.94955,37.46245],[126.94982,37.46251],[126.94991,37.46259],[126.94991,37.46264],[126.94982,37.46267],[126.94952,37.46269]]]}},{"type":"Feature","properties":{"valleyId":"gwanaksan","layer":"canopy","date":"2026-08-01"},"geometry":{"type":"Polygon","coordinates":[[[126.95046,37.46254],[126.95046,37.46247],[126.95053,37.46247],[126.95052,37.46254],[126.95046,37.46254]]]}},{"type":"Feature","properties":{"valleyId":"gwanaksan","layer":"canopy","date":"2026-08-01"},"geometry":{"type":"Polygon","coordinates":[[[126.95814,37.46267],[126.9581,37.46266],[126.9581,37.4626],[126.95821,37.46262],[126.95821,37.46268],[126.95814,37.46267]]]}},{"type":"Feature","properties":{"valleyId":"gwanaksan","layer":"canopy","date":"2026-08-01"},"geometry":{"type":"Polygon","coordinates":[[[126.91865,37.46204],[126.91861,37.462],[126.91861,37.46189],[126.91873,37.4619],[126.91877,37.46193],[126.91877,37.46201],[126.91874,37.46204],[126.91865,37.46204]]]}},{"type":"Feature","properties":{"valleyId":"gwanaksan","layer":"canopy","date":"2026-08-01"},"geometry":{"type":"Polygon","coordinates":[[[126.91943,37.46245],[126.91932,37.46238],[126.91937,37.46223],[126.91933,37.46214],[126.91929,37.46212],[126.91929,37.46191],[126.91954,37.46193],[126.91954,37.46198],[126.91949,37.462],[126.91949,37.46216],[126.91944,37.4622],[126.91944,37.46227],[126.91948,37.46236],[126.91964,37.4624],[126.91964,37.46245],[126.91943,37.46245]]]}},{"type":"Feature","properties":{"valleyId":"gwanaksan","layer":"canopy","date":"2026-08-01"},"geometry":{"type":"Polygon","coordinates":[[[126.95219,37.46268],[126.95215,37.46263],[126.95215,37.46252],[126.95222,37.46246],[126.95233,37.46247],[126.95233,37.46259],[126.95226,37.46263],[126.95226,37.46268],[126.95219,37.46268]]]}},{"type":"Feature","properties":{"valleyId":"gwanaksan","layer":"canopy","date":"2026-08-01"},"geometry":{"type":"Polygon","coordinates":[[[126.95773,37.46261],[126.95774,37.46256],[126.9578,37.46256],[126.9578,37.46261],[126.95773,37.46261]]]}},{"type":"Feature","properties":{"valleyId":"gwanaksan","layer":"canopy","date":"2026-08-01"},"geometry":{"type":"Polygon","coordinates":[[[126.95441,37.46263],[126.95441,37.46247],[126.95451,37.46247],[126.9545,37.46259],[126.95448,37.46263],[126.95441,37.46263]]]}},{"type":"Feature","properties":{"valleyId":"gwanaksan","layer":"canopy","date":"2026-08-01"},"geometry":{"type":"Polygon","coordinates":[[[126.93204,37.46213],[126.93204,37.46206],[126.93213,37.46206],[126.93213,37.46211],[126.93204,37.46213]]]}},{"type":"Feature","properties":{"valleyId":"gwanaksan","layer":"canopy","date":"2026-08-01"},"geometry":{"type":"Polygon","coordinates":[[[126.91909,37.4619],[126.91909,37.46181],[126.91916,37.46181],[126.91916,37.4619],[126.91909,37.4619]]]}},{"type":"Feature","properties":{"valleyId":"gwanaksan","layer":"canopy","date":"2026-08-01"},"geometry":{"type":"Polygon","coordinates":[[[126.94922,37.46241],[126.94922,37.4623],[126.94933,37.46229],[126.94935,37.46232],[126.94942,37.46233],[126.94944,37.46229],[126.94951,37.46229],[126.94951,37.46236],[126.94922,37.46241]]]}},{"type":"Feature","properties":{"valleyId":"gwanaksan","layer":"canopy","date":"2026-08-01"},"geometry":{"type":"Polygon","coordinates":[[[126.95872,37.46281],[126.95866,37.46279],[126.95865,37.46234],[126.95894,37.46235],[126.95892,37.46244],[126.95876,37.46247],[126.95879,37.46281],[126.95872,37.46281]]]}},{"type":"Feature","properties":{"valleyId":"gwanaksan","layer":"canopy","date":"2026-08-01"},"geometry":{"type":"Polygon","coordinates":[[[126.95437,37.4623],[126.95438,37.46221],[126.95447,37.46221],[126.95449,37.46231],[126.95437,37.4623]]]}},{"type":"Feature","properties":{"valleyId":"gwanaksan","layer":"canopy","date":"2026-08-01"},"geometry":{"type":"Polygon","coordinates":[[[126.92027,37.46183],[126.92029,37.46171],[126.92025,37.46169],[126.92025,37.46162],[126.92034,37.46162],[126.92038,37.46169],[126.92038,37.4618],[126.92033,37.46183],[126.92027,37.46183]]]}},{"type":"Feature","properties":{"valleyId":"gwanaksan","layer":"canopy","date":"2026-08-01"},"geometry":{"type":"Polygon","coordinates":[[[126.92124,37.46167],[126.92124,37.46162],[126.92131,37.46162],[126.92131,37.46167],[126.92124,37.46167]]]}},{"type":"Feature","properties":{"valleyId":"gwanaksan","layer":"canopy","date":"2026-08-01"},"geometry":{"type":"Polygon","coordinates":[[[126.95815,37.4623],[126.95815,37.46224],[126.95822,37.46224],[126.95822,37.4623],[126.95815,37.4623]]]}},{"type":"Feature","properties":{"valleyId":"gwanaksan","layer":"canopy","date":"2026-08-01"},"geometry":{"type":"Polygon","coordinates":[[[126.95175,37.46226],[126.95173,37.46211],[126.9518,37.46211],[126.95187,37.46221],[126.95187,37.46226],[126.95175,37.46226]]]}},{"type":"Feature","properties":{"valleyId":"gwanaksan","layer":"canopy","date":"2026-08-01"},"geometry":{"type":"Polygon","coordinates":[[[126.91907,37.46165],[126.91907,37.46158],[126.91914,37.46154],[126.91914,37.46151],[126.91921,37.46151],[126.91921,37.46147],[126.9193,37.46147],[126.9193,37.46155],[126.91926,37.46156],[126.91925,37.4616],[126.91919,37.46165],[126.91907,37.46165]]]}},{"type":"Feature","properties":{"valleyId":"gwanaksan","layer":"canopy","date":"2026-08-01"},"geometry":{"type":"Polygon","coordinates":[[[126.94871,37.46204],[126.94868,37.46197],[126.94882,37.46195],[126.94882,37.46201],[126.94877,37.46204],[126.94871,37.46204]]]}},{"type":"Feature","properties":{"valleyId":"gwanaksan","layer":"canopy","date":"2026-08-01"},"geometry":{"type":"Polygon","coordinates":[[[126.92728,37.46149],[126.92708,37.46147],[126.92708,37.46138],[126.92736,37.4614],[126.92738,37.46147],[126.92728,37.46149]]]}},{"type":"Feature","properties":{"valleyId":"gwanaksan","layer":"canopy","date":"2026-08-01"},"geometry":{"type":"Polygon","coordinates":[[[126.91865,37.4613],[126.91865,37.46123],[126.91877,37.46123],[126.91877,37.4613],[126.91865,37.4613]]]}},{"type":"Feature","properties":{"valleyId":"gwanaksan","layer":"canopy","date":"2026-08-01"},"geometry":{"type":"Polygon","coordinates":[[[126.95065,37.46188],[126.95061,37.46184],[126.95061,37.46177],[126.95072,37.46179],[126.95072,37.46188],[126.95065,37.46188]]]}},{"type":"Feature","properties":{"valleyId":"gwanaksan","layer":"canopy","date":"2026-08-01"},"geometry":{"type":"Polygon","coordinates":[[[126.91926,37.46129],[126.91924,37.46118],[126.91938,37.46117],[126.91938,37.46128],[126.91926,37.46129]]]}},{"type":"Feature","properties":{"valleyId":"gwanaksan","layer":"canopy","date":"2026-08-01"},"geometry":{"type":"Polygon","coordinates":[[[126.92057,37.46135],[126.92055,37.46119],[126.92069,37.46117],[126.92076,37.46123],[126.92076,37.46128],[126.92066,37.4613],[126.92064,37.46135],[126.92057,37.46135]]]}},{"type":"Feature","properties":{"valleyId":"gwanaksan","layer":"canopy","date":"2026-08-01"},"geometry":{"type":"Polygon","coordinates":[[[126.93414,37.4615],[126.93412,37.46139],[126.93425,37.46141],[126.93425,37.46148],[126.93414,37.4615]]]}},{"type":"Feature","properties":{"valleyId":"gwanaksan","layer":"canopy","date":"2026-08-01"},"geometry":{"type":"Polygon","coordinates":[[[126.95002,37.4619],[126.95002,37.46187],[126.94984,37.46186],[126.94984,37.46181],[126.94993,37.46181],[126.94993,37.46174],[126.95005,37.46172],[126.95012,37.46165],[126.95019,37.46164],[126.95019,37.4616],[126.9503,37.46158],[126.9503,37.46166],[126.95023,37.46171],[126.95023,37.46176],[126.95029,37.46182],[126.95029,37.46189],[126.95013,37.46187],[126.95011,37.4619],[126.95002,37.4619]]]}},{"type":"Feature","properties":{"valleyId":"gwanaksan","layer":"canopy","date":"2026-08-01"},"geometry":{"type":"Polygon","coordinates":[[[126.93448,37.46143],[126.93448,37.46131],[126.93475,37.46131],[126.93475,37.46138],[126.9347,37.46142],[126.93448,37.46143]]]}},{"type":"Feature","properties":{"valleyId":"gwanaksan","layer":"canopy","date":"2026-08-01"},"geometry":{"type":"Polygon","coordinates":[[[126.94781,37.46165],[126.94781,37.46156],[126.94795,37.46152],[126.94795,37.46158],[126.94788,37.46158],[126.94788,37.46165],[126.94781,37.46165]]]}},{"type":"Feature","properties":{"valleyId":"gwanaksan","layer":"canopy","date":"2026-08-01"},"geometry":{"type":"Polygon","coordinates":[[[126.92878,37.46236],[126.92851,37.46232],[126.92849,37.46219],[126.9286,37.46218],[126.9286,37.46211],[126.92867,37.46211],[126.92871,37.46214],[126.92903,37.46215],[126.92897,37.46199],[126.9289,37.46199],[126.92887,37.46208],[126.92876,37.46206],[126.92876,37.462],[126.92883,37.46198],[126.92882,37.46171],[126.92864,37.46171],[126.92865,37.46198],[126.92854,37.462],[126.92844,37.4621],[126.92826,37.46206],[126.92826,37.46215],[126.92822,37.46215],[126.92821,37.46223],[126.92815,37.46222],[126.9279,37.46213],[126.92788,37.46209],[126.92779,37.46207],[126.92772,37.462],[126.92754,37.46193],[126.9273,37.46172],[126.9273,37.46163],[126.92742,37.4616],[126.92751,37.46147],[126.92767,37.46144],[126.92769,37.46139],[126.92774,37.46139],[126.92776,37.46135],[126.92788,37.46134],[126.92799,37.46127],[126.92815,37.46127],[126.92818,37.46116],[126.92831,37.46118],[126.92831,37.46124],[126.92824,37.46123],[126.92824,37.46131],[126.92835,37.46134],[126.92842,37.46135],[126.92851,37.46128],[126.92851,37.46124],[126.92872,37.46124],[126.92874,37.46135],[126.92862,37.46142],[126.92853,37.46144],[126.92855,37.46151],[126.92866,37.46151],[126.92869,37.46146],[126.92894,37.46145],[126.92903,37.46128],[126.9291,37.46127],[126.92926,37.46129],[126.9293,37.46125],[126.92937,37.46125],[126.92939,37.46135],[126.92944,37.46135],[126.92944,37.4614],[126.9295,37.4614],[126.92953,37.46135],[126.92969,37.46133],[126.92971,37.46139],[126.92975,37.46139],[126.92977,37.46142],[126.92977,37.46168],[126.92968,37.46169],[126.92967,37.46176],[126.92976,37.46184],[126.92992,37.46186],[126.92994,37.4619],[126.93003,37.46192],[126.93003,37.46197],[126.92992,37.46199],[126.92992,37.46204],[126.93003,37.46208],[126.93002,37.46219],[126.92989,37.46222],[126.92987,37.46216],[126.9298,37.46216],[126.9298,37.46227],[126.92973,37.46227],[126.92968,37.46225],[126.92969,37.46216],[126.9296,37.46214],[126.92957,37.4622],[126.9295,37.46225],[126.92946,37.46225],[126.92943,37.46234],[126.92923,37.46237],[126.92878,37.46236]],[[126.92971,37.46202],[126.9298,37.46202],[126.9298,37.46195],[126.92974,37.46195],[126.92971,37.46202]],[[126.92804,37.46192],[126.92818,37.46192],[126.9282,37.46181],[126.92825,37.46181],[126.92823,37.46169],[126.92827,37.46169],[126.92828,37.46163],[126.92821,37.46163],[126.92821,37.46168],[126.92809,37.4617],[126.92809,37.46177],[126.92802,37.46181],[126.92804,37.46192]],[[126.92895,37.46179],[126.92904,37.46179],[126.92904,37.46174],[126.92895,37.46173],[126.92895,37.46179]]]}},{"type":"Feature","properties":{"valleyId":"gwanaksan","layer":"canopy","date":"2026-08-01"},"geometry":{"type":"Polygon","coordinates":[[[126.92137,37.4612],[126.92126,37.46117],[126.92128,37.46104],[126.92137,37.46104],[126.92148,37.46112],[126.92148,37.46121],[126.92137,37.4612]]]}},{"type":"Feature","properties":{"valleyId":"gwanaksan","layer":"canopy","date":"2026-08-01"},"geometry":{"type":"Polygon","coordinates":[[[126.93003,37.4613],[126.93001,37.46119],[126.93007,37.46119],[126.93009,37.4613],[126.93003,37.4613]]]}},{"type":"Feature","properties":{"valleyId":"gwanaksan","layer":"canopy","date":"2026-08-01"},"geometry":{"type":"Polygon","coordinates":[[[126.95674,37.46173],[126.95674,37.46166],[126.95683,37.46164],[126.95683,37.46171],[126.95674,37.46173]]]}},{"type":"Feature","properties":{"valleyId":"gwanaksan","layer":"canopy","date":"2026-08-01"},"geometry":{"type":"Polygon","coordinates":[[[126.92887,37.46123],[126.92885,37.46116],[126.92901,37.46116],[126.92899,37.46123],[126.92887,37.46123]]]}},{"type":"Feature","properties":{"valleyId":"gwanaksan","layer":"canopy","date":"2026-08-01"},"geometry":{"type":"Polygon","coordinates":[[[126.9543,37.46164],[126.9543,37.46158],[126.95437,37.46158],[126.95437,37.46164],[126.9543,37.46164]]]}},{"type":"Feature","properties":{"valleyId":"gwanaksan","layer":"canopy","date":"2026-08-01"},"geometry":{"type":"Polygon","coordinates":[[[126.93204,37.46127],[126.932,37.46123],[126.932,37.46117],[126.93211,37.46119],[126.93211,37.46127],[126.93204,37.46127]]]}},{"type":"Feature","properties":{"valleyId":"gwanaksan","layer":"canopy","date":"2026-08-01"},"geometry":{"type":"Polygon","coordinates":[[[126.93428,37.46127],[126.93428,37.46121],[126.93437,37.46122],[126.93437,37.46127],[126.93428,37.46127]]]}},{"type":"Feature","properties":{"valleyId":"gwanaksan","layer":"canopy","date":"2026-08-01"},"geometry":{"type":"Polygon","coordinates":[[[126.95238,37.46232],[126.95239,37.46214],[126.95228,37.4621],[126.95226,37.46192],[126.95222,37.46178],[126.95217,37.46174],[126.95218,37.46163],[126.95227,37.46164],[126.95225,37.46153],[126.95231,37.46153],[126.95231,37.46158],[126.95236,37.46162],[126.95237,37.46198],[126.95255,37.462],[126.95255,37.46213],[126.95246,37.46214],[126.9525,37.46232],[126.95238,37.46232]]]}},{"type":"Feature","properties":{"valleyId":"gwanaksan","layer":"canopy","date":"2026-08-01"},"geometry":{"type":"Polygon","coordinates":[[[126.93346,37.46124],[126.93347,37.46116],[126.93356,37.46117],[126.93356,37.46124],[126.93346,37.46124]]]}},{"type":"Feature","properties":{"valleyId":"gwanaksan","layer":"canopy","date":"2026-08-01"},"geometry":{"type":"Polygon","coordinates":[[[126.92996,37.46116],[126.92996,37.4611],[126.93003,37.4611],[126.93003,37.46116],[126.92996,37.46116]]]}},{"type":"Feature","properties":{"valleyId":"gwanaksan","layer":"canopy","date":"2026-08-01"},"geometry":{"type":"Polygon","coordinates":[[[126.93265,37.46115],[126.93265,37.4611],[126.93272,37.4611],[126.93272,37.46115],[126.93265,37.46115]]]}},{"type":"Feature","properties":{"valleyId":"gwanaksan","layer":"canopy","date":"2026-08-01"},"geometry":{"type":"Polygon","coordinates":[[[126.92976,37.46115],[126.92969,37.4611],[126.92969,37.46103],[126.92978,37.46103],[126.92978,37.46106],[126.92983,37.46106],[126.92983,37.46115],[126.92976,37.46115]]]}},{"type":"Feature","properties":{"valleyId":"gwanaksan","layer":"canopy","date":"2026-08-01"},"geometry":{"type":"Polygon","coordinates":[[[126.92845,37.46106],[126.92843,37.46099],[126.92852,37.46097],[126.92854,37.46104],[126.92845,37.46106]]]}},{"type":"Feature","properties":{"valleyId":"gwanaksan","layer":"canopy","date":"2026-08-01"},"geometry":{"type":"Polygon","coordinates":[[[126.95098,37.46221],[126.95099,37.46197],[126.95122,37.46198],[126.95122,37.46192],[126.95133,37.46185],[126.95133,37.4618],[126.95145,37.46171],[126.95145,37.4616],[126.9515,37.4616],[126.9515,37.46155],[126.95155,37.46152],[126.95166,37.4615],[126.95169,37.46139],[126.95173,37.46136],[126.9518,37.46136],[126.9518,37.46147],[126.95173,37.46148],[126.95173,37.46154],[126.95177,37.46154],[126.95177,37.46165],[126.95168,37.46166],[126.95168,37.46161],[126.95161,37.46161],[126.95138,37.46196],[126.95124,37.462],[126.95124,37.46207],[126.9511,37.46216],[126.95108,37.46221],[126.95098,37.46221]]]}},{"type":"Feature","properties":{"valleyId":"gwanaksan","layer":"canopy","date":"2026-08-01"},"geometry":{"type":"Polygon","coordinates":[[[126.92901,37.4611],[126.92892,37.46107],[126.92895,37.46096],[126.92902,37.46096],[126.92906,37.461],[126.92908,37.46111],[126.92901,37.4611]]]}},{"type":"Feature","properties":{"valleyId":"gwanaksan","layer":"canopy","date":"2026-08-01"},"geometry":{"type":"Polygon","coordinates":[[[126.92099,37.46091],[126.92095,37.46089],[126.92095,37.46085],[126.9207,37.46085],[126.92068,37.46078],[126.92095,37.4608],[126.92095,37.46084],[126.92106,37.46086],[126.92106,37.46091],[126.92099,37.46091]]]}},{"type":"Feature","properties":{"valleyId":"gwanaksan","layer":"canopy","date":"2026-08-01"},"geometry":{"type":"Polygon","coordinates":[[[126.92802,37.461],[126.92798,37.46098],[126.92798,37.46091],[126.92812,37.46089],[126.92816,37.46093],[126.92816,37.46098],[126.92802,37.461]]]}},{"type":"Feature","properties":{"valleyId":"gwanaksan","layer":"canopy","date":"2026-08-01"},"geometry":{"type":"Polygon","coordinates":[[[126.95481,37.4613],[126.95479,37.46116],[126.95488,37.46116],[126.95492,37.4612],[126.95492,37.46125],[126.95488,37.4613],[126.95481,37.4613]]]}},{"type":"Feature","properties":{"valleyId":"gwanaksan","layer":"canopy","date":"2026-08-01"},"geometry":{"type":"Polygon","coordinates":[[[126.95613,37.46832],[126.95613,37.46826],[126.95609,37.46826],[126.95607,37.46817],[126.9561,37.46787],[126.95617,37.46762],[126.95625,37.46745],[126.95634,37.46735],[126.95636,37.46724],[126.95627,37.46724],[126.95618,37.46729],[126.95586,37.46736],[126.95579,37.46746],[126.95565,37.46757],[126.95565,37.46761],[126.95535,37.46784],[126.95531,37.46783],[126.95526,37.46789],[126.95522,37.46789],[126.95506,37.46799],[126.95453,37.46816],[126.95421,37.46821],[126.95385,37.46822],[126.95385,37.46817],[126.9539,37.46815],[126.9539,37.4681],[126.95385,37.4681],[126.95386,37.46792],[126.95393,37.46785],[126.95406,37.46785],[126.95407,37.46774],[126.95414,37.46769],[126.95414,37.46758],[126.95409,37.46756],[126.95412,37.46729],[126.95428,37.46722],[126.95442,37.46721],[126.95447,37.46717],[126.95449,37.46705],[126.95463,37.46703],[126.95465,37.46694],[126.955,37.4668],[126.95516,37.46662],[126.95539,37.46663],[126.95539,37.46657],[126.9553,37.46657],[126.95521,37.46648],[126.95521,37.46641],[126.9553,37.46634],[126.95531,37.46623],[126.95538,37.46614],[126.95567,37.46615],[126.95565,37.46597],[126.9557,37.46597],[126.9557,37.46584],[126.95582,37.46582],[126.95584,37.46574],[126.95595,37.46572],[126.956,37.46567],[126.95598,37.46558],[126.95591,37.46556],[126.95587,37.4655],[126.95583,37.46536],[126.95578,37.46532],[126.95563,37.4653],[126.95563,37.46519],[126.95556,37.46519],[126.95554,37.46523],[126.95529,37.4652],[126.9553,37.46493],[126.95532,37.46484],[126.95539,37.46477],[126.95539,37.4647],[126.95535,37.4647],[126.95529,37.46452],[126.95532,37.46427],[126.95527,37.46423],[126.95527,37.46412],[126.95519,37.46407],[126.95519,37.46387],[126.95515,37.46385],[126.95515,37.46378],[126.9551,37.46378],[126.95504,37.46359],[126.95482,37.46339],[126.95482,37.46328],[126.95476,37.46321],[126.95474,37.46305],[126.95469,37.46303],[126.95475,37.46267],[126.95466,37.4626],[126.95466,37.46247],[126.95462,37.46245],[126.95467,37.46234],[126.95465,37.46229],[126.95458,37.46225],[126.95458,37.4622],[126.95463,37.46218],[126.95457,37.46189],[126.95462,37.46169],[126.95471,37.46164],[126.95473,37.46159],[126.95482,37.46155],[126.95496,37.46156],[126.955,37.46159],[126.95507,37.46159],[126.9551,37.46154],[126.95519,37.46152],[126.95521,37.46149],[126.95535,37.46149],[126.95537,37.46146],[126.95544,37.46146],[126.95544,37.4614],[126.95539,37.4614],[126.95539,37.46137],[126.95519,37.46136],[126.95519,37.46131],[126.95526,37.46129],[126.95531,37.46124],[126.95544,37.46126],[126.95545,37.46115],[126.95556,37.46115],[126.9556,37.46124],[126.95565,37.46124],[126.95564,37.46144],[126.95605,37.46145],[126.95611,37.46149],[126.95627,37.46145],[126.95632,37.46149],[126.95632,37.46156],[126.9564,37.46165],[126.95638,37.46176],[126.95649,37.46178],[126.95649,37.46189],[126.95662,37.46196],[126.95662,37.46205],[126.95666,37.46205],[126.95677,37.46215],[126.95677,37.4622],[126.95686,37.46222],[126.95686,37.46227],[126.95704,37.46242],[126.9571,37.46257],[126.95724,37.46266],[126.95734,37.4629],[126.95741,37.46293],[126.95741,37.46304],[126.95734,37.46304],[126.95734,37.46309],[126.9574,37.46309],[126.95741,37.46306],[126.95747,37.46306],[126.95752,37.4631],[126.95756,37.46324],[126.95751,37.46328],[126.95749,37.46342],[126.95755,37.46346],[126.95755,37.46353],[126.95771,37.4636],[126.9577,37.46375],[126.95777,37.46379],[126.95776,37.46402],[126.95781,37.46406],[126.9578,37.46422],[126.95776,37.46433],[126.95777,37.46447],[126.95773,37.46456],[126.95766,37.46461],[126.95752,37.46461],[126.95743,37.46468],[126.95729,37.46468],[126.9572,37.46475],[126.9572,37.46493],[126.95724,37.46495],[126.95724,37.46504],[126.95728,37.46504],[126.95728,37.46509],[126.95717,37.46511],[126.95717,37.46504],[126.95697,37.46505],[126.9569,37.46498],[126.95683,37.46498],[126.95676,37.46503],[126.95678,37.46523],[126.95674,37.46525],[126.95673,37.46544],[126.9568,37.46554],[126.95691,37.46554],[126.95704,37.46559],[126.95706,37.46581],[126.9571,37.4659],[126.9571,37.46599],[126.95705,37.46601],[126.95705,37.46606],[126.95714,37.46612],[126.9575,37.46611],[126.9575,37.4662],[126.95736,37.46641],[126.95736,37.46646],[126.95727,37.46648],[126.95726,37.46662],[126.95719,37.46666],[126.95708,37.46666],[126.95704,37.46669],[126.95705,37.46686],[126.95685,37.46687],[126.95682,37.46698],[126.95687,37.46698],[126.95687,37.46703],[126.95671,37.46703],[126.95671,37.46707],[126.9566,37.46708],[126.95659,37.46712],[126.95653,37.46713],[126.95652,37.46719],[126.95672,37.46735],[126.95672,37.46744],[126.95667,37.46752],[126.95656,37.46753],[126.95651,37.4676],[126.95651,37.46773],[126.95646,37.46773],[126.95651,37.46789],[126.95662,37.46791],[126.95662,37.46797],[126.95666,37.46798],[126.95666,37.46807],[126.95661,37.46809],[126.95665,37.46824],[126.95661,37.46827],[126.95641,37.46825],[126.95631,37.46827],[126.95629,37.4683],[126.95613,37.46832]],[[126.95563,37.46508],[126.9557,37.46508],[126.9557,37.46501],[126.95563,37.46501],[126.95563,37.46508]],[[126.95554,37.46429],[126.95561,37.46429],[126.95561,37.46424],[126.95554,37.46423],[126.95554,37.46429]],[[126.95592,37.46359],[126.95599,37.46359],[126.95595,37.46341],[126.95596,37.46312],[126.95589,37.46307],[126.95582,37.46307],[126.95575,37.46314],[126.95571,37.46314],[126.95566,37.46319],[126.95552,37.46324],[126.95552,37.46331],[126.95568,37.46339],[126.95592,37.46359]],[[126.95574,37.46281],[126.95581,37.46281],[126.95581,37.46271],[126.95567,37.4627],[126.95563,37.46261],[126.95554,37.46261],[126.95554,37.46265],[126.9555,37.46265],[126.95549,37.4627],[126.95556,37.46276],[126.95572,37.46276],[126.95574,37.46281]],[[126.95661,37.46227],[126.95668,37.46227],[126.95668,37.46222],[126.95661,37.46222],[126.95661,37.46227]],[[126.95544,37.46131],[126.95551,37.46131],[126.95551,37.46126],[126.95544,37.46126],[126.95544,37.46131]]]}},{"type":"Feature","properties":{"valleyId":"gwanaksan","layer":"canopy","date":"2026-08-01"},"geometry":{"type":"Polygon","coordinates":[[[126.92853,37.46072],[126.92853,37.46066],[126.9286,37.46066],[126.92859,37.46072],[126.92853,37.46072]]]}},{"type":"Feature","properties":{"valleyId":"gwanaksan","layer":"canopy","date":"2026-08-01"},"geometry":{"type":"Polygon","coordinates":[[[126.9512,37.46102],[126.95115,37.461],[126.95115,37.46095],[126.95131,37.46093],[126.95131,37.46101],[126.9512,37.46102]]]}},{"type":"Feature","properties":{"valleyId":"gwanaksan","layer":"canopy","date":"2026-08-01"},"geometry":{"type":"Polygon","coordinates":[[[126.95355,37.46256],[126.95351,37.46254],[126.95351,37.46245],[126.95347,37.46238],[126.95331,37.46234],[126.95331,37.46228],[126.9534,37.46229],[126.95343,37.46216],[126.9535,37.46214],[126.9535,37.46204],[126.95345,37.46203],[126.95341,37.46191],[126.95337,37.46187],[126.95335,37.46164],[126.95328,37.46164],[126.95317,37.46172],[126.95308,37.46172],[126.95303,37.46167],[126.95294,37.46167],[126.9529,37.46161],[126.9527,37.46161],[126.95268,37.46155],[126.95261,37.46153],[126.95254,37.46144],[126.95245,37.46142],[126.95243,37.46128],[126.95232,37.46128],[126.95232,37.4612],[126.95246,37.46119],[126.95255,37.46106],[126.9528,37.46103],[126.95278,37.46092],[126.95296,37.46093],[126.95297,37.46089],[126.95308,37.46087],[126.95308,37.46095],[126.95289,37.46102],[126.95289,37.46109],[126.953,37.46109],[126.95305,37.46114],[126.95373,37.46116],[126.95402,37.46111],[126.95409,37.46107],[126.95409,37.46104],[126.95434,37.46104],[126.9545,37.46112],[126.95449,37.46119],[126.95468,37.46121],[126.95472,37.46135],[126.95478,37.46139],[126.95478,37.46146],[126.95471,37.46146],[126.95467,37.46157],[126.95448,37.46155],[126.95446,37.46146],[126.9544,37.46146],[126.95437,37.46153],[126.95417,37.46149],[126.95412,37.46154],[126.95408,37.46154],[126.95408,37.46165],[126.95403,37.46167],[126.95403,37.46172],[126.95407,37.46172],[126.95414,37.46178],[126.95432,37.46178],[126.95436,37.46192],[126.95405,37.46192],[126.95398,37.46195],[126.95382,37.46195],[126.95379,37.462],[126.95375,37.462],[126.95375,37.46206],[126.95379,37.46206],[126.95379,37.46224],[126.95374,37.46227],[126.95367,37.46227],[126.95367,37.46236],[126.95372,37.46236],[126.95367,37.46256],[126.95355,37.46256]],[[126.95347,37.46155],[126.95356,37.46155],[126.95352,37.46137],[126.95345,37.46137],[126.95345,37.46142],[126.9534,37.46144],[126.9534,37.46151],[126.95345,37.46151],[126.95347,37.46155]]]}},{"type":"Feature","properties":{"valleyId":"gwanaksan","layer":"canopy","date":"2026-08-01"},"geometry":{"type":"Polygon","coordinates":[[[126.93351,37.46057],[126.93353,37.4605],[126.93362,37.4605],[126.93362,37.46057],[126.93351,37.46057]]]}},{"type":"Feature","properties":{"valleyId":"gwanaksan","layer":"canopy","date":"2026-08-01"},"geometry":{"type":"Polygon","coordinates":[[[126.9213,37.46046],[126.92125,37.46041],[126.92105,37.46035],[126.92105,37.4603],[126.9211,37.46026],[126.92117,37.46026],[126.92121,37.46028],[126.92123,37.46035],[126.92142,37.46034],[126.92143,37.46045],[126.9213,37.46046]]]}},{"type":"Feature","properties":{"valleyId":"gwanaksan","layer":"canopy","date":"2026-08-01"},"geometry":{"type":"Polygon","coordinates":[[[126.93099,37.46152],[126.93088,37.46148],[126.93086,37.46142],[126.93077,37.46139],[126.9307,37.46131],[126.93071,37.46121],[126.93075,37.46117],[126.93081,37.46092],[126.93071,37.46092],[126.93067,37.46088],[126.93068,37.46066],[126.93079,37.46067],[126.93081,37.46058],[126.93106,37.46056],[126.93111,37.46053],[126.93114,37.4604],[126.9312,37.4604],[126.93125,37.46048],[126.93131,37.46051],[126.9314,37.46073],[126.93144,37.46075],[126.93144,37.4608],[126.9314,37.46084],[126.93141,37.46115],[126.93129,37.46149],[126.93124,37.46152],[126.93099,37.46152]]]}},{"type":"Feature","properties":{"valleyId":"gwanaksan","layer":"canopy","date":"2026-08-01"},"geometry":{"type":"Polygon","coordinates":[[[126.931,37.46045],[126.931,37.4604],[126.93107,37.4604],[126.93107,37.46046],[126.931,37.46045]]]}},{"type":"Feature","properties":{"valleyId":"gwanaksan","layer":"canopy","date":"2026-08-01"},"geometry":{"type":"Polygon","coordinates":[[[126.95134,37.46086],[126.95134,37.46077],[126.95139,37.46074],[126.95145,37.46074],[126.95143,37.46085],[126.95134,37.46086]]]}},{"type":"Feature","properties":{"valleyId":"gwanaksan","layer":"canopy","date":"2026-08-01"},"geometry":{"type":"Polygon","coordinates":[[[126.93245,37.46044],[126.93245,37.46039],[126.93252,37.46039],[126.93251,37.46044],[126.93245,37.46044]]]}},{"type":"Feature","properties":{"valleyId":"gwanaksan","layer":"canopy","date":"2026-08-01"},"geometry":{"type":"Polygon","coordinates":[[[126.94819,37.46088],[126.94811,37.46081],[126.94795,37.46084],[126.94795,37.46077],[126.94802,37.46073],[126.94807,37.46063],[126.94813,37.46063],[126.94818,37.46066],[126.94822,37.46079],[126.94826,37.46079],[126.94829,37.46083],[126.94828,37.46088],[126.94819,37.46088]]]}},{"type":"Feature","properties":{"valleyId":"gwanaksan","layer":"canopy","date":"2026-08-01"},"geometry":{"type":"Polygon","coordinates":[[[126.93163,37.46045],[126.93161,37.46041],[126.93157,37.46041],[126.93157,37.46034],[126.93175,37.46036],[126.93175,37.46043],[126.93163,37.46045]]]}},{"type":"Feature","properties":{"valleyId":"gwanaksan","layer":"canopy","date":"2026-08-01"},"geometry":{"type":"Polygon","coordinates":[[[126.91893,37.46019],[126.91889,37.46017],[126.91889,37.4601],[126.91896,37.4601],[126.919,37.46014],[126.919,37.46019],[126.91893,37.46019]]]}},{"type":"Feature","properties":{"valleyId":"gwanaksan","layer":"canopy","date":"2026-08-01"},"geometry":{"type":"Polygon","coordinates":[[[126.94868,37.46305],[126.94866,37.46289],[126.94859,37.46283],[126.9486,37.46264],[126.94864,37.46262],[126.94867,37.46255],[126.94876,37.46249],[126.94876,37.46242],[126.94867,37.46242],[126.9487,37.46226],[126.94884,37.46215],[126.94889,37.46196],[126.94893,37.46196],[126.949,37.46189],[126.94899,37.46165],[126.94906,37.46162],[126.94906,37.46136],[126.94904,37.46133],[126.949,37.46133],[126.949,37.46127],[126.94893,37.46125],[126.94891,37.46114],[126.94884,37.46113],[126.94887,37.461],[126.94882,37.46098],[126.94883,37.46089],[126.94871,37.46089],[126.94867,37.46087],[126.94867,37.46083],[126.94856,37.4608],[126.94849,37.46074],[126.94849,37.46067],[126.94843,37.46065],[126.94843,37.46058],[126.94854,37.46058],[126.94868,37.46064],[126.94886,37.46064],[126.94901,37.46073],[126.94905,37.4609],[126.94912,37.46097],[126.94912,37.46106],[126.94918,37.46113],[126.94916,37.46124],[126.94922,37.46129],[126.94922,37.4614],[126.94926,37.46148],[126.94926,37.46155],[126.9491,37.46178],[126.94911,37.46207],[126.94906,37.46214],[126.94906,37.4623],[126.94901,37.46234],[126.94901,37.46252],[126.94898,37.46259],[126.94894,37.46261],[126.94893,37.46277],[126.9488,37.46278],[126.9488,37.46289],[126.94875,37.46291],[126.94877,37.46304],[126.94868,37.46305]]]}},{"type":"Feature","properties":{"valleyId":"gwanaksan","layer":"canopy","date":"2026-08-01"},"geometry":{"type":"Polygon","coordinates":[[[126.94996,37.46068],[126.94997,37.4606],[126.95006,37.46061],[126.95005,37.46066],[126.94996,37.46068]]]}},{"type":"Feature","properties":{"valleyId":"gwanaksan","layer":"canopy","date":"2026-08-01"},"geometry":{"type":"Polygon","coordinates":[[[126.92736,37.46046],[126.92736,37.46041],[126.92743,37.46039],[126.92743,37.46023],[126.92752,37.46019],[126.92768,37.4602],[126.92768,37.46025],[126.9275,37.46036],[126.92747,37.46045],[126.92736,37.46046]]]}},{"type":"Feature","properties":{"valleyId":"gwanaksan","layer":"canopy","date":"2026-08-01"},"geometry":{"type":"Polygon","coordinates":[[[126.94964,37.46172],[126.94955,37.4617],[126.94946,37.46162],[126.94947,37.46155],[126.9494,37.46151],[126.94942,37.46137],[126.94933,37.46135],[126.94935,37.46095],[126.9493,37.46095],[126.94928,37.46092],[126.94931,37.46074],[126.94922,37.46066],[126.94922,37.46059],[126.94956,37.46058],[126.94956,37.46069],[126.9496,37.46072],[126.94969,37.46073],[126.94991,37.46093],[126.94991,37.46098],[126.95007,37.46097],[126.95018,37.46102],[126.95015,37.4612],[126.95022,37.46126],[126.95024,37.46142],[126.95017,37.46144],[126.9501,37.46151],[126.95003,37.46151],[126.94985,37.4617],[126.94964,37.46172]]]}},{"type":"Feature","properties":{"valleyId":"gwanaksan","layer":"canopy","date":"2026-08-01"},"geometry":{"type":"Polygon","coordinates":[[[126.95178,37.46112],[126.95174,37.46109],[126.95174,37.46101],[126.95185,37.461],[126.95188,37.46094],[126.95195,37.46095],[126.95195,37.46087],[126.95199,37.46084],[126.95208,37.46084],[126.95211,37.46073],[126.9522,37.46066],[126.9522,37.46059],[126.95225,37.46055],[126.95236,37.46056],[126.95234,37.4607],[126.95236,37.46074],[126.95245,37.46076],[126.95245,37.46083],[126.95238,37.46083],[126.95233,37.46086],[126.95213,37.46086],[126.9521,37.46098],[126.95192,37.46105],[126.95185,37.46112],[126.95178,37.46112]]]}},{"type":"Feature","properties":{"valleyId":"gwanaksan","layer":"canopy","date":"2026-08-01"},"geometry":{"type":"Polygon","coordinates":[[[126.95417,37.46066],[126.95417,37.46059],[126.95424,37.46059],[126.95424,37.46066],[126.95417,37.46066]]]}},{"type":"Feature","properties":{"valleyId":"gwanaksan","layer":"canopy","date":"2026-08-01"},"geometry":{"type":"Polygon","coordinates":[[[126.92045,37.46014],[126.92034,37.46009],[126.92032,37.45992],[126.92043,37.45993],[126.92043,37.46005],[126.92052,37.46005],[126.92056,37.46009],[126.92056,37.46014],[126.92045,37.46014]]]}},{"type":"Feature","properties":{"valleyId":"gwanaksan","layer":"canopy","date":"2026-08-01"},"geometry":{"type":"Polygon","coordinates":[[[126.93263,37.46021],[126.93264,37.46014],[126.9327,37.46014],[126.9327,37.46021],[126.93263,37.46021]]]}},{"type":"Feature","properties":{"valleyId":"gwanaksan","layer":"canopy","date":"2026-08-01"},"geometry":{"type":"Polygon","coordinates":[[[126.93098,37.46026],[126.93096,37.46007],[126.93114,37.4601],[126.93112,37.4602],[126.93105,37.46026],[126.93098,37.46026]]]}},{"type":"Feature","properties":{"valleyId":"gwanaksan","layer":"canopy","date":"2026-08-01"},"geometry":{"type":"Polygon","coordinates":[[[126.95123,37.46059],[126.95119,37.46055],[126.95119,37.4605],[126.9511,37.4605],[126.9511,37.46043],[126.95117,37.46043],[126.95121,37.46045],[126.95121,37.46048],[126.95132,37.46052],[126.95132,37.46059],[126.95123,37.46059]]]}},{"type":"Feature","properties":{"valleyId":"gwanaksan","layer":"canopy","date":"2026-08-01"},"geometry":{"type":"Polygon","coordinates":[[[126.95543,37.4609],[126.95528,37.46073],[126.95507,37.46073],[126.95501,37.46066],[126.95494,37.46065],[126.95491,37.46071],[126.95485,37.46071],[126.95483,37.46065],[126.95471,37.46058],[126.95472,37.46049],[126.95479,37.46049],[126.95478,37.46053],[126.9549,37.4606],[126.95499,37.4606],[126.95505,37.46055],[126.95528,37.4605],[126.95528,37.46046],[126.95533,37.46045],[126.95544,37.46047],[126.95546,37.46074],[126.9555,37.46081],[126.9555,37.4609],[126.95543,37.4609]]]}},{"type":"Feature","properties":{"valleyId":"gwanaksan","layer":"canopy","date":"2026-08-01"},"geometry":{"type":"Polygon","coordinates":[[[126.95562,37.46054],[126.95562,37.46045],[126.95567,37.46041],[126.9558,37.46044],[126.95582,37.46054],[126.95562,37.46054]]]}},{"type":"Feature","properties":{"valleyId":"gwanaksan","layer":"canopy","date":"2026-08-01"},"geometry":{"type":"Polygon","coordinates":[[[126.91773,37.4621],[126.91768,37.46206],[126.9175,37.46204],[126.9173,37.46182],[126.91728,37.46175],[126.91724,37.46173],[126.91707,37.46138],[126.91699,37.46091],[126.91705,37.4605],[126.91717,37.46019],[126.91745,37.4598],[126.91773,37.45957],[126.91782,37.45959],[126.91781,37.45977],[126.91783,37.45984],[126.91788,37.45986],[126.91789,37.46013],[126.91794,37.46022],[126.91793,37.46044],[126.91777,37.46053],[126.91774,37.46071],[126.91796,37.46082],[126.91796,37.46091],[126.91789,37.46094],[126.91789,37.461],[126.91794,37.46104],[126.91793,37.46131],[126.91809,37.46134],[126.91808,37.46142],[126.91804,37.46143],[126.91801,37.46169],[126.91796,37.46174],[126.91787,37.46174],[126.91787,37.46179],[126.91791,37.46181],[126.91798,37.46194],[126.91798,37.46203],[126.91786,37.46204],[126.91782,37.4621],[126.91773,37.4621]],[[126.91779,37.46132],[126.91786,37.46132],[126.91786,37.46123],[126.91777,37.46123],[126.91779,37.46132]]]}},{"type":"Feature","properties":{"valleyId":"gwanaksan","layer":"canopy","date":"2026-08-01"},"geometry":{"type":"Polygon","coordinates":[[[126.93202,37.46033],[126.93195,37.46029],[126.93195,37.46024],[126.93202,37.46024],[126.93203,37.46008],[126.93212,37.45999],[126.93214,37.45992],[126.93226,37.4599],[126.93228,37.45977],[126.93237,37.45978],[126.93237,37.4599],[126.9323,37.45994],[126.9323,37.46003],[126.93223,37.46004],[126.93216,37.46015],[126.93216,37.46022],[126.93223,37.46022],[126.93225,37.4603],[126.9322,37.46033],[126.93202,37.46033]]]}},{"type":"Feature","properties":{"valleyId":"gwanaksan","layer":"canopy","date":"2026-08-01"},"geometry":{"type":"Polygon","coordinates":[[[126.9481,37.46027],[126.94799,37.46019],[126.94792,37.46019],[126.94792,37.46015],[126.94788,37.46014],[126.9479,37.46001],[126.94799,37.46001],[126.94804,37.46007],[126.94808,37.46007],[126.94808,37.4601],[126.94817,37.46014],[126.94835,37.46014],[126.94832,37.46027],[126.9481,37.46027]]]}},{"type":"Feature","properties":{"valleyId":"gwanaksan","layer":"canopy","date":"2026-08-01"},"geometry":{"type":"Polygon","coordinates":[[[126.93264,37.45989],[126.93264,37.45982],[126.93271,37.45982],[126.93272,37.45969],[126.93281,37.45969],[126.93283,37.45978],[126.93278,37.45987],[126.93264,37.45989]]]}},{"type":"Feature","properties":{"valleyId":"gwanaksan","layer":"canopy","date":"2026-08-01"},"geometry":{"type":"Polygon","coordinates":[[[126.94996,37.46008],[126.94989,37.46004],[126.94989,37.45999],[126.94998,37.45997],[126.95001,37.45994],[126.95019,37.45994],[126.95023,37.45998],[126.95023,37.46003],[126.95018,37.46007],[126.94996,37.46008]]]}},{"type":"Feature","properties":{"valleyId":"gwanaksan","layer":"canopy","date":"2026-08-01"},"geometry":{"type":"Polygon","coordinates":[[[126.95177,37.46082],[126.95173,37.46069],[126.95168,37.46067],[126.95169,37.46051],[126.95164,37.4604],[126.95165,37.46035],[126.95176,37.46029],[126.95174,37.46008],[126.9519,37.46008],[126.95192,37.46015],[126.95199,37.46015],[126.95204,37.46014],[126.95204,37.46001],[126.95213,37.45994],[126.95227,37.45994],[126.95229,37.45998],[126.95233,37.45998],[126.95233,37.46009],[126.95215,37.46008],[126.95212,37.46025],[126.95201,37.46026],[126.95196,37.46033],[126.95196,37.46044],[126.95191,37.46046],[126.95191,37.46053],[126.95187,37.46053],[126.95187,37.46058],[126.95191,37.4606],[126.95188,37.46078],[126.95184,37.46082],[126.95177,37.46082]]]}},{"type":"Feature","properties":{"valleyId":"gwanaksan","layer":"canopy","date":"2026-08-01"},"geometry":{"type":"Polygon","coordinates":[[[126.92783,37.45959],[126.92786,37.45948],[126.928,37.45948],[126.92799,37.45957],[126.92783,37.45959]]]}},{"type":"Feature","properties":{"valleyId":"gwanaksan","layer":"canopy","date":"2026-08-01"},"geometry":{"type":"Polygon","coordinates":[[[126.9326,37.45962],[126.93258,37.45954],[126.9327,37.45955],[126.9327,37.45962],[126.9326,37.45962]]]}},{"type":"Feature","properties":{"valleyId":"gwanaksan","layer":"canopy","date":"2026-08-01"},"geometry":{"type":"Polygon","coordinates":[[[126.95287,37.46017],[126.95285,37.4601],[126.95276,37.46008],[126.95276,37.46002],[126.95299,37.46001],[126.95304,37.45983],[126.95311,37.45983],[126.95319,37.45994],[126.9534,37.46003],[126.95339,37.46012],[126.95319,37.46008],[126.95319,37.46017],[126.95287,37.46017]]]}},{"type":"Feature","properties":{"valleyId":"gwanaksan","layer":"canopy","date":"2026-08-01"},"geometry":{"type":"Polygon","coordinates":[[[126.9562,37.46091],[126.9562,37.46073],[126.95593,37.46074],[126.95584,37.46063],[126.95585,37.46053],[126.95589,37.46053],[126.95588,37.46031],[126.95597,37.46028],[126.95599,37.4602],[126.95615,37.46015],[126.95615,37.46008],[126.9562,37.46008],[126.95616,37.45992],[126.95611,37.45988],[126.95605,37.45988],[126.95605,37.45981],[126.95609,37.45979],[126.95616,37.45979],[126.95623,37.45985],[126.95625,37.45992],[126.95636,37.45999],[126.95638,37.46008],[126.95651,37.46016],[126.95649,37.46032],[126.95653,37.46032],[126.9566,37.46039],[126.95671,37.4604],[126.95671,37.46045],[126.95666,37.46045],[126.95668,37.46058],[126.95661,37.46063],[126.95656,37.46075],[126.9565,37.46077],[126.95649,37.46092],[126.9562,37.46091]]]}},{"type":"Feature","properties":{"valleyId":"gwanaksan","layer":"canopy","date":"2026-08-01"},"geometry":{"type":"Polygon","coordinates":[[[126.95433,37.45983],[126.95433,37.45969],[126.95445,37.45967],[126.95444,37.45982],[126.95433,37.45983]]]}},{"type":"Feature","properties":{"valleyId":"gwanaksan","layer":"canopy","date":"2026-08-01"},"geometry":{"type":"Polygon","coordinates":[[[126.957,37.45979],[126.957,37.45968],[126.95707,37.45968],[126.95709,37.45977],[126.957,37.45979]]]}},{"type":"Feature","properties":{"valleyId":"gwanaksan","layer":"canopy","date":"2026-08-01"},"geometry":{"type":"Polygon","coordinates":[[[126.93492,37.45942],[126.93478,37.45935],[126.93478,37.45929],[126.9349,37.4593],[126.93499,37.45933],[126.93498,37.45942],[126.93492,37.45942]]]}},{"type":"Feature","properties":{"valleyId":"gwanaksan","layer":"canopy","date":"2026-08-01"},"geometry":{"type":"Polygon","coordinates":[[[126.94755,37.45955],[126.94753,37.45946],[126.9476,37.45946],[126.94762,37.45955],[126.94755,37.45955]]]}},{"type":"Feature","properties":{"valleyId":"gwanaksan","layer":"canopy","date":"2026-08-01"},"geometry":{"type":"Polygon","coordinates":[[[126.93012,37.45957],[126.93005,37.4595],[126.93006,37.45934],[126.93001,37.45932],[126.93006,37.45916],[126.93015,37.45916],[126.9302,37.45923],[126.93026,37.45923],[126.93027,37.45913],[126.93033,37.45913],[126.93047,37.45926],[126.93051,37.45926],[126.9306,37.45933],[126.93062,37.4594],[126.93069,37.4594],[126.93076,37.45946],[126.93075,37.45953],[126.93066,37.45953],[126.93057,37.45944],[126.93051,37.45944],[126.93046,37.45949],[126.93021,37.4595],[126.93019,37.45957],[126.93012,37.45957]]]}},{"type":"Feature","properties":{"valleyId":"gwanaksan","layer":"canopy","date":"2026-08-01"},"geometry":{"type":"Polygon","coordinates":[[[126.93363,37.46018],[126.93359,37.4601],[126.93352,37.46008],[126.93345,37.46001],[126.93346,37.45981],[126.93333,37.45967],[126.93335,37.45956],[126.93326,37.45954],[126.93317,37.45946],[126.93308,37.45946],[126.93306,37.45937],[126.93315,37.45937],[126.93316,37.45932],[126.93325,37.45932],[126.93325,37.45927],[126.93338,37.45922],[126.9337,37.45917],[126.93409,37.45916],[126.93406,37.45926],[126.93413,37.45928],[126.93408,37.45948],[126.93401,37.45955],[126.93398,37.45966],[126.93382,37.45991],[126.93377,37.46014],[126.93363,37.46018]]]}},{"type":"Feature","properties":{"valleyId":"gwanaksan","layer":"canopy","date":"2026-08-01"},"geometry":{"type":"Polygon","coordinates":[[[126.94925,37.46048],[126.94922,37.46045],[126.94909,37.46043],[126.94902,37.46037],[126.94902,37.4603],[126.94894,37.46017],[126.94894,37.45999],[126.9489,37.45996],[126.9489,37.45985],[126.94883,37.45981],[126.94886,37.45968],[126.94884,37.45956],[126.9488,37.4595],[126.94885,37.45936],[126.94891,37.45936],[126.94898,37.45952],[126.94907,37.4596],[126.94908,37.45983],[126.94924,37.45996],[126.94926,37.46007],[126.94935,37.46009],[126.94937,37.46005],[126.94951,37.46004],[126.94969,37.46006],[126.94969,37.46011],[126.94962,37.46017],[126.9495,37.46016],[126.94952,37.46027],[126.94954,37.46031],[126.94959,37.46031],[126.94956,37.4604],[126.94945,37.46042],[126.94936,37.46049],[126.94925,37.46048]]]}},{"type":"Feature","properties":{"valleyId":"gwanaksan","layer":"canopy","date":"2026-08-01"},"geometry":{"type":"Polygon","coordinates":[[[126.95382,37.45954],[126.95379,37.4595],[126.95352,37.45951],[126.9535,37.45944],[126.95391,37.45943],[126.95391,37.45954],[126.95382,37.45954]]]}},{"type":"Feature","properties":{"valleyId":"gwanaksan","layer":"canopy","date":"2026-08-01"},"geometry":{"type":"Polygon","coordinates":[[[126.95614,37.45967],[126.9561,37.45959],[126.9561,37.4595],[126.95606,37.4595],[126.95606,37.45943],[126.95613,37.45943],[126.95612,37.45947],[126.95619,37.45949],[126.95619,37.45956],[126.95626,37.45961],[126.95625,37.45967],[126.95614,37.45967]]]}},{"type":"Feature","properties":{"valleyId":"gwanaksan","layer":"canopy","date":"2026-08-01"},"geometry":{"type":"Polygon","coordinates":[[[126.94887,37.45931],[126.94885,37.45922],[126.94894,37.45922],[126.94894,37.45931],[126.94887,37.45931]]]}},{"type":"Feature","properties":{"valleyId":"gwanaksan","layer":"canopy","date":"2026-08-01"},"geometry":{"type":"Polygon","coordinates":[[[126.95691,37.45966],[126.95687,37.45953],[126.9568,37.4595],[126.9568,37.45944],[126.95685,37.45944],[126.95681,37.4593],[126.95699,37.45932],[126.9571,37.45947],[126.95709,37.45956],[126.95696,37.45952],[126.95698,37.45966],[126.95691,37.45966]]]}},{"type":"Feature","properties":{"valleyId":"gwanaksan","layer":"canopy","date":"2026-08-01"},"geometry":{"type":"Polygon","coordinates":[[[126.92653,37.46034],[126.92636,37.45987],[126.92635,37.45947],[126.92645,37.45906],[126.92649,37.45902],[126.92659,37.45879],[126.92661,37.45876],[126.92677,37.45876],[126.92679,37.4589],[126.92684,37.45892],[126.92695,37.45892],[126.92699,37.45889],[126.92733,37.45893],[126.92731,37.45911],[126.92713,37.45907],[126.92708,37.45912],[126.92694,37.45912],[126.92694,37.45918],[126.92699,37.45921],[126.92714,37.45923],[126.92728,37.45929],[126.9273,37.4594],[126.92721,37.45945],[126.9272,37.45956],[126.92722,37.45959],[126.92729,37.4596],[126.92729,37.45967],[126.92722,37.4597],[126.92715,37.45992],[126.9271,37.45994],[126.92705,37.46004],[126.92696,37.46009],[126.92696,37.46013],[126.92685,37.46016],[126.92682,37.46024],[126.92675,37.46029],[126.92662,37.46034],[126.92653,37.46034]]]}},{"type":"Feature","properties":{"valleyId":"gwanaksan","layer":"canopy","date":"2026-08-01"},"geometry":{"type":"Polygon","coordinates":[[[126.92698,37.45876],[126.92696,37.45867],[126.92707,37.45867],[126.92707,37.45874],[126.92698,37.45876]]]}},{"type":"Feature","properties":{"valleyId":"gwanaksan","layer":"canopy","date":"2026-08-01"},"geometry":{"type":"Polygon","coordinates":[[[126.93403,37.46543],[126.93396,37.46541],[126.93387,37.46532],[126.93388,37.46521],[126.93381,37.46521],[126.93381,37.4653],[126.93362,37.46531],[126.93358,37.46528],[126.93363,37.46517],[126.93363,37.46501],[126.93357,37.46493],[126.93362,37.46456],[126.93362,37.46447],[126.93358,37.46445],[126.93358,37.46439],[126.93365,37.46436],[126.93368,37.4642],[126.93366,37.46414],[126.93352,37.4641],[126.9335,37.46403],[126.93334,37.46401],[126.93337,37.46387],[126.93341,37.46387],[126.93342,37.46383],[126.93353,37.46383],[126.93353,37.46378],[126.93335,37.46381],[126.93335,37.4639],[126.93323,37.4639],[126.93321,37.46374],[126.93331,37.4637],[126.93331,37.46365],[126.93317,37.46359],[126.93313,37.46352],[126.93304,37.46352],[126.93297,37.46346],[126.93291,37.46334],[126.93289,37.46306],[126.93297,37.46294],[126.93292,37.46283],[126.93294,37.46233],[126.93298,37.46233],[126.93301,37.46226],[126.93307,37.46226],[126.93308,37.4622],[126.93294,37.4622],[126.93297,37.46211],[126.93306,37.46208],[126.93306,37.46202],[126.93301,37.46202],[126.93301,37.46197],[126.93297,37.46195],[126.93297,37.4618],[126.93309,37.46177],[126.93309,37.46172],[126.93302,37.46172],[126.93302,37.46166],[126.93327,37.46167],[126.93343,37.46161],[126.93357,37.46162],[126.93364,37.46156],[126.93389,37.46157],[126.93395,37.46162],[126.93404,37.46162],[126.93409,37.46157],[126.93422,37.46159],[126.93422,37.46156],[126.93443,37.46156],[126.9345,37.46151],[126.93463,37.46151],[126.93468,37.46156],[126.93479,37.46157],[126.93484,37.46153],[126.9349,37.46153],[126.93493,37.46142],[126.93502,37.46143],[126.93502,37.46139],[126.93516,37.46141],[126.9352,37.46137],[126.9352,37.46132],[126.93491,37.46135],[126.93491,37.46132],[126.93482,37.4613],[126.9348,37.46124],[126.93453,37.46125],[126.93451,37.4612],[126.93446,37.4612],[126.93446,37.46116],[126.93442,37.46114],[126.9344,37.461],[126.93413,37.461],[126.93401,37.46098],[126.93399,37.46094],[126.93383,37.46094],[126.93381,37.4609],[126.93377,37.4609],[126.9337,37.46074],[126.93378,37.46045],[126.93369,37.46043],[126.93365,37.46028],[126.93401,37.46027],[126.93408,37.4602],[126.93426,37.4602],[126.93426,37.46013],[126.93422,37.4601],[126.93425,37.4599],[126.93434,37.45986],[126.93434,37.45974],[126.93441,37.45972],[126.93446,37.45965],[126.93455,37.4596],[126.9346,37.45947],[126.93482,37.45949],[126.93485,37.45946],[126.93494,37.45946],[126.93496,37.45957],[126.93514,37.4597],[126.93516,37.45975],[126.93534,37.45977],[126.93535,37.45995],[126.93547,37.45996],[126.93547,37.45992],[126.93551,37.45992],[126.93552,37.45983],[126.93545,37.45977],[126.93545,37.45967],[126.93548,37.45951],[126.93553,37.45943],[126.93557,37.45943],[126.93557,37.4594],[126.93569,37.45931],[126.93573,37.45931],[126.93573,37.45928],[126.9358,37.45922],[126.93585,37.45922],[126.93603,37.4591],[126.9361,37.4591],[126.93608,37.45923],[126.93662,37.45927],[126.93662,37.45924],[126.93671,37.45918],[126.93671,37.45902],[126.93667,37.45895],[126.9367,37.45888],[126.93685,37.45886],[126.93685,37.45895],[126.93692,37.45895],[126.93692,37.45885],[126.93747,37.45884],[126.93794,37.45892],[126.93816,37.45901],[126.93823,37.45901],[126.93823,37.45905],[126.93836,37.45907],[126.93838,37.45911],[126.93847,37.45912],[126.93865,37.45924],[126.93858,37.45951],[126.93864,37.45956],[126.93869,37.45956],[126.93871,37.45962],[126.93889,37.45964],[126.93889,37.45958],[126.93907,37.45959],[126.93907,37.45962],[126.9392,37.45975],[126.93942,37.46017],[126.9395,37.46066],[126.93942,37.46111],[126.93932,37.46112],[126.93928,37.46105],[126.93908,37.46105],[126.93903,37.4611],[126.93899,37.4611],[126.93898,37.46115],[126.93905,37.46119],[126.93907,37.46126],[126.93934,37.46123],[126.93929,37.46137],[126.93914,37.46135],[126.93913,37.46143],[126.93923,37.46143],[126.93922,37.4615],[126.93913,37.4615],[126.93902,37.46155],[126.93902,37.4616],[126.93897,37.46162],[126.93897,37.46173],[126.93885,37.46189],[126.93867,37.46189],[126.93867,37.46172],[126.93879,37.46173],[126.93881,37.46158],[126.93891,37.46157],[126.93891,37.46146],[126.93875,37.46142],[126.93875,37.46147],[126.93855,37.46145],[126.93854,37.46151],[126.93845,37.4615],[126.93846,37.46143],[126.93852,37.46143],[126.93855,37.46136],[126.93859,37.46136],[126.9386,37.46131],[126.93844,37.46131],[126.93843,37.46141],[126.93832,37.46141],[126.93832,37.46138],[126.93825,37.46137],[126.93825,37.46146],[126.93809,37.4615],[126.93805,37.46155],[126.93804,37.46162],[126.93809,37.46166],[126.93811,37.46179],[126.93826,37.46186],[126.93826,37.46191],[126.93822,37.46195],[126.93821,37.46206],[126.93828,37.46206],[126.93828,37.46201],[126.93833,37.46197],[126.93833,37.4619],[126.93829,37.4619],[126.93829,37.46179],[126.93838,37.4617],[126.93847,37.46172],[126.93851,37.46208],[126.93846,37.4621],[126.93846,37.46215],[126.93839,37.46215],[126.93839,37.46219],[126.93835,37.46219],[126.93832,37.46222],[126.93777,37.46239],[126.93741,37.46244],[126.93678,37.46241],[126.93631,37.4623],[126.93593,37.46213],[126.93588,37.46207],[126.93577,37.46207],[126.93575,37.46212],[126.93559,37.46223],[126.93558,37.46226],[126.93552,37.46228],[126.93538,37.46241],[126.93531,37.4624],[126.93531,37.46244],[126.93526,37.46246],[126.93519,37.46246],[126.9352,37.46242],[126.93511,37.46242],[126.9351,37.46254],[126.93497,37.46256],[126.93497,37.46247],[126.9349,37.46247],[126.93483,37.46254],[126.9348,37.4627],[126.93494,37.46276],[126.93523,37.463],[126.93522,37.46303],[126.93544,37.46327],[126.93544,37.4634],[126.93528,37.46352],[126.93519,37.46352],[126.93518,37.46379],[126.93527,37.46381],[126.93529,37.46385],[126.93545,37.46387],[126.93545,37.46405],[126.93522,37.46404],[126.93519,37.46413],[126.93524,37.46415],[126.93526,37.46424],[126.93506,37.46422],[126.93501,37.46426],[126.93478,37.46429],[126.93478,37.46422],[126.9349,37.46422],[126.9349,37.46416],[126.93463,37.46414],[126.93451,37.46419],[126.93451,37.46425],[126.93442,37.46428],[126.93435,37.46439],[126.93424,37.46439],[126.93424,37.46446],[126.9341,37.46453],[126.93407,37.46465],[126.93416,37.46469],[126.93422,37.46493],[126.93438,37.46495],[126.93438,37.465],[126.93433,37.46505],[126.93433,37.46522],[126.93419,37.46529],[126.93416,37.46539],[126.93412,37.46543],[126.93403,37.46543]],[[126.93388,37.46503],[126.93395,37.46503],[126.93395,37.46496],[126.93388,37.46496],[126.93388,37.46503]],[[126.93378,37.46445],[126.93387,37.46445],[126.93388,37.4644],[126.93378,37.4644],[126.93378,37.46445]],[[126.93416,37.46237],[126.93422,37.46237],[126.93423,37.4623],[126.93418,37.46228],[126.93418,37.46222],[126.93412,37.46222],[126.93411,37.46233],[126.93416,37.46237]],[[126.93484,37.46238],[126.9349,37.46238],[126.9349,37.46232],[126.93484,37.46232],[126.93484,37.46238]],[[126.9352,37.46235],[126.93531,37.46235],[126.93536,37.46222],[126.93516,37.46226],[126.93515,37.46231],[126.9352,37.46235]],[[126.93497,37.46227],[126.93516,37.46226],[126.93516,37.46217],[126.93523,37.46213],[126.93519,37.46199],[126.93512,37.46199],[126.93509,37.46211],[126.93505,37.46215],[126.93498,37.46215],[126.93497,37.46227]],[[126.93464,37.46218],[126.93471,37.46218],[126.93471,37.46212],[126.93464,37.46212],[126.93464,37.46218]],[[126.93489,37.46213],[126.93496,37.46213],[126.93494,37.46195],[126.93487,37.46195],[126.93489,37.46213]],[[126.93828,37.46213],[126.93839,37.46213],[126.93839,37.46206],[126.93828,37.46206],[126.93828,37.46213]],[[126.93724,37.46202],[126.93731,37.46202],[126.93731,37.46197],[126.93724,37.46197],[126.93724,37.46202]],[[126.93449,37.46194],[126.93462,37.46194],[126.9346,37.46172],[126.93449,37.46172],[126.9344,37.46185],[126.9344,37.4619],[126.93449,37.46194]],[[126.93511,37.46159],[126.93517,37.46159],[126.93515,37.46148],[126.93509,37.46148],[126.93511,37.46159]],[[126.93574,37.4614],[126.93583,37.4614],[126.93584,37.46128],[126.9357,37.46129],[126.9357,37.46137],[126.93574,37.4614]],[[126.93844,37.46123],[126.93851,37.46123],[126.93851,37.46118],[126.93844,37.46118],[126.93844,37.46123]],[[126.9346,37.46109],[126.93469,37.4611],[126.93469,37.46102],[126.9346,37.46102],[126.9346,37.46109]],[[126.9369,37.46112],[126.93702,37.4611],[126.93702,37.46101],[126.93693,37.46094],[126.93693,37.46086],[126.9368,37.46086],[126.9368,37.46075],[126.93696,37.46074],[126.93696,37.46077],[126.93714,37.46078],[126.93714,37.46081],[126.93727,37.46085],[126.93728,37.46053],[126.93724,37.46051],[126.93724,37.46047],[126.93713,37.46049],[126.93712,37.46053],[126.93703,37.46052],[126.93697,37.46047],[126.93697,37.46043],[126.93686,37.46041],[126.93679,37.4605],[126.93678,37.46056],[126.93672,37.46057],[126.93671,37.46063],[126.93676,37.46063],[126.93676,37.46074],[126.93673,37.46084],[126.93669,37.46086],[126.93668,37.461],[126.93673,37.46102],[126.93673,37.46106],[126.93684,37.46106],[126.9369,37.46112]],[[126.93865,37.46089],[126.93886,37.46084],[126.93886,37.46081],[126.9389,37.46079],[126.93891,37.4607],[126.93877,37.46061],[126.93877,37.46057],[126.93869,37.4605],[126.93862,37.4605],[126.93859,37.46053],[126.93844,37.46051],[126.93839,37.46058],[126.93843,37.4608],[126.93852,37.46087],[126.93865,37.46089]],[[126.93617,37.46056],[126.93624,37.46056],[126.93624,37.46051],[126.93618,37.46051],[126.93617,37.46056]],[[126.93841,37.45993],[126.93854,37.4599],[126.93855,37.45983],[126.9385,37.45979],[126.93843,37.45979],[126.93836,37.45984],[126.93836,37.4599],[126.93841,37.45993]],[[126.93866,37.45989],[126.93873,37.45989],[126.93873,37.45976],[126.93866,37.45976],[126.93864,37.45979],[126.93866,37.45989]],[[126.93647,37.45972],[126.93665,37.45972],[126.93667,37.45969],[126.93681,37.45967],[126.93681,37.4596],[126.93686,37.45957],[126.93686,37.45944],[126.93682,37.45938],[126.93659,37.45936],[126.93657,37.45943],[126.93641,37.45952],[126.9364,37.45959],[126.93647,37.45965],[126.93647,37.45972]]]}},{"type":"Feature","properties":{"valleyId":"gwanaksan","layer":"canopy","date":"2026-08-01"},"geometry":{"type":"Polygon","coordinates":[[[126.95629,37.45915],[126.95629,37.45909],[126.95636,37.45909],[126.95636,37.45915],[126.95629,37.45915]]]}},{"type":"Feature","properties":{"valleyId":"gwanaksan","layer":"canopy","date":"2026-08-01"},"geometry":{"type":"Polygon","coordinates":[[[126.95553,37.45982],[126.95542,37.45973],[126.95538,37.45954],[126.95518,37.45942],[126.95518,37.45934],[126.95529,37.45933],[126.95532,37.45926],[126.95521,37.45915],[126.95503,37.45914],[126.955,37.45918],[126.95489,37.45918],[126.95487,37.45909],[126.95491,37.45905],[126.95507,37.45902],[126.95537,37.45904],[126.95559,37.45922],[126.95563,37.45922],[126.95576,37.45943],[126.95578,37.45953],[126.95585,37.45953],[126.95594,37.45959],[126.95594,37.45964],[126.95585,37.45964],[126.95566,37.45982],[126.95553,37.45982]]]}},{"type":"Feature","properties":{"valleyId":"gwanaksan","layer":"canopy","date":"2026-08-01"},"geometry":{"type":"Polygon","coordinates":[[[126.92938,37.46016],[126.92938,37.4601],[126.92927,37.46001],[126.92918,37.46001],[126.92914,37.45995],[126.92902,37.45991],[126.92903,37.45981],[126.92894,37.45964],[126.92894,37.45957],[126.92903,37.45954],[126.92904,37.45946],[126.9289,37.45944],[126.92881,37.45939],[126.92865,37.45937],[126.92857,37.45931],[126.92857,37.45926],[126.92864,37.45926],[126.92862,37.45915],[126.92871,37.45913],[126.92871,37.45904],[126.92837,37.45902],[126.92833,37.45898],[126.92833,37.45889],[126.92824,37.45886],[126.92824,37.45878],[126.9284,37.4588],[126.9284,37.45875],[126.92829,37.45873],[126.92829,37.45866],[126.9284,37.45864],[126.9284,37.45861],[126.9285,37.45859],[126.92852,37.45855],[126.92881,37.45856],[126.9289,37.45861],[126.9289,37.45872],[126.92899,37.45876],[126.9291,37.45889],[126.92914,37.45889],[126.92919,37.45894],[126.92925,37.45895],[126.92928,37.459],[126.92939,37.45902],[126.92943,37.45907],[126.92972,37.45915],[126.92972,37.45928],[126.92965,37.45939],[126.92959,37.45978],[126.92965,37.46003],[126.92961,37.46005],[126.92961,37.46012],[126.92956,37.46016],[126.92938,37.46016]]]}},{"type":"Feature","properties":{"valleyId":"gwanaksan","layer":"canopy","date":"2026-08-01"},"geometry":{"type":"Polygon","coordinates":[[[126.9277,37.45861],[126.92771,37.45854],[126.9278,37.45852],[126.92779,37.45861],[126.9277,37.45861]]]}},{"type":"Feature","properties":{"valleyId":"gwanaksan","layer":"canopy","date":"2026-08-01"},"geometry":{"type":"Polygon","coordinates":[[[126.9567,37.45914],[126.95668,37.45903],[126.95675,37.45903],[126.95675,37.45899],[126.95686,37.45901],[126.95686,37.4591],[126.9567,37.45914]]]}},{"type":"Feature","properties":{"valleyId":"gwanaksan","layer":"canopy","date":"2026-08-01"},"geometry":{"type":"Polygon","coordinates":[[[126.92757,37.45847],[126.92757,37.45841],[126.92764,37.45841],[126.92764,37.45847],[126.92757,37.45847]]]}},{"type":"Feature","properties":{"valleyId":"gwanaksan","layer":"canopy","date":"2026-08-01"},"geometry":{"type":"Polygon","coordinates":[[[126.95641,37.45902],[126.95634,37.459],[126.95634,37.45893],[126.95643,37.45891],[126.95646,37.45886],[126.95657,37.45886],[126.95657,37.45893],[126.9565,37.45895],[126.9565,37.45902],[126.95641,37.45902]]]}},{"type":"Feature","properties":{"valleyId":"gwanaksan","layer":"canopy","date":"2026-08-01"},"geometry":{"type":"Polygon","coordinates":[[[126.92764,37.45832],[126.92765,37.45827],[126.92771,37.45827],[126.92771,37.45832],[126.92764,37.45832]]]}},{"type":"Feature","properties":{"valleyId":"gwanaksan","layer":"canopy","date":"2026-08-01"},"geometry":{"type":"Polygon","coordinates":[[[126.95617,37.45873],[126.95617,37.45864],[126.9563,37.45866],[126.9563,37.45871],[126.95617,37.45873]]]}},{"type":"Feature","properties":{"valleyId":"gwanaksan","layer":"canopy","date":"2026-08-01"},"geometry":{"type":"Polygon","coordinates":[[[126.9273,37.45853],[126.92723,37.45846],[126.92721,37.45833],[126.9273,37.45833],[126.92731,37.45817],[126.9274,37.45816],[126.92742,37.4581],[126.92751,37.4581],[126.92756,37.45821],[126.92751,37.45821],[126.92751,37.45836],[126.92744,37.45835],[126.92748,37.45852],[126.9273,37.45853]]]}},{"type":"Feature","properties":{"valleyId":"gwanaksan","layer":"canopy","date":"2026-08-01"},"geometry":{"type":"Polygon","coordinates":[[[126.93067,37.45913],[126.93056,37.45899],[126.9305,37.45899],[126.93041,37.45893],[126.93025,37.45889],[126.93021,37.4588],[126.9301,37.4588],[126.92985,37.4586],[126.92978,37.45859],[126.92977,37.45845],[126.9297,37.45839],[126.92961,37.45839],[126.92956,37.45846],[126.92945,37.45844],[126.9294,37.45841],[126.92941,37.45835],[126.92945,37.45835],[126.92948,37.45816],[126.92962,37.45816],[126.92961,37.45825],[126.9297,37.45825],[126.9297,37.4582],[126.92977,37.45816],[126.92977,37.45811],[126.92984,37.45811],[126.92993,37.45818],[126.93004,37.45822],[126.93015,37.45833],[126.9302,37.45833],[126.93029,37.4584],[126.93029,37.45844],[126.93042,37.45853],[126.93042,37.45857],[126.93048,37.45861],[126.93059,37.45879],[126.93064,37.45881],[126.93064,37.45886],[126.93077,37.45906],[126.93076,37.45913],[126.93067,37.45913]]]}},{"type":"Feature","properties":{"valleyId":"gwanaksan","layer":"canopy","date":"2026-08-01"},"geometry":{"type":"Polygon","coordinates":[[[126.94728,37.45881],[126.94731,37.45865],[126.94735,37.45861],[126.94736,37.4585],[126.94742,37.45849],[126.94742,37.45845],[126.94747,37.45845],[126.94752,37.45838],[126.94758,37.45838],[126.9476,37.45849],[126.94756,37.45853],[126.94755,37.45869],[126.94746,37.45872],[126.94746,37.45878],[126.94741,37.45881],[126.94728,37.45881]]]}},{"type":"Feature","properties":{"valleyId":"gwanaksan","layer":"canopy","date":"2026-08-01"},"geometry":{"type":"Polygon","coordinates":[[[126.95994,37.46372],[126.95992,37.46355],[126.95975,37.46348],[126.9597,37.46335],[126.95966,37.46331],[126.9595,37.46331],[126.9595,37.46322],[126.95935,37.46322],[126.95935,37.46313],[126.9594,37.46307],[126.95944,37.46308],[126.95944,37.46302],[126.95929,37.46293],[126.95927,37.46282],[126.9592,37.4628],[126.95916,37.46273],[126.95904,37.46273],[126.95905,37.46258],[126.95911,37.46258],[126.95911,37.46266],[126.95916,37.46266],[126.95916,37.46271],[126.95922,37.46271],[126.95925,37.46246],[126.95916,37.46242],[126.95917,37.46237],[126.95932,37.46239],[126.95935,37.4623],[126.95939,37.4623],[126.9594,37.46216],[126.95933,37.4621],[126.95936,37.46187],[126.95929,37.46181],[126.9593,37.46169],[126.95923,37.46165],[126.95919,37.46158],[126.95919,37.46145],[126.95903,37.46145],[126.95897,37.46137],[126.95899,37.46119],[126.95895,37.46119],[126.95891,37.46112],[126.95875,37.46112],[126.95866,37.46106],[126.95866,37.46095],[126.95873,37.46095],[126.95877,37.46101],[126.959,37.46103],[126.959,37.46094],[126.95909,37.46094],[126.95909,37.46087],[126.95901,37.46078],[126.95889,37.46076],[126.95885,37.46072],[126.95886,37.46047],[126.95863,37.46041],[126.95852,37.46023],[126.95839,37.46023],[126.95834,37.46028],[126.95816,37.46031],[126.9582,37.46046],[126.95813,37.46046],[126.958,37.46035],[126.95784,37.46033],[126.95775,37.46027],[126.95775,37.46023],[126.95748,37.46021],[126.95737,37.46025],[126.9573,37.46032],[126.9573,37.46046],[126.95739,37.46046],[126.95738,37.46053],[126.95736,37.46057],[126.95725,37.46059],[126.95722,37.46064],[126.95722,37.46073],[126.95729,37.46077],[126.95728,37.46088],[126.95733,37.46093],[126.9573,37.46124],[126.95716,37.46127],[126.95716,37.46132],[126.95711,37.46132],[126.95707,37.46139],[126.95695,37.46141],[126.95697,37.46154],[126.95693,37.46155],[126.95693,37.46159],[126.95686,37.46161],[126.95679,37.46161],[126.95679,37.46155],[126.95668,37.46153],[126.95663,37.4615],[126.95664,37.46139],[126.95659,37.46139],[126.9565,37.46131],[126.95651,37.46124],[126.95655,37.46122],[126.95655,37.46112],[126.9566,37.46108],[126.9566,37.46099],[126.95663,37.46094],[126.9567,37.4609],[126.9567,37.46083],[126.95677,37.4607],[126.95677,37.46051],[126.95684,37.46049],[126.95687,37.46042],[126.95691,37.4604],[126.95691,37.46033],[126.95701,37.46029],[126.95701,37.4602],[126.95712,37.4601],[126.95713,37.46001],[126.9572,37.45992],[126.9572,37.4597],[126.95727,37.45969],[126.95728,37.45934],[126.95721,37.45931],[126.95722,37.45925],[126.95717,37.45923],[126.95717,37.45918],[126.95713,37.45916],[126.95702,37.45896],[126.95695,37.45894],[126.95687,37.45878],[126.95682,37.45878],[126.95682,37.45874],[126.95676,37.4587],[126.95674,37.45861],[126.95669,37.45858],[126.95669,37.4585],[126.95665,37.45847],[126.95665,37.45836],[126.95676,37.45836],[126.95712,37.45849],[126.95759,37.45879],[126.95759,37.45884],[126.95754,37.45888],[126.95758,37.45906],[126.95788,37.45908],[126.95807,37.45938],[126.95811,37.45954],[126.95798,37.45954],[126.95798,37.45959],[126.95804,37.45964],[126.95806,37.45972],[126.95817,37.45974],[126.95818,37.45967],[126.95863,37.45973],[126.95908,37.45988],[126.9591,37.45992],[126.95919,37.45994],[126.95936,37.46006],[126.95941,37.46007],[126.95967,37.46029],[126.95965,37.46041],[126.9596,37.46045],[126.95947,37.46046],[126.95944,37.46053],[126.9594,37.46055],[126.95939,37.46061],[126.95948,37.46061],[126.95953,37.46055],[126.95962,37.46054],[126.95969,37.46048],[126.95985,37.46049],[126.95989,37.46052],[126.95989,37.46058],[126.9598,37.46061],[126.9598,37.46067],[126.95984,37.46069],[126.95989,37.46081],[126.96007,37.46085],[126.96009,37.46096],[126.96013,37.46096],[126.96021,37.46138],[126.96018,37.46177],[126.9601,37.46201],[126.96003,37.46211],[126.96003,37.46218],[126.96014,37.46228],[126.96036,37.46264],[126.96044,37.46289],[126.96048,37.46322],[126.96042,37.46363],[126.96028,37.46369],[126.96008,37.46368],[126.95994,37.46372]]]}},{"type":"Feature","properties":{"valleyId":"gwanaksan","layer":"canopy","date":"2026-08-01"},"geometry":{"type":"Polygon","coordinates":[[[126.94915,37.45827],[126.94915,37.45819],[126.94922,37.45819],[126.94922,37.45827],[126.94915,37.45827]]]}},{"type":"Feature","properties":{"valleyId":"gwanaksan","layer":"canopy","date":"2026-08-01"},"geometry":{"type":"Polygon","coordinates":[[[126.92794,37.4584],[126.92791,37.45833],[126.92796,37.45833],[126.92796,37.45827],[126.92767,37.45816],[126.92763,37.45809],[126.92758,37.45809],[126.92758,37.45802],[126.92781,37.45793],[126.92834,37.45783],[126.92872,37.45782],[126.92897,37.45784],[126.92901,37.45788],[126.92905,37.458],[126.92898,37.45806],[126.92896,37.45822],[126.92891,37.45827],[126.92882,37.45827],[126.92877,37.45831],[126.92832,37.45826],[126.92832,37.45835],[126.92816,37.45835],[126.92814,37.45839],[126.92794,37.4584]],[[126.92885,37.45797],[126.92894,37.45797],[126.92894,37.45791],[126.92885,37.45791],[126.92885,37.45797]]]}},{"type":"Feature","properties":{"valleyId":"gwanaksan","layer":"canopy","date":"2026-08-01"},"geometry":{"type":"Polygon","coordinates":[[[126.94767,37.45844],[126.94767,37.45838],[126.94781,37.45835],[126.94781,37.45826],[126.94775,37.45826],[126.94775,37.45813],[126.94793,37.45812],[126.94793,37.45821],[126.94784,37.45821],[126.94784,37.45826],[126.9479,37.45826],[126.9479,37.45841],[126.94783,37.45844],[126.94767,37.45844]]]}},{"type":"Feature","properties":{"valleyId":"gwanaksan","layer":"canopy","date":"2026-08-01"},"geometry":{"type":"Polygon","coordinates":[[[126.95159,37.45834],[126.9515,37.45827],[126.9515,37.4582],[126.95155,37.45814],[126.95164,37.45815],[126.95173,37.4582],[126.95172,37.45829],[126.95168,37.45831],[126.95168,37.45835],[126.95159,37.45834]]]}},{"type":"Feature","properties":{"valleyId":"gwanaksan","layer":"canopy","date":"2026-08-01"},"geometry":{"type":"Polygon","coordinates":[[[126.94703,37.45816],[126.94703,37.45805],[126.9471,37.45805],[126.94709,37.45816],[126.94703,37.45816]]]}},{"type":"Feature","properties":{"valleyId":"gwanaksan","layer":"canopy","date":"2026-08-01"},"geometry":{"type":"Polygon","coordinates":[[[126.94773,37.45802],[126.94773,37.45797],[126.94787,37.45795],[126.94787,37.45801],[126.94773,37.45802]]]}},{"type":"Feature","properties":{"valleyId":"gwanaksan","layer":"canopy","date":"2026-08-01"},"geometry":{"type":"Polygon","coordinates":[[[126.94751,37.45795],[126.94751,37.45789],[126.94758,37.4579],[126.94757,37.45795],[126.94751,37.45795]]]}},{"type":"Feature","properties":{"valleyId":"gwanaksan","layer":"canopy","date":"2026-08-01"},"geometry":{"type":"Polygon","coordinates":[[[126.95257,37.45798],[126.95257,37.45793],[126.95264,37.45793],[126.95264,37.45798],[126.95257,37.45798]]]}},{"type":"Feature","properties":{"valleyId":"gwanaksan","layer":"canopy","date":"2026-08-01"},"geometry":{"type":"Polygon","coordinates":[[[126.95426,37.45812],[126.95422,37.45794],[126.95433,37.45794],[126.95434,37.45787],[126.9544,37.45787],[126.95444,37.45805],[126.9544,37.45805],[126.95433,37.45812],[126.95426,37.45812]]]}},{"type":"Feature","properties":{"valleyId":"gwanaksan","layer":"canopy","date":"2026-08-01"},"geometry":{"type":"Polygon","coordinates":[[[126.95237,37.45769],[126.95238,37.45764],[126.95244,37.45764],[126.95244,37.45769],[126.95237,37.45769]]]}},{"type":"Feature","properties":{"valleyId":"gwanaksan","layer":"canopy","date":"2026-08-01"},"geometry":{"type":"Polygon","coordinates":[[[126.94978,37.45761],[126.94976,37.45754],[126.9498,37.45745],[126.94994,37.45745],[126.94994,37.45741],[126.95014,37.45742],[126.95014,37.45747],[126.95005,37.45751],[126.95,37.4576],[126.94978,37.45761]]]}},{"type":"Feature","properties":{"valleyId":"gwanaksan","layer":"canopy","date":"2026-08-01"},"geometry":{"type":"Polygon","coordinates":[[[126.95028,37.45751],[126.95028,37.45742],[126.95037,37.45742],[126.95037,37.45751],[126.95028,37.45751]]]}},{"type":"Feature","properties":{"valleyId":"gwanaksan","layer":"canopy","date":"2026-08-01"},"geometry":{"type":"Polygon","coordinates":[[[126.94958,37.45744],[126.9496,37.45732],[126.94974,37.4573],[126.94976,37.45737],[126.94971,37.45739],[126.94971,37.45743],[126.94958,37.45744]]]}},{"type":"Feature","properties":{"valleyId":"gwanaksan","layer":"canopy","date":"2026-08-01"},"geometry":{"type":"Polygon","coordinates":[[[126.94925,37.45776],[126.94921,37.45756],[126.94931,37.45747],[126.94937,37.45746],[126.94938,37.45726],[126.94947,37.45726],[126.94946,37.45742],[126.94956,37.45743],[126.94955,37.45748],[126.94949,37.45748],[126.94944,37.45755],[126.94939,37.45755],[126.94941,37.45766],[126.94935,37.45766],[126.94934,37.45775],[126.94925,37.45776]]]}},{"type":"Feature","properties":{"valleyId":"gwanaksan","layer":"canopy","date":"2026-08-01"},"geometry":{"type":"Polygon","coordinates":[[[126.94906,37.45727],[126.94906,37.4572],[126.94913,37.4572],[126.94915,37.45727],[126.94906,37.45727]]]}},{"type":"Feature","properties":{"valleyId":"gwanaksan","layer":"canopy","date":"2026-08-01"},"geometry":{"type":"Polygon","coordinates":[[[126.94854,37.45721],[126.9485,37.45719],[126.9485,37.45714],[126.94868,37.45705],[126.94886,37.45705],[126.94886,37.45711],[126.94898,37.45711],[126.94897,37.45716],[126.94886,37.45716],[126.94886,37.4572],[126.94854,37.45721]]]}},{"type":"Feature","properties":{"valleyId":"gwanaksan","layer":"canopy","date":"2026-08-01"},"geometry":{"type":"Polygon","coordinates":[[[126.95105,37.45741],[126.95105,37.45738],[126.95096,37.45738],[126.95096,37.45732],[126.95107,37.45731],[126.95114,37.45725],[126.95117,37.45704],[126.95119,37.457],[126.95126,37.457],[126.95131,37.45704],[126.95135,37.45717],[126.95136,37.4574],[126.95105,37.45741]]]}},{"type":"Feature","properties":{"valleyId":"gwanaksan","layer":"canopy","date":"2026-08-01"},"geometry":{"type":"Polygon","coordinates":[[[126.95192,37.45705],[126.95192,37.457],[126.95199,37.457],[126.95198,37.45705],[126.95192,37.45705]]]}},{"type":"Feature","properties":{"valleyId":"gwanaksan","layer":"canopy","date":"2026-08-01"},"geometry":{"type":"Polygon","coordinates":[[[126.94939,37.45703],[126.94939,37.4569],[126.94948,37.45688],[126.94948,37.45701],[126.94939,37.45703]]]}},{"type":"Feature","properties":{"valleyId":"gwanaksan","layer":"canopy","date":"2026-08-01"},"geometry":{"type":"Polygon","coordinates":[[[126.94905,37.45698],[126.94903,37.45693],[126.94889,37.45689],[126.94889,37.45684],[126.94916,37.45688],[126.94916,37.45695],[126.94911,37.45698],[126.94905,37.45698]]]}},{"type":"Feature","properties":{"valleyId":"gwanaksan","layer":"canopy","date":"2026-08-01"},"geometry":{"type":"Polygon","coordinates":[[[126.95146,37.45715],[126.95142,37.45713],[126.95142,37.45699],[126.95147,37.45699],[126.95147,37.45692],[126.95151,37.45692],[126.95154,37.45686],[126.95163,37.45687],[126.95167,37.45701],[126.95162,37.45703],[126.9516,37.45712],[126.95155,37.45715],[126.95146,37.45715]]]}},{"type":"Feature","properties":{"valleyId":"gwanaksan","layer":"canopy","date":"2026-08-01"},"geometry":{"type":"Polygon","coordinates":[[[126.95583,37.45705],[126.95578,37.45701],[126.95579,37.45694],[126.95585,37.45694],[126.9559,37.45699],[126.9559,37.45705],[126.95583,37.45705]]]}},{"type":"Feature","properties":{"valleyId":"gwanaksan","layer":"canopy","date":"2026-08-01"},"geometry":{"type":"Polygon","coordinates":[[[126.95661,37.45814],[126.95657,37.45809],[126.95657,37.45796],[126.95651,37.45792],[126.95651,37.45783],[126.95642,37.4578],[126.95638,37.45769],[126.95641,37.45736],[126.95648,37.45735],[126.95648,37.45731],[126.95657,37.45724],[126.95657,37.45719],[126.95664,37.45713],[126.95667,37.45704],[126.95673,37.45697],[126.95674,37.4569],[126.9568,37.4569],[126.95688,37.4573],[126.95688,37.45757],[126.95675,37.45802],[126.95671,37.45805],[126.95668,37.45814],[126.95661,37.45814]]]}},{"type":"Feature","properties":{"valleyId":"gwanaksan","layer":"canopy","date":"2026-08-01"},"geometry":{"type":"Polygon","coordinates":[[[126.95412,37.45741],[126.95412,37.45738],[126.95397,37.45736],[126.95397,37.45729],[126.95386,37.45727],[126.95379,37.45716],[126.9538,37.45694],[126.95387,37.45689],[126.95402,37.45689],[126.95405,37.45685],[126.95421,37.45687],[126.9542,37.45693],[126.95429,37.45695],[126.9543,37.45686],[126.95439,37.45686],[126.95452,37.45697],[126.95452,37.45704],[126.95458,37.4571],[126.95458,37.45721],[126.95451,37.45728],[126.95451,37.45733],[126.95439,37.4574],[126.95412,37.45741]],[[126.95422,37.45718],[126.9544,37.45717],[126.9544,37.45711],[126.95436,37.45708],[126.95425,37.45707],[126.95422,37.45711],[126.95418,37.45711],[126.95417,37.45716],[126.95422,37.45718]]]}},{"type":"Feature","properties":{"valleyId":"gwanaksan","layer":"canopy","date":"2026-08-01"},"geometry":{"type":"Polygon","coordinates":[[[126.94778,37.45775],[126.94774,37.45763],[126.94775,37.45747],[126.94772,37.45741],[126.94763,37.45741],[126.94764,37.45734],[126.94773,37.45718],[126.94779,37.45682],[126.9479,37.45675],[126.94795,37.45659],[126.94806,37.45657],[126.94811,37.4567],[126.94806,37.45671],[126.94806,37.45677],[126.94799,37.45682],[126.94801,37.45698],[126.94787,37.45713],[126.94789,37.45725],[126.94782,37.45729],[126.94786,37.45741],[126.9479,37.45741],[126.9479,37.45774],[126.94778,37.45775]]]}},{"type":"Feature","properties":{"valleyId":"gwanaksan","layer":"canopy","date":"2026-08-01"},"geometry":{"type":"Polygon","coordinates":[[[126.9517,37.45665],[126.9517,37.4566],[126.95177,37.4566],[126.95177,37.45665],[126.9517,37.45665]]]}},{"type":"Feature","properties":{"valleyId":"gwanaksan","layer":"canopy","date":"2026-08-01"},"geometry":{"type":"Polygon","coordinates":[[[126.94948,37.45681],[126.94949,37.45659],[126.94958,37.45651],[126.94983,37.45647],[126.94987,37.45653],[126.94994,37.45653],[126.94994,37.45658],[126.94985,37.45658],[126.94983,37.45662],[126.94987,37.45676],[126.9496,37.45678],[126.94955,37.45681],[126.94948,37.45681]]]}},{"type":"Feature","properties":{"valleyId":"gwanaksan","layer":"canopy","date":"2026-08-01"},"geometry":{"type":"Polygon","coordinates":[[[126.95025,37.45681],[126.95025,37.45666],[126.95032,37.45659],[126.95033,37.45645],[126.9504,37.45645],[126.95042,37.45656],[126.95051,37.45656],[126.9505,37.45661],[126.95039,37.45663],[126.95032,37.45672],[126.95032,37.45681],[126.95025,37.45681]]]}},{"type":"Feature","properties":{"valleyId":"gwanaksan","layer":"canopy","date":"2026-08-01"},"geometry":{"type":"Polygon","coordinates":[[[126.95155,37.45645],[126.95155,37.4564],[126.95162,37.4564],[126.95162,37.45645],[126.95155,37.45645]]]}},{"type":"Feature","properties":{"valleyId":"gwanaksan","layer":"canopy","date":"2026-08-01"},"geometry":{"type":"Polygon","coordinates":[[[126.94888,37.45648],[126.94884,37.45644],[126.94884,37.45628],[126.94895,37.45626],[126.94895,37.45648],[126.94888,37.45648]]]}},{"type":"Feature","properties":{"valleyId":"gwanaksan","layer":"canopy","date":"2026-08-01"},"geometry":{"type":"Polygon","coordinates":[[[126.94926,37.45646],[126.94923,37.45627],[126.94929,37.45621],[126.94936,37.45621],[126.94938,37.45643],[126.94933,37.45647],[126.94926,37.45646]]]}},{"type":"Feature","properties":{"valleyId":"gwanaksan","layer":"canopy","date":"2026-08-01"},"geometry":{"type":"Polygon","coordinates":[[[126.95476,37.45815],[126.95476,37.45809],[126.95462,37.45809],[126.9546,37.45813],[126.95451,37.45811],[126.95452,37.45794],[126.95443,37.45791],[126.95441,37.4576],[126.95453,37.45758],[126.95457,37.45767],[126.95456,37.45782],[126.95463,37.45782],[126.95466,37.45777],[126.95472,37.45775],[126.95473,37.45766],[126.95464,37.45762],[126.95464,37.45755],[126.95469,37.45748],[126.95482,37.45744],[126.95482,37.45739],[126.95476,37.45737],[126.95476,37.45728],[126.95499,37.45694],[126.95505,37.45662],[126.95503,37.45642],[126.95508,37.4564],[126.95506,37.45626],[126.95519,37.45624],[126.95537,37.45639],[126.95537,37.45644],[126.95542,37.45645],[126.95541,37.4565],[126.95546,37.45652],[126.95548,37.45659],[126.95548,37.45673],[126.95525,37.45671],[126.9552,37.45675],[126.95522,37.45686],[126.95527,37.45689],[126.95534,37.45689],[126.95536,37.45693],[126.95542,37.45693],[126.95547,37.45688],[126.95558,37.45688],[126.95565,37.45692],[126.95565,37.45699],[126.95553,37.45708],[126.95553,37.45724],[126.95546,37.45729],[126.95543,37.45742],[126.95539,37.45742],[126.95532,37.45747],[126.95525,37.45758],[126.95511,37.45759],[126.95511,37.45772],[126.95497,37.45777],[126.9549,37.458],[126.95487,37.45804],[126.95483,37.45804],[126.95483,37.45815],[126.95476,37.45815]],[[126.95494,37.45741],[126.95519,37.45741],[126.95519,37.45736],[126.95494,37.45734],[126.95494,37.45741]]]}},{"type":"Feature","properties":{"valleyId":"gwanaksan","layer":"canopy","date":"2026-08-01"},"geometry":{"type":"Polygon","coordinates":[[[126.94899,37.4559],[126.9489,37.45585],[126.94874,37.45584],[126.94874,37.45579],[126.94906,37.45578],[126.94908,37.4557],[126.94915,37.45571],[126.94912,37.45589],[126.94899,37.4559]]]}},{"type":"Feature","properties":{"valleyId":"gwanaksan","layer":"canopy","date":"2026-08-01"},"geometry":{"type":"Polygon","coordinates":[[[126.94879,37.45568],[126.94879,37.45563],[126.94886,37.45563],[126.94886,37.45568],[126.94879,37.45568]]]}},{"type":"Feature","properties":{"valleyId":"gwanaksan","layer":"canopy","date":"2026-08-01"},"geometry":{"type":"Polygon","coordinates":[[[126.95599,37.45694],[126.95588,37.45685],[126.95588,37.45678],[126.95575,37.45667],[126.95573,37.45658],[126.95557,37.45652],[126.95557,37.45643],[126.95553,37.45643],[126.95553,37.45636],[126.95544,37.4563],[126.9554,37.45621],[126.95533,37.45619],[126.95522,37.45601],[126.95523,37.45596],[126.95511,37.45588],[126.95512,37.45585],[126.95505,37.45579],[126.95498,37.45577],[126.95496,37.45572],[126.95489,37.4557],[126.9549,37.45561],[126.9553,37.45567],[126.95573,37.45582],[126.95572,37.45598],[126.95577,37.45602],[126.95579,37.45613],[126.95585,37.45613],[126.95581,37.45589],[126.95593,37.45591],[126.95639,37.45626],[126.95639,37.4563],[126.95646,37.45634],[126.95646,37.45641],[126.95657,37.45647],[126.95659,37.45657],[126.95656,37.45665],[126.95645,37.45673],[126.95644,37.45688],[126.95638,37.45688],[126.95635,37.45682],[126.95629,37.45682],[126.95629,37.45686],[126.95622,37.45687],[126.95622,37.45695],[126.95599,37.45694]]]}},{"type":"Feature","properties":{"valleyId":"gwanaksan","layer":"canopy","date":"2026-08-01"},"geometry":{"type":"Polygon","coordinates":[[[126.9545,37.45924],[126.95421,37.45916],[126.95419,37.45913],[126.9541,37.45911],[126.95408,37.45907],[126.95401,37.45907],[126.9539,37.459],[126.95381,37.45899],[126.95379,37.45896],[126.95367,37.45896],[126.95363,37.4589],[126.95354,37.4589],[126.95338,37.45877],[126.95336,37.45868],[126.9533,37.45864],[126.95332,37.45855],[126.95355,37.45854],[126.95353,37.45836],[126.95344,37.45827],[126.95333,37.45825],[126.95333,37.45818],[126.95338,37.45818],[126.95338,37.45809],[126.95334,37.45805],[126.95311,37.45806],[126.95309,37.45796],[126.95298,37.45788],[126.95289,37.45775],[126.9529,37.45759],[126.95299,37.45747],[126.95299,37.45741],[126.95306,37.4574],[126.95306,37.45727],[126.95304,37.45722],[126.95293,37.45721],[126.95294,37.45669],[126.95292,37.45658],[126.95286,37.45655],[126.95292,37.45584],[126.95281,37.45584],[126.95272,37.45593],[126.95245,37.45591],[126.95238,37.45594],[126.95235,37.45603],[126.9521,37.45601],[126.95211,37.45594],[126.95204,37.45586],[126.95204,37.45577],[126.95216,37.45574],[126.95216,37.45569],[126.952,37.45567],[126.952,37.45572],[126.95193,37.45572],[126.95198,37.45552],[126.95218,37.45554],[126.95227,37.45558],[126.95232,37.45562],[126.95231,37.45574],[126.95252,37.45575],[126.95279,37.45573],[126.95282,37.45554],[126.95286,37.4555],[126.95295,37.4555],[126.95297,37.45559],[126.95306,37.45559],[126.95316,37.45549],[126.95345,37.45547],[126.9534,37.45574],[126.95349,37.45576],[126.95351,37.45584],[126.95346,37.45583],[126.95344,37.45587],[126.95344,37.45605],[126.95339,37.45607],[126.95339,37.45616],[126.95332,37.45619],[126.95329,37.45652],[126.95326,37.45662],[126.95319,37.4567],[126.95319,37.45679],[126.95344,37.45681],[126.95355,37.4569],[126.95357,37.45699],[126.95366,37.45708],[126.95365,37.45723],[126.95383,37.45728],[126.95383,37.45736],[126.95374,37.45735],[126.95367,37.4573],[126.95358,37.4573],[126.95351,37.45735],[126.95351,37.4574],[126.95333,37.45742],[126.95337,37.45764],[126.95341,37.45767],[126.95338,37.45794],[126.95343,37.45796],[126.95345,37.45812],[126.95376,37.45818],[126.95385,37.45818],[126.95388,37.45813],[126.95399,37.45813],[126.95399,37.45826],[126.95403,37.4583],[126.95412,37.45828],[126.95408,37.45815],[126.95422,37.45815],[126.95426,37.45821],[126.95435,37.45821],[126.95437,37.45827],[126.95448,37.45829],[126.9545,37.45845],[126.95461,37.45845],[126.9546,37.45829],[126.95453,37.45825],[126.95453,37.4582],[126.95476,37.45825],[126.95473,37.45845],[126.95479,37.45851],[126.95481,37.45869],[126.95488,37.45874],[126.95487,37.45898],[126.95482,37.45903],[126.95471,37.45905],[126.95471,37.4591],[126.95462,37.45923],[126.9545,37.45924]],[[126.95452,37.45859],[126.95463,37.45859],[126.95463,37.45854],[126.95452,37.45852],[126.95452,37.45859]],[[126.95378,37.45835],[126.95385,37.45835],[126.95385,37.45829],[126.95378,37.45829],[126.95378,37.45835]],[[126.95222,37.4558],[126.95229,37.4558],[126.95229,37.45574],[126.95222,37.45574],[126.95222,37.4558]]]}},{"type":"Feature","properties":{"valleyId":"gwanaksan","layer":"canopy","date":"2026-08-01"},"geometry":{"type":"Polygon","coordinates":[[[126.95189,37.4555],[126.95189,37.45541],[126.95198,37.45541],[126.95198,37.4555],[126.95189,37.4555]]]}},{"type":"Feature","properties":{"valleyId":"gwanaksan","layer":"canopy","date":"2026-08-01"},"geometry":{"type":"Polygon","coordinates":[[[126.95021,37.45594],[126.95021,37.45585],[126.95014,37.45572],[126.9501,37.45569],[126.94983,37.45563],[126.94983,37.45548],[126.94993,37.45539],[126.94999,37.4554],[126.95013,37.45542],[126.95013,37.45551],[126.95026,37.45551],[126.95029,37.4554],[126.95045,37.45537],[126.95049,37.45539],[126.95049,37.45546],[126.95044,37.45553],[126.95035,37.45555],[126.95037,37.45576],[126.95046,37.45578],[126.95048,37.45575],[126.95057,37.45575],[126.95057,37.4558],[126.95041,37.45585],[126.95032,37.45594],[126.95021,37.45594]],[[126.95017,37.45562],[126.95028,37.45562],[126.95028,37.45556],[126.95017,37.45556],[126.95017,37.45562]]]}},{"type":"Feature","properties":{"valleyId":"gwanaksan","layer":"canopy","date":"2026-08-01"},"geometry":{"type":"Polygon","coordinates":[[[126.9533,37.45527],[126.95326,37.45522],[126.95317,37.4552],[126.95317,37.45507],[126.95333,37.45508],[126.95337,37.45527],[126.9533,37.45527]]]}},{"type":"Feature","properties":{"valleyId":"gwanaksan","layer":"canopy","date":"2026-08-01"},"geometry":{"type":"Polygon","coordinates":[[[126.95373,37.45528],[126.95371,37.45523],[126.95362,37.45517],[126.95358,37.45506],[126.95344,37.45499],[126.95345,37.45488],[126.95369,37.45487],[126.95369,37.45492],[126.95363,37.45492],[126.95362,37.45499],[126.95371,37.45506],[126.95375,37.45521],[126.9538,37.45523],[126.9538,37.45528],[126.95373,37.45528]]]}},{"type":"Feature","properties":{"valleyId":"gwanaksan","layer":"canopy","date":"2026-08-01"},"geometry":{"type":"Polygon","coordinates":[[[126.95105,37.45487],[126.95105,37.4548],[126.95114,37.4548],[126.95114,37.45486],[126.95105,37.45487]]]}},{"type":"Feature","properties":{"valleyId":"gwanaksan","layer":"canopy","date":"2026-08-01"},"geometry":{"type":"Polygon","coordinates":[[[126.9501,37.45493],[126.9501,37.4548],[126.95013,37.45477],[126.95019,37.45477],[126.95019,37.45489],[126.95017,37.45493],[126.9501,37.45493]]]}},{"type":"Feature","properties":{"valleyId":"gwanaksan","layer":"canopy","date":"2026-08-01"},"geometry":{"type":"Polygon","coordinates":[[[126.95191,37.45485],[126.95191,37.45471],[126.95198,37.45471],[126.95198,37.45485],[126.95191,37.45485]]]}},{"type":"Feature","properties":{"valleyId":"gwanaksan","layer":"canopy","date":"2026-08-01"},"geometry":{"type":"Polygon","coordinates":[[[126.9502,37.45462],[126.9502,37.45457],[126.95027,37.45457],[126.95026,37.45463],[126.9502,37.45462]]]}},{"type":"Feature","properties":{"valleyId":"gwanaksan","layer":"canopy","date":"2026-08-01"},"geometry":{"type":"Polygon","coordinates":[[[126.94915,37.4547],[126.94916,37.45462],[126.94922,37.45463],[126.94925,37.45448],[126.94934,37.45447],[126.94936,37.45465],[126.94922,37.45464],[126.94922,37.4547],[126.94915,37.4547]]]}},{"type":"Feature","properties":{"valleyId":"gwanaksan","layer":"canopy","date":"2026-08-01"},"geometry":{"type":"Polygon","coordinates":[[[126.95092,37.45462],[126.95095,37.45449],[126.95104,37.45449],[126.95104,37.45453],[126.95117,37.45452],[126.95115,37.4546],[126.95092,37.45462]]]}},{"type":"Feature","properties":{"valleyId":"gwanaksan","layer":"canopy","date":"2026-08-01"},"geometry":{"type":"Polygon","coordinates":[[[126.95262,37.45524],[126.95258,37.45517],[126.95263,37.45506],[126.95264,37.45454],[126.95267,37.45447],[126.95273,37.45447],[126.9528,37.45458],[126.95279,37.45476],[126.95275,37.45478],[126.9527,37.4549],[126.9527,37.45496],[126.95274,37.45497],[126.95271,37.45521],[126.95269,37.45524],[126.95262,37.45524]]]}},{"type":"Feature","properties":{"valleyId":"gwanaksan","layer":"canopy","date":"2026-08-01"},"geometry":{"type":"Polygon","coordinates":[[[126.95202,37.45419],[126.95202,37.4541],[126.95211,37.4541],[126.95211,37.45419],[126.95202,37.45419]]]}},{"type":"Feature","properties":{"valleyId":"gwanaksan","layer":"canopy","date":"2026-08-01"},"geometry":{"type":"Polygon","coordinates":[[[126.95182,37.45415],[126.95182,37.45408],[126.95191,37.45408],[126.95191,37.45415],[126.95182,37.45415]]]}},{"type":"Feature","properties":{"valleyId":"gwanaksan","layer":"canopy","date":"2026-08-01"},"geometry":{"type":"Polygon","coordinates":[[[126.95033,37.45407],[126.9503,37.454],[126.95046,37.45398],[126.95049,37.45393],[126.95076,37.45395],[126.95073,37.45404],[126.95033,37.45407]]]}},{"type":"Feature","properties":{"valleyId":"gwanaksan","layer":"canopy","date":"2026-08-01"},"geometry":{"type":"Polygon","coordinates":[[[126.95113,37.45423],[126.95105,37.45413],[126.951,37.45413],[126.95096,37.45406],[126.95085,37.45406],[126.95087,37.45393],[126.95139,37.45398],[126.95146,37.45403],[126.95162,37.45402],[126.95168,37.45407],[126.95163,37.4542],[126.95147,37.4542],[126.95145,37.45416],[126.95136,37.45416],[126.95136,37.45421],[126.95132,37.45423],[126.95113,37.45423]]]}},{"type":"Feature","properties":{"valleyId":"gwanaksan","layer":"canopy","date":"2026-08-01"},"geometry":{"type":"Polygon","coordinates":[[[126.95182,37.45391],[126.95182,37.45384],[126.95191,37.45384],[126.95191,37.4539],[126.95182,37.45391]]]}},{"type":"Feature","properties":{"valleyId":"gwanaksan","layer":"canopy","date":"2026-08-01"},"geometry":{"type":"Polygon","coordinates":[[[126.95329,37.45473],[126.95318,37.45471],[126.95316,37.45466],[126.95316,37.45457],[126.95321,37.45455],[126.95321,37.4545],[126.95307,37.45446],[126.9529,37.45431],[126.95286,37.45413],[126.95281,37.45411],[126.95286,37.4539],[126.95293,37.4539],[126.95298,37.45384],[126.95316,37.45381],[126.95329,37.45383],[126.95329,37.45389],[126.95316,37.45392],[126.95311,37.45406],[126.9532,37.45406],[126.95326,37.45412],[126.95326,37.45419],[126.95335,37.45423],[126.95335,37.45428],[126.95346,37.45437],[126.95346,37.45443],[126.95357,37.45447],[126.95354,37.45466],[126.95347,37.45472],[126.95329,37.45473]]]}},{"type":"Feature","properties":{"valleyId":"gwanaksan","layer":"canopy","date":"2026-08-01"},"geometry":{"type":"Polygon","coordinates":[[[126.95309,37.45365],[126.95317,37.45349],[126.95323,37.45349],[126.95323,37.45363],[126.95309,37.45365]]]}},{"type":"Feature","properties":{"valleyId":"gwanaksan","layer":"canopy","date":"2026-08-01"},"geometry":{"type":"Polygon","coordinates":[[[126.95236,37.45472],[126.9523,37.4547],[126.9523,37.45457],[126.95235,37.45455],[126.95235,37.4545],[126.9523,37.45448],[126.9523,37.45443],[126.95226,37.45439],[126.95231,37.45417],[126.95229,37.45407],[126.95225,37.45403],[126.95228,37.45385],[126.95212,37.45386],[126.95207,37.45385],[126.95207,37.45377],[126.95217,37.45369],[126.95217,37.45347],[126.95224,37.45342],[126.95231,37.45342],[126.95231,37.45338],[126.95251,37.45338],[126.95254,37.45342],[126.95258,37.45342],[126.95258,37.45351],[126.95253,37.45357],[126.95253,37.45364],[126.9526,37.45366],[126.95257,37.45378],[126.95266,37.4538],[126.95271,37.45384],[126.9527,37.45389],[126.95257,37.45393],[126.95256,37.4542],[126.95238,37.45421],[126.9524,37.45441],[126.95251,37.45447],[126.9525,37.45466],[126.95246,37.45472],[126.95236,37.45472]]]}},{"type":"Feature","properties":{"valleyId":"gwanaksan","layer":"canopy","date":"2026-08-01"},"geometry":{"type":"Polygon","coordinates":[[[126.94708,37.4521],[126.94708,37.45201],[126.94715,37.45201],[126.94715,37.4521],[126.94708,37.4521]]]}},{"type":"Feature","properties":{"valleyId":"gwanaksan","layer":"canopy","date":"2026-08-01"},"geometry":{"type":"Polygon","coordinates":[[[126.9476,37.452],[126.9476,37.45195],[126.94767,37.45195],[126.94767,37.452],[126.9476,37.452]]]}},{"type":"Feature","properties":{"valleyId":"gwanaksan","layer":"canopy","date":"2026-08-01"},"geometry":{"type":"Polygon","coordinates":[[[126.94722,37.45174],[126.94722,37.45169],[126.94729,37.45169],[126.94729,37.45174],[126.94722,37.45174]]]}},{"type":"Feature","properties":{"valleyId":"gwanaksan","layer":"canopy","date":"2026-08-01"},"geometry":{"type":"Polygon","coordinates":[[[126.94926,37.4518],[126.9493,37.45169],[126.94937,37.45169],[126.94932,37.4518],[126.94926,37.4518]]]}},{"type":"Feature","properties":{"valleyId":"gwanaksan","layer":"canopy","date":"2026-08-01"},"geometry":{"type":"Polygon","coordinates":[[[126.94904,37.45569],[126.94899,37.45561],[126.949,37.45531],[126.94909,37.45529],[126.94905,37.45516],[126.94917,37.45513],[126.94919,37.45495],[126.94931,37.45488],[126.94933,37.45479],[126.94943,37.45472],[126.94943,37.45461],[126.94952,37.45456],[126.94952,37.45452],[126.94957,37.45452],[126.94959,37.45433],[126.94953,37.45404],[126.94985,37.45408],[126.94996,37.45406],[126.94997,37.45399],[126.9499,37.45393],[126.94952,37.45391],[126.94947,37.45387],[126.9495,37.45375],[126.94945,37.45373],[126.94945,37.45367],[126.94941,37.45364],[126.94941,37.45346],[126.94948,37.45344],[126.94949,37.45331],[126.94953,37.4533],[126.94956,37.45323],[126.94956,37.45303],[126.94961,37.45296],[126.94961,37.45287],[126.9497,37.45281],[126.94966,37.45267],[126.94973,37.45254],[126.94974,37.45245],[126.94967,37.45243],[126.94967,37.45233],[126.94956,37.45225],[126.94959,37.45214],[126.94952,37.45211],[126.94952,37.45198],[126.94943,37.45191],[126.94944,37.45185],[126.94948,37.45185],[126.9495,37.45182],[126.94964,37.45184],[126.94962,37.45168],[126.94946,37.45169],[126.94946,37.45162],[126.94965,37.45162],[126.94967,37.45143],[126.94976,37.45143],[126.94976,37.45146],[126.94981,37.45148],[126.94981,37.45157],[126.94985,37.45161],[126.94984,37.45199],[126.94988,37.45201],[126.9499,37.4521],[126.94995,37.45213],[126.94995,37.45222],[126.95006,37.45231],[126.95005,37.4524],[126.95016,37.45248],[126.95016,37.45268],[126.95011,37.45271],[126.95011,37.45287],[126.95006,37.45291],[126.95006,37.45304],[126.95008,37.45307],[126.95017,37.45307],[126.95017,37.45315],[126.95021,37.45316],[126.95018,37.45349],[126.95013,37.45358],[126.95015,37.45376],[126.95011,37.45381],[126.95012,37.45406],[126.95008,37.4541],[126.95007,37.45423],[126.95,37.45433],[126.94997,37.45462],[126.94993,37.45464],[126.9499,37.45482],[126.94983,37.45489],[126.94974,37.4549],[126.94964,37.4551],[126.94963,37.45546],[126.94959,37.4555],[126.94945,37.45549],[126.94943,37.4554],[126.94927,37.45538],[126.94925,37.45542],[126.94918,37.45542],[126.94918,37.45553],[126.94911,37.45558],[126.94911,37.45569],[126.94904,37.45569]]]}},{"type":"Feature","properties":{"valleyId":"gwanaksan","layer":"canopy","date":"2026-08-01"},"geometry":{"type":"Polygon","coordinates":[[[126.94966,37.45126],[126.94964,37.45117],[126.9497,37.45117],[126.94972,37.45126],[126.94966,37.45126]]]}},{"type":"Feature","properties":{"valleyId":"gwanaksan","layer":"canopy","date":"2026-08-01"},"geometry":{"type":"Polygon","coordinates":[[[126.92702,37.45062],[126.92702,37.45045],[126.92714,37.45045],[126.92711,37.45062],[126.92702,37.45062]]]}},{"type":"Feature","properties":{"valleyId":"gwanaksan","layer":"canopy","date":"2026-08-01"},"geometry":{"type":"Polygon","coordinates":[[[126.94965,37.45078],[126.94965,37.4507],[126.94972,37.4507],[126.94974,37.45078],[126.94965,37.45078]]]}},{"type":"Feature","properties":{"valleyId":"gwanaksan","layer":"canopy","date":"2026-08-01"},"geometry":{"type":"Polygon","coordinates":[[[126.95206,37.45098],[126.95197,37.4508],[126.95191,37.4508],[126.95191,37.45072],[126.95202,37.45073],[126.95213,37.45082],[126.95217,37.45096],[126.95206,37.45098]]]}},{"type":"Feature","properties":{"valleyId":"gwanaksan","layer":"canopy","date":"2026-08-01"},"geometry":{"type":"Polygon","coordinates":[[[126.9518,37.4507],[126.95178,37.45061],[126.95182,37.45058],[126.95182,37.45047],[126.95189,37.45047],[126.95198,37.45058],[126.95198,37.45065],[126.95195,37.45071],[126.9518,37.4507]]]}},{"type":"Feature","properties":{"valleyId":"gwanaksan","layer":"canopy","date":"2026-08-01"},"geometry":{"type":"Polygon","coordinates":[[[126.95119,37.45383],[126.9511,37.45376],[126.95103,37.45376],[126.95106,37.45356],[126.95102,37.45341],[126.95082,37.45339],[126.95075,37.45334],[126.95059,37.45333],[126.95053,37.4533],[126.95053,37.45322],[126.95046,37.45322],[126.95037,37.45315],[126.95036,37.45284],[126.95045,37.45275],[126.95041,37.45245],[126.95051,37.45229],[126.95056,37.45227],[126.95056,37.45222],[126.95063,37.45216],[126.95081,37.45217],[126.95081,37.45202],[126.95067,37.45204],[126.95065,37.45198],[126.95056,37.45195],[126.95054,37.45185],[126.95059,37.45184],[126.95059,37.45178],[126.95055,37.45176],[126.95046,37.45176],[126.95043,37.4518],[126.95039,37.4518],[126.95041,37.45191],[126.95031,37.45196],[126.95025,37.45196],[126.95018,37.45201],[126.95004,37.45201],[126.95005,37.45188],[126.95014,37.45185],[126.95014,37.45178],[126.95,37.45176],[126.95001,37.45154],[126.94994,37.45152],[126.94997,37.45129],[126.94993,37.45129],[126.94993,37.45111],[126.94989,37.45107],[126.94992,37.45069],[126.94988,37.45062],[126.94988,37.45044],[126.94993,37.4504],[126.94991,37.45022],[126.95002,37.45022],[126.95002,37.45017],[126.95007,37.45013],[126.95016,37.45014],[126.95018,37.4501],[126.95025,37.4501],[126.95027,37.45016],[126.95034,37.45016],[126.95034,37.4501],[126.95057,37.45011],[126.95066,37.45022],[126.95067,37.4504],[126.95076,37.45045],[126.95088,37.45047],[126.95094,37.4506],[126.95098,37.45062],[126.951,37.45071],[126.95114,37.45071],[126.95121,37.4506],[126.95144,37.45055],[126.95162,37.45056],[126.95173,37.45063],[126.95173,37.4507],[126.95154,37.45081],[126.95156,37.45103],[126.95161,37.45104],[126.9516,37.4511],[126.95156,37.45113],[126.95135,37.45113],[126.95131,37.45122],[126.95122,37.45124],[126.95122,37.45127],[126.95117,37.45129],[126.9511,37.45145],[126.95117,37.45145],[126.95119,37.45151],[126.95125,37.45152],[126.95127,37.45162],[126.95179,37.45161],[126.9518,37.45155],[126.95186,37.45155],[126.95188,37.45163],[126.95204,37.45163],[126.95204,37.45168],[126.95218,37.45167],[126.95218,37.45172],[126.95226,37.45181],[126.95226,37.45196],[126.95221,37.45201],[126.95217,37.45201],[126.95216,37.45214],[126.95207,37.45222],[126.95204,37.45237],[126.95193,37.45244],[126.95195,37.45267],[126.95208,37.45269],[126.95202,37.45249],[126.95213,37.45237],[126.9522,37.45237],[126.95225,37.45244],[126.95236,37.45248],[126.95236,37.45252],[126.95249,37.45252],[126.95249,37.45266],[126.95253,37.45275],[126.95269,37.45276],[126.95271,37.45279],[126.95276,37.45279],[126.9528,37.4529],[126.95296,37.45291],[126.95296,37.45278],[126.95289,37.45271],[126.9529,37.45263],[126.95285,37.45262],[126.95277,37.45243],[126.9527,37.45238],[126.95273,37.45225],[126.95268,37.45222],[126.95257,37.45221],[126.95259,37.45214],[126.95273,37.45214],[126.9528,37.4522],[126.95279,37.45225],[126.95288,37.45238],[126.95288,37.45245],[126.95305,37.45275],[126.95309,37.45298],[126.95316,37.45304],[126.95315,37.45314],[126.95308,37.4532],[126.95295,37.45318],[126.9529,37.45321],[126.95277,37.45321],[126.95268,37.45317],[126.95268,37.45314],[126.95259,37.45312],[126.95257,37.45306],[126.95234,37.45306],[126.95228,37.45295],[126.95205,37.45293],[126.95198,37.45302],[126.952,37.45318],[126.95197,37.45336],[126.95193,37.45341],[126.95192,37.45355],[126.95183,37.45364],[126.95183,37.4537],[126.95174,37.45377],[126.95167,37.45377],[126.95158,37.45382],[126.95119,37.45383]],[[126.95055,37.45077],[126.95062,37.45077],[126.95062,37.45072],[126.95055,37.45072],[126.95055,37.45077]]]}},{"type":"Feature","properties":{"valleyId":"gwanaksan","layer":"canopy","date":"2026-08-01"},"geometry":{"type":"Polygon","coordinates":[[[126.95199,37.45022],[126.95199,37.45015],[126.95208,37.45013],[126.9521,37.45021],[126.95199,37.45022]]]}},{"type":"Feature","properties":{"valleyId":"gwanaksan","layer":"canopy","date":"2026-08-01"},"geometry":{"type":"Polygon","coordinates":[[[126.94994,37.45008],[126.94992,37.44997],[126.94998,37.44997],[126.95,37.45008],[126.94994,37.45008]]]}},{"type":"Feature","properties":{"valleyId":"gwanaksan","layer":"canopy","date":"2026-08-01"},"geometry":{"type":"Polygon","coordinates":[[[126.95202,37.45006],[126.952,37.44992],[126.95211,37.4499],[126.95211,37.45004],[126.95202,37.45006]]]}},{"type":"Feature","properties":{"valleyId":"gwanaksan","layer":"canopy","date":"2026-08-01"},"geometry":{"type":"Polygon","coordinates":[[[126.9248,37.45391],[126.92438,37.45383],[126.92433,37.45379],[126.9242,37.45377],[126.92418,37.4537],[126.92402,37.4537],[126.92391,37.45362],[126.92382,37.4536],[126.92377,37.45355],[126.92373,37.45355],[126.92355,37.45342],[126.92353,37.45329],[126.9234,37.45329],[126.92333,37.45324],[126.92333,37.4532],[126.92326,37.45316],[126.92327,37.45313],[126.92313,37.453],[126.923,37.45278],[126.92298,37.45267],[126.92294,37.45263],[126.92286,37.45229],[126.92287,37.45188],[126.92304,37.45137],[126.92289,37.45121],[126.92278,37.45103],[126.92278,37.45097],[126.92285,37.45097],[126.92287,37.45101],[126.92303,37.451],[126.92314,37.45112],[126.9233,37.45113],[126.92332,37.45107],[126.92339,37.45107],[126.92342,37.4508],[126.92338,37.45077],[126.92324,37.45075],[126.92315,37.45075],[126.92315,37.45078],[126.92304,37.45078],[126.92301,37.45074],[126.92295,37.45074],[126.92295,37.45078],[126.92277,37.45076],[126.92275,37.45067],[126.92266,37.45066],[126.92262,37.45047],[126.92262,37.45014],[126.92273,37.44976],[126.92277,37.44973],[126.92289,37.44946],[126.92294,37.44944],[126.92296,37.44937],[126.92301,37.44936],[126.9231,37.44921],[126.92317,37.44918],[126.92317,37.44914],[126.92345,37.44893],[126.92349,37.44893],[126.92354,37.44888],[126.92359,37.44888],[126.92363,37.44883],[126.92379,37.44877],[126.92382,37.44874],[126.92432,37.44858],[126.92466,37.44854],[126.92536,37.44857],[126.92581,37.44868],[126.92608,37.4488],[126.9261,37.44883],[126.92628,37.44891],[126.92632,37.44896],[126.92636,37.44896],[126.92667,37.44922],[126.92667,37.44926],[126.92689,37.4495],[126.92702,37.44973],[126.9271,37.44999],[126.92712,37.45013],[126.92708,37.45013],[126.92708,37.45018],[126.92714,37.4502],[126.92714,37.4504],[126.92693,37.45045],[126.92686,37.45065],[126.92683,37.45092],[126.9269,37.45094],[126.92687,37.45112],[126.92691,37.45114],[126.92693,37.45132],[126.92677,37.45133],[126.92673,37.45126],[126.92655,37.4512],[126.92651,37.45115],[126.92626,37.45112],[126.92626,37.45118],[126.92617,37.45118],[126.92614,37.45136],[126.92627,37.4515],[126.92638,37.45154],[126.92652,37.45154],[126.92659,37.45149],[126.92677,37.45149],[126.92695,37.45157],[126.92694,37.45197],[126.92703,37.45197],[126.92709,37.452],[126.92709,37.4522],[126.92716,37.45226],[126.92713,37.4524],[126.92733,37.45241],[126.92728,37.45267],[126.92704,37.45308],[126.92688,37.45323],[126.92688,37.45326],[126.92679,37.45331],[126.92679,37.45335],[126.92646,37.45358],[126.92642,37.45358],[126.92637,37.45363],[126.92621,37.45368],[126.92619,37.45372],[126.92569,37.45387],[126.92535,37.45392],[126.9248,37.45391]],[[126.92366,37.45342],[126.92373,37.45342],[126.92373,37.45337],[126.92367,37.45337],[126.92366,37.45342]],[[126.92589,37.45308],[126.926,37.45308],[126.92601,37.45287],[126.92606,37.4528],[126.92626,37.45278],[126.9263,37.45282],[126.92642,37.45282],[126.92642,37.45275],[126.92635,37.45275],[126.92631,37.45271],[126.92631,37.45253],[126.92627,37.45253],[126.9262,37.45244],[126.92613,37.45244],[126.92609,37.45247],[126.92609,37.45253],[126.92613,37.45255],[126.9261,37.45274],[126.92592,37.45276],[126.92587,37.45285],[126.92574,37.4529],[126.92573,37.45299],[126.92578,37.45299],[126.92589,37.45308]],[[126.9249,37.45276],[126.92502,37.45274],[126.92502,37.45263],[126.92529,37.45266],[126.92531,37.45271],[126.92554,37.45275],[126.92558,37.45268],[126.92576,37.45267],[126.92577,37.45263],[126.92581,37.45261],[126.92584,37.45245],[126.92584,37.4524],[126.92571,37.45232],[126.92569,37.45223],[126.92564,37.4522],[126.92557,37.45219],[126.92553,37.45214],[126.92546,37.45214],[126.92542,37.45207],[126.92528,37.45206],[126.92524,37.45203],[126.92515,37.45202],[126.92508,37.45199],[126.92508,37.45191],[126.92504,37.45188],[126.92505,37.45157],[126.92498,37.45157],[126.92496,37.45161],[126.92473,37.45158],[126.92466,37.45169],[126.92466,37.45175],[126.92488,37.45179],[126.92491,37.45188],[126.92497,37.45188],[126.92497,37.45195],[126.9249,37.45195],[126.92488,37.45188],[126.92479,37.45187],[126.9247,37.45193],[126.92468,37.45198],[126.9244,37.45198],[126.92441,37.45187],[126.92429,37.45187],[126.92423,37.4519],[126.92422,37.45195],[126.92418,37.45195],[126.92404,37.45208],[126.92404,37.45215],[126.92408,37.45215],[126.92408,37.45219],[126.92415,37.45219],[126.92424,37.45212],[126.9246,37.45214],[126.92463,37.45211],[126.92472,37.45211],[126.92483,37.45218],[126.92492,37.45218],[126.92496,37.45229],[126.92482,37.45234],[126.92473,37.45252],[126.92475,37.4527],[126.92479,37.45274],[126.9249,37.45276]],[[126.92409,37.45092],[126.92419,37.45093],[126.92419,37.45087],[126.92407,37.45085],[126.92409,37.45092]],[[126.92297,37.45067],[126.92304,37.45067],[126.92304,37.45062],[126.92297,37.45062],[126.92297,37.45067]],[[126.92663,37.4507],[126.92672,37.45068],[126.92673,37.45059],[126.92664,37.45059],[126.92663,37.4507]],[[126.9266,37.4503],[126.92669,37.4503],[126.92669,37.45025],[126.9266,37.45025],[126.9266,37.4503]],[[126.92484,37.45016],[126.92493,37.45016],[126.92493,37.45011],[126.92484,37.45011],[126.92484,37.45016]],[[126.92594,37.44959],[126.92601,37.44959],[126.92601,37.44953],[126.92594,37.44953],[126.92594,37.44959]],[[126.9248,37.44899],[126.92505,37.44898],[126.92505,37.44892],[126.92492,37.44888],[126.92483,37.44877],[126.92476,37.44877],[126.92472,37.44883],[126.92467,37.44883],[126.92467,37.44886],[126.9246,37.44886],[126.92461,37.44875],[126.92454,37.44872],[126.92445,37.44873],[126.92445,37.44882],[126.92449,37.44886],[126.92456,37.44886],[126.92456,37.44895],[126.9248,37.44899]]]}},{"type":"Feature","properties":{"valleyId":"gwanaksan","layer":"canopy","date":"2026-08-01"},"geometry":{"type":"Polygon","coordinates":[[[126.95216,37.44974],[126.95207,37.44968],[126.95207,37.44963],[126.95203,37.44959],[126.95206,37.44932],[126.95204,37.44918],[126.952,37.44916],[126.95198,37.44891],[126.95207,37.44891],[126.95209,37.449],[126.95218,37.44907],[126.95229,37.44909],[126.95238,37.4492],[126.95254,37.4492],[126.95256,37.44915],[126.95267,37.44917],[126.95267,37.44928],[126.95238,37.44925],[126.95224,37.44929],[126.95224,37.44941],[126.9523,37.44947],[126.9523,37.44961],[126.95235,37.44963],[126.95234,37.44972],[126.95216,37.44974]]]}},{"type":"Feature","properties":{"valleyId":"gwanaksan","layer":"canopy","date":"2026-08-01"},"geometry":{"type":"Polygon","coordinates":[[[126.94521,37.44846],[126.94524,37.44834],[126.94537,37.44832],[126.94535,37.44847],[126.94521,37.44846]]]}},{"type":"Feature","properties":{"valleyId":"gwanaksan","layer":"canopy","date":"2026-08-01"},"geometry":{"type":"Polygon","coordinates":[[[126.95053,37.44993],[126.95048,37.44989],[126.95049,37.44978],[126.95044,37.44974],[126.95052,37.4494],[126.95043,37.44929],[126.95043,37.44922],[126.95023,37.44918],[126.95014,37.44913],[126.94996,37.44912],[126.94985,37.44914],[126.94983,37.44917],[126.94969,37.44917],[126.94969,37.44914],[126.94962,37.4491],[126.94954,37.44883],[126.94948,37.44872],[126.94943,37.4487],[126.94939,37.44848],[126.94935,37.44846],[126.94933,37.44834],[126.9492,37.4481],[126.94918,37.44785],[126.94923,37.44783],[126.94923,37.44772],[126.9493,37.4476],[126.94939,37.4476],[126.94951,37.44751],[126.94951,37.44744],[126.9496,37.44739],[126.94976,37.44741],[126.94979,37.44732],[126.94988,37.44734],[126.94985,37.4475],[126.95001,37.4475],[126.95,37.44761],[126.95012,37.44761],[126.95014,37.44767],[126.95018,37.44767],[126.9502,37.4477],[126.9503,37.4477],[126.95037,37.44763],[126.95043,37.44764],[126.95052,37.44758],[126.95089,37.44755],[126.95088,37.44782],[126.95092,37.44788],[126.95099,37.44788],[126.95098,37.44764],[126.95102,37.44757],[126.95111,37.44757],[126.95109,37.44745],[126.95116,37.44743],[126.95116,37.44738],[126.95123,37.44732],[126.95139,37.44733],[126.95141,37.44736],[126.95153,37.44737],[126.95155,37.44746],[126.95161,37.44748],[126.95161,37.44751],[126.95172,37.4476],[126.95176,37.448],[126.9518,37.44804],[126.95184,37.44834],[126.95172,37.4484],[126.95136,37.44839],[126.95116,37.44828],[126.95078,37.44827],[126.95075,37.44833],[126.95059,37.44843],[126.95059,37.44858],[126.95065,37.44865],[126.95065,37.4487],[126.95076,37.44874],[126.95078,37.4489],[126.95089,37.44903],[126.95096,37.44903],[126.95101,37.44896],[126.95107,37.44896],[126.95107,37.44907],[126.95112,37.44911],[126.95121,37.44913],[126.95127,37.44918],[126.95143,37.44918],[126.95147,37.44928],[126.95165,37.44926],[126.95165,37.4493],[126.95172,37.44932],[126.95169,37.44957],[126.95176,37.44959],[126.95176,37.44962],[126.95187,37.4497],[126.95187,37.44975],[126.95173,37.44989],[126.95152,37.44989],[126.95137,37.44981],[126.95121,37.44979],[126.9511,37.44972],[126.95103,37.44972],[126.9509,37.44963],[126.95085,37.44963],[126.95083,37.44957],[126.95076,37.44957],[126.95076,37.44966],[126.95072,37.44971],[126.95067,37.44971],[126.95067,37.44987],[126.95062,37.44993],[126.95053,37.44993]],[[126.9505,37.44924],[126.95057,37.44924],[126.95053,37.44904],[126.95044,37.44901],[126.95035,37.4489],[126.95022,37.44888],[126.95022,37.44893],[126.95031,37.449],[126.95033,37.44909],[126.95039,37.44915],[126.95048,37.44915],[126.9505,37.44924]],[[126.95137,37.44801],[126.95151,37.44801],[126.95151,37.44791],[126.95142,37.44776],[126.95131,37.44776],[126.95129,37.44781],[126.9512,37.44785],[126.95119,37.44794],[126.95137,37.44801]]]}},{"type":"Feature","properties":{"valleyId":"gwanaksan","layer":"canopy","date":"2026-08-01"},"geometry":{"type":"Polygon","coordinates":[[[126.94589,37.46814],[126.94578,37.46808],[126.94576,37.46801],[126.94567,37.46796],[126.94567,37.46792],[126.94561,37.46792],[126.94554,37.46797],[126.94549,37.46808],[126.94528,37.46806],[126.94529,37.46802],[126.94524,37.46802],[126.94525,37.4678],[126.94536,37.46779],[126.94548,37.46766],[126.94557,37.46765],[126.94557,37.46754],[126.94525,37.46752],[126.94508,37.4674],[126.94508,37.46731],[126.94515,37.46732],[126.94515,37.46724],[126.94508,37.46719],[126.94509,37.46704],[126.94497,37.46701],[126.94498,37.46695],[126.94504,37.46695],[126.94504,37.46641],[126.94511,37.46614],[126.94535,37.46573],[126.94567,37.46541],[126.94577,37.46511],[126.94594,37.46484],[126.94589,37.46414],[126.94569,37.46399],[126.94569,37.46395],[126.94562,37.46392],[126.94563,37.46388],[126.94547,37.46373],[126.94523,37.46328],[126.94516,37.46283],[126.94519,37.46252],[126.94526,37.46227],[126.94551,37.46231],[126.94551,37.46222],[126.94531,37.46222],[126.94538,37.46202],[126.94545,37.46191],[126.9455,37.4619],[126.94552,37.46183],[126.94557,37.46181],[126.94562,37.46172],[126.94571,37.46168],[126.94571,37.46163],[126.94585,37.46154],[126.94585,37.46151],[126.94612,37.46135],[126.94613,37.46128],[126.94608,37.46126],[126.94608,37.46122],[126.94601,37.4612],[126.94597,37.46113],[126.94579,37.461],[126.9458,37.46096],[126.94573,37.46093],[126.94562,37.46075],[126.94558,37.46073],[126.94525,37.46016],[126.94513,37.45973],[126.9451,37.45908],[126.94531,37.45822],[126.94535,37.45813],[126.94536,37.45802],[126.9454,37.45793],[126.94541,37.45775],[126.94586,37.45785],[126.9459,37.45779],[126.94595,37.4578],[126.94595,37.45776],[126.94609,37.45776],[126.94609,37.45771],[126.94613,37.45771],[126.94613,37.45765],[126.94604,37.45763],[126.946,37.45754],[126.94584,37.45754],[126.94571,37.4575],[126.94567,37.45743],[126.94555,37.45741],[126.94549,37.4573],[126.94542,37.45728],[126.94544,37.45676],[126.94563,37.45626],[126.9457,37.45619],[126.9457,37.45613],[126.9458,37.45599],[126.94584,37.45597],[126.94587,37.4559],[126.94591,37.45588],[126.94598,37.45574],[126.94608,37.45565],[126.94608,37.4556],[126.94615,37.45553],[126.9462,37.45538],[126.94643,37.45501],[126.94648,37.45499],[126.9465,37.45492],[126.94662,37.45483],[126.94662,37.4548],[126.94669,37.45476],[126.94669,37.45473],[126.94676,37.45469],[126.94678,37.45462],[126.94683,37.4546],[126.94685,37.45453],[126.9469,37.45451],[126.94692,37.45444],[126.94697,37.45442],[126.94699,37.45435],[126.94704,37.45434],[126.94709,37.45423],[126.94718,37.45414],[126.9472,37.4536],[126.94725,37.45324],[126.9473,37.45306],[126.94739,37.45304],[126.9474,37.45286],[126.94735,37.45274],[126.94729,37.45266],[126.94729,37.45261],[126.94725,37.45257],[126.94725,37.4525],[126.94738,37.45254],[126.94738,37.45263],[126.94754,37.45261],[126.94756,37.45267],[126.94769,37.45269],[126.94781,37.45269],[126.94783,37.45262],[126.94788,37.45262],[126.94788,37.45253],[126.94813,37.45255],[126.94813,37.45239],[126.94818,37.45235],[126.94818,37.45228],[126.94823,37.45227],[126.94823,37.45219],[126.94818,37.45216],[126.94812,37.45216],[126.94803,37.45217],[126.948,37.45221],[126.94791,37.45221],[126.94793,37.45233],[126.94786,37.45233],[126.94782,37.45229],[126.94785,37.45206],[126.94776,37.452],[126.94776,37.45195],[126.94778,37.45191],[126.94801,37.45195],[126.94801,37.4519],[126.9481,37.4519],[126.94807,37.45206],[126.94814,37.45207],[126.94817,37.4519],[126.9483,37.45194],[126.94833,37.45183],[126.94831,37.45174],[126.94824,37.45174],[126.9482,37.45167],[126.94811,37.45167],[126.94813,37.45181],[126.94797,37.45181],[126.9479,37.45179],[126.9479,37.45172],[126.94784,37.45166],[126.94765,37.45168],[126.94766,37.45164],[126.94759,37.45159],[126.94745,37.45158],[126.94745,37.45164],[126.94716,37.45163],[126.94715,37.45192],[126.94704,37.4519],[126.94709,37.4516],[126.94705,37.4516],[126.94703,37.45145],[126.94678,37.45134],[126.94665,37.45123],[126.94627,37.45106],[126.94627,37.45095],[126.94614,37.45097],[126.946,37.45086],[126.94601,37.45082],[126.94585,37.45073],[126.94585,37.45069],[126.94581,37.45067],[126.94581,37.45062],[126.94585,37.45062],[126.94586,37.45049],[126.94579,37.45047],[126.94577,37.45035],[126.9457,37.45035],[126.9457,37.45042],[126.94577,37.45044],[126.94577,37.45049],[126.94568,37.45049],[126.94556,37.45042],[126.94556,37.45038],[126.94548,37.45031],[126.94533,37.45005],[126.94533,37.45],[126.94515,37.44981],[126.94502,37.4496],[126.94496,37.44938],[126.94489,37.44931],[126.9449,37.44925],[126.94483,37.44918],[126.94474,37.44896],[126.94475,37.44887],[126.94481,37.44887],[126.94482,37.44882],[126.9447,37.44882],[126.94466,37.4486],[126.94473,37.4486],[126.94475,37.44864],[126.94487,37.44864],[126.94489,37.44858],[126.94498,37.44859],[126.94498,37.44848],[126.9451,37.44848],[126.94509,37.44861],[126.94525,37.44861],[126.94527,37.44866],[126.94536,37.44866],[126.94539,37.44859],[126.94534,37.44857],[126.94535,37.44848],[126.94541,37.44849],[126.94543,37.44854],[126.94552,37.44856],[126.94554,37.44865],[126.94566,37.44865],[126.9456,37.44838],[126.94576,37.44836],[126.94575,37.44842],[126.94584,37.44844],[126.94583,37.44817],[126.94576,37.44817],[126.94576,37.4482],[126.94562,37.4482],[126.94562,37.44829],[126.94549,37.44829],[126.94549,37.44825],[126.94542,37.44825],[126.94542,37.44812],[126.94536,37.44811],[126.94531,37.44805],[126.94504,37.44803],[126.945,37.44801],[126.945,37.44796],[126.94493,37.44795],[126.94495,37.44812],[126.9449,37.44815],[126.94487,37.44835],[126.94485,37.44839],[126.94474,37.44838],[126.94473,37.44851],[126.94471,37.44855],[126.94464,37.44854],[126.94465,37.44844],[126.94454,37.44824],[126.94446,37.44786],[126.94447,37.44759],[126.94452,37.44739],[126.94448,37.44692],[126.94454,37.44663],[126.94458,37.44658],[126.94466,37.44635],[126.94477,37.4462],[126.94478,37.44615],[126.94482,37.44613],[126.94482,37.4461],[126.94496,37.44595],[126.94513,37.44558],[126.94518,37.44556],[126.94523,37.44545],[126.94539,37.44531],[126.94539,37.44528],[126.94573,37.44501],[126.94578,37.44501],[126.94583,37.44496],[126.94587,37.44496],[126.94603,37.44485],[126.94626,37.44477],[126.94681,37.44465],[126.94737,37.44464],[126.94737,37.4447],[126.9473,37.44475],[126.94728,37.44488],[126.94714,37.44486],[126.94714,37.44491],[126.94725,37.44497],[126.94723,37.44506],[126.94716,37.44505],[126.94713,37.44513],[126.94722,37.44516],[126.94727,37.44525],[126.94731,37.44526],[126.94735,37.44538],[126.94744,37.44538],[126.94744,37.44531],[126.94749,37.44526],[126.9475,37.44508],[126.94741,37.44506],[126.94734,37.4449],[126.94734,37.44484],[126.94741,37.44479],[126.94742,37.44468],[126.94766,37.44469],[126.94784,37.44472],[126.94827,37.44488],[126.94829,37.44491],[126.94852,37.44501],[126.94858,37.44508],[126.94863,37.44508],[126.94891,37.44532],[126.94891,37.44536],[126.94898,37.44539],[126.94898,37.44543],[126.94902,37.44545],[126.9492,37.4457],[126.94917,37.44579],[126.94913,37.44581],[126.9491,37.44588],[126.94899,37.44595],[126.94899,37.44601],[126.9491,37.44601],[126.94912,37.44594],[126.94921,37.4459],[126.94922,37.44587],[126.94928,37.44587],[126.94934,37.44614],[126.94954,37.44634],[126.94976,37.44669],[126.94984,37.44699],[126.94995,37.447],[126.95,37.44694],[126.95004,37.44694],[126.95009,37.44689],[126.95032,37.4468],[126.95034,37.44677],[126.95041,37.44677],[126.95059,37.44668],[126.9508,37.44663],[126.95114,37.44658],[126.95186,37.44661],[126.95231,37.44673],[126.95253,37.44682],[126.95256,37.44686],[126.95303,37.44692],[126.95354,37.44711],[126.95354,37.44717],[126.9535,37.4472],[126.95341,37.4472],[126.9533,37.44713],[126.95323,37.44712],[126.95323,37.44721],[126.95334,37.44722],[126.95334,37.44725],[126.9534,37.44729],[126.9534,37.44736],[126.95336,37.44736],[126.95338,37.44743],[126.95351,37.44744],[126.95351,37.44747],[126.95365,37.44744],[126.95374,37.44746],[126.95376,37.44753],[126.95385,37.44753],[126.95385,37.44735],[126.95392,37.44735],[126.95423,37.44765],[126.95423,37.44768],[126.95427,37.4477],[126.95429,37.44777],[126.95438,37.44787],[126.95438,37.44796],[126.95427,37.44799],[126.95424,37.4481],[126.95435,37.44812],[126.95438,37.44805],[126.95447,37.44805],[126.95459,37.44846],[126.95458,37.44879],[126.9544,37.44879],[126.95438,37.44897],[126.95437,37.44904],[126.95444,37.44904],[126.95444,37.44897],[126.95449,37.44897],[126.95449,37.44886],[126.95458,37.44884],[126.95455,37.44902],[126.95448,37.44917],[126.95447,37.44967],[126.95454,37.44971],[126.95454,37.44974],[126.95471,37.44993],[126.95482,37.45011],[126.95484,37.45022],[126.95488,37.45025],[126.95492,37.45052],[126.95496,37.45058],[126.95498,37.45087],[126.95487,37.45143],[126.95466,37.45191],[126.95452,37.45205],[126.95449,37.45212],[126.95442,37.45216],[126.95442,37.45219],[126.95412,37.45244],[126.95408,37.45244],[126.95401,37.45251],[126.95385,37.45258],[126.95385,37.45265],[126.95429,37.45284],[126.95449,37.453],[126.95454,37.45301],[126.9546,37.45306],[126.9546,37.4531],[126.95474,37.45319],[126.95473,37.45324],[126.95467,37.45324],[126.95464,37.45333],[126.95478,37.45333],[126.95477,37.45341],[126.95491,37.45344],[126.95504,37.45361],[126.95517,37.45397],[126.95518,37.4543],[126.95511,37.45433],[126.9551,37.45484],[126.95503,37.455],[126.95479,37.45533],[126.95474,37.45537],[126.95468,37.45537],[126.95463,37.4553],[126.95464,37.45521],[126.95457,37.45515],[126.95449,37.45486],[126.9542,37.45459],[126.9542,37.45453],[126.95425,37.45451],[126.95425,37.45442],[126.9542,37.45441],[126.95421,37.45428],[126.95428,37.45426],[126.95428,37.45408],[126.95435,37.45407],[126.95431,37.4539],[126.95424,37.45385],[126.95402,37.45388],[126.95395,37.45397],[126.95394,37.45406],[126.95376,37.45407],[126.95381,37.45393],[126.95372,37.45387],[126.9537,37.45377],[126.95357,37.45375],[126.95357,37.45364],[126.95348,37.4536],[126.95349,37.45342],[126.9534,37.45329],[126.95338,37.45309],[126.95329,37.45298],[126.9533,37.45288],[126.95321,37.45277],[126.95321,37.45269],[126.95312,37.4526],[126.95306,37.45233],[126.953,37.45228],[126.95298,37.45217],[126.95291,37.45213],[126.95292,37.45173],[126.95277,37.45162],[126.95275,37.45151],[126.95279,37.45146],[126.95291,37.45143],[126.95298,37.45132],[126.95305,37.45132],[126.95305,37.451],[126.95312,37.45094],[126.9531,37.45084],[126.95301,37.4508],[126.95299,37.45071],[126.95293,37.45067],[126.95289,37.45047],[126.95289,37.45038],[126.95294,37.45038],[126.953,37.45033],[126.95299,37.45018],[126.95306,37.45013],[126.95304,37.44992],[126.95299,37.44988],[126.95296,37.44941],[126.95315,37.44925],[126.95315,37.4492],[126.9531,37.4492],[126.95313,37.44907],[126.95299,37.44905],[126.953,37.44896],[126.95293,37.44892],[126.95296,37.44867],[126.95314,37.4486],[126.95314,37.44849],[126.9531,37.44847],[126.95308,37.44835],[126.95309,37.44819],[126.95313,37.44819],[126.95311,37.44808],[126.95286,37.44802],[126.95268,37.44809],[126.95203,37.4481],[126.95203,37.44786],[126.95199,37.44782],[126.95202,37.44759],[126.95197,37.44755],[126.95195,37.44745],[126.9518,37.44739],[126.95178,37.44712],[126.95146,37.44713],[126.95119,37.44705],[126.95113,37.447],[126.95063,37.44699],[126.95056,37.44701],[126.95054,37.44706],[126.95031,37.44707],[126.95027,37.44711],[126.95009,37.44709],[126.94984,37.44716],[126.94968,37.44714],[126.94968,37.44717],[126.94945,37.44731],[126.94945,37.44735],[126.94933,37.44742],[126.94926,37.44754],[126.94921,37.44754],[126.94908,37.44768],[126.94904,37.44812],[126.94911,37.44817],[126.9491,37.4483],[126.94915,37.44832],[126.94919,37.4485],[126.94923,37.44855],[126.94921,37.44868],[126.94927,37.4487],[126.94938,37.44908],[126.94942,37.4491],[126.94937,37.44944],[126.94955,37.44946],[126.94956,37.44962],[126.94965,37.44968],[126.94965,37.44995],[126.94971,37.45004],[126.9497,37.4506],[126.94956,37.45059],[126.94954,37.45065],[126.94947,37.45065],[126.94938,37.45057],[126.94938,37.45054],[126.94931,37.45054],[126.94925,37.4505],[126.94923,37.45044],[126.94907,37.45041],[126.94902,37.45037],[126.94903,37.4503],[126.94896,37.45028],[126.94889,37.4502],[126.9488,37.45018],[126.94863,37.45],[126.94847,37.45],[126.94845,37.44996],[126.94836,37.44994],[126.94836,37.44991],[126.94825,37.4499],[126.9482,37.44985],[126.94807,37.44983],[126.94798,37.44976],[126.94784,37.44975],[126.94786,37.44988],[126.94802,37.4499],[126.94811,37.44997],[126.9482,37.44998],[126.94829,37.4501],[126.94842,37.45012],[126.94842,37.45018],[126.94846,37.4502],[126.94844,37.45039],[126.94848,37.45043],[126.9488,37.45044],[126.94891,37.45051],[126.94909,37.45053],[126.94915,37.45057],[126.94917,37.4507],[126.94924,37.45073],[126.94921,37.45088],[126.94926,37.4509],[126.94926,37.45095],[126.94921,37.45098],[126.94921,37.45106],[126.94923,37.45116],[126.9493,37.45122],[126.94929,37.45131],[126.94925,37.45135],[126.94927,37.45149],[126.94922,37.45158],[126.9491,37.4516],[126.94908,37.45178],[126.94912,37.45181],[126.94912,37.45194],[126.94918,37.45199],[126.94923,37.45199],[126.94929,37.45207],[126.94934,37.45219],[126.9494,37.45223],[126.9494,37.4523],[126.94945,37.45232],[126.94946,37.45245],[126.94953,37.4525],[126.94948,37.45265],[126.94952,37.45281],[126.9495,37.45288],[126.94943,37.45292],[126.94943,37.45301],[126.94936,37.45306],[126.94935,37.45328],[126.94926,37.45344],[126.94923,37.45378],[126.94929,37.45398],[126.94928,37.45423],[126.94921,37.45425],[126.94921,37.45441],[126.94909,37.4545],[126.94904,37.45459],[126.94893,37.45458],[126.94891,37.45455],[126.94886,37.45455],[126.94885,37.45429],[126.94876,37.45429],[126.94876,37.45433],[126.94871,37.45435],[126.94873,37.45444],[126.94882,37.45451],[126.94879,37.45464],[126.94891,37.45467],[126.94891,37.45473],[126.94879,37.45476],[126.94878,37.45505],[126.94883,37.45509],[126.94882,37.45521],[126.94887,37.45525],[126.94887,37.45532],[126.94884,37.45536],[126.94871,37.45536],[126.94866,37.45526],[126.9486,37.45526],[126.94855,37.4553],[126.94852,37.45555],[126.94845,37.45559],[126.94841,37.45566],[126.94829,37.45565],[126.94824,37.45582],[126.9482,37.45585],[126.94808,37.45585],[126.94801,37.4561],[126.948,37.45635],[126.94793,37.45639],[126.94793,37.45646],[126.94786,37.45649],[126.94784,37.45662],[126.94774,37.45665],[126.94774,37.45678],[126.94767,37.4568],[126.9476,37.45687],[126.94747,37.45687],[126.94747,37.45692],[126.94733,37.45694],[126.94733,37.45699],[126.9474,37.45703],[126.94739,37.45708],[126.94746,37.45715],[126.94741,37.45737],[126.94736,37.45742],[126.94729,37.45742],[126.94727,37.45748],[126.94727,37.45757],[126.94733,37.45766],[126.94731,37.45784],[126.94735,37.45786],[126.94735,37.45791],[126.94721,37.45794],[126.94714,37.45803],[126.94705,37.45803],[126.94705,37.45799],[126.94694,37.45799],[126.94691,37.45812],[126.9466,37.45811],[126.94642,37.45815],[126.94637,37.45823],[126.94634,37.45847],[126.9462,37.45845],[126.94618,37.4585],[126.94618,37.45856],[126.94627,37.45861],[126.94631,37.45876],[126.94635,37.45878],[126.9463,37.4589],[126.94637,37.45897],[126.94644,37.45898],[126.9465,37.45903],[126.94666,37.45907],[126.94668,37.45912],[126.94686,37.45914],[126.94682,37.45902],[126.94693,37.45902],[126.94694,37.45893],[126.94703,37.45893],[126.94714,37.45899],[126.94713,37.45911],[126.94718,37.45911],[126.94729,37.45922],[126.94729,37.45931],[126.94717,37.45931],[126.94709,37.4592],[126.94709,37.45915],[126.947,37.45915],[126.947,37.45926],[126.94695,37.45925],[126.94695,37.4594],[126.94701,37.45945],[126.94701,37.45954],[126.94717,37.45953],[126.94721,37.45975],[126.94705,37.45974],[126.94703,37.4598],[126.94696,37.4598],[126.94693,37.45992],[126.94702,37.45992],[126.94702,37.45996],[126.94713,37.45996],[126.94723,37.45989],[126.94732,37.45989],[126.94743,37.45998],[126.94743,37.46002],[126.94749,37.46004],[126.94749,37.46007],[126.94754,37.46008],[126.94758,37.46013],[126.94758,37.46024],[126.94764,37.46031],[126.94764,37.46053],[126.94752,37.46062],[126.94749,37.46083],[126.94756,37.46083],[126.94761,37.4608],[126.94768,37.46064],[126.94775,37.46064],[126.94775,37.46075],[126.94784,37.46077],[126.94786,37.4608],[126.94785,37.46125],[126.94778,37.46131],[126.94779,37.46147],[126.94772,37.46154],[126.9477,37.46172],[126.94774,37.46176],[126.94792,37.46178],[126.9479,37.46165],[126.94797,37.46165],[126.94804,37.4616],[126.94804,37.46142],[126.94811,37.46137],[126.94827,37.4614],[126.94827,37.46131],[126.94839,37.46123],[126.94848,37.46123],[126.94854,37.46132],[126.94861,37.46132],[126.94862,37.46119],[126.94866,37.46114],[126.94873,37.46114],[126.94888,37.46127],[126.94889,37.46187],[126.94887,37.46192],[126.94873,37.46188],[126.94873,37.46181],[126.94867,37.46179],[126.94867,37.46175],[126.94858,37.46173],[126.94863,37.46163],[126.94847,37.46162],[126.94845,37.46159],[126.94827,37.4616],[126.94826,37.46173],[126.94833,37.46175],[126.94833,37.46186],[126.94823,37.46189],[126.94823,37.46216],[126.94832,37.46218],[126.94834,37.462],[126.94844,37.462],[126.94843,37.46218],[126.94854,37.4622],[126.94854,37.46226],[126.94861,37.46228],[126.94861,37.4624],[126.94854,37.46244],[126.94851,37.46251],[126.94855,37.46267],[126.94842,37.46267],[126.94841,37.46278],[126.94828,37.46277],[126.94826,37.46274],[126.94819,37.46274],[126.94819,37.46286],[126.9481,37.46284],[126.94815,37.46265],[126.94812,37.46261],[126.94803,37.46261],[126.94801,37.46254],[126.94792,37.46253],[126.94793,37.46246],[126.94786,37.46241],[126.94786,37.46235],[126.94795,37.46235],[126.94795,37.46226],[126.94786,37.46226],[126.94784,37.46235],[126.94775,37.46239],[126.94774,37.46244],[126.9477,37.46248],[126.94772,37.46264],[126.94767,37.46266],[126.94765,37.46275],[126.94756,37.46274],[126.94756,37.46264],[126.94747,37.46263],[126.94747,37.4626],[126.9474,37.4626],[126.9474,37.46265],[126.94745,37.46265],[126.94744,37.4628],[126.94721,37.46283],[126.94721,37.46308],[126.94725,37.4631],[126.94725,37.46317],[126.94734,37.46317],[126.94734,37.46314],[126.94743,37.46308],[126.94761,37.46307],[126.94764,37.46312],[126.94773,37.46316],[126.94772,37.46322],[126.94788,37.4632],[126.94793,37.46327],[126.94806,37.46326],[126.94819,37.46342],[126.94819,37.46353],[126.94814,37.46355],[126.94814,37.4636],[126.94807,37.46365],[126.94802,37.46392],[126.94793,37.46392],[126.94789,37.46387],[126.94789,37.46372],[126.94798,37.46371],[126.94798,37.46363],[126.94794,37.46363],[126.94792,37.46352],[126.94785,37.46352],[126.94785,37.46369],[126.94778,37.4637],[126.94778,37.46377],[126.94782,37.46381],[126.94782,37.46388],[126.94777,37.4639],[126.94777,37.46412],[126.94786,37.46414],[126.94788,37.46398],[126.94797,37.46398],[126.948,37.46401],[126.94801,37.4643],[126.94799,37.46437],[126.94787,37.46444],[126.94787,37.46452],[126.94782,37.46451],[126.94782,37.4646],[126.94789,37.46461],[126.94789,37.4645],[126.94803,37.46448],[126.94804,37.46484],[126.94811,37.46497],[126.94803,37.46528],[126.94805,37.46549],[126.948,37.46562],[126.94786,37.4657],[126.94786,37.46574],[126.94779,37.46576],[126.94776,37.46597],[126.94764,37.46612],[126.94764,37.46626],[126.94755,37.46633],[126.94757,37.46647],[126.9475,37.46653],[126.94745,37.46673],[126.94736,37.46672],[126.94734,37.46665],[126.94713,37.46665],[126.94713,37.46659],[126.9472,37.46654],[126.94721,37.46638],[126.94728,37.46633],[126.94726,37.46618],[126.94717,37.46618],[126.94714,37.46632],[126.94707,37.46632],[126.94707,37.46629],[126.94698,37.46628],[126.94696,37.46632],[126.94695,37.46684],[126.94704,37.46684],[126.94712,37.46692],[126.94712,37.46701],[126.94705,37.46704],[126.94703,37.46719],[126.94723,37.46714],[126.94728,37.46715],[126.94727,37.46723],[126.94718,37.46724],[126.94716,37.4673],[126.94709,37.46731],[126.94706,37.46746],[126.94697,37.46747],[126.94697,37.46744],[126.94688,37.46744],[126.94682,37.46738],[126.94683,37.46704],[126.9469,37.467],[126.9469,37.46691],[126.94679,37.46693],[126.94676,37.46706],[126.94667,37.46705],[126.94667,37.46702],[126.94651,37.46702],[126.94642,37.46709],[126.94631,37.4671],[126.94626,37.46723],[126.94607,37.46733],[126.94607,37.46748],[126.94593,37.46749],[126.94591,37.4676],[126.94579,37.46762],[126.94579,37.46767],[126.94588,37.46769],[126.94588,37.46774],[126.94559,37.46776],[126.94561,37.46785],[126.94581,37.46781],[126.94583,37.46794],[126.94592,37.468],[126.94596,37.46807],[126.94596,37.46814],[126.94589,37.46814]],[[126.94649,37.4662],[126.94656,37.4662],[126.94656,37.46613],[126.94647,37.46613],[126.94649,37.4662]],[[126.94592,37.46396],[126.94598,37.46396],[126.94599,37.46389],[126.94614,37.46389],[126.94613,37.46376],[126.94604,37.46374],[126.94604,37.46367],[126.94581,37.46367],[126.94578,37.46383],[126.94592,37.46387],[126.94592,37.46396]],[[126.9461,37.46311],[126.94623,37.46308],[126.94624,37.46297],[126.94617,37.4629],[126.94613,37.46275],[126.94604,37.46274],[126.94602,37.46263],[126.9458,37.4626],[126.94577,37.46266],[126.9457,37.46269],[126.94572,37.46282],[126.94586,37.46286],[126.94592,37.46297],[126.94608,37.46304],[126.9461,37.46311]],[[126.94787,37.46217],[126.94793,37.46217],[126.94793,37.46212],[126.94787,37.46212],[126.94787,37.46217]],[[126.94831,37.46146],[126.94838,37.46146],[126.94838,37.46141],[126.94832,37.46141],[126.94831,37.46146]],[[126.94617,37.46117],[126.94631,37.46117],[126.94638,37.46112],[126.94638,37.46106],[126.94631,37.46105],[126.94632,37.46097],[126.94627,37.46097],[126.94625,37.4609],[126.94616,37.4609],[126.94616,37.46101],[126.94625,37.46101],[126.94624,37.46108],[126.94618,37.4611],[126.94617,37.46117]],[[126.94721,37.46059],[126.94748,37.46058],[126.94746,37.46047],[126.94726,37.46045],[126.94721,37.46048],[126.94721,37.46059]],[[126.94553,37.45986],[126.94564,37.45986],[126.94565,37.45979],[126.94556,37.45979],[126.94553,37.45986]],[[126.94621,37.45917],[126.9463,37.45917],[126.9463,37.45912],[126.94621,37.45903],[126.94614,37.45902],[126.94614,37.4591],[126.94621,37.45917]],[[126.94601,37.45899],[126.94608,37.45899],[126.94608,37.45893],[126.94603,37.45893],[126.94599,37.45882],[126.94585,37.4588],[126.94587,37.45893],[126.94601,37.45895],[126.94601,37.45899]],[[126.94662,37.45791],[126.94672,37.45792],[126.94672,37.45786],[126.94663,37.45786],[126.94662,37.45791]],[[126.94733,37.45685],[126.9474,37.45685],[126.9474,37.45679],[126.94733,37.45679],[126.94733,37.45685]],[[126.94673,37.45669],[126.94686,37.45668],[126.94695,37.45662],[126.94713,37.45664],[126.94716,37.45659],[126.94725,37.45657],[126.94725,37.45652],[126.94698,37.45653],[126.94696,37.45657],[126.94673,37.45664],[126.94673,37.45669]],[[126.94632,37.45659],[126.94643,37.4566],[126.94644,37.45652],[126.94637,37.45652],[126.94633,37.45647],[126.94621,37.45645],[126.94613,37.45632],[126.94604,37.45632],[126.94603,37.45639],[126.94632,37.45659]],[[126.94572,37.45646],[126.94581,37.45646],[126.94581,37.4564],[126.94572,37.4564],[126.94572,37.45646]],[[126.9466,37.45647],[126.94669,37.45646],[126.94669,37.45638],[126.94644,37.45636],[126.94646,37.45645],[126.9466,37.45647]],[[126.94614,37.45573],[126.94626,37.45571],[126.94631,37.45553],[126.94624,37.45553],[126.94624,37.45557],[126.94619,37.45558],[126.94614,37.45573]],[[126.94823,37.4556],[126.94829,37.4556],[126.94832,37.45553],[126.94823,37.45553],[126.94823,37.4556]],[[126.94859,37.45479],[126.94868,37.45478],[126.94868,37.45471],[126.94859,37.4547],[126.94859,37.45479]],[[126.94736,37.45432],[126.94742,37.45432],[126.94743,37.45422],[126.94734,37.45423],[126.94736,37.45432]],[[126.94798,37.45372],[126.94805,37.45372],[126.94805,37.45365],[126.94799,37.45365],[126.94798,37.45372]],[[126.94788,37.45354],[126.94794,37.45354],[126.94795,37.45341],[126.94801,37.45341],[126.94802,37.45336],[126.94786,37.45338],[126.94788,37.45354]],[[126.9488,37.45346],[126.94889,37.45347],[126.9489,37.45341],[126.94881,37.45341],[126.9488,37.45346]],[[126.94847,37.45344],[126.94865,37.45343],[126.94865,37.45334],[126.94861,37.45326],[126.94845,37.45328],[126.94836,37.45333],[126.94835,37.45338],[126.94847,37.45344]],[[126.94883,37.45336],[126.9489,37.45336],[126.9489,37.4533],[126.94883,37.4533],[126.94883,37.45336]],[[126.948,37.4532],[126.94809,37.4532],[126.94805,37.45306],[126.94796,37.45305],[126.948,37.4532]],[[126.94836,37.45306],[126.94845,37.45306],[126.94845,37.45301],[126.94836,37.45301],[126.94836,37.45306]],[[126.94832,37.45286],[126.94839,37.45286],[126.9484,37.45266],[126.94858,37.45269],[126.94858,37.45263],[126.94847,37.45259],[126.94844,37.45256],[126.94838,37.45256],[126.94837,37.45263],[126.94831,37.45263],[126.94832,37.45286]],[[126.9478,37.45282],[126.94789,37.45282],[126.9479,37.45275],[126.94781,37.45274],[126.9478,37.45282]],[[126.94799,37.4528],[126.9481,37.45279],[126.9481,37.45268],[126.94803,37.45268],[126.94803,37.45275],[126.94799,37.45275],[126.94799,37.4528]],[[126.9465,37.45088],[126.94661,37.45089],[126.94664,37.45081],[126.9465,37.45083],[126.9465,37.45088]],[[126.94625,37.45082],[126.94637,37.45083],[126.94637,37.45075],[126.94623,37.45075],[126.94625,37.45082]],[[126.94886,37.45067],[126.94895,37.45067],[126.94895,37.45062],[126.94884,37.4506],[126.94886,37.45067]],[[126.95347,37.44992],[126.95354,37.44992],[126.95354,37.44989],[126.95361,37.44985],[126.95361,37.44973],[126.95372,37.44969],[126.95373,37.4496],[126.95366,37.44958],[126.95364,37.44953],[126.95355,37.44953],[126.95354,37.44971],[126.9535,37.44972],[126.95347,37.44992]],[[126.94766,37.44975],[126.9478,37.44975],[126.94778,37.44964],[126.9476,37.4495],[126.94753,37.44948],[126.94752,37.44933],[126.94731,37.44926],[126.94736,37.44913],[126.94734,37.4491],[126.94725,37.44909],[126.94725,37.44913],[126.9472,37.44913],[126.9472,37.44922],[126.94722,37.44933],[126.94729,37.44936],[126.94729,37.44945],[126.94733,37.44946],[126.94733,37.44958],[126.94751,37.44966],[126.94762,37.44966],[126.94766,37.44975]],[[126.95402,37.44963],[126.95418,37.44961],[126.95418,37.44954],[126.95409,37.44952],[126.95402,37.44957],[126.95402,37.44963]],[[126.94548,37.44924],[126.94555,37.44924],[126.94555,37.44917],[126.94549,37.44917],[126.94548,37.44924]],[[126.95373,37.44935],[126.95389,37.44934],[126.95387,37.44917],[126.95392,37.44916],[126.95392,37.44903],[126.95397,37.44903],[126.95397,37.4489],[126.9539,37.44883],[126.95379,37.44883],[126.95375,37.44886],[126.95363,37.44888],[126.9536,37.44924],[126.95373,37.44935]],[[126.95326,37.44914],[126.95335,37.44915],[126.9534,37.44907],[126.95349,37.44908],[126.95349,37.44902],[126.95342,37.44902],[126.95342,37.44906],[126.95327,37.44905],[126.95326,37.44914]],[[126.9473,37.449],[126.94741,37.44901],[126.94741,37.44895],[126.94735,37.44893],[126.94732,37.44888],[126.94726,37.44888],[126.94723,37.44895],[126.9473,37.449]],[[126.94766,37.44899],[126.94773,37.44899],[126.94773,37.44894],[126.94766,37.44894],[126.94766,37.44899]],[[126.95311,37.44898],[126.95318,37.44898],[126.95318,37.44889],[126.95327,37.44889],[126.95327,37.44878],[126.95311,37.4488],[126.95311,37.44889],[126.95307,37.44891],[126.95306,37.44896],[126.95311,37.44898]],[[126.94714,37.44884],[126.94723,37.44884],[126.94724,37.44879],[126.94717,37.44875],[126.94717,37.44871],[126.94708,37.44869],[126.94708,37.4486],[126.94713,37.44861],[126.94713,37.44853],[126.94706,37.44853],[126.94706,37.44862],[126.94697,37.44864],[126.94697,37.44869],[126.94701,37.44869],[126.94701,37.44875],[126.94708,37.44875],[126.94715,37.4488],[126.94714,37.44884]],[[126.95334,37.44891],[126.9534,37.44891],[126.95341,37.44886],[126.95334,37.44886],[126.95334,37.44891]],[[126.94493,37.44875],[126.945,37.44875],[126.945,37.44869],[126.94493,37.44869],[126.94493,37.44875]],[[126.94686,37.44856],[126.94693,37.44857],[126.94693,37.44846],[126.94698,37.44842],[126.94696,37.44822],[126.947,37.44819],[126.94701,37.44813],[126.94694,37.44808],[126.9469,37.44793],[126.94681,37.4479],[126.9467,37.44777],[126.94665,37.44777],[126.94661,37.44766],[126.94652,37.44766],[126.94643,37.44776],[126.94643,37.44782],[126.94665,37.44784],[126.94681,37.44802],[126.9468,37.44808],[126.94667,37.44807],[126.94667,37.44813],[126.94671,37.44817],[126.94671,37.44826],[126.94678,37.44829],[126.94677,37.44844],[126.94682,37.44846],[126.94686,37.44856]],[[126.95375,37.44868],[126.95389,37.44867],[126.95396,37.44862],[126.95396,37.44853],[126.95357,37.44848],[126.95357,37.44861],[126.95364,37.44861],[126.95375,37.44868]],[[126.95385,37.44822],[126.95392,37.44822],[126.95392,37.44813],[126.95397,37.44809],[126.95411,37.4481],[126.95411,37.44804],[126.9542,37.44802],[126.95418,37.44788],[126.95411,37.44782],[126.954,37.44782],[126.95398,37.44786],[126.95393,37.44786],[126.95393,37.44789],[126.95386,37.44791],[126.95385,37.44822]],[[126.95325,37.44792],[126.95332,37.44792],[126.95332,37.44787],[126.95321,37.44785],[126.95321,37.4479],[126.95325,37.44792]],[[126.94709,37.44769],[126.94715,37.44769],[126.94718,37.4476],[126.94722,37.4476],[126.94723,37.44754],[126.94709,37.44754],[126.94707,37.44743],[126.94696,37.44743],[126.94687,37.44741],[126.94685,37.44737],[126.94676,37.44737],[126.94671,37.44748],[126.94661,37.44753],[126.94661,37.44764],[126.9467,37.44764],[126.94679,37.44757],[126.9468,37.44754],[126.94691,37.44754],[126.94709,37.44769]],[[126.94745,37.44769],[126.94774,37.44766],[126.94781,37.44759],[126.94786,37.44759],[126.94786,37.44746],[126.94779,37.44746],[126.94774,37.44755],[126.94729,37.44756],[126.94729,37.44762],[126.94743,37.44765],[126.94745,37.44769]],[[126.95294,37.44777],[126.95301,37.44777],[126.95301,37.44772],[126.95294,37.44771],[126.95294,37.44777]],[[126.94786,37.44745],[126.94795,37.44743],[126.94795,37.44736],[126.94786,37.44737],[126.94786,37.44745]],[[126.94703,37.44738],[126.94709,37.44738],[126.9471,37.44732],[126.94703,37.44732],[126.94703,37.44738]],[[126.94676,37.44728],[126.94703,37.44729],[126.94703,37.44722],[126.94696,37.44721],[126.9469,37.44716],[126.9469,37.44712],[126.94681,37.44712],[126.94681,37.44705],[126.94692,37.44703],[126.94702,37.44687],[126.94715,37.4468],[126.94716,37.44659],[126.9471,37.44651],[126.9471,37.44628],[126.94715,37.44621],[126.94715,37.44606],[126.94708,37.44606],[126.94704,37.4461],[126.94699,37.44617],[126.94699,37.44626],[126.94694,37.44629],[126.94694,37.44638],[126.94701,37.44646],[126.94698,37.44662],[126.94707,37.44662],[126.94707,37.44671],[126.94693,37.44671],[126.94686,37.44676],[126.94688,37.44689],[126.9467,37.44687],[126.9467,37.44692],[126.94663,37.44694],[126.94665,37.44714],[126.94676,37.44728]],[[126.948,37.44729],[126.94814,37.44727],[126.94816,37.4472],[126.94823,37.44718],[126.94823,37.44715],[126.94828,37.44715],[126.9483,37.44709],[126.94841,37.44706],[126.94842,37.44692],[126.94835,37.44691],[126.94835,37.44695],[126.94823,37.44702],[126.94812,37.44718],[126.948,37.44723],[126.948,37.44729]],[[126.94902,37.44647],[126.94909,37.44648],[126.94907,37.44633],[126.949,37.44629],[126.949,37.4462],[126.94905,37.44619],[126.94905,37.44613],[126.94898,37.44608],[126.94892,37.44608],[126.94891,37.4464],[126.94902,37.44647]],[[126.94812,37.44619],[126.94819,37.44619],[126.94819,37.4461],[126.9481,37.4461],[126.94812,37.44619]],[[126.94822,37.44605],[126.94833,37.44605],[126.94833,37.44598],[126.94826,37.4459],[126.94822,37.4459],[126.94822,37.44581],[126.94816,37.44578],[126.94816,37.4457],[126.94811,37.4457],[126.94814,37.44559],[126.94805,37.44559],[126.94804,37.44568],[126.948,37.4457],[126.948,37.44575],[126.94809,37.44577],[126.94811,37.44585],[126.94808,37.44588],[126.94802,37.44588],[126.94792,37.44593],[126.94792,37.44602],[126.94822,37.44605]],[[126.94718,37.44597],[126.94725,37.44598],[126.94736,37.44589],[126.94736,37.4458],[126.9473,37.4458],[126.94725,37.44583],[126.94722,37.4459],[126.94718,37.44592],[126.94718,37.44597]]]}},{"type":"Feature","properties":{"valleyId":"gwanaksan","layer":"canopy","date":"2026-08-01"},"geometry":{"type":"Polygon","coordinates":[[[126.96642,37.44339],[126.96642,37.44332],[126.96649,37.44332],[126.96649,37.44339],[126.96642,37.44339]]]}},{"type":"Feature","properties":{"valleyId":"gwanaksan","layer":"canopy","date":"2026-08-01"},"geometry":{"type":"Polygon","coordinates":[[[126.96715,37.44295],[126.96715,37.4429],[126.96722,37.4429],[126.96722,37.44295],[126.96715,37.44295]]]}},{"type":"Feature","properties":{"valleyId":"gwanaksan","layer":"canopy","date":"2026-08-01"},"geometry":{"type":"Polygon","coordinates":[[[126.96754,37.44303],[126.96749,37.44301],[126.96749,37.44296],[126.96743,37.44294],[126.96743,37.44288],[126.96763,37.44287],[126.96767,37.4429],[126.96767,37.44298],[126.9676,37.44303],[126.96754,37.44303]]]}},{"type":"Feature","properties":{"valleyId":"gwanaksan","layer":"canopy","date":"2026-08-01"},"geometry":{"type":"Polygon","coordinates":[[[126.96588,37.4434],[126.96554,37.44334],[126.96547,37.4433],[126.96547,37.44324],[126.96522,37.44324],[126.96487,37.44307],[126.96487,37.44302],[126.96491,37.44302],[126.96495,37.44269],[126.96504,37.4427],[126.96506,37.4428],[126.96519,37.44283],[126.96537,37.44281],[126.96542,37.44269],[126.96551,37.44269],[126.96556,37.44265],[126.96562,37.44265],[126.96562,37.44269],[126.96594,37.44271],[126.96594,37.44282],[126.96603,37.44286],[126.966,37.44298],[126.96595,37.443],[126.96595,37.44313],[126.96599,37.44316],[126.96606,37.4434],[126.96588,37.4434]]]}},{"type":"Feature","properties":{"valleyId":"gwanaksan","layer":"canopy","date":"2026-08-01"},"geometry":{"type":"Polygon","coordinates":[[[126.96445,37.44274],[126.9644,37.4427],[126.9644,37.44263],[126.96445,37.44263],[126.96447,37.44258],[126.96454,37.44258],[126.96454,37.44272],[126.96445,37.44274]]]}},{"type":"Feature","properties":{"valleyId":"gwanaksan","layer":"canopy","date":"2026-08-01"},"geometry":{"type":"Polygon","coordinates":[[[126.96504,37.44264],[126.96504,37.44259],[126.96511,37.44259],[126.9651,37.44264],[126.96504,37.44264]]]}},{"type":"Feature","properties":{"valleyId":"gwanaksan","layer":"canopy","date":"2026-08-01"},"geometry":{"type":"Polygon","coordinates":[[[126.96708,37.44325],[126.96708,37.4432],[126.96681,37.44316],[126.96665,37.44317],[126.96661,37.44308],[126.96654,37.44308],[126.96654,37.44305],[126.96645,37.44305],[126.96641,37.44281],[126.96632,37.44277],[126.96632,37.4427],[126.96641,37.4427],[126.96644,37.44267],[126.9666,37.44269],[126.96662,37.44251],[126.96683,37.44253],[126.96689,37.44258],[126.96705,37.44264],[126.96705,37.44268],[126.96709,37.4427],[126.96707,37.4428],[126.96679,37.44287],[126.96677,37.44292],[126.96677,37.44298],[126.96684,37.44302],[126.96683,37.44309],[126.96692,37.44313],[126.96713,37.44313],[126.96715,37.44317],[126.96722,37.44317],[126.96719,37.44324],[126.96708,37.44325]]]}},{"type":"Feature","properties":{"valleyId":"gwanaksan","layer":"canopy","date":"2026-08-01"},"geometry":{"type":"Polygon","coordinates":[[[126.96639,37.4418],[126.96642,37.44166],[126.96649,37.44166],[126.96648,37.44178],[126.96639,37.4418]]]}},{"type":"Feature","properties":{"valleyId":"gwanaksan","layer":"canopy","date":"2026-08-01"},"geometry":{"type":"Polygon","coordinates":[[[126.96793,37.44269],[126.96798,37.44257],[126.96786,37.44256],[126.96786,37.44262],[126.96777,37.44262],[126.96771,37.44256],[126.96771,37.44247],[126.96762,37.44245],[126.96762,37.4424],[126.9678,37.44244],[126.9678,37.44238],[126.96774,37.44233],[126.96758,37.44233],[126.96758,37.44227],[126.96749,37.44227],[126.96749,37.44238],[126.9674,37.44238],[126.9674,37.44227],[126.96726,37.44221],[126.96726,37.44218],[126.96722,37.44216],[126.96725,37.44203],[126.9672,37.44199],[126.96716,37.44185],[126.96702,37.44188],[126.96696,37.44183],[126.9666,37.44182],[126.9666,37.44177],[126.96664,37.44175],[126.96667,37.44159],[126.9669,37.44161],[126.96687,37.44174],[126.96694,37.44174],[126.96696,37.44177],[126.96709,37.44178],[126.9671,37.44174],[126.96728,37.44176],[126.96732,37.44185],[126.96741,37.44193],[126.96741,37.44198],[126.96734,37.442],[126.96734,37.44205],[126.96738,37.44207],[126.96738,37.44216],[126.96742,37.44221],[126.96751,37.44222],[126.96747,37.44202],[126.96768,37.44202],[126.96768,37.44198],[126.96777,37.44193],[126.96777,37.44188],[126.9677,37.44184],[126.96773,37.44175],[126.96786,37.44175],[126.96791,37.44181],[126.96802,37.44183],[126.96804,37.44192],[126.96817,37.44207],[126.96817,37.44214],[126.96822,37.44214],[126.96821,37.44219],[126.9683,37.44223],[126.9683,37.4423],[126.96804,37.44268],[126.96793,37.44269]],[[126.96774,37.44218],[126.96785,37.44217],[126.96788,37.44208],[126.9677,37.44204],[126.96774,37.44218]]]}},{"type":"Feature","properties":{"valleyId":"gwanaksan","layer":"canopy","date":"2026-08-01"},"geometry":{"type":"Polygon","coordinates":[[[126.96807,37.44167],[126.968,37.44159],[126.96796,37.44159],[126.96796,37.44154],[126.96803,37.44154],[126.96803,37.4415],[126.96826,37.44149],[126.96832,37.44151],[126.96832,37.44156],[126.96841,37.44158],[126.96841,37.44165],[126.96816,37.44163],[126.96816,37.44167],[126.96807,37.44167]]]}},{"type":"Feature","properties":{"valleyId":"gwanaksan","layer":"canopy","date":"2026-08-01"},"geometry":{"type":"Polygon","coordinates":[[[126.9671,37.44156],[126.96708,37.44152],[126.96699,37.44152],[126.96699,37.44147],[126.96706,37.44147],[126.96706,37.44143],[126.96722,37.44145],[126.96717,37.44156],[126.9671,37.44156]]]}},{"type":"Feature","properties":{"valleyId":"gwanaksan","layer":"canopy","date":"2026-08-01"},"geometry":{"type":"Polygon","coordinates":[[[126.96794,37.44143],[126.96794,37.44139],[126.96783,37.44137],[126.96783,37.44132],[126.96774,37.44132],[126.96774,37.44125],[126.96797,37.44129],[126.9681,37.44136],[126.96808,37.44143],[126.96794,37.44143]]]}},{"type":"Feature","properties":{"valleyId":"gwanaksan","layer":"canopy","date":"2026-08-01"},"geometry":{"type":"Polygon","coordinates":[[[126.96614,37.44268],[126.9661,37.44262],[126.96596,37.44262],[126.96597,37.44248],[126.96592,37.44246],[126.9659,37.44237],[126.96559,37.44235],[126.96554,37.44227],[126.96548,37.44227],[126.96545,37.44243],[126.96518,37.44243],[126.96502,37.44244],[126.965,37.44248],[126.96488,37.44248],[126.96484,37.44244],[126.96457,37.4424],[126.96443,37.44251],[126.96436,37.4425],[126.96434,37.44243],[126.96418,37.44243],[126.96414,37.44236],[126.96414,37.44227],[126.96424,37.44218],[126.96424,37.44212],[126.96406,37.44212],[126.96406,37.44192],[126.96397,37.44192],[126.96395,37.44181],[126.96396,37.44143],[126.9641,37.44145],[126.96419,37.44153],[126.96425,37.44153],[126.96426,37.4414],[126.96396,37.44138],[126.96406,37.441],[126.96411,37.44097],[126.96416,37.44082],[126.96423,37.44083],[126.96425,37.44092],[126.96429,37.44092],[126.96442,37.44105],[126.96442,37.4411],[126.96438,37.4411],[126.96439,37.44133],[126.96453,37.44139],[126.96452,37.44157],[126.9645,37.44161],[126.96441,37.4416],[126.96438,37.44175],[126.96466,37.44172],[126.96466,37.44164],[126.96472,37.44165],[126.96473,37.44159],[126.96482,37.44158],[126.96484,37.44143],[126.9648,37.44132],[126.96487,37.44131],[126.96486,37.44096],[126.96499,37.44095],[126.96494,37.44125],[126.96508,37.44122],[126.96508,37.44117],[126.96506,37.44113],[126.96501,37.44113],[126.96501,37.44107],[126.96508,37.44107],[126.96508,37.44104],[126.96515,37.44102],[126.96528,37.44102],[126.96529,37.44093],[126.9654,37.44094],[126.9654,37.44097],[126.96544,37.44097],[126.96547,37.44101],[126.96571,37.44101],[126.96571,37.44107],[126.96564,37.44108],[126.96562,37.44114],[126.96548,37.44121],[126.96548,37.44126],[126.96541,37.44126],[126.96541,37.44132],[126.96548,37.44132],[126.96548,37.44142],[126.96543,37.44142],[126.96538,37.44149],[126.96527,37.44149],[126.96525,37.44131],[126.96519,37.44131],[126.96516,37.44147],[126.96502,37.44143],[126.96502,37.44151],[126.96507,37.44151],[126.96506,37.44162],[126.96497,37.44163],[126.96497,37.44172],[126.96486,37.44174],[126.96481,37.44181],[126.96481,37.4419],[126.96497,37.44192],[126.96498,37.44206],[126.96526,37.44207],[126.96526,37.442],[126.96533,37.44194],[126.96546,37.44195],[126.96549,37.44191],[126.96571,37.44195],[126.96571,37.44191],[126.96601,37.44181],[126.96606,37.44174],[126.96626,37.44176],[126.96628,37.44189],[126.96616,37.44192],[126.96616,37.44199],[126.96623,37.44201],[126.96623,37.44209],[126.96614,37.44208],[126.96614,37.44214],[126.9662,37.44214],[126.9662,37.44219],[126.96616,37.44221],[126.96615,37.44237],[126.9662,37.44243],[126.96626,37.44245],[126.96626,37.44254],[126.96621,37.44257],[126.96621,37.44268],[126.96614,37.44268]],[[126.966,37.44201],[126.96607,37.44201],[126.96607,37.4419],[126.96598,37.4419],[126.966,37.44201]],[[126.96434,37.44155],[126.96441,37.44155],[126.96441,37.4415],[126.96434,37.44149],[126.96434,37.44155]]]}},{"type":"Feature","properties":{"valleyId":"gwanaksan","layer":"canopy","date":"2026-08-01"},"geometry":{"type":"Polygon","coordinates":[[[126.96814,37.44084],[126.96812,37.44078],[126.96807,37.44078],[126.96803,37.44068],[126.96798,37.44066],[126.96799,37.44058],[126.96808,37.44059],[126.96816,37.44073],[126.96821,37.44075],[126.96821,37.44084],[126.96814,37.44084]]]}},{"type":"Feature","properties":{"valleyId":"gwanaksan","layer":"canopy","date":"2026-08-01"},"geometry":{"type":"Polygon","coordinates":[[[126.96778,37.4406],[126.96778,37.44053],[126.96794,37.44051],[126.96794,37.44057],[126.9679,37.44056],[126.96787,37.4406],[126.96778,37.4406]]]}},{"type":"Feature","properties":{"valleyId":"gwanaksan","layer":"canopy","date":"2026-08-01"},"geometry":{"type":"Polygon","coordinates":[[[126.96467,37.44051],[126.96465,37.4404],[126.96489,37.44042],[126.96489,37.44049],[126.96467,37.44051]]]}},{"type":"Feature","properties":{"valleyId":"gwanaksan","layer":"canopy","date":"2026-08-01"},"geometry":{"type":"Polygon","coordinates":[[[126.96722,37.44044],[126.96722,37.44039],[126.96729,37.44039],[126.96729,37.44045],[126.96722,37.44044]]]}},{"type":"Feature","properties":{"valleyId":"gwanaksan","layer":"canopy","date":"2026-08-01"},"geometry":{"type":"Polygon","coordinates":[[[126.96659,37.44126],[126.96655,37.44119],[126.96648,37.44119],[126.96648,37.44124],[126.96636,37.44122],[126.96637,37.44117],[126.96646,37.44117],[126.96646,37.44112],[126.96634,37.44111],[126.9663,37.44106],[126.9663,37.44099],[126.96639,37.44099],[126.96642,37.44095],[126.96657,37.44097],[126.96658,37.44092],[126.96655,37.44088],[126.96642,37.44088],[126.96635,37.44081],[126.96615,37.4408],[126.96601,37.44084],[126.96603,37.44095],[126.96621,37.44097],[126.96621,37.44102],[126.9661,37.44102],[126.96609,37.4412],[126.96603,37.4412],[126.96598,37.44109],[126.96589,37.44109],[126.9659,37.441],[126.96583,37.44096],[126.96581,37.44084],[126.9659,37.44084],[126.9659,37.44067],[126.96595,37.44068],[126.966,37.44055],[126.96591,37.44049],[126.96589,37.44042],[126.96573,37.44042],[126.96568,37.44045],[126.9657,37.44053],[126.96584,37.44051],[126.96581,37.44064],[126.96586,37.44066],[126.96586,37.44071],[126.96577,37.44073],[126.96576,37.4408],[126.96567,37.4408],[126.96569,37.44092],[126.96547,37.44092],[126.96547,37.44088],[126.96538,37.44088],[126.96538,37.44079],[126.96523,37.44061],[126.96514,37.44061],[126.96514,37.44068],[126.96502,37.4407],[126.96502,37.44062],[126.96496,37.44059],[126.96496,37.44051],[126.96519,37.4405],[126.96519,37.44045],[126.96523,37.44045],[126.96523,37.44039],[126.96512,37.44039],[126.96512,37.44034],[126.96521,37.44032],[126.96521,37.44027],[126.96506,37.44026],[126.96506,37.4403],[126.96494,37.4403],[126.96492,37.44035],[126.96467,37.44035],[126.96467,37.44027],[126.96499,37.44008],[126.96506,37.44008],[126.96506,37.44017],[126.96515,37.44019],[126.96515,37.44001],[126.96531,37.43994],[126.96543,37.43995],[126.96556,37.43998],[126.96569,37.44009],[126.96574,37.4402],[126.96585,37.44028],[126.96585,37.44031],[126.96603,37.44037],[126.96607,37.44043],[126.9662,37.44043],[126.96625,37.44039],[126.96645,37.4404],[126.96646,37.44032],[126.96657,37.44031],[126.96662,37.44025],[126.96662,37.4402],[126.96651,37.44016],[126.96644,37.44003],[126.9664,37.44003],[126.9664,37.43998],[126.96653,37.43998],[126.96651,37.43984],[126.96672,37.43984],[126.96701,37.43992],[126.96703,37.44015],[126.96698,37.44015],[126.967,37.44026],[126.96695,37.4403],[126.96695,37.44039],[126.96702,37.44039],[126.96702,37.44044],[126.96711,37.44048],[126.96711,37.44055],[126.96695,37.44053],[126.96694,37.44064],[126.96713,37.44062],[126.96717,37.44064],[126.96717,37.44071],[126.96708,37.44071],[126.96703,37.44075],[126.96703,37.44082],[126.96696,37.44087],[126.96687,37.44087],[126.96682,37.44101],[126.96678,37.44103],[126.9668,37.44116],[126.96668,37.44119],[126.96666,37.44126],[126.96659,37.44126]]]}}]}
