{"type":"FeatureCollection","metadata":{"description":"개방지(CHM ≤ 2 m)에 드리운 나무·지형 그림자, 2026-08-01 17:00 KST. canopy 위에 겹쳐 그린다","source":"위성 기반 추정 — Copernicus GLO-30 지형(30 m) + Meta/WRI 수관 높이(1 m CHM, 2018~2019 촬영). 그늘 = 수관(CHM > 2 m) ∪ 나무·지형 그림자 ∪ 원거리 지형 마스크. 현장과 다를 수 있음.","datasetVersion":"2026-09-24.0","collectedAt":"2026-09-24","coordinateOrder":"[longitude, latitude]","crs":"EPSG:4326","representativeDate":"2026-08-01","hours":["10:00","11:00","12:00","13:00","14:00","15:00","16:00","17:00","18:00"],"chmAcquisition":["2018-06","2019-03"],"assets":{"glo30":{"dataset":"Copernicus DEM GLO-30 (COG, s3://copernicus-dem-30m)","tiles":["Copernicus_DSM_COG_10_N37_00_E126_00_DEM","Copernicus_DSM_COG_10_N37_00_E127_00_DEM"]},"chm":{"dataset":"Meta/WRI Global Canopy Height Map v1 (alsgedi_global_v6_float, 1 m, CC-BY 4.0)","quadkeys":["132110320"],"acquisition":["2018-06","2019-03"]}},"method":{"gridResM":2,"canopyThresholdM":2,"bufferHalfM":25,"corridorHalfM":200,"simplifyTolM":2,"minAreaM2":25,"coordDecimals":5},"generator":"scripts/shade 0.1.0","builtAt":"2026-09-23T15:32:06Z","layer":"shadow","timeLocal":"17:00"},"features":[{"type":"Feature","properties":{"valleyId":"gwanaksan","layer":"shadow","date":"2026-08-01","timeLocal":"17:00"},"geometry":{"type":"Polygon","coordinates":[[[126.9504,37.48768],[126.9504,37.48761],[126.95047,37.48761],[126.95047,37.48769],[126.9504,37.48768]]]}},{"type":"Feature","properties":{"valleyId":"gwanaksan","layer":"shadow","date":"2026-08-01","timeLocal":"17:00"},"geometry":{"type":"Polygon","coordinates":[[[126.95055,37.48734],[126.95055,37.48729],[126.95062,37.48729],[126.95061,37.48735],[126.95055,37.48734]]]}},{"type":"Feature","properties":{"valleyId":"gwanaksan","layer":"shadow","date":"2026-08-01","timeLocal":"17:00"},"geometry":{"type":"Polygon","coordinates":[[[126.95041,37.48723],[126.95042,37.48718],[126.95048,37.48718],[126.95048,37.48724],[126.95041,37.48723]]]}},{"type":"Feature","properties":{"valleyId":"gwanaksan","layer":"shadow","date":"2026-08-01","timeLocal":"17:00"},"geometry":{"type":"Polygon","coordinates":[[[126.95168,37.48709],[126.95169,37.48699],[126.95176,37.48699],[126.95178,37.48708],[126.95168,37.48709]]]}},{"type":"Feature","properties":{"valleyId":"gwanaksan","layer":"shadow","date":"2026-08-01","timeLocal":"17:00"},"geometry":{"type":"Polygon","coordinates":[[[126.95212,37.48676],[126.95213,37.48665],[126.95226,37.48667],[126.95226,37.48674],[126.95212,37.48676]]]}},{"type":"Feature","properties":{"valleyId":"gwanaksan","layer":"shadow","date":"2026-08-01","timeLocal":"17:00"},"geometry":{"type":"Polygon","coordinates":[[[126.9519,37.48667],[126.9519,37.48659],[126.95199,37.48659],[126.95199,37.48667],[126.9519,37.48667]]]}},{"type":"Feature","properties":{"valleyId":"gwanaksan","layer":"shadow","date":"2026-08-01","timeLocal":"17:00"},"geometry":{"type":"Polygon","coordinates":[[[126.92851,37.48494],[126.9285,37.48474],[126.92856,37.48474],[126.92861,37.48478],[126.92861,37.48491],[126.92858,37.48494],[126.92851,37.48494]]]}},{"type":"Feature","properties":{"valleyId":"gwanaksan","layer":"shadow","date":"2026-08-01","timeLocal":"17:00"},"geometry":{"type":"Polygon","coordinates":[[[126.95338,37.48298],[126.95338,37.48291],[126.95334,37.48289],[126.95332,37.4828],[126.95341,37.4828],[126.9535,37.48285],[126.95347,37.48296],[126.95338,37.48298]]]}},{"type":"Feature","properties":{"valleyId":"gwanaksan","layer":"shadow","date":"2026-08-01","timeLocal":"17:00"},"geometry":{"type":"Polygon","coordinates":[[[126.95321,37.48274],[126.95319,37.48267],[126.95325,37.48267],[126.95327,37.48274],[126.95321,37.48274]]]}},{"type":"Feature","properties":{"valleyId":"gwanaksan","layer":"shadow","date":"2026-08-01","timeLocal":"17:00"},"geometry":{"type":"Polygon","coordinates":[[[126.9261,37.48216],[126.92611,37.48209],[126.92617,37.48209],[126.92617,37.48216],[126.9261,37.48216]]]}},{"type":"Feature","properties":{"valleyId":"gwanaksan","layer":"shadow","date":"2026-08-01","timeLocal":"17:00"},"geometry":{"type":"Polygon","coordinates":[[[126.92631,37.48215],[126.92631,37.48209],[126.92638,37.48209],[126.92637,37.48215],[126.92631,37.48215]]]}},{"type":"Feature","properties":{"valleyId":"gwanaksan","layer":"shadow","date":"2026-08-01","timeLocal":"17:00"},"geometry":{"type":"Polygon","coordinates":[[[126.92566,37.48199],[126.92566,37.48194],[126.92572,37.48194],[126.92572,37.48199],[126.92566,37.48199]]]}},{"type":"Feature","properties":{"valleyId":"gwanaksan","layer":"shadow","date":"2026-08-01","timeLocal":"17:00"},"geometry":{"type":"Polygon","coordinates":[[[126.926,37.48189],[126.926,37.48182],[126.92607,37.48182],[126.92607,37.48189],[126.926,37.48189]]]}},{"type":"Feature","properties":{"valleyId":"gwanaksan","layer":"shadow","date":"2026-08-01","timeLocal":"17:00"},"geometry":{"type":"Polygon","coordinates":[[[126.92645,37.48184],[126.92645,37.48179],[126.92652,37.48179],[126.92652,37.48184],[126.92645,37.48184]]]}},{"type":"Feature","properties":{"valleyId":"gwanaksan","layer":"shadow","date":"2026-08-01","timeLocal":"17:00"},"geometry":{"type":"Polygon","coordinates":[[[126.92627,37.48178],[126.92627,37.48173],[126.92634,37.48173],[126.92634,37.48179],[126.92627,37.48178]]]}},{"type":"Feature","properties":{"valleyId":"gwanaksan","layer":"shadow","date":"2026-08-01","timeLocal":"17:00"},"geometry":{"type":"Polygon","coordinates":[[[126.92577,37.48181],[126.92578,37.48174],[126.92582,37.48174],[126.92582,37.4817],[126.92589,37.48171],[126.92589,37.4818],[126.92577,37.48181]]]}},{"type":"Feature","properties":{"valleyId":"gwanaksan","layer":"shadow","date":"2026-08-01","timeLocal":"17:00"},"geometry":{"type":"Polygon","coordinates":[[[126.94938,37.48212],[126.94938,37.48199],[126.94945,37.48199],[126.94945,37.48212],[126.94938,37.48212]]]}},{"type":"Feature","properties":{"valleyId":"gwanaksan","layer":"shadow","date":"2026-08-01","timeLocal":"17:00"},"geometry":{"type":"Polygon","coordinates":[[[126.92619,37.48151],[126.92619,37.48146],[126.92626,37.48146],[126.92626,37.48151],[126.92619,37.48151]]]}},{"type":"Feature","properties":{"valleyId":"gwanaksan","layer":"shadow","date":"2026-08-01","timeLocal":"17:00"},"geometry":{"type":"Polygon","coordinates":[[[126.92736,37.48105],[126.92736,37.48099],[126.92742,37.48099],[126.92742,37.48105],[126.92736,37.48105]]]}},{"type":"Feature","properties":{"valleyId":"gwanaksan","layer":"shadow","date":"2026-08-01","timeLocal":"17:00"},"geometry":{"type":"Polygon","coordinates":[[[126.9279,37.48102],[126.9279,37.48097],[126.92797,37.48097],[126.92797,37.48102],[126.9279,37.48102]]]}},{"type":"Feature","properties":{"valleyId":"gwanaksan","layer":"shadow","date":"2026-08-01","timeLocal":"17:00"},"geometry":{"type":"Polygon","coordinates":[[[126.93748,37.48128],[126.93748,37.48121],[126.93753,37.48117],[126.93753,37.48112],[126.9376,37.4811],[126.9376,37.48103],[126.93774,37.48099],[126.93774,37.48107],[126.93762,37.4811],[126.93762,37.48115],[126.93757,37.48117],[126.93757,37.48126],[126.93748,37.48128]]]}},{"type":"Feature","properties":{"valleyId":"gwanaksan","layer":"shadow","date":"2026-08-01","timeLocal":"17:00"},"geometry":{"type":"Polygon","coordinates":[[[126.92942,37.48087],[126.92942,37.48079],[126.92949,37.4808],[126.92949,37.48087],[126.92942,37.48087]]]}},{"type":"Feature","properties":{"valleyId":"gwanaksan","layer":"shadow","date":"2026-08-01","timeLocal":"17:00"},"geometry":{"type":"Polygon","coordinates":[[[126.94192,37.48094],[126.94193,37.48089],[126.94199,37.48089],[126.94199,37.48094],[126.94192,37.48094]]]}},{"type":"Feature","properties":{"valleyId":"gwanaksan","layer":"shadow","date":"2026-08-01","timeLocal":"17:00"},"geometry":{"type":"Polygon","coordinates":[[[126.92771,37.48055],[126.92771,37.48048],[126.92778,37.48048],[126.9278,37.48055],[126.92771,37.48055]]]}},{"type":"Feature","properties":{"valleyId":"gwanaksan","layer":"shadow","date":"2026-08-01","timeLocal":"17:00"},"geometry":{"type":"Polygon","coordinates":[[[126.93703,37.48055],[126.93703,37.4804],[126.9371,37.48041],[126.93709,37.48055],[126.93703,37.48055]]]}},{"type":"Feature","properties":{"valleyId":"gwanaksan","layer":"shadow","date":"2026-08-01","timeLocal":"17:00"},"geometry":{"type":"Polygon","coordinates":[[[126.94185,37.48051],[126.94185,37.48045],[126.94196,37.48045],[126.94196,37.48051],[126.94185,37.48051]]]}},{"type":"Feature","properties":{"valleyId":"gwanaksan","layer":"shadow","date":"2026-08-01","timeLocal":"17:00"},"geometry":{"type":"Polygon","coordinates":[[[126.9387,37.48054],[126.9387,37.48049],[126.93888,37.48042],[126.93889,37.48029],[126.93898,37.48029],[126.939,37.4804],[126.93897,37.48044],[126.93893,37.48044],[126.93893,37.48049],[126.93879,37.48054],[126.9387,37.48054]]]}},{"type":"Feature","properties":{"valleyId":"gwanaksan","layer":"shadow","date":"2026-08-01","timeLocal":"17:00"},"geometry":{"type":"Polygon","coordinates":[[[126.93622,37.4803],[126.93622,37.48025],[126.93629,37.48025],[126.93629,37.4803],[126.93622,37.4803]]]}},{"type":"Feature","properties":{"valleyId":"gwanaksan","layer":"shadow","date":"2026-08-01","timeLocal":"17:00"},"geometry":{"type":"Polygon","coordinates":[[[126.93704,37.48021],[126.93704,37.48012],[126.93711,37.48012],[126.9371,37.48021],[126.93704,37.48021]]]}},{"type":"Feature","properties":{"valleyId":"gwanaksan","layer":"shadow","date":"2026-08-01","timeLocal":"17:00"},"geometry":{"type":"Polygon","coordinates":[[[126.92992,37.48003],[126.92992,37.47996],[126.92999,37.47996],[126.92998,37.48003],[126.92992,37.48003]]]}},{"type":"Feature","properties":{"valleyId":"gwanaksan","layer":"shadow","date":"2026-08-01","timeLocal":"17:00"},"geometry":{"type":"Polygon","coordinates":[[[126.93609,37.48014],[126.93609,37.48003],[126.93614,37.48001],[126.93614,37.47997],[126.93621,37.47998],[126.9362,37.4801],[126.93616,37.4801],[126.93616,37.48014],[126.93609,37.48014]]]}},{"type":"Feature","properties":{"valleyId":"gwanaksan","layer":"shadow","date":"2026-08-01","timeLocal":"17:00"},"geometry":{"type":"Polygon","coordinates":[[[126.9388,37.48013],[126.93876,37.48006],[126.93876,37.48],[126.93887,37.48002],[126.93887,37.48013],[126.9388,37.48013]]]}},{"type":"Feature","properties":{"valleyId":"gwanaksan","layer":"shadow","date":"2026-08-01","timeLocal":"17:00"},"geometry":{"type":"Polygon","coordinates":[[[126.9407,37.48004],[126.94071,37.47998],[126.9408,37.47998],[126.94079,37.48004],[126.9407,37.48004]]]}},{"type":"Feature","properties":{"valleyId":"gwanaksan","layer":"shadow","date":"2026-08-01","timeLocal":"17:00"},"geometry":{"type":"Polygon","coordinates":[[[126.93776,37.48101],[126.93781,37.48083],[126.938,37.4806],[126.938,37.48046],[126.93807,37.4804],[126.93808,37.48024],[126.93814,37.48023],[126.9382,37.4799],[126.93829,37.4799],[126.93838,37.47998],[126.9383,37.4803],[126.93834,37.48034],[126.9385,37.48036],[126.93848,37.48045],[126.93836,37.48045],[126.93836,37.48052],[126.93852,37.48056],[126.93852,37.48061],[126.93829,37.48073],[126.93817,37.48073],[126.93808,37.48077],[126.93806,37.48085],[126.93801,37.48089],[126.93794,37.48089],[126.93783,37.48101],[126.93776,37.48101]]]}},{"type":"Feature","properties":{"valleyId":"gwanaksan","layer":"shadow","date":"2026-08-01","timeLocal":"17:00"},"geometry":{"type":"Polygon","coordinates":[[[126.93711,37.47997],[126.93711,37.47988],[126.93718,37.47988],[126.93718,37.47997],[126.93711,37.47997]]]}},{"type":"Feature","properties":{"valleyId":"gwanaksan","layer":"shadow","date":"2026-08-01","timeLocal":"17:00"},"geometry":{"type":"Polygon","coordinates":[[[126.94121,37.47986],[126.94121,37.47979],[126.9413,37.47979],[126.9413,37.47985],[126.94121,37.47986]]]}},{"type":"Feature","properties":{"valleyId":"gwanaksan","layer":"shadow","date":"2026-08-01","timeLocal":"17:00"},"geometry":{"type":"Polygon","coordinates":[[[126.9413,37.47978],[126.9413,37.47972],[126.94137,37.47972],[126.94137,37.47978],[126.9413,37.47978]]]}},{"type":"Feature","properties":{"valleyId":"gwanaksan","layer":"shadow","date":"2026-08-01","timeLocal":"17:00"},"geometry":{"type":"Polygon","coordinates":[[[126.94058,37.47966],[126.94058,37.4796],[126.94065,37.4796],[126.94065,37.47966],[126.94058,37.47966]]]}},{"type":"Feature","properties":{"valleyId":"gwanaksan","layer":"shadow","date":"2026-08-01","timeLocal":"17:00"},"geometry":{"type":"Polygon","coordinates":[[[126.95048,37.47979],[126.95048,37.4797],[126.95055,37.4797],[126.95057,37.47979],[126.95048,37.47979]]]}},{"type":"Feature","properties":{"valleyId":"gwanaksan","layer":"shadow","date":"2026-08-01","timeLocal":"17:00"},"geometry":{"type":"Polygon","coordinates":[[[126.92797,37.47929],[126.92797,37.47924],[126.92804,37.47924],[126.92804,37.47929],[126.92797,37.47929]]]}},{"type":"Feature","properties":{"valleyId":"gwanaksan","layer":"shadow","date":"2026-08-01","timeLocal":"17:00"},"geometry":{"type":"Polygon","coordinates":[[[126.93995,37.4795],[126.93995,37.47945],[126.94004,37.47945],[126.94004,37.4795],[126.93995,37.4795]]]}},{"type":"Feature","properties":{"valleyId":"gwanaksan","layer":"shadow","date":"2026-08-01","timeLocal":"17:00"},"geometry":{"type":"Polygon","coordinates":[[[126.92865,37.47928],[126.92865,37.47918],[126.92874,37.47918],[126.92874,37.47929],[126.92865,37.47928]]]}},{"type":"Feature","properties":{"valleyId":"gwanaksan","layer":"shadow","date":"2026-08-01","timeLocal":"17:00"},"geometry":{"type":"Polygon","coordinates":[[[126.93793,37.4799],[126.93788,37.47977],[126.93789,37.47961],[126.93794,37.4795],[126.93801,37.47947],[126.93804,37.47912],[126.93815,37.47913],[126.93815,37.4792],[126.93824,37.47922],[126.93826,37.47934],[126.93821,37.47945],[126.93823,37.47963],[126.93818,37.47967],[126.93818,37.47972],[126.93811,37.47974],[126.93811,37.47979],[126.93816,37.47979],[126.93818,37.47983],[126.93818,37.4799],[126.93793,37.4799]]]}},{"type":"Feature","properties":{"valleyId":"gwanaksan","layer":"shadow","date":"2026-08-01","timeLocal":"17:00"},"geometry":{"type":"Polygon","coordinates":[[[126.93783,37.47914],[126.93784,37.47903],[126.93795,37.47903],[126.93795,37.47914],[126.93783,37.47914]]]}},{"type":"Feature","properties":{"valleyId":"gwanaksan","layer":"shadow","date":"2026-08-01","timeLocal":"17:00"},"geometry":{"type":"Polygon","coordinates":[[[126.93738,37.47994],[126.93738,37.47989],[126.93743,37.47989],[126.93745,37.47985],[126.93745,37.47978],[126.93739,37.47978],[126.93737,37.47967],[126.93748,37.47958],[126.93748,37.47955],[126.93753,37.47955],[126.93754,37.47931],[126.93751,37.47928],[126.93738,37.47922],[126.93738,37.47915],[126.93734,37.47913],[126.93734,37.479],[126.93739,37.479],[126.93748,37.4789],[126.93759,37.4789],[126.93759,37.47895],[126.93745,37.47901],[126.93743,37.47913],[126.93749,37.47919],[126.93754,37.47919],[126.93754,37.47926],[126.93758,37.47926],[126.93769,37.47935],[126.93769,37.47955],[126.93764,37.47962],[126.9375,37.47966],[126.9375,37.47975],[126.93757,37.47978],[126.93757,37.47984],[126.93752,37.47984],[126.9375,37.47987],[126.9375,37.47994],[126.93738,37.47994]]]}},{"type":"Feature","properties":{"valleyId":"gwanaksan","layer":"shadow","date":"2026-08-01","timeLocal":"17:00"},"geometry":{"type":"Polygon","coordinates":[[[126.9382,37.47893],[126.9382,37.47887],[126.93827,37.47888],[126.93827,37.47893],[126.9382,37.47893]]]}},{"type":"Feature","properties":{"valleyId":"gwanaksan","layer":"shadow","date":"2026-08-01","timeLocal":"17:00"},"geometry":{"type":"Polygon","coordinates":[[[126.94094,37.47889],[126.94094,37.47883],[126.94101,37.47883],[126.94101,37.47889],[126.94094,37.47889]]]}},{"type":"Feature","properties":{"valleyId":"gwanaksan","layer":"shadow","date":"2026-08-01","timeLocal":"17:00"},"geometry":{"type":"Polygon","coordinates":[[[126.92901,37.47859],[126.92901,37.47853],[126.92908,37.47853],[126.92907,37.47859],[126.92901,37.47859]]]}},{"type":"Feature","properties":{"valleyId":"gwanaksan","layer":"shadow","date":"2026-08-01","timeLocal":"17:00"},"geometry":{"type":"Polygon","coordinates":[[[126.93904,37.47876],[126.93905,37.47869],[126.93916,37.47869],[126.93913,37.47876],[126.93904,37.47876]]]}},{"type":"Feature","properties":{"valleyId":"gwanaksan","layer":"shadow","date":"2026-08-01","timeLocal":"17:00"},"geometry":{"type":"Polygon","coordinates":[[[126.94569,37.47879],[126.94569,37.47872],[126.94587,37.47874],[126.94587,37.47879],[126.94569,37.47879]]]}},{"type":"Feature","properties":{"valleyId":"gwanaksan","layer":"shadow","date":"2026-08-01","timeLocal":"17:00"},"geometry":{"type":"Polygon","coordinates":[[[126.93916,37.47868],[126.93916,37.4785],[126.93925,37.4785],[126.93946,37.47857],[126.93945,37.47864],[126.93941,37.47866],[126.93916,37.47868]]]}},{"type":"Feature","properties":{"valleyId":"gwanaksan","layer":"shadow","date":"2026-08-01","timeLocal":"17:00"},"geometry":{"type":"Polygon","coordinates":[[[126.94472,37.47874],[126.9447,37.47859],[126.94477,37.47859],[126.94481,37.47865],[126.94486,37.47865],[126.94486,37.4787],[126.94481,37.47874],[126.94472,37.47874]]]}},{"type":"Feature","properties":{"valleyId":"gwanaksan","layer":"shadow","date":"2026-08-01","timeLocal":"17:00"},"geometry":{"type":"Polygon","coordinates":[[[126.95173,37.4787],[126.95173,37.47864],[126.9518,37.47864],[126.9518,37.4787],[126.95173,37.4787]]]}},{"type":"Feature","properties":{"valleyId":"gwanaksan","layer":"shadow","date":"2026-08-01","timeLocal":"17:00"},"geometry":{"type":"Polygon","coordinates":[[[126.96429,37.47864],[126.96429,37.47859],[126.96436,37.47859],[126.96435,37.47864],[126.96429,37.47864]]]}},{"type":"Feature","properties":{"valleyId":"gwanaksan","layer":"shadow","date":"2026-08-01","timeLocal":"17:00"},"geometry":{"type":"Polygon","coordinates":[[[126.95204,37.47838],[126.95204,37.47821],[126.95215,37.47822],[126.9522,37.47825],[126.95219,37.47836],[126.95204,37.47838]]]}},{"type":"Feature","properties":{"valleyId":"gwanaksan","layer":"shadow","date":"2026-08-01","timeLocal":"17:00"},"geometry":{"type":"Polygon","coordinates":[[[126.96427,37.47848],[126.96427,37.47841],[126.96436,37.47841],[126.96436,37.47846],[126.96427,37.47848]]]}},{"type":"Feature","properties":{"valleyId":"gwanaksan","layer":"shadow","date":"2026-08-01","timeLocal":"17:00"},"geometry":{"type":"Polygon","coordinates":[[[126.94879,37.47711],[126.94879,37.47706],[126.94886,37.47706],[126.94886,37.47711],[126.94879,37.47711]]]}},{"type":"Feature","properties":{"valleyId":"gwanaksan","layer":"shadow","date":"2026-08-01","timeLocal":"17:00"},"geometry":{"type":"Polygon","coordinates":[[[126.95091,37.47722],[126.95092,37.47706],[126.95099,37.47706],[126.95098,37.47722],[126.95091,37.47722]]]}},{"type":"Feature","properties":{"valleyId":"gwanaksan","layer":"shadow","date":"2026-08-01","timeLocal":"17:00"},"geometry":{"type":"Polygon","coordinates":[[[126.95074,37.47706],[126.95074,37.477],[126.95078,37.477],[126.95079,37.47688],[126.95088,37.47688],[126.95088,37.47699],[126.95083,37.47706],[126.95074,37.47706]]]}},{"type":"Feature","properties":{"valleyId":"gwanaksan","layer":"shadow","date":"2026-08-01","timeLocal":"17:00"},"geometry":{"type":"Polygon","coordinates":[[[126.94928,37.47676],[126.94928,37.47671],[126.94934,37.47671],[126.94934,37.47676],[126.94928,37.47676]]]}},{"type":"Feature","properties":{"valleyId":"gwanaksan","layer":"shadow","date":"2026-08-01","timeLocal":"17:00"},"geometry":{"type":"Polygon","coordinates":[[[126.95092,37.47684],[126.95093,37.47675],[126.95084,37.47668],[126.95084,37.47663],[126.95091,37.47663],[126.95102,37.47672],[126.95102,37.47683],[126.95092,37.47684]]]}},{"type":"Feature","properties":{"valleyId":"gwanaksan","layer":"shadow","date":"2026-08-01","timeLocal":"17:00"},"geometry":{"type":"Polygon","coordinates":[[[126.93559,37.47616],[126.93559,37.47609],[126.93566,37.47609],[126.93565,37.47616],[126.93559,37.47616]]]}},{"type":"Feature","properties":{"valleyId":"gwanaksan","layer":"shadow","date":"2026-08-01","timeLocal":"17:00"},"geometry":{"type":"Polygon","coordinates":[[[126.93597,37.47608],[126.93597,37.47602],[126.93604,37.47603],[126.93604,37.47608],[126.93597,37.47608]]]}},{"type":"Feature","properties":{"valleyId":"gwanaksan","layer":"shadow","date":"2026-08-01","timeLocal":"17:00"},"geometry":{"type":"Polygon","coordinates":[[[126.95943,37.47667],[126.95944,37.47656],[126.95955,37.47649],[126.95955,37.47642],[126.95962,37.47642],[126.95959,37.47663],[126.95943,37.47667]]]}},{"type":"Feature","properties":{"valleyId":"gwanaksan","layer":"shadow","date":"2026-08-01","timeLocal":"17:00"},"geometry":{"type":"Polygon","coordinates":[[[126.94081,37.47614],[126.94081,37.47609],[126.9409,37.47609],[126.9409,37.47615],[126.94081,37.47614]]]}},{"type":"Feature","properties":{"valleyId":"gwanaksan","layer":"shadow","date":"2026-08-01","timeLocal":"17:00"},"geometry":{"type":"Polygon","coordinates":[[[126.9393,37.47608],[126.9393,37.47601],[126.93939,37.47601],[126.93939,37.47608],[126.9393,37.47608]]]}},{"type":"Feature","properties":{"valleyId":"gwanaksan","layer":"shadow","date":"2026-08-01","timeLocal":"17:00"},"geometry":{"type":"Polygon","coordinates":[[[126.95064,37.47659],[126.95057,37.47653],[126.95057,37.47646],[126.95066,37.47644],[126.95067,37.47632],[126.9506,37.47622],[126.9506,37.47617],[126.95067,37.47617],[126.95074,37.47623],[126.95074,37.47632],[126.95078,37.47635],[126.95078,37.47641],[126.95073,37.47643],[126.95073,37.47646],[126.95069,37.47646],[126.95071,37.47659],[126.95064,37.47659]]]}},{"type":"Feature","properties":{"valleyId":"gwanaksan","layer":"shadow","date":"2026-08-01","timeLocal":"17:00"},"geometry":{"type":"Polygon","coordinates":[[[126.9362,37.47601],[126.9362,37.47596],[126.93616,37.47581],[126.93625,37.47581],[126.93625,37.47596],[126.93636,37.47596],[126.93636,37.47601],[126.9362,37.47601]]]}},{"type":"Feature","properties":{"valleyId":"gwanaksan","layer":"shadow","date":"2026-08-01","timeLocal":"17:00"},"geometry":{"type":"Polygon","coordinates":[[[126.93542,37.47582],[126.93542,37.47576],[126.93548,37.47576],[126.93548,37.47582],[126.93542,37.47582]]]}},{"type":"Feature","properties":{"valleyId":"gwanaksan","layer":"shadow","date":"2026-08-01","timeLocal":"17:00"},"geometry":{"type":"Polygon","coordinates":[[[126.95051,37.47617],[126.95052,37.47608],[126.95047,37.47608],[126.95047,37.47602],[126.95054,37.47603],[126.95054,37.47606],[126.95058,37.47606],[126.95058,37.47617],[126.95051,37.47617]]]}},{"type":"Feature","properties":{"valleyId":"gwanaksan","layer":"shadow","date":"2026-08-01","timeLocal":"17:00"},"geometry":{"type":"Polygon","coordinates":[[[126.93598,37.47575],[126.93598,37.4757],[126.93607,37.4757],[126.93607,37.47576],[126.93598,37.47575]]]}},{"type":"Feature","properties":{"valleyId":"gwanaksan","layer":"shadow","date":"2026-08-01","timeLocal":"17:00"},"geometry":{"type":"Polygon","coordinates":[[[126.93537,37.47574],[126.9354,37.47565],[126.93546,37.47565],[126.93544,37.47574],[126.93537,37.47574]]]}},{"type":"Feature","properties":{"valleyId":"gwanaksan","layer":"shadow","date":"2026-08-01","timeLocal":"17:00"},"geometry":{"type":"Polygon","coordinates":[[[126.93472,37.47568],[126.93472,37.47562],[126.93479,37.47562],[126.93479,37.47568],[126.93472,37.47568]]]}},{"type":"Feature","properties":{"valleyId":"gwanaksan","layer":"shadow","date":"2026-08-01","timeLocal":"17:00"},"geometry":{"type":"Polygon","coordinates":[[[126.95029,37.47595],[126.95029,37.47588],[126.95036,37.47588],[126.95038,37.47595],[126.95029,37.47595]]]}},{"type":"Feature","properties":{"valleyId":"gwanaksan","layer":"shadow","date":"2026-08-01","timeLocal":"17:00"},"geometry":{"type":"Polygon","coordinates":[[[126.93531,37.47562],[126.93531,37.47556],[126.93538,37.47556],[126.93538,37.47562],[126.93531,37.47562]]]}},{"type":"Feature","properties":{"valleyId":"gwanaksan","layer":"shadow","date":"2026-08-01","timeLocal":"17:00"},"geometry":{"type":"Polygon","coordinates":[[[126.93515,37.47558],[126.93515,37.47551],[126.93522,37.47551],[126.93522,37.47558],[126.93515,37.47558]]]}},{"type":"Feature","properties":{"valleyId":"gwanaksan","layer":"shadow","date":"2026-08-01","timeLocal":"17:00"},"geometry":{"type":"Polygon","coordinates":[[[126.93579,37.47552],[126.93579,37.47546],[126.93585,37.47546],[126.93585,37.47552],[126.93579,37.47552]]]}},{"type":"Feature","properties":{"valleyId":"gwanaksan","layer":"shadow","date":"2026-08-01","timeLocal":"17:00"},"geometry":{"type":"Polygon","coordinates":[[[126.9502,37.47586],[126.95021,37.47575],[126.95025,37.47573],[126.95025,37.4757],[126.95032,37.4757],[126.95027,37.47586],[126.9502,37.47586]]]}},{"type":"Feature","properties":{"valleyId":"gwanaksan","layer":"shadow","date":"2026-08-01","timeLocal":"17:00"},"geometry":{"type":"Polygon","coordinates":[[[126.95041,37.47573],[126.95041,37.47568],[126.9505,37.47568],[126.9505,37.47574],[126.95041,37.47573]]]}},{"type":"Feature","properties":{"valleyId":"gwanaksan","layer":"shadow","date":"2026-08-01","timeLocal":"17:00"},"geometry":{"type":"Polygon","coordinates":[[[126.94117,37.47556],[126.94117,37.4755],[126.94124,37.4755],[126.94123,37.47556],[126.94117,37.47556]]]}},{"type":"Feature","properties":{"valleyId":"gwanaksan","layer":"shadow","date":"2026-08-01","timeLocal":"17:00"},"geometry":{"type":"Polygon","coordinates":[[[126.94214,37.47555],[126.94214,37.4755],[126.94221,37.4755],[126.94221,37.47556],[126.94214,37.47555]]]}},{"type":"Feature","properties":{"valleyId":"gwanaksan","layer":"shadow","date":"2026-08-01","timeLocal":"17:00"},"geometry":{"type":"Polygon","coordinates":[[[126.93237,37.47537],[126.93238,37.47529],[126.93247,37.4753],[126.93247,37.47535],[126.93237,37.47537]]]}},{"type":"Feature","properties":{"valleyId":"gwanaksan","layer":"shadow","date":"2026-08-01","timeLocal":"17:00"},"geometry":{"type":"Polygon","coordinates":[[[126.93567,37.47542],[126.93563,37.47541],[126.93563,37.47533],[126.93574,37.47535],[126.93574,37.47543],[126.93567,37.47542]]]}},{"type":"Feature","properties":{"valleyId":"gwanaksan","layer":"shadow","date":"2026-08-01","timeLocal":"17:00"},"geometry":{"type":"Polygon","coordinates":[[[126.95026,37.47564],[126.95026,37.47559],[126.95035,37.47559],[126.95035,37.47564],[126.95026,37.47564]]]}},{"type":"Feature","properties":{"valleyId":"gwanaksan","layer":"shadow","date":"2026-08-01","timeLocal":"17:00"},"geometry":{"type":"Polygon","coordinates":[[[126.94067,37.47544],[126.94067,37.47539],[126.94056,37.47538],[126.94056,37.47531],[126.94074,37.47533],[126.94074,37.47544],[126.94067,37.47544]]]}},{"type":"Feature","properties":{"valleyId":"gwanaksan","layer":"shadow","date":"2026-08-01","timeLocal":"17:00"},"geometry":{"type":"Polygon","coordinates":[[[126.93484,37.47527],[126.93484,37.47519],[126.93496,37.4752],[126.93493,37.47527],[126.93484,37.47527]]]}},{"type":"Feature","properties":{"valleyId":"gwanaksan","layer":"shadow","date":"2026-08-01","timeLocal":"17:00"},"geometry":{"type":"Polygon","coordinates":[[[126.95117,37.47544],[126.95117,37.47539],[126.95124,37.47539],[126.95123,37.47544],[126.95117,37.47544]]]}},{"type":"Feature","properties":{"valleyId":"gwanaksan","layer":"shadow","date":"2026-08-01","timeLocal":"17:00"},"geometry":{"type":"Polygon","coordinates":[[[126.95076,37.47545],[126.95076,37.47531],[126.95083,37.47531],[126.95087,37.47545],[126.95076,37.47545]]]}},{"type":"Feature","properties":{"valleyId":"gwanaksan","layer":"shadow","date":"2026-08-01","timeLocal":"17:00"},"geometry":{"type":"Polygon","coordinates":[[[126.94362,37.47533],[126.94357,37.47522],[126.94358,37.47515],[126.94364,37.47515],[126.94369,37.47524],[126.94368,37.47533],[126.94362,37.47533]]]}},{"type":"Feature","properties":{"valleyId":"gwanaksan","layer":"shadow","date":"2026-08-01","timeLocal":"17:00"},"geometry":{"type":"Polygon","coordinates":[[[126.95112,37.47533],[126.9511,37.47524],[126.95119,37.47524],[126.95119,37.47533],[126.95112,37.47533]]]}},{"type":"Feature","properties":{"valleyId":"gwanaksan","layer":"shadow","date":"2026-08-01","timeLocal":"17:00"},"geometry":{"type":"Polygon","coordinates":[[[126.93218,37.47489],[126.93219,37.47484],[126.93225,37.47484],[126.93225,37.4749],[126.93218,37.47489]]]}},{"type":"Feature","properties":{"valleyId":"gwanaksan","layer":"shadow","date":"2026-08-01","timeLocal":"17:00"},"geometry":{"type":"Polygon","coordinates":[[[126.9509,37.47522],[126.9509,37.47515],[126.95097,37.47515],[126.95097,37.47522],[126.9509,37.47522]]]}},{"type":"Feature","properties":{"valleyId":"gwanaksan","layer":"shadow","date":"2026-08-01","timeLocal":"17:00"},"geometry":{"type":"Polygon","coordinates":[[[126.95097,37.47511],[126.951,37.47501],[126.95106,37.47501],[126.95104,37.47511],[126.95097,37.47511]]]}},{"type":"Feature","properties":{"valleyId":"gwanaksan","layer":"shadow","date":"2026-08-01","timeLocal":"17:00"},"geometry":{"type":"Polygon","coordinates":[[[126.93942,37.47484],[126.93942,37.47479],[126.93951,37.47479],[126.93951,37.47484],[126.93942,37.47484]]]}},{"type":"Feature","properties":{"valleyId":"gwanaksan","layer":"shadow","date":"2026-08-01","timeLocal":"17:00"},"geometry":{"type":"Polygon","coordinates":[[[126.952,37.47544],[126.952,37.47537],[126.95194,37.47531],[126.95195,37.47493],[126.95197,37.47486],[126.95206,37.47484],[126.95203,37.47517],[126.95208,37.47519],[126.95207,37.47531],[126.95219,37.47535],[126.95218,37.47541],[126.952,37.47544]]]}},{"type":"Feature","properties":{"valleyId":"gwanaksan","layer":"shadow","date":"2026-08-01","timeLocal":"17:00"},"geometry":{"type":"Polygon","coordinates":[[[126.93403,37.47453],[126.93405,37.47442],[126.93412,37.47442],[126.93409,37.47453],[126.93403,37.47453]]]}},{"type":"Feature","properties":{"valleyId":"gwanaksan","layer":"shadow","date":"2026-08-01","timeLocal":"17:00"},"geometry":{"type":"Polygon","coordinates":[[[126.9322,37.47443],[126.9322,37.47437],[126.93229,37.47437],[126.93229,37.47443],[126.9322,37.47443]]]}},{"type":"Feature","properties":{"valleyId":"gwanaksan","layer":"shadow","date":"2026-08-01","timeLocal":"17:00"},"geometry":{"type":"Polygon","coordinates":[[[126.95166,37.47475],[126.95166,37.47469],[126.95173,37.47469],[126.95173,37.47475],[126.95166,37.47475]]]}},{"type":"Feature","properties":{"valleyId":"gwanaksan","layer":"shadow","date":"2026-08-01","timeLocal":"17:00"},"geometry":{"type":"Polygon","coordinates":[[[126.93073,37.47438],[126.93073,37.47431],[126.9308,37.47431],[126.93082,37.47438],[126.93073,37.47438]]]}},{"type":"Feature","properties":{"valleyId":"gwanaksan","layer":"shadow","date":"2026-08-01","timeLocal":"17:00"},"geometry":{"type":"Polygon","coordinates":[[[126.93188,37.47433],[126.93188,37.47428],[126.93195,37.47428],[126.93195,37.47433],[126.93188,37.47433]]]}},{"type":"Feature","properties":{"valleyId":"gwanaksan","layer":"shadow","date":"2026-08-01","timeLocal":"17:00"},"geometry":{"type":"Polygon","coordinates":[[[126.95178,37.47466],[126.95178,37.47459],[126.95185,37.47459],[126.95184,37.47466],[126.95178,37.47466]]]}},{"type":"Feature","properties":{"valleyId":"gwanaksan","layer":"shadow","date":"2026-08-01","timeLocal":"17:00"},"geometry":{"type":"Polygon","coordinates":[[[126.96335,37.47486],[126.96335,37.47477],[126.96344,37.47477],[126.96346,37.47484],[126.96335,37.47486]]]}},{"type":"Feature","properties":{"valleyId":"gwanaksan","layer":"shadow","date":"2026-08-01","timeLocal":"17:00"},"geometry":{"type":"Polygon","coordinates":[[[126.95191,37.47463],[126.95191,37.47457],[126.95198,37.47457],[126.95198,37.47463],[126.95191,37.47463]]]}},{"type":"Feature","properties":{"valleyId":"gwanaksan","layer":"shadow","date":"2026-08-01","timeLocal":"17:00"},"geometry":{"type":"Polygon","coordinates":[[[126.93044,37.47429],[126.93042,37.47414],[126.93046,37.47411],[126.9306,37.47411],[126.93057,37.47429],[126.93044,37.47429]]]}},{"type":"Feature","properties":{"valleyId":"gwanaksan","layer":"shadow","date":"2026-08-01","timeLocal":"17:00"},"geometry":{"type":"Polygon","coordinates":[[[126.94371,37.47441],[126.94371,37.47432],[126.94378,37.47432],[126.94378,37.47441],[126.94371,37.47441]]]}},{"type":"Feature","properties":{"valleyId":"gwanaksan","layer":"shadow","date":"2026-08-01","timeLocal":"17:00"},"geometry":{"type":"Polygon","coordinates":[[[126.93211,37.47419],[126.93211,37.47412],[126.93227,37.47414],[126.93227,37.47419],[126.93211,37.47419]]]}},{"type":"Feature","properties":{"valleyId":"gwanaksan","layer":"shadow","date":"2026-08-01","timeLocal":"17:00"},"geometry":{"type":"Polygon","coordinates":[[[126.95395,37.47453],[126.95395,37.47446],[126.95402,37.47446],[126.95402,37.47454],[126.95395,37.47453]]]}},{"type":"Feature","properties":{"valleyId":"gwanaksan","layer":"shadow","date":"2026-08-01","timeLocal":"17:00"},"geometry":{"type":"Polygon","coordinates":[[[126.96392,37.47471],[126.96392,37.47462],[126.96399,37.47462],[126.96399,37.47471],[126.96392,37.47471]]]}},{"type":"Feature","properties":{"valleyId":"gwanaksan","layer":"shadow","date":"2026-08-01","timeLocal":"17:00"},"geometry":{"type":"Polygon","coordinates":[[[126.93071,37.47411],[126.93072,37.47397],[126.93078,37.47397],[126.93078,37.474],[126.93087,37.47404],[126.93087,37.4741],[126.93071,37.47411]]]}},{"type":"Feature","properties":{"valleyId":"gwanaksan","layer":"shadow","date":"2026-08-01","timeLocal":"17:00"},"geometry":{"type":"Polygon","coordinates":[[[126.93341,37.47403],[126.93341,37.47398],[126.93348,37.47398],[126.93347,37.47403],[126.93341,37.47403]]]}},{"type":"Feature","properties":{"valleyId":"gwanaksan","layer":"shadow","date":"2026-08-01","timeLocal":"17:00"},"geometry":{"type":"Polygon","coordinates":[[[126.93214,37.47405],[126.93214,37.47392],[126.93232,37.47396],[126.93232,37.47401],[126.93214,37.47405]]]}},{"type":"Feature","properties":{"valleyId":"gwanaksan","layer":"shadow","date":"2026-08-01","timeLocal":"17:00"},"geometry":{"type":"Polygon","coordinates":[[[126.93162,37.47397],[126.93162,37.47391],[126.93169,37.47391],[126.93169,37.47397],[126.93162,37.47397]]]}},{"type":"Feature","properties":{"valleyId":"gwanaksan","layer":"shadow","date":"2026-08-01","timeLocal":"17:00"},"geometry":{"type":"Polygon","coordinates":[[[126.93056,37.47398],[126.93056,37.47382],[126.93063,37.47382],[126.9307,37.47389],[126.93069,37.47397],[126.93056,37.47398]]]}},{"type":"Feature","properties":{"valleyId":"gwanaksan","layer":"shadow","date":"2026-08-01","timeLocal":"17:00"},"geometry":{"type":"Polygon","coordinates":[[[126.93603,37.47397],[126.93603,37.47392],[126.9361,37.47392],[126.9361,37.47397],[126.93603,37.47397]]]}},{"type":"Feature","properties":{"valleyId":"gwanaksan","layer":"shadow","date":"2026-08-01","timeLocal":"17:00"},"geometry":{"type":"Polygon","coordinates":[[[126.93068,37.47377],[126.93068,37.47364],[126.93079,37.47366],[126.93081,37.47373],[126.93068,37.47377]]]}},{"type":"Feature","properties":{"valleyId":"gwanaksan","layer":"shadow","date":"2026-08-01","timeLocal":"17:00"},"geometry":{"type":"Polygon","coordinates":[[[126.96264,37.47425],[126.96264,37.4742],[126.96271,37.4742],[126.96271,37.47425],[126.96264,37.47425]]]}},{"type":"Feature","properties":{"valleyId":"gwanaksan","layer":"shadow","date":"2026-08-01","timeLocal":"17:00"},"geometry":{"type":"Polygon","coordinates":[[[126.95281,37.47406],[126.95281,37.47401],[126.95288,37.47401],[126.95288,37.47407],[126.95281,37.47406]]]}},{"type":"Feature","properties":{"valleyId":"gwanaksan","layer":"shadow","date":"2026-08-01","timeLocal":"17:00"},"geometry":{"type":"Polygon","coordinates":[[[126.95105,37.47396],[126.95103,37.47387],[126.9511,37.47387],[126.95112,37.47396],[126.95105,37.47396]]]}},{"type":"Feature","properties":{"valleyId":"gwanaksan","layer":"shadow","date":"2026-08-01","timeLocal":"17:00"},"geometry":{"type":"Polygon","coordinates":[[[126.93057,37.47362],[126.9305,37.47357],[126.9305,37.47351],[126.93057,37.47351],[126.93064,37.47357],[126.93064,37.47362],[126.93057,37.47362]]]}},{"type":"Feature","properties":{"valleyId":"gwanaksan","layer":"shadow","date":"2026-08-01","timeLocal":"17:00"},"geometry":{"type":"Polygon","coordinates":[[[126.95159,37.47384],[126.9516,37.47377],[126.95173,37.47377],[126.95173,37.47383],[126.95159,37.47384]]]}},{"type":"Feature","properties":{"valleyId":"gwanaksan","layer":"shadow","date":"2026-08-01","timeLocal":"17:00"},"geometry":{"type":"Polygon","coordinates":[[[126.93088,37.47363],[126.93094,37.47343],[126.931,37.47336],[126.93107,37.47336],[126.93107,37.47349],[126.93095,37.47356],[126.93095,37.47363],[126.93088,37.47363]]]}},{"type":"Feature","properties":{"valleyId":"gwanaksan","layer":"shadow","date":"2026-08-01","timeLocal":"17:00"},"geometry":{"type":"Polygon","coordinates":[[[126.95288,37.47385],[126.95287,37.47365],[126.95293,37.47365],[126.95295,37.47372],[126.95302,37.47374],[126.95302,37.4738],[126.953,37.47383],[126.95288,37.47385]]]}},{"type":"Feature","properties":{"valleyId":"gwanaksan","layer":"shadow","date":"2026-08-01","timeLocal":"17:00"},"geometry":{"type":"Polygon","coordinates":[[[126.93155,37.47332],[126.93155,37.47326],[126.93164,37.47324],[126.93164,37.4733],[126.93155,37.47332]]]}},{"type":"Feature","properties":{"valleyId":"gwanaksan","layer":"shadow","date":"2026-08-01","timeLocal":"17:00"},"geometry":{"type":"Polygon","coordinates":[[[126.93125,37.47342],[126.93126,37.47324],[126.93137,37.47322],[126.93137,37.47329],[126.93132,37.47331],[126.93132,37.47342],[126.93125,37.47342]]]}},{"type":"Feature","properties":{"valleyId":"gwanaksan","layer":"shadow","date":"2026-08-01","timeLocal":"17:00"},"geometry":{"type":"Polygon","coordinates":[[[126.95083,37.47358],[126.95083,37.47353],[126.9509,37.47353],[126.9509,37.47358],[126.95083,37.47358]]]}},{"type":"Feature","properties":{"valleyId":"gwanaksan","layer":"shadow","date":"2026-08-01","timeLocal":"17:00"},"geometry":{"type":"Polygon","coordinates":[[[126.95246,37.47354],[126.95246,37.47346],[126.95253,37.47346],[126.95253,37.47354],[126.95246,37.47354]]]}},{"type":"Feature","properties":{"valleyId":"gwanaksan","layer":"shadow","date":"2026-08-01","timeLocal":"17:00"},"geometry":{"type":"Polygon","coordinates":[[[126.93189,37.47312],[126.9319,37.47296],[126.93199,37.47296],[126.93201,37.47311],[126.93189,37.47312]]]}},{"type":"Feature","properties":{"valleyId":"gwanaksan","layer":"shadow","date":"2026-08-01","timeLocal":"17:00"},"geometry":{"type":"Polygon","coordinates":[[[126.95292,37.47342],[126.95292,37.47331],[126.95308,37.47335],[126.95308,37.4734],[126.95292,37.47342]]]}},{"type":"Feature","properties":{"valleyId":"gwanaksan","layer":"shadow","date":"2026-08-01","timeLocal":"17:00"},"geometry":{"type":"Polygon","coordinates":[[[126.95149,37.47336],[126.9515,37.47328],[126.95159,37.47329],[126.95159,37.47334],[126.95149,37.47336]]]}},{"type":"Feature","properties":{"valleyId":"gwanaksan","layer":"shadow","date":"2026-08-01","timeLocal":"17:00"},"geometry":{"type":"Polygon","coordinates":[[[126.9529,37.47324],[126.9529,37.47316],[126.95301,37.47317],[126.95299,37.47324],[126.9529,37.47324]]]}},{"type":"Feature","properties":{"valleyId":"gwanaksan","layer":"shadow","date":"2026-08-01","timeLocal":"17:00"},"geometry":{"type":"Polygon","coordinates":[[[126.9393,37.47269],[126.9393,37.47264],[126.93937,37.47264],[126.93937,37.47269],[126.9393,37.47269]]]}},{"type":"Feature","properties":{"valleyId":"gwanaksan","layer":"shadow","date":"2026-08-01","timeLocal":"17:00"},"geometry":{"type":"Polygon","coordinates":[[[126.92065,37.47231],[126.92066,37.47224],[126.92072,37.47224],[126.92074,37.47231],[126.92065,37.47231]]]}},{"type":"Feature","properties":{"valleyId":"gwanaksan","layer":"shadow","date":"2026-08-01","timeLocal":"17:00"},"geometry":{"type":"Polygon","coordinates":[[[126.95287,37.47275],[126.95287,37.4727],[126.9528,37.4726],[126.95281,37.47255],[126.95287,37.47255],[126.95294,37.47266],[126.95294,37.47275],[126.95287,37.47275]]]}},{"type":"Feature","properties":{"valleyId":"gwanaksan","layer":"shadow","date":"2026-08-01","timeLocal":"17:00"},"geometry":{"type":"Polygon","coordinates":[[[126.91922,37.47198],[126.91922,37.47191],[126.91929,37.47191],[126.91928,37.47198],[126.91922,37.47198]]]}},{"type":"Feature","properties":{"valleyId":"gwanaksan","layer":"shadow","date":"2026-08-01","timeLocal":"17:00"},"geometry":{"type":"Polygon","coordinates":[[[126.93208,37.47293],[126.93211,37.47277],[126.9322,37.47266],[126.93223,37.47244],[126.93227,37.47244],[126.9323,37.47241],[126.93233,37.47205],[126.93242,37.47205],[126.93244,37.47234],[126.93237,37.47237],[126.93234,37.47243],[126.93233,37.47275],[126.93227,37.47277],[126.93226,37.47284],[126.9322,37.47284],[126.93219,37.47293],[126.93208,37.47293]]]}},{"type":"Feature","properties":{"valleyId":"gwanaksan","layer":"shadow","date":"2026-08-01","timeLocal":"17:00"},"geometry":{"type":"Polygon","coordinates":[[[126.92144,37.47186],[126.92144,37.4718],[126.9215,37.4718],[126.9215,37.47186],[126.92144,37.47186]]]}},{"type":"Feature","properties":{"valleyId":"gwanaksan","layer":"shadow","date":"2026-08-01","timeLocal":"17:00"},"geometry":{"type":"Polygon","coordinates":[[[126.93191,37.47246],[126.93187,37.4724],[126.93187,37.47226],[126.93181,37.4722],[126.93181,37.47213],[126.93188,37.47208],[126.93188,37.47197],[126.93195,37.47197],[126.93197,37.47217],[126.93205,37.47221],[126.93208,37.47226],[126.93207,37.47231],[126.93201,37.47233],[126.93202,37.47246],[126.93191,37.47246]]]}},{"type":"Feature","properties":{"valleyId":"gwanaksan","layer":"shadow","date":"2026-08-01","timeLocal":"17:00"},"geometry":{"type":"Polygon","coordinates":[[[126.93179,37.47195],[126.93179,37.4719],[126.93186,37.4719],[126.93186,37.47195],[126.93179,37.47195]]]}},{"type":"Feature","properties":{"valleyId":"gwanaksan","layer":"shadow","date":"2026-08-01","timeLocal":"17:00"},"geometry":{"type":"Polygon","coordinates":[[[126.93226,37.47203],[126.93226,37.47199],[126.93215,37.47192],[126.93209,37.47177],[126.93202,37.47174],[126.93196,37.47157],[126.93209,37.47159],[126.93218,37.47174],[126.93227,37.47178],[126.93229,37.47192],[126.93233,37.47194],[126.93233,37.47203],[126.93226,37.47203]]]}},{"type":"Feature","properties":{"valleyId":"gwanaksan","layer":"shadow","date":"2026-08-01","timeLocal":"17:00"},"geometry":{"type":"Polygon","coordinates":[[[126.9201,37.47113],[126.9201,37.47108],[126.92017,37.47108],[126.92017,37.47113],[126.9201,37.47113]]]}},{"type":"Feature","properties":{"valleyId":"gwanaksan","layer":"shadow","date":"2026-08-01","timeLocal":"17:00"},"geometry":{"type":"Polygon","coordinates":[[[126.91868,37.471],[126.91868,37.47094],[126.91877,37.47095],[126.91877,37.471],[126.91868,37.471]]]}},{"type":"Feature","properties":{"valleyId":"gwanaksan","layer":"shadow","date":"2026-08-01","timeLocal":"17:00"},"geometry":{"type":"Polygon","coordinates":[[[126.93608,37.47127],[126.93608,37.47121],[126.93615,37.47121],[126.93615,37.47127],[126.93608,37.47127]]]}},{"type":"Feature","properties":{"valleyId":"gwanaksan","layer":"shadow","date":"2026-08-01","timeLocal":"17:00"},"geometry":{"type":"Polygon","coordinates":[[[126.95219,37.47185],[126.95217,37.47175],[126.9521,37.47173],[126.95206,37.47165],[126.95206,37.4716],[126.95211,37.47156],[126.95211,37.47146],[126.95218,37.47146],[126.9522,37.47149],[126.95215,37.47167],[126.95224,37.47169],[126.95226,37.47175],[126.9524,37.47177],[126.9524,37.47182],[126.95233,37.47182],[126.9523,37.47186],[126.95219,37.47185]]]}},{"type":"Feature","properties":{"valleyId":"gwanaksan","layer":"shadow","date":"2026-08-01","timeLocal":"17:00"},"geometry":{"type":"Polygon","coordinates":[[[126.93669,37.47126],[126.9367,37.47119],[126.93679,37.47119],[126.93678,37.47126],[126.93669,37.47126]]]}},{"type":"Feature","properties":{"valleyId":"gwanaksan","layer":"shadow","date":"2026-08-01","timeLocal":"17:00"},"geometry":{"type":"Polygon","coordinates":[[[126.95328,37.47104],[126.95328,37.47099],[126.95335,37.47099],[126.95334,37.47105],[126.95328,37.47104]]]}},{"type":"Feature","properties":{"valleyId":"gwanaksan","layer":"shadow","date":"2026-08-01","timeLocal":"17:00"},"geometry":{"type":"Polygon","coordinates":[[[126.94221,37.47064],[126.94221,37.47051],[126.94237,37.47055],[126.94234,37.47062],[126.94221,37.47064]]]}},{"type":"Feature","properties":{"valleyId":"gwanaksan","layer":"shadow","date":"2026-08-01","timeLocal":"17:00"},"geometry":{"type":"Polygon","coordinates":[[[126.92135,37.47014],[126.92135,37.47007],[126.92142,37.47007],[126.92141,37.47015],[126.92135,37.47014]]]}},{"type":"Feature","properties":{"valleyId":"gwanaksan","layer":"shadow","date":"2026-08-01","timeLocal":"17:00"},"geometry":{"type":"Polygon","coordinates":[[[126.95203,37.47104],[126.95199,37.47093],[126.95192,37.47093],[126.95188,37.47089],[126.95189,37.4705],[126.95196,37.47046],[126.95203,37.47046],[126.95205,37.47054],[126.95214,37.47056],[126.95213,37.47065],[126.95207,37.47064],[126.95208,37.4709],[126.95213,37.4709],[126.95212,37.47104],[126.95203,37.47104]]]}},{"type":"Feature","properties":{"valleyId":"gwanaksan","layer":"shadow","date":"2026-08-01","timeLocal":"17:00"},"geometry":{"type":"Polygon","coordinates":[[[126.94366,37.47032],[126.94366,37.47026],[126.94375,37.47027],[126.94375,37.47032],[126.94366,37.47032]]]}},{"type":"Feature","properties":{"valleyId":"gwanaksan","layer":"shadow","date":"2026-08-01","timeLocal":"17:00"},"geometry":{"type":"Polygon","coordinates":[[[126.93354,37.47002],[126.93354,37.46994],[126.93361,37.46994],[126.93363,37.47002],[126.93354,37.47002]]]}},{"type":"Feature","properties":{"valleyId":"gwanaksan","layer":"shadow","date":"2026-08-01","timeLocal":"17:00"},"geometry":{"type":"Polygon","coordinates":[[[126.91962,37.46977],[126.9196,37.46964],[126.91966,37.46965],[126.91968,37.46977],[126.91962,37.46977]]]}},{"type":"Feature","properties":{"valleyId":"gwanaksan","layer":"shadow","date":"2026-08-01","timeLocal":"17:00"},"geometry":{"type":"Polygon","coordinates":[[[126.95099,37.47016],[126.951,37.4701],[126.95106,37.4701],[126.95106,37.47016],[126.95099,37.47016]]]}},{"type":"Feature","properties":{"valleyId":"gwanaksan","layer":"shadow","date":"2026-08-01","timeLocal":"17:00"},"geometry":{"type":"Polygon","coordinates":[[[126.95189,37.47039],[126.95182,37.47037],[126.95181,37.47008],[126.95188,37.47008],[126.95196,37.47023],[126.95196,37.47039],[126.95189,37.47039]]]}},{"type":"Feature","properties":{"valleyId":"gwanaksan","layer":"shadow","date":"2026-08-01","timeLocal":"17:00"},"geometry":{"type":"Polygon","coordinates":[[[126.95796,37.46994],[126.95797,37.46988],[126.95803,37.46988],[126.95803,37.46994],[126.95796,37.46994]]]}},{"type":"Feature","properties":{"valleyId":"gwanaksan","layer":"shadow","date":"2026-08-01","timeLocal":"17:00"},"geometry":{"type":"Polygon","coordinates":[[[126.9518,37.46979],[126.95178,37.46961],[126.95185,37.46961],[126.95186,37.46979],[126.9518,37.46979]]]}},{"type":"Feature","properties":{"valleyId":"gwanaksan","layer":"shadow","date":"2026-08-01","timeLocal":"17:00"},"geometry":{"type":"Polygon","coordinates":[[[126.94563,37.46958],[126.94563,37.46947],[126.94577,37.46949],[126.94574,37.46958],[126.94563,37.46958]]]}},{"type":"Feature","properties":{"valleyId":"gwanaksan","layer":"shadow","date":"2026-08-01","timeLocal":"17:00"},"geometry":{"type":"Polygon","coordinates":[[[126.95862,37.4698],[126.95861,37.46964],[126.95867,37.46964],[126.95872,37.46968],[126.95872,37.46979],[126.95862,37.4698]]]}},{"type":"Feature","properties":{"valleyId":"gwanaksan","layer":"shadow","date":"2026-08-01","timeLocal":"17:00"},"geometry":{"type":"Polygon","coordinates":[[[126.95151,37.46957],[126.95149,37.4695],[126.95158,37.4695],[126.95158,37.46957],[126.95151,37.46957]]]}},{"type":"Feature","properties":{"valleyId":"gwanaksan","layer":"shadow","date":"2026-08-01","timeLocal":"17:00"},"geometry":{"type":"Polygon","coordinates":[[[126.95833,37.46976],[126.95833,37.46965],[126.95829,37.46953],[126.95838,37.46955],[126.9584,37.46964],[126.9584,37.46976],[126.95833,37.46976]]]}},{"type":"Feature","properties":{"valleyId":"gwanaksan","layer":"shadow","date":"2026-08-01","timeLocal":"17:00"},"geometry":{"type":"Polygon","coordinates":[[[126.95859,37.46959],[126.95859,37.46951],[126.95865,37.46951],[126.95868,37.46959],[126.95859,37.46959]]]}},{"type":"Feature","properties":{"valleyId":"gwanaksan","layer":"shadow","date":"2026-08-01","timeLocal":"17:00"},"geometry":{"type":"Polygon","coordinates":[[[126.95147,37.46934],[126.95147,37.46923],[126.95143,37.46919],[126.95143,37.46914],[126.9515,37.46914],[126.95154,37.46919],[126.95154,37.46934],[126.95147,37.46934]]]}},{"type":"Feature","properties":{"valleyId":"gwanaksan","layer":"shadow","date":"2026-08-01","timeLocal":"17:00"},"geometry":{"type":"Polygon","coordinates":[[[126.95656,37.46928],[126.95656,37.46921],[126.95663,37.46921],[126.95663,37.46928],[126.95656,37.46928]]]}},{"type":"Feature","properties":{"valleyId":"gwanaksan","layer":"shadow","date":"2026-08-01","timeLocal":"17:00"},"geometry":{"type":"Polygon","coordinates":[[[126.94327,37.469],[126.94327,37.46894],[126.94334,37.46894],[126.94334,37.469],[126.94327,37.469]]]}},{"type":"Feature","properties":{"valleyId":"gwanaksan","layer":"shadow","date":"2026-08-01","timeLocal":"17:00"},"geometry":{"type":"Polygon","coordinates":[[[126.94671,37.46904],[126.94671,37.46898],[126.94677,37.46898],[126.94677,37.46904],[126.94671,37.46904]]]}},{"type":"Feature","properties":{"valleyId":"gwanaksan","layer":"shadow","date":"2026-08-01","timeLocal":"17:00"},"geometry":{"type":"Polygon","coordinates":[[[126.95134,37.46914],[126.95134,37.46905],[126.95143,37.46905],[126.95143,37.46914],[126.95134,37.46914]]]}},{"type":"Feature","properties":{"valleyId":"gwanaksan","layer":"shadow","date":"2026-08-01","timeLocal":"17:00"},"geometry":{"type":"Polygon","coordinates":[[[126.94338,37.46894],[126.94338,37.46889],[126.94345,37.46889],[126.94345,37.46894],[126.94338,37.46894]]]}},{"type":"Feature","properties":{"valleyId":"gwanaksan","layer":"shadow","date":"2026-08-01","timeLocal":"17:00"},"geometry":{"type":"Polygon","coordinates":[[[126.95645,37.46912],[126.95643,37.46895],[126.95652,37.46896],[126.95657,37.46899],[126.95656,37.46905],[126.95652,37.46905],[126.95652,37.46912],[126.95645,37.46912]]]}},{"type":"Feature","properties":{"valleyId":"gwanaksan","layer":"shadow","date":"2026-08-01","timeLocal":"17:00"},"geometry":{"type":"Polygon","coordinates":[[[126.9582,37.46888],[126.9582,37.46882],[126.95827,37.46882],[126.95827,37.46888],[126.9582,37.46888]]]}},{"type":"Feature","properties":{"valleyId":"gwanaksan","layer":"shadow","date":"2026-08-01","timeLocal":"17:00"},"geometry":{"type":"Polygon","coordinates":[[[126.95659,37.46883],[126.95659,37.46879],[126.95653,37.46879],[126.95653,37.46872],[126.9566,37.46872],[126.95662,37.46878],[126.95666,37.46878],[126.95666,37.46883],[126.95659,37.46883]]]}},{"type":"Feature","properties":{"valleyId":"gwanaksan","layer":"shadow","date":"2026-08-01","timeLocal":"17:00"},"geometry":{"type":"Polygon","coordinates":[[[126.96071,37.46881],[126.96071,37.46876],[126.96078,37.46876],[126.96078,37.46881],[126.96071,37.46881]]]}},{"type":"Feature","properties":{"valleyId":"gwanaksan","layer":"shadow","date":"2026-08-01","timeLocal":"17:00"},"geometry":{"type":"Polygon","coordinates":[[[126.92918,37.46824],[126.92916,37.46805],[126.92923,37.46805],[126.9293,37.4681],[126.92929,37.46819],[126.92925,37.46821],[126.92925,37.46825],[126.92918,37.46824]]]}},{"type":"Feature","properties":{"valleyId":"gwanaksan","layer":"shadow","date":"2026-08-01","timeLocal":"17:00"},"geometry":{"type":"Polygon","coordinates":[[[126.9562,37.46839],[126.9562,37.4683],[126.95629,37.46828],[126.95629,37.46839],[126.9562,37.46839]]]}},{"type":"Feature","properties":{"valleyId":"gwanaksan","layer":"shadow","date":"2026-08-01","timeLocal":"17:00"},"geometry":{"type":"Polygon","coordinates":[[[126.92898,37.46808],[126.92896,37.46799],[126.92887,37.46795],[126.92887,37.46788],[126.92894,37.46784],[126.92894,37.46781],[126.92906,37.46779],[126.92906,37.4677],[126.92926,37.46772],[126.92928,37.4678],[126.92919,37.46779],[126.92919,37.46783],[126.92908,37.46785],[126.92907,37.46792],[126.92903,37.46794],[126.92907,37.46804],[126.92905,37.46808],[126.92898,37.46808]]]}},{"type":"Feature","properties":{"valleyId":"gwanaksan","layer":"shadow","date":"2026-08-01","timeLocal":"17:00"},"geometry":{"type":"Polygon","coordinates":[[[126.95661,37.46833],[126.95666,37.46816],[126.95672,37.46817],[126.95667,37.46833],[126.95661,37.46833]]]}},{"type":"Feature","properties":{"valleyId":"gwanaksan","layer":"shadow","date":"2026-08-01","timeLocal":"17:00"},"geometry":{"type":"Polygon","coordinates":[[[126.94551,37.46808],[126.94554,37.46797],[126.94561,37.46792],[126.94567,37.46792],[126.94572,37.46803],[126.94551,37.46808]]]}},{"type":"Feature","properties":{"valleyId":"gwanaksan","layer":"shadow","date":"2026-08-01","timeLocal":"17:00"},"geometry":{"type":"Polygon","coordinates":[[[126.95941,37.46818],[126.9594,37.46805],[126.95953,37.46805],[126.95951,37.46818],[126.95941,37.46818]]]}},{"type":"Feature","properties":{"valleyId":"gwanaksan","layer":"shadow","date":"2026-08-01","timeLocal":"17:00"},"geometry":{"type":"Polygon","coordinates":[[[126.94258,37.46776],[126.94258,37.4677],[126.94267,37.46771],[126.94267,37.46776],[126.94258,37.46776]]]}},{"type":"Feature","properties":{"valleyId":"gwanaksan","layer":"shadow","date":"2026-08-01","timeLocal":"17:00"},"geometry":{"type":"Polygon","coordinates":[[[126.94559,37.46781],[126.94559,37.46776],[126.94565,37.46776],[126.94565,37.46781],[126.94559,37.46781]]]}},{"type":"Feature","properties":{"valleyId":"gwanaksan","layer":"shadow","date":"2026-08-01","timeLocal":"17:00"},"geometry":{"type":"Polygon","coordinates":[[[126.94067,37.46798],[126.94066,37.4678],[126.9407,37.46778],[126.94073,37.46765],[126.9408,37.46765],[126.94074,37.46785],[126.94079,37.46787],[126.94081,37.46798],[126.94067,37.46798]]]}},{"type":"Feature","properties":{"valleyId":"gwanaksan","layer":"shadow","date":"2026-08-01","timeLocal":"17:00"},"geometry":{"type":"Polygon","coordinates":[[[126.9437,37.46803],[126.94371,37.46776],[126.94367,37.4677],[126.94367,37.46761],[126.94374,37.46762],[126.9438,37.46769],[126.94377,37.46789],[126.94389,37.46792],[126.94388,37.46798],[126.94382,37.46798],[126.94379,37.46803],[126.9437,37.46803]]]}},{"type":"Feature","properties":{"valleyId":"gwanaksan","layer":"shadow","date":"2026-08-01","timeLocal":"17:00"},"geometry":{"type":"Polygon","coordinates":[[[126.9289,37.46768],[126.9289,37.46754],[126.92897,37.46754],[126.929,37.46738],[126.92907,37.46738],[126.92907,37.46732],[126.92914,37.46732],[126.92913,37.46741],[126.92906,37.46745],[126.92904,37.4675],[126.92904,37.46768],[126.9289,37.46768]]]}},{"type":"Feature","properties":{"valleyId":"gwanaksan","layer":"shadow","date":"2026-08-01","timeLocal":"17:00"},"geometry":{"type":"Polygon","coordinates":[[[126.94175,37.46756],[126.94175,37.46751],[126.94184,37.46749],[126.94184,37.46755],[126.94175,37.46756]]]}},{"type":"Feature","properties":{"valleyId":"gwanaksan","layer":"shadow","date":"2026-08-01","timeLocal":"17:00"},"geometry":{"type":"Polygon","coordinates":[[[126.94797,37.46755],[126.94797,37.46742],[126.94811,37.46742],[126.94813,37.46749],[126.94808,37.46749],[126.94803,37.46755],[126.94797,37.46755]]]}},{"type":"Feature","properties":{"valleyId":"gwanaksan","layer":"shadow","date":"2026-08-01","timeLocal":"17:00"},"geometry":{"type":"Polygon","coordinates":[[[126.95666,37.46811],[126.95666,37.46798],[126.95662,37.46797],[126.95662,37.46791],[126.95651,37.46789],[126.95651,37.46782],[126.95646,37.4678],[126.95646,37.46773],[126.95651,37.46773],[126.95651,37.4676],[126.95656,37.46753],[126.95667,37.46753],[126.95667,37.46768],[126.95662,37.46768],[126.95662,37.46775],[126.95655,37.46775],[126.95655,37.4678],[126.95662,37.46784],[126.95662,37.46789],[126.95671,37.4679],[126.95678,37.46793],[126.95677,37.46811],[126.95666,37.46811]]]}},{"type":"Feature","properties":{"valleyId":"gwanaksan","layer":"shadow","date":"2026-08-01","timeLocal":"17:00"},"geometry":{"type":"Polygon","coordinates":[[[126.95036,37.46764],[126.95034,37.46742],[126.95041,37.46743],[126.95043,37.46764],[126.95036,37.46764]]]}},{"type":"Feature","properties":{"valleyId":"gwanaksan","layer":"shadow","date":"2026-08-01","timeLocal":"17:00"},"geometry":{"type":"Polygon","coordinates":[[[126.94706,37.46746],[126.94709,37.46731],[126.94716,37.46731],[126.94716,37.46744],[126.94706,37.46746]]]}},{"type":"Feature","properties":{"valleyId":"gwanaksan","layer":"shadow","date":"2026-08-01","timeLocal":"17:00"},"geometry":{"type":"Polygon","coordinates":[[[126.96009,37.46754],[126.96009,37.46747],[126.96016,37.46747],[126.96016,37.46754],[126.96009,37.46754]]]}},{"type":"Feature","properties":{"valleyId":"gwanaksan","layer":"shadow","date":"2026-08-01","timeLocal":"17:00"},"geometry":{"type":"Polygon","coordinates":[[[126.95667,37.46753],[126.95667,37.46748],[126.95672,37.46744],[126.95672,37.46732],[126.95679,37.46732],[126.95684,37.46737],[126.95683,37.46745],[126.95674,37.46754],[126.95667,37.46753]]]}},{"type":"Feature","properties":{"valleyId":"gwanaksan","layer":"shadow","date":"2026-08-01","timeLocal":"17:00"},"geometry":{"type":"Polygon","coordinates":[[[126.94831,37.46733],[126.94829,37.46717],[126.94845,37.46718],[126.94854,37.46723],[126.94854,37.4673],[126.94831,37.46733]]]}},{"type":"Feature","properties":{"valleyId":"gwanaksan","layer":"shadow","date":"2026-08-01","timeLocal":"17:00"},"geometry":{"type":"Polygon","coordinates":[[[126.94666,37.4672],[126.94667,37.46714],[126.94673,37.46715],[126.94673,37.4672],[126.94666,37.4672]]]}},{"type":"Feature","properties":{"valleyId":"gwanaksan","layer":"shadow","date":"2026-08-01","timeLocal":"17:00"},"geometry":{"type":"Polygon","coordinates":[[[126.93001,37.46685],[126.93001,37.46676],[126.93008,37.46676],[126.93008,37.46685],[126.93001,37.46685]]]}},{"type":"Feature","properties":{"valleyId":"gwanaksan","layer":"shadow","date":"2026-08-01","timeLocal":"17:00"},"geometry":{"type":"Polygon","coordinates":[[[126.94598,37.46818],[126.94596,37.46807],[126.94592,37.468],[126.94583,37.46794],[126.94581,37.46785],[126.94581,37.46778],[126.94586,37.46778],[126.94588,37.46774],[126.94588,37.46764],[126.94595,37.46764],[126.94595,37.46767],[126.94602,37.46767],[126.94602,37.46764],[126.94606,37.46764],[126.94607,37.46758],[126.94593,37.4676],[126.94593,37.46749],[126.94607,37.46748],[126.94607,37.46733],[126.94626,37.46723],[126.94631,37.4671],[126.94642,37.46709],[126.94651,37.46702],[126.94665,37.46702],[126.94665,37.46707],[126.94658,37.46707],[126.94655,37.46711],[126.94653,37.46721],[126.94642,37.46723],[126.94641,37.46727],[126.94632,37.46732],[126.94634,37.46746],[126.9463,37.46748],[126.94629,37.46752],[126.94625,37.46752],[126.94627,37.46764],[126.94622,37.46764],[126.94622,37.46775],[126.94595,37.46776],[126.94595,37.46782],[126.94613,37.46786],[126.94608,37.468],[126.94615,37.46802],[126.94614,37.46807],[126.94605,37.46812],[126.94605,37.46818],[126.94598,37.46818]]]}},{"type":"Feature","properties":{"valleyId":"gwanaksan","layer":"shadow","date":"2026-08-01","timeLocal":"17:00"},"geometry":{"type":"Polygon","coordinates":[[[126.95937,37.46742],[126.9594,37.4672],[126.95949,37.4672],[126.95951,37.46735],[126.95944,37.46738],[126.95944,37.46742],[126.95937,37.46742]]]}},{"type":"Feature","properties":{"valleyId":"gwanaksan","layer":"shadow","date":"2026-08-01","timeLocal":"17:00"},"geometry":{"type":"Polygon","coordinates":[[[126.93602,37.46687],[126.93603,37.46676],[126.93609,37.46676],[126.93611,37.46683],[126.93609,37.46687],[126.93602,37.46687]]]}},{"type":"Feature","properties":{"valleyId":"gwanaksan","layer":"shadow","date":"2026-08-01","timeLocal":"17:00"},"geometry":{"type":"Polygon","coordinates":[[[126.95663,37.4673],[126.95661,37.46724],[126.95652,37.46719],[126.95653,37.46713],[126.95657,37.46712],[126.95664,37.46712],[126.95664,37.46719],[126.9567,37.46725],[126.9567,37.4673],[126.95663,37.4673]]]}},{"type":"Feature","properties":{"valleyId":"gwanaksan","layer":"shadow","date":"2026-08-01","timeLocal":"17:00"},"geometry":{"type":"Polygon","coordinates":[[[126.94678,37.46702],[126.94679,37.46693],[126.9469,37.46691],[126.9469,37.46699],[126.94685,37.46702],[126.94678,37.46702]]]}},{"type":"Feature","properties":{"valleyId":"gwanaksan","layer":"shadow","date":"2026-08-01","timeLocal":"17:00"},"geometry":{"type":"Polygon","coordinates":[[[126.95928,37.46718],[126.95929,37.46711],[126.95935,37.46711],[126.95937,37.46718],[126.95928,37.46718]]]}},{"type":"Feature","properties":{"valleyId":"gwanaksan","layer":"shadow","date":"2026-08-01","timeLocal":"17:00"},"geometry":{"type":"Polygon","coordinates":[[[126.95334,37.46715],[126.95332,37.46699],[126.95339,37.46699],[126.95339,37.46703],[126.95345,37.46705],[126.95345,37.46712],[126.9534,37.46715],[126.95334,37.46715]]]}},{"type":"Feature","properties":{"valleyId":"gwanaksan","layer":"shadow","date":"2026-08-01","timeLocal":"17:00"},"geometry":{"type":"Polygon","coordinates":[[[126.94301,37.46679],[126.94301,37.46674],[126.94306,37.46674],[126.94306,37.4667],[126.94313,37.4667],[126.94313,37.46678],[126.94301,37.46679]]]}},{"type":"Feature","properties":{"valleyId":"gwanaksan","layer":"shadow","date":"2026-08-01","timeLocal":"17:00"},"geometry":{"type":"Polygon","coordinates":[[[126.93603,37.46671],[126.93603,37.46654],[126.9361,37.46655],[126.9361,37.46671],[126.93603,37.46671]]]}},{"type":"Feature","properties":{"valleyId":"gwanaksan","layer":"shadow","date":"2026-08-01","timeLocal":"17:00"},"geometry":{"type":"Polygon","coordinates":[[[126.95825,37.46698],[126.95825,37.46693],[126.95832,37.46693],[126.95832,37.46699],[126.95825,37.46698]]]}},{"type":"Feature","properties":{"valleyId":"gwanaksan","layer":"shadow","date":"2026-08-01","timeLocal":"17:00"},"geometry":{"type":"Polygon","coordinates":[[[126.95748,37.46706],[126.95748,37.46701],[126.95755,37.46699],[126.95755,37.4669],[126.95769,37.46692],[126.95766,37.46705],[126.95748,37.46706]]]}},{"type":"Feature","properties":{"valleyId":"gwanaksan","layer":"shadow","date":"2026-08-01","timeLocal":"17:00"},"geometry":{"type":"Polygon","coordinates":[[[126.95683,37.46694],[126.95685,37.46687],[126.95696,37.46685],[126.95694,37.46694],[126.95683,37.46694]]]}},{"type":"Feature","properties":{"valleyId":"gwanaksan","layer":"shadow","date":"2026-08-01","timeLocal":"17:00"},"geometry":{"type":"Polygon","coordinates":[[[126.93165,37.46649],[126.93165,37.46641],[126.93178,37.46642],[126.93176,37.46649],[126.93165,37.46649]]]}},{"type":"Feature","properties":{"valleyId":"gwanaksan","layer":"shadow","date":"2026-08-01","timeLocal":"17:00"},"geometry":{"type":"Polygon","coordinates":[[[126.94889,37.46679],[126.9489,37.46668],[126.94896,37.46668],[126.94896,37.46679],[126.94889,37.46679]]]}},{"type":"Feature","properties":{"valleyId":"gwanaksan","layer":"shadow","date":"2026-08-01","timeLocal":"17:00"},"geometry":{"type":"Polygon","coordinates":[[[126.95893,37.46701],[126.95888,37.46694],[126.95889,37.46685],[126.959,37.46685],[126.959,37.46694],[126.95904,37.46694],[126.95904,37.467],[126.95893,37.46701]]]}},{"type":"Feature","properties":{"valleyId":"gwanaksan","layer":"shadow","date":"2026-08-01","timeLocal":"17:00"},"geometry":{"type":"Polygon","coordinates":[[[126.95368,37.46692],[126.95369,37.46676],[126.95389,37.46678],[126.95386,37.46689],[126.95368,37.46692]]]}},{"type":"Feature","properties":{"valleyId":"gwanaksan","layer":"shadow","date":"2026-08-01","timeLocal":"17:00"},"geometry":{"type":"Polygon","coordinates":[[[126.94817,37.46668],[126.94817,37.46663],[126.94824,37.46663],[126.94824,37.46668],[126.94817,37.46668]]]}},{"type":"Feature","properties":{"valleyId":"gwanaksan","layer":"shadow","date":"2026-08-01","timeLocal":"17:00"},"geometry":{"type":"Polygon","coordinates":[[[126.95823,37.46684],[126.95821,37.46673],[126.95828,37.46673],[126.9583,37.46684],[126.95823,37.46684]]]}},{"type":"Feature","properties":{"valleyId":"gwanaksan","layer":"shadow","date":"2026-08-01","timeLocal":"17:00"},"geometry":{"type":"Polygon","coordinates":[[[126.95708,37.46686],[126.95703,37.46678],[126.95704,37.46669],[126.95708,37.46666],[126.95724,37.46666],[126.95724,37.46673],[126.95715,37.46679],[126.95714,37.46686],[126.95708,37.46686]]]}},{"type":"Feature","properties":{"valleyId":"gwanaksan","layer":"shadow","date":"2026-08-01","timeLocal":"17:00"},"geometry":{"type":"Polygon","coordinates":[[[126.93459,37.4663],[126.93459,37.46625],[126.93466,37.46625],[126.93466,37.4663],[126.93459,37.4663]]]}},{"type":"Feature","properties":{"valleyId":"gwanaksan","layer":"shadow","date":"2026-08-01","timeLocal":"17:00"},"geometry":{"type":"Polygon","coordinates":[[[126.95884,37.46672],[126.95885,37.46667],[126.95894,37.46667],[126.95893,37.46673],[126.95884,37.46672]]]}},{"type":"Feature","properties":{"valleyId":"gwanaksan","layer":"shadow","date":"2026-08-01","timeLocal":"17:00"},"geometry":{"type":"Polygon","coordinates":[[[126.93402,37.4664],[126.93402,37.46635],[126.93407,37.46633],[126.9341,37.46626],[126.93428,37.46623],[126.93427,37.46633],[126.93423,37.46637],[126.93414,37.4664],[126.93402,37.4664]]]}},{"type":"Feature","properties":{"valleyId":"gwanaksan","layer":"shadow","date":"2026-08-01","timeLocal":"17:00"},"geometry":{"type":"Polygon","coordinates":[[[126.92901,37.46619],[126.92901,37.46613],[126.92908,37.46613],[126.92908,37.46619],[126.92901,37.46619]]]}},{"type":"Feature","properties":{"valleyId":"gwanaksan","layer":"shadow","date":"2026-08-01","timeLocal":"17:00"},"geometry":{"type":"Polygon","coordinates":[[[126.93351,37.46625],[126.93351,37.46618],[126.9336,37.46618],[126.9336,37.46625],[126.93351,37.46625]]]}},{"type":"Feature","properties":{"valleyId":"gwanaksan","layer":"shadow","date":"2026-08-01","timeLocal":"17:00"},"geometry":{"type":"Polygon","coordinates":[[[126.95903,37.46662],[126.95903,37.46653],[126.95917,37.46655],[126.95916,37.4666],[126.95903,37.46662]]]}},{"type":"Feature","properties":{"valleyId":"gwanaksan","layer":"shadow","date":"2026-08-01","timeLocal":"17:00"},"geometry":{"type":"Polygon","coordinates":[[[126.94745,37.46676],[126.94747,37.46658],[126.94752,37.46649],[126.94757,37.46647],[126.94755,37.46633],[126.94764,37.46631],[126.94765,37.4666],[126.94754,37.46667],[126.94754,37.46674],[126.94745,37.46676]]]}},{"type":"Feature","properties":{"valleyId":"gwanaksan","layer":"shadow","date":"2026-08-01","timeLocal":"17:00"},"geometry":{"type":"Polygon","coordinates":[[[126.94951,37.46638],[126.94952,37.46631],[126.94958,37.46631],[126.94958,37.46638],[126.94951,37.46638]]]}},{"type":"Feature","properties":{"valleyId":"gwanaksan","layer":"shadow","date":"2026-08-01","timeLocal":"17:00"},"geometry":{"type":"Polygon","coordinates":[[[126.92863,37.466],[126.92863,37.46593],[126.92872,37.46593],[126.92872,37.46598],[126.92863,37.466]]]}},{"type":"Feature","properties":{"valleyId":"gwanaksan","layer":"shadow","date":"2026-08-01","timeLocal":"17:00"},"geometry":{"type":"Polygon","coordinates":[[[126.95797,37.46651],[126.95797,37.46644],[126.95804,37.46644],[126.95804,37.46651],[126.95797,37.46651]]]}},{"type":"Feature","properties":{"valleyId":"gwanaksan","layer":"shadow","date":"2026-08-01","timeLocal":"17:00"},"geometry":{"type":"Polygon","coordinates":[[[126.9518,37.4664],[126.9518,37.46631],[126.95187,37.46632],[126.95189,37.46639],[126.9518,37.4664]]]}},{"type":"Feature","properties":{"valleyId":"gwanaksan","layer":"shadow","date":"2026-08-01","timeLocal":"17:00"},"geometry":{"type":"Polygon","coordinates":[[[126.94703,37.46719],[126.94705,37.46704],[126.94712,37.46701],[126.94712,37.46692],[126.9471,37.46686],[126.94695,37.46684],[126.94696,37.46632],[126.94701,37.46625],[126.94708,37.46625],[126.94707,37.46632],[126.94714,37.46632],[126.94715,37.46618],[126.94721,37.46618],[126.94721,37.46613],[126.94728,37.46613],[126.94728,37.46633],[126.94721,37.46638],[126.9472,37.46654],[126.94713,37.46659],[126.94713,37.46665],[126.94727,37.46667],[126.94727,37.46672],[126.9472,37.46674],[126.94717,37.46679],[126.94713,37.46679],[126.94713,37.46686],[126.94717,37.46686],[126.94719,37.4669],[126.94719,37.46699],[126.94726,37.46699],[126.94731,37.46688],[126.94737,37.46689],[126.94737,37.46696],[126.94733,37.46701],[126.94728,37.46701],[126.94725,37.46714],[126.94716,37.46713],[126.94709,37.46719],[126.94703,37.46719]]]}},{"type":"Feature","properties":{"valleyId":"gwanaksan","layer":"shadow","date":"2026-08-01","timeLocal":"17:00"},"geometry":{"type":"Polygon","coordinates":[[[126.95347,37.46629],[126.95348,37.46622],[126.95357,37.46622],[126.95356,37.46629],[126.95347,37.46629]]]}},{"type":"Feature","properties":{"valleyId":"gwanaksan","layer":"shadow","date":"2026-08-01","timeLocal":"17:00"},"geometry":{"type":"Polygon","coordinates":[[[126.9337,37.46594],[126.9337,37.46585],[126.93377,37.46586],[126.93379,37.46593],[126.9337,37.46594]]]}},{"type":"Feature","properties":{"valleyId":"gwanaksan","layer":"shadow","date":"2026-08-01","timeLocal":"17:00"},"geometry":{"type":"Polygon","coordinates":[[[126.95169,37.46626],[126.95169,37.46613],[126.95185,37.46613],[126.95185,37.46621],[126.95176,37.46622],[126.95176,37.46626],[126.95169,37.46626]]]}},{"type":"Feature","properties":{"valleyId":"gwanaksan","layer":"shadow","date":"2026-08-01","timeLocal":"17:00"},"geometry":{"type":"Polygon","coordinates":[[[126.95156,37.46611],[126.95156,37.46606],[126.95163,37.46606],[126.95162,37.46611],[126.95156,37.46611]]]}},{"type":"Feature","properties":{"valleyId":"gwanaksan","layer":"shadow","date":"2026-08-01","timeLocal":"17:00"},"geometry":{"type":"Polygon","coordinates":[[[126.92902,37.46584],[126.92893,37.46572],[126.92893,37.46564],[126.929,37.46565],[126.92905,37.46568],[126.92909,37.46585],[126.92902,37.46584]]]}},{"type":"Feature","properties":{"valleyId":"gwanaksan","layer":"shadow","date":"2026-08-01","timeLocal":"17:00"},"geometry":{"type":"Polygon","coordinates":[[[126.94776,37.46597],[126.94776,37.46587],[126.94783,37.46587],[126.94783,37.46597],[126.94776,37.46597]]]}},{"type":"Feature","properties":{"valleyId":"gwanaksan","layer":"shadow","date":"2026-08-01","timeLocal":"17:00"},"geometry":{"type":"Polygon","coordinates":[[[126.93375,37.46577],[126.9338,37.46559],[126.93389,37.46559],[126.93391,37.4657],[126.93381,37.46577],[126.93375,37.46577]]]}},{"type":"Feature","properties":{"valleyId":"gwanaksan","layer":"shadow","date":"2026-08-01","timeLocal":"17:00"},"geometry":{"type":"Polygon","coordinates":[[[126.93162,37.46569],[126.93158,37.46558],[126.93161,37.46549],[126.93167,37.46549],[126.93169,37.46569],[126.93162,37.46569]]]}},{"type":"Feature","properties":{"valleyId":"gwanaksan","layer":"shadow","date":"2026-08-01","timeLocal":"17:00"},"geometry":{"type":"Polygon","coordinates":[[[126.95297,37.46587],[126.95294,37.46579],[126.95301,37.46579],[126.95303,37.46587],[126.95297,37.46587]]]}},{"type":"Feature","properties":{"valleyId":"gwanaksan","layer":"shadow","date":"2026-08-01","timeLocal":"17:00"},"geometry":{"type":"Polygon","coordinates":[[[126.95477,37.46586],[126.95478,37.46581],[126.95484,37.46581],[126.95484,37.46586],[126.95477,37.46586]]]}},{"type":"Feature","properties":{"valleyId":"gwanaksan","layer":"shadow","date":"2026-08-01","timeLocal":"17:00"},"geometry":{"type":"Polygon","coordinates":[[[126.93129,37.46538],[126.93129,37.46531],[126.93139,37.46531],[126.93138,37.46536],[126.93129,37.46538]]]}},{"type":"Feature","properties":{"valleyId":"gwanaksan","layer":"shadow","date":"2026-08-01","timeLocal":"17:00"},"geometry":{"type":"Polygon","coordinates":[[[126.9373,37.46552],[126.93728,37.46539],[126.93747,37.4654],[126.93746,37.46547],[126.93742,37.46547],[126.93742,37.46551],[126.93737,37.46552],[126.9373,37.46552]]]}},{"type":"Feature","properties":{"valleyId":"gwanaksan","layer":"shadow","date":"2026-08-01","timeLocal":"17:00"},"geometry":{"type":"Polygon","coordinates":[[[126.93224,37.46532],[126.93225,37.46527],[126.93231,37.46527],[126.93231,37.46533],[126.93224,37.46532]]]}},{"type":"Feature","properties":{"valleyId":"gwanaksan","layer":"shadow","date":"2026-08-01","timeLocal":"17:00"},"geometry":{"type":"Polygon","coordinates":[[[126.93416,37.46541],[126.93419,37.46529],[126.93428,37.46527],[126.93428,37.4654],[126.93416,37.46541]]]}},{"type":"Feature","properties":{"valleyId":"gwanaksan","layer":"shadow","date":"2026-08-01","timeLocal":"17:00"},"geometry":{"type":"Polygon","coordinates":[[[126.94802,37.46562],[126.94802,37.46551],[126.94809,37.46551],[126.94811,37.46558],[126.94809,37.46562],[126.94802,37.46562]]]}},{"type":"Feature","properties":{"valleyId":"gwanaksan","layer":"shadow","date":"2026-08-01","timeLocal":"17:00"},"geometry":{"type":"Polygon","coordinates":[[[126.93163,37.46528],[126.93164,37.46522],[126.9317,37.46522],[126.9317,37.46528],[126.93163,37.46528]]]}},{"type":"Feature","properties":{"valleyId":"gwanaksan","layer":"shadow","date":"2026-08-01","timeLocal":"17:00"},"geometry":{"type":"Polygon","coordinates":[[[126.92871,37.46553],[126.92874,37.46534],[126.92872,37.4653],[126.92865,37.4653],[126.92865,37.46515],[126.92874,37.46515],[126.92876,37.46528],[126.92885,37.46537],[126.92885,37.46543],[126.9288,37.46543],[126.9288,37.46553],[126.92871,37.46553]]]}},{"type":"Feature","properties":{"valleyId":"gwanaksan","layer":"shadow","date":"2026-08-01","timeLocal":"17:00"},"geometry":{"type":"Polygon","coordinates":[[[126.94954,37.46561],[126.94954,37.46552],[126.94963,37.46552],[126.94963,37.46559],[126.94954,37.46561]]]}},{"type":"Feature","properties":{"valleyId":"gwanaksan","layer":"shadow","date":"2026-08-01","timeLocal":"17:00"},"geometry":{"type":"Polygon","coordinates":[[[126.95714,37.46612],[126.95705,37.46606],[126.95705,37.46601],[126.9571,37.46599],[126.9571,37.4659],[126.95706,37.46581],[126.95704,37.46558],[126.95722,37.4656],[126.95738,37.46567],[126.95738,37.46574],[126.95729,37.46578],[126.95731,37.46592],[126.95724,37.46594],[126.95721,37.46612],[126.95714,37.46612]]]}},{"type":"Feature","properties":{"valleyId":"gwanaksan","layer":"shadow","date":"2026-08-01","timeLocal":"17:00"},"geometry":{"type":"Polygon","coordinates":[[[126.95119,37.46546],[126.95119,37.46529],[126.95126,37.4653],[126.95126,37.46546],[126.95119,37.46546]]]}},{"type":"Feature","properties":{"valleyId":"gwanaksan","layer":"shadow","date":"2026-08-01","timeLocal":"17:00"},"geometry":{"type":"Polygon","coordinates":[[[126.93759,37.46509],[126.93757,37.465],[126.93766,37.465],[126.93768,37.46508],[126.93759,37.46509]]]}},{"type":"Feature","properties":{"valleyId":"gwanaksan","layer":"shadow","date":"2026-08-01","timeLocal":"17:00"},"geometry":{"type":"Polygon","coordinates":[[[126.95508,37.4656],[126.95511,37.46527],[126.95517,37.46527],[126.95517,37.46535],[126.95522,37.46535],[126.95522,37.4654],[126.95515,37.46542],[126.95517,37.4656],[126.95508,37.4656]]]}},{"type":"Feature","properties":{"valleyId":"gwanaksan","layer":"shadow","date":"2026-08-01","timeLocal":"17:00"},"geometry":{"type":"Polygon","coordinates":[[[126.93814,37.46485],[126.93814,37.4648],[126.93821,37.4648],[126.9382,37.46485],[126.93814,37.46485]]]}},{"type":"Feature","properties":{"valleyId":"gwanaksan","layer":"shadow","date":"2026-08-01","timeLocal":"17:00"},"geometry":{"type":"Polygon","coordinates":[[[126.95563,37.46506],[126.95563,37.46501],[126.9557,37.46501],[126.9557,37.46507],[126.95563,37.46506]]]}},{"type":"Feature","properties":{"valleyId":"gwanaksan","layer":"shadow","date":"2026-08-01","timeLocal":"17:00"},"geometry":{"type":"Polygon","coordinates":[[[126.95691,37.46556],[126.9568,37.46554],[126.95673,37.46544],[126.95674,37.46525],[126.95678,37.46523],[126.95676,37.46503],[126.95683,37.46498],[126.9569,37.46498],[126.9569,37.46507],[126.95694,37.46507],[126.95694,37.46511],[126.95701,37.46514],[126.95701,37.4652],[126.95692,37.46527],[126.95693,37.46545],[126.957,37.4655],[126.957,37.46556],[126.95691,37.46556]]]}},{"type":"Feature","properties":{"valleyId":"gwanaksan","layer":"shadow","date":"2026-08-01","timeLocal":"17:00"},"geometry":{"type":"Polygon","coordinates":[[[126.95728,37.46509],[126.95728,37.46504],[126.95722,37.46502],[126.95722,37.46493],[126.95735,37.46495],[126.95735,37.46509],[126.95728,37.46509]]]}},{"type":"Feature","properties":{"valleyId":"gwanaksan","layer":"shadow","date":"2026-08-01","timeLocal":"17:00"},"geometry":{"type":"Polygon","coordinates":[[[126.93805,37.46469],[126.93808,37.46454],[126.93817,37.46453],[126.93817,37.46462],[126.93812,37.46469],[126.93805,37.46469]]]}},{"type":"Feature","properties":{"valleyId":"gwanaksan","layer":"shadow","date":"2026-08-01","timeLocal":"17:00"},"geometry":{"type":"Polygon","coordinates":[[[126.92881,37.46445],[126.92881,37.46436],[126.92888,37.46436],[126.9289,37.46445],[126.92881,37.46445]]]}},{"type":"Feature","properties":{"valleyId":"gwanaksan","layer":"shadow","date":"2026-08-01","timeLocal":"17:00"},"geometry":{"type":"Polygon","coordinates":[[[126.95155,37.4648],[126.95153,37.46469],[126.9516,37.46469],[126.95161,37.4648],[126.95155,37.4648]]]}},{"type":"Feature","properties":{"valleyId":"gwanaksan","layer":"shadow","date":"2026-08-01","timeLocal":"17:00"},"geometry":{"type":"Polygon","coordinates":[[[126.93656,37.4645],[126.93657,37.46443],[126.93661,37.46439],[126.93668,37.46439],[126.93665,37.4645],[126.93656,37.4645]]]}},{"type":"Feature","properties":{"valleyId":"gwanaksan","layer":"shadow","date":"2026-08-01","timeLocal":"17:00"},"geometry":{"type":"Polygon","coordinates":[[[126.9572,37.46482],[126.95723,37.46471],[126.95734,37.4647],[126.95731,37.46481],[126.9572,37.46482]]]}},{"type":"Feature","properties":{"valleyId":"gwanaksan","layer":"shadow","date":"2026-08-01","timeLocal":"17:00"},"geometry":{"type":"Polygon","coordinates":[[[126.93819,37.46446],[126.93819,37.46437],[126.93829,37.46437],[126.93828,37.46446],[126.93819,37.46446]]]}},{"type":"Feature","properties":{"valleyId":"gwanaksan","layer":"shadow","date":"2026-08-01","timeLocal":"17:00"},"geometry":{"type":"Polygon","coordinates":[[[126.94782,37.4646],[126.94782,37.46451],[126.94789,37.46452],[126.94789,37.46461],[126.94782,37.4646]]]}},{"type":"Feature","properties":{"valleyId":"gwanaksan","layer":"shadow","date":"2026-08-01","timeLocal":"17:00"},"geometry":{"type":"Polygon","coordinates":[[[126.92947,37.46439],[126.92947,37.46428],[126.9294,37.46425],[126.92943,37.46416],[126.92954,37.46418],[126.92954,37.46429],[126.9296,37.4643],[126.92958,37.46438],[126.92947,37.46439]]]}},{"type":"Feature","properties":{"valleyId":"gwanaksan","layer":"shadow","date":"2026-08-01","timeLocal":"17:00"},"geometry":{"type":"Polygon","coordinates":[[[126.94846,37.46451],[126.94846,37.46444],[126.94855,37.46444],[126.94855,37.46449],[126.94846,37.46451]]]}},{"type":"Feature","properties":{"valleyId":"gwanaksan","layer":"shadow","date":"2026-08-01","timeLocal":"17:00"},"geometry":{"type":"Polygon","coordinates":[[[126.9516,37.46451],[126.9516,37.46444],[126.95171,37.46446],[126.95171,37.46451],[126.9516,37.46451]]]}},{"type":"Feature","properties":{"valleyId":"gwanaksan","layer":"shadow","date":"2026-08-01","timeLocal":"17:00"},"geometry":{"type":"Polygon","coordinates":[[[126.95368,37.46453],[126.95368,37.46442],[126.9538,37.46444],[126.95379,37.46449],[126.95375,37.46453],[126.95368,37.46453]]]}},{"type":"Feature","properties":{"valleyId":"gwanaksan","layer":"shadow","date":"2026-08-01","timeLocal":"17:00"},"geometry":{"type":"Polygon","coordinates":[[[126.92904,37.4641],[126.929,37.46408],[126.92903,37.46393],[126.92905,37.4639],[126.92914,37.4639],[126.92916,37.46408],[126.92904,37.4641]]]}},{"type":"Feature","properties":{"valleyId":"gwanaksan","layer":"shadow","date":"2026-08-01","timeLocal":"17:00"},"geometry":{"type":"Polygon","coordinates":[[[126.93079,37.464],[126.93079,37.46391],[126.93086,37.46391],[126.93086,37.464],[126.93079,37.464]]]}},{"type":"Feature","properties":{"valleyId":"gwanaksan","layer":"shadow","date":"2026-08-01","timeLocal":"17:00"},"geometry":{"type":"Polygon","coordinates":[[[126.9366,37.46407],[126.93662,37.46398],[126.93669,37.46398],[126.93669,37.46407],[126.9366,37.46407]]]}},{"type":"Feature","properties":{"valleyId":"gwanaksan","layer":"shadow","date":"2026-08-01","timeLocal":"17:00"},"geometry":{"type":"Polygon","coordinates":[[[126.9592,37.46441],[126.9592,37.46433],[126.95927,37.46433],[126.95927,37.46441],[126.9592,37.46441]]]}},{"type":"Feature","properties":{"valleyId":"gwanaksan","layer":"shadow","date":"2026-08-01","timeLocal":"17:00"},"geometry":{"type":"Polygon","coordinates":[[[126.95285,37.46437],[126.95285,37.46421],[126.95292,37.46421],[126.95292,37.46437],[126.95285,37.46437]]]}},{"type":"Feature","properties":{"valleyId":"gwanaksan","layer":"shadow","date":"2026-08-01","timeLocal":"17:00"},"geometry":{"type":"Polygon","coordinates":[[[126.94849,37.46418],[126.94849,37.46411],[126.94858,37.46411],[126.94858,37.46419],[126.94849,37.46418]]]}},{"type":"Feature","properties":{"valleyId":"gwanaksan","layer":"shadow","date":"2026-08-01","timeLocal":"17:00"},"geometry":{"type":"Polygon","coordinates":[[[126.93545,37.46394],[126.93545,37.46388],[126.93552,37.46389],[126.93552,37.46394],[126.93545,37.46394]]]}},{"type":"Feature","properties":{"valleyId":"gwanaksan","layer":"shadow","date":"2026-08-01","timeLocal":"17:00"},"geometry":{"type":"Polygon","coordinates":[[[126.93987,37.46423],[126.93987,37.46414],[126.93997,37.464],[126.94004,37.46395],[126.94011,37.46395],[126.94013,37.46404],[126.94001,37.46411],[126.94001,37.46418],[126.93994,37.46423],[126.93987,37.46423]]]}},{"type":"Feature","properties":{"valleyId":"gwanaksan","layer":"shadow","date":"2026-08-01","timeLocal":"17:00"},"geometry":{"type":"Polygon","coordinates":[[[126.92956,37.46416],[126.92956,37.46409],[126.92947,37.46409],[126.92948,37.46401],[126.92943,37.46401],[126.92943,37.46396],[126.92939,37.46396],[126.92937,37.46376],[126.92942,37.46376],[126.92944,37.46373],[126.92955,37.46375],[126.92952,37.46391],[126.92948,37.46391],[126.92948,37.46396],[126.92957,37.46396],[126.92957,37.46389],[126.92964,37.46389],[126.92964,37.46393],[126.92968,37.46393],[126.92965,37.46414],[126.92956,37.46416]]]}},{"type":"Feature","properties":{"valleyId":"gwanaksan","layer":"shadow","date":"2026-08-01","timeLocal":"17:00"},"geometry":{"type":"Polygon","coordinates":[[[126.93086,37.46386],[126.93089,37.46375],[126.93095,37.46375],[126.93093,37.46386],[126.93086,37.46386]]]}},{"type":"Feature","properties":{"valleyId":"gwanaksan","layer":"shadow","date":"2026-08-01","timeLocal":"17:00"},"geometry":{"type":"Polygon","coordinates":[[[126.93809,37.46393],[126.9381,37.46388],[126.93816,37.46388],[126.93816,37.46393],[126.93809,37.46393]]]}},{"type":"Feature","properties":{"valleyId":"gwanaksan","layer":"shadow","date":"2026-08-01","timeLocal":"17:00"},"geometry":{"type":"Polygon","coordinates":[[[126.95204,37.4641],[126.95204,37.46405],[126.95213,37.46403],[126.95213,37.46408],[126.95204,37.4641]]]}},{"type":"Feature","properties":{"valleyId":"gwanaksan","layer":"shadow","date":"2026-08-01","timeLocal":"17:00"},"geometry":{"type":"Polygon","coordinates":[[[126.9527,37.46406],[126.9527,37.464],[126.95277,37.46401],[126.95277,37.46406],[126.9527,37.46406]]]}},{"type":"Feature","properties":{"valleyId":"gwanaksan","layer":"shadow","date":"2026-08-01","timeLocal":"17:00"},"geometry":{"type":"Polygon","coordinates":[[[126.94592,37.46396],[126.94592,37.46387],[126.94599,37.46387],[126.94598,37.46396],[126.94592,37.46396]]]}},{"type":"Feature","properties":{"valleyId":"gwanaksan","layer":"shadow","date":"2026-08-01","timeLocal":"17:00"},"geometry":{"type":"Polygon","coordinates":[[[126.94779,37.46414],[126.94777,37.4639],[126.94782,37.46387],[126.94789,37.46387],[126.94786,37.46414],[126.94779,37.46414]]]}},{"type":"Feature","properties":{"valleyId":"gwanaksan","layer":"shadow","date":"2026-08-01","timeLocal":"17:00"},"geometry":{"type":"Polygon","coordinates":[[[126.94006,37.4638],[126.94007,37.46373],[126.94013,37.46373],[126.94013,37.4638],[126.94006,37.4638]]]}},{"type":"Feature","properties":{"valleyId":"gwanaksan","layer":"shadow","date":"2026-08-01","timeLocal":"17:00"},"geometry":{"type":"Polygon","coordinates":[[[126.9296,37.46376],[126.9296,37.46369],[126.92967,37.46364],[126.92967,37.46353],[126.92985,37.46352],[126.92985,37.46359],[126.92992,37.46361],[126.92992,37.46366],[126.92978,37.4637],[126.92978,37.46373],[126.9296,37.46376]]]}},{"type":"Feature","properties":{"valleyId":"gwanaksan","layer":"shadow","date":"2026-08-01","timeLocal":"17:00"},"geometry":{"type":"Polygon","coordinates":[[[126.94865,37.46399],[126.94866,37.46388],[126.94868,37.46384],[126.94875,37.46385],[126.94874,37.46395],[126.94872,37.46399],[126.94865,37.46399]]]}},{"type":"Feature","properties":{"valleyId":"gwanaksan","layer":"shadow","date":"2026-08-01","timeLocal":"17:00"},"geometry":{"type":"Polygon","coordinates":[[[126.95062,37.46397],[126.95062,37.46388],[126.95076,37.4639],[126.95076,37.46395],[126.95062,37.46397]]]}},{"type":"Feature","properties":{"valleyId":"gwanaksan","layer":"shadow","date":"2026-08-01","timeLocal":"17:00"},"geometry":{"type":"Polygon","coordinates":[[[126.95891,37.46422],[126.95891,37.46417],[126.95878,37.46407],[126.95878,37.46402],[126.95903,37.46404],[126.9591,37.46408],[126.95909,37.46419],[126.95891,37.46422]]]}},{"type":"Feature","properties":{"valleyId":"gwanaksan","layer":"shadow","date":"2026-08-01","timeLocal":"17:00"},"geometry":{"type":"Polygon","coordinates":[[[126.94578,37.46383],[126.94579,37.46378],[126.94585,37.46378],[126.94585,37.46383],[126.94578,37.46383]]]}},{"type":"Feature","properties":{"valleyId":"gwanaksan","layer":"shadow","date":"2026-08-01","timeLocal":"17:00"},"geometry":{"type":"Polygon","coordinates":[[[126.95458,37.46402],[126.9546,37.46395],[126.95469,37.46395],[126.95469,37.46388],[126.95478,37.4639],[126.95476,37.464],[126.95458,37.46402]]]}},{"type":"Feature","properties":{"valleyId":"gwanaksan","layer":"shadow","date":"2026-08-01","timeLocal":"17:00"},"geometry":{"type":"Polygon","coordinates":[[[126.95939,37.46423],[126.95941,37.46408],[126.95946,37.46407],[126.95946,37.46403],[126.9595,37.46403],[126.95951,37.46396],[126.95962,37.46394],[126.95964,37.46403],[126.95959,37.46405],[126.95959,37.46412],[126.95955,37.46412],[126.95955,37.46421],[126.95939,37.46423]]]}},{"type":"Feature","properties":{"valleyId":"gwanaksan","layer":"shadow","date":"2026-08-01","timeLocal":"17:00"},"geometry":{"type":"Polygon","coordinates":[[[126.94778,37.46377],[126.94778,37.4637],[126.94785,37.4637],[126.94784,37.46378],[126.94778,37.46377]]]}},{"type":"Feature","properties":{"valleyId":"gwanaksan","layer":"shadow","date":"2026-08-01","timeLocal":"17:00"},"geometry":{"type":"Polygon","coordinates":[[[126.95056,37.46381],[126.95056,37.46368],[126.95067,37.4637],[126.95069,37.46377],[126.95065,37.46381],[126.95056,37.46381]]]}},{"type":"Feature","properties":{"valleyId":"gwanaksan","layer":"shadow","date":"2026-08-01","timeLocal":"17:00"},"geometry":{"type":"Polygon","coordinates":[[[126.9313,37.46336],[126.9313,37.46331],[126.93137,37.46331],[126.93137,37.46336],[126.9313,37.46336]]]}},{"type":"Feature","properties":{"valleyId":"gwanaksan","layer":"shadow","date":"2026-08-01","timeLocal":"17:00"},"geometry":{"type":"Polygon","coordinates":[[[126.95049,37.46368],[126.95049,37.46362],[126.95056,37.46362],[126.95056,37.46368],[126.95049,37.46368]]]}},{"type":"Feature","properties":{"valleyId":"gwanaksan","layer":"shadow","date":"2026-08-01","timeLocal":"17:00"},"geometry":{"type":"Polygon","coordinates":[[[126.95402,37.46374],[126.95402,37.46367],[126.95409,37.46367],[126.95409,37.46374],[126.95402,37.46374]]]}},{"type":"Feature","properties":{"valleyId":"gwanaksan","layer":"shadow","date":"2026-08-01","timeLocal":"17:00"},"geometry":{"type":"Polygon","coordinates":[[[126.95485,37.46375],[126.95486,37.46368],[126.95495,37.46368],[126.95495,37.46374],[126.95485,37.46375]]]}},{"type":"Feature","properties":{"valleyId":"gwanaksan","layer":"shadow","date":"2026-08-01","timeLocal":"17:00"},"geometry":{"type":"Polygon","coordinates":[[[126.94785,37.46369],[126.94785,37.46352],[126.94792,37.46352],[126.94794,37.46369],[126.94785,37.46369]]]}},{"type":"Feature","properties":{"valleyId":"gwanaksan","layer":"shadow","date":"2026-08-01","timeLocal":"17:00"},"geometry":{"type":"Polygon","coordinates":[[[126.93146,37.46326],[126.93147,37.4632],[126.93153,37.4632],[126.93153,37.46326],[126.93146,37.46326]]]}},{"type":"Feature","properties":{"valleyId":"gwanaksan","layer":"shadow","date":"2026-08-01","timeLocal":"17:00"},"geometry":{"type":"Polygon","coordinates":[[[126.95481,37.46364],[126.95481,37.46359],[126.95488,37.46359],[126.95488,37.46365],[126.95481,37.46364]]]}},{"type":"Feature","properties":{"valleyId":"gwanaksan","layer":"shadow","date":"2026-08-01","timeLocal":"17:00"},"geometry":{"type":"Polygon","coordinates":[[[126.95045,37.46357],[126.95045,37.4635],[126.95052,37.4635],[126.95052,37.46357],[126.95045,37.46357]]]}},{"type":"Feature","properties":{"valleyId":"gwanaksan","layer":"shadow","date":"2026-08-01","timeLocal":"17:00"},"geometry":{"type":"Polygon","coordinates":[[[126.95215,37.46356],[126.95215,37.46349],[126.95222,37.46349],[126.95221,37.46356],[126.95215,37.46356]]]}},{"type":"Feature","properties":{"valleyId":"gwanaksan","layer":"shadow","date":"2026-08-01","timeLocal":"17:00"},"geometry":{"type":"Polygon","coordinates":[[[126.94803,37.46535],[126.94811,37.46497],[126.94804,37.46484],[126.94803,37.46446],[126.94792,37.46446],[126.94792,37.46441],[126.94799,37.46437],[126.94801,37.4643],[126.948,37.46398],[126.94804,37.46391],[126.94807,37.46365],[126.94814,37.4636],[126.94814,37.46355],[126.94819,37.46353],[126.94819,37.46342],[126.9481,37.46333],[126.94811,37.46328],[126.94817,37.46328],[126.9482,37.46333],[126.94828,37.46339],[126.94828,37.46342],[126.94835,37.46344],[126.94835,37.4635],[126.94826,37.46355],[126.94823,37.46364],[126.94816,37.46367],[126.94818,37.46378],[126.94825,37.4638],[126.94825,37.46386],[126.94813,37.46389],[126.94813,37.46396],[126.94827,37.464],[126.94827,37.46395],[126.94834,37.46395],[126.94833,37.46404],[126.94824,37.46405],[126.94824,37.46413],[126.94831,37.46413],[126.94833,37.4642],[126.94824,37.46422],[126.94824,37.46414],[126.94817,37.46414],[126.94815,37.46423],[126.94826,37.46423],[126.94826,37.4644],[126.94805,37.46441],[126.94805,37.46446],[126.94814,37.4645],[126.94814,37.46456],[126.94818,37.46456],[126.94821,37.46461],[126.9482,37.46467],[126.94814,37.46466],[126.94813,37.46475],[126.94822,37.46477],[126.94827,37.46485],[126.94827,37.4649],[126.94822,37.4649],[126.94822,37.46495],[126.94817,37.46499],[126.94819,37.46517],[126.94814,37.46521],[126.94814,37.4653],[126.94809,37.46535],[126.94803,37.46535]]]}},{"type":"Feature","properties":{"valleyId":"gwanaksan","layer":"shadow","date":"2026-08-01","timeLocal":"17:00"},"geometry":{"type":"Polygon","coordinates":[[[126.95303,37.46338],[126.95303,37.46333],[126.9531,37.46333],[126.9531,37.46338],[126.95303,37.46338]]]}},{"type":"Feature","properties":{"valleyId":"gwanaksan","layer":"shadow","date":"2026-08-01","timeLocal":"17:00"},"geometry":{"type":"Polygon","coordinates":[[[126.95301,37.46329],[126.95301,37.46323],[126.95308,37.46324],[126.95308,37.46329],[126.95301,37.46329]]]}},{"type":"Feature","properties":{"valleyId":"gwanaksan","layer":"shadow","date":"2026-08-01","timeLocal":"17:00"},"geometry":{"type":"Polygon","coordinates":[[[126.95182,37.46323],[126.95182,37.46318],[126.95189,37.46318],[126.95188,37.46323],[126.95182,37.46323]]]}},{"type":"Feature","properties":{"valleyId":"gwanaksan","layer":"shadow","date":"2026-08-01","timeLocal":"17:00"},"geometry":{"type":"Polygon","coordinates":[[[126.94725,37.46315],[126.94725,37.46308],[126.94732,37.46308],[126.94732,37.46315],[126.94725,37.46315]]]}},{"type":"Feature","properties":{"valleyId":"gwanaksan","layer":"shadow","date":"2026-08-01","timeLocal":"17:00"},"geometry":{"type":"Polygon","coordinates":[[[126.94831,37.46314],[126.94832,37.46308],[126.94838,37.46308],[126.94838,37.46314],[126.94831,37.46314]]]}},{"type":"Feature","properties":{"valleyId":"gwanaksan","layer":"shadow","date":"2026-08-01","timeLocal":"17:00"},"geometry":{"type":"Polygon","coordinates":[[[126.9461,37.46311],[126.94608,37.46301],[126.94619,37.46301],[126.94621,37.4631],[126.9461,37.46311]]]}},{"type":"Feature","properties":{"valleyId":"gwanaksan","layer":"shadow","date":"2026-08-01","timeLocal":"17:00"},"geometry":{"type":"Polygon","coordinates":[[[126.9477,37.46316],[126.94764,37.46312],[126.94764,37.46302],[126.94771,37.46302],[126.9477,37.46309],[126.94777,37.46311],[126.94777,37.46316],[126.9477,37.46316]]]}},{"type":"Feature","properties":{"valleyId":"gwanaksan","layer":"shadow","date":"2026-08-01","timeLocal":"17:00"},"geometry":{"type":"Polygon","coordinates":[[[126.95096,37.46313],[126.95096,37.46307],[126.95103,37.46307],[126.95103,37.46313],[126.95096,37.46313]]]}},{"type":"Feature","properties":{"valleyId":"gwanaksan","layer":"shadow","date":"2026-08-01","timeLocal":"17:00"},"geometry":{"type":"Polygon","coordinates":[[[126.95803,37.46325],[126.95804,37.4632],[126.95813,37.4632],[126.95812,37.46325],[126.95803,37.46325]]]}},{"type":"Feature","properties":{"valleyId":"gwanaksan","layer":"shadow","date":"2026-08-01","timeLocal":"17:00"},"geometry":{"type":"Polygon","coordinates":[[[126.91977,37.4626],[126.91977,37.46249],[126.91984,37.46249],[126.91984,37.4626],[126.91977,37.4626]]]}},{"type":"Feature","properties":{"valleyId":"gwanaksan","layer":"shadow","date":"2026-08-01","timeLocal":"17:00"},"geometry":{"type":"Polygon","coordinates":[[[126.95775,37.46454],[126.95776,37.46433],[126.9578,37.46422],[126.95781,37.46406],[126.95776,37.46402],[126.95777,37.46379],[126.9577,37.46375],[126.95771,37.4636],[126.95762,37.46358],[126.95755,37.46353],[126.95755,37.46346],[126.95749,37.46342],[126.95751,37.46328],[126.95756,37.46324],[126.95752,37.46308],[126.95763,37.4631],[126.9577,37.46319],[126.95779,37.46321],[126.95778,37.46328],[126.95767,37.4633],[126.95767,37.46337],[126.95776,37.46346],[126.95775,37.46357],[126.95789,37.46361],[126.95784,37.46379],[126.95788,37.46381],[126.95788,37.46395],[126.95797,37.46406],[126.95796,37.46422],[126.95792,37.46424],[126.95791,37.46429],[126.95787,37.46433],[126.95789,37.46447],[126.95782,37.46454],[126.95775,37.46454]]]}},{"type":"Feature","properties":{"valleyId":"gwanaksan","layer":"shadow","date":"2026-08-01","timeLocal":"17:00"},"geometry":{"type":"Polygon","coordinates":[[[126.94599,37.463],[126.94592,37.46297],[126.9459,37.46286],[126.94606,37.4629],[126.94606,37.46301],[126.94599,37.463]]]}},{"type":"Feature","properties":{"valleyId":"gwanaksan","layer":"shadow","date":"2026-08-01","timeLocal":"17:00"},"geometry":{"type":"Polygon","coordinates":[[[126.94784,37.46302],[126.94782,37.46289],[126.94773,37.46285],[126.94773,37.4628],[126.94787,37.4628],[126.94787,37.46286],[126.94791,37.46288],[126.94791,37.46302],[126.94784,37.46302]]]}},{"type":"Feature","properties":{"valleyId":"gwanaksan","layer":"shadow","date":"2026-08-01","timeLocal":"17:00"},"geometry":{"type":"Polygon","coordinates":[[[126.95734,37.46309],[126.95732,37.46302],[126.95741,37.46302],[126.95741,37.46293],[126.95748,37.46293],[126.9575,37.46308],[126.95734,37.46309]]]}},{"type":"Feature","properties":{"valleyId":"gwanaksan","layer":"shadow","date":"2026-08-01","timeLocal":"17:00"},"geometry":{"type":"Polygon","coordinates":[[[126.94572,37.46282],[126.9457,37.46269],[126.94577,37.46269],[126.94579,37.46282],[126.94572,37.46282]]]}},{"type":"Feature","properties":{"valleyId":"gwanaksan","layer":"shadow","date":"2026-08-01","timeLocal":"17:00"},"geometry":{"type":"Polygon","coordinates":[[[126.95042,37.46292],[126.9504,37.46278],[126.95047,37.46278],[126.95052,37.4628],[126.95051,37.4629],[126.95042,37.46292]]]}},{"type":"Feature","properties":{"valleyId":"gwanaksan","layer":"shadow","date":"2026-08-01","timeLocal":"17:00"},"geometry":{"type":"Polygon","coordinates":[[[126.92003,37.46226],[126.92003,37.46221],[126.9201,37.46221],[126.9201,37.46226],[126.92003,37.46226]]]}},{"type":"Feature","properties":{"valleyId":"gwanaksan","layer":"shadow","date":"2026-08-01","timeLocal":"17:00"},"geometry":{"type":"Polygon","coordinates":[[[126.95734,37.4629],[126.95734,37.46284],[126.95741,37.46284],[126.95741,37.4629],[126.95734,37.4629]]]}},{"type":"Feature","properties":{"valleyId":"gwanaksan","layer":"shadow","date":"2026-08-01","timeLocal":"17:00"},"geometry":{"type":"Polygon","coordinates":[[[126.94842,37.46272],[126.94842,37.46267],[126.94848,37.46267],[126.94848,37.46272],[126.94842,37.46272]]]}},{"type":"Feature","properties":{"valleyId":"gwanaksan","layer":"shadow","date":"2026-08-01","timeLocal":"17:00"},"geometry":{"type":"Polygon","coordinates":[[[126.94764,37.4628],[126.94767,37.46266],[126.94776,37.46264],[126.94773,37.4628],[126.94764,37.4628]]]}},{"type":"Feature","properties":{"valleyId":"gwanaksan","layer":"shadow","date":"2026-08-01","timeLocal":"17:00"},"geometry":{"type":"Polygon","coordinates":[[[126.94744,37.46276],[126.94745,37.46265],[126.9474,37.46265],[126.9474,37.4626],[126.94754,37.46264],[126.94753,37.46274],[126.94744,37.46276]]]}},{"type":"Feature","properties":{"valleyId":"gwanaksan","layer":"shadow","date":"2026-08-01","timeLocal":"17:00"},"geometry":{"type":"Polygon","coordinates":[[[126.94893,37.46275],[126.94894,37.46261],[126.94901,37.46261],[126.949,37.46275],[126.94893,37.46275]]]}},{"type":"Feature","properties":{"valleyId":"gwanaksan","layer":"shadow","date":"2026-08-01","timeLocal":"17:00"},"geometry":{"type":"Polygon","coordinates":[[[126.94787,37.46268],[126.94785,37.46257],[126.94788,37.46251],[126.94795,37.46252],[126.94796,37.46268],[126.94787,37.46268]]]}},{"type":"Feature","properties":{"valleyId":"gwanaksan","layer":"shadow","date":"2026-08-01","timeLocal":"17:00"},"geometry":{"type":"Polygon","coordinates":[[[126.94898,37.46257],[126.94899,37.46252],[126.94905,37.46252],[126.94905,37.46257],[126.94898,37.46257]]]}},{"type":"Feature","properties":{"valleyId":"gwanaksan","layer":"shadow","date":"2026-08-01","timeLocal":"17:00"},"geometry":{"type":"Polygon","coordinates":[[[126.9298,37.46225],[126.9298,37.46216],[126.92987,37.46216],[126.92986,37.46225],[126.9298,37.46225]]]}},{"type":"Feature","properties":{"valleyId":"gwanaksan","layer":"shadow","date":"2026-08-01","timeLocal":"17:00"},"geometry":{"type":"Polygon","coordinates":[[[126.92946,37.46232],[126.92946,37.46225],[126.9295,37.46225],[126.9296,37.46214],[126.92966,37.46214],[126.92971,37.46227],[126.92959,37.46227],[126.92957,37.46232],[126.92946,37.46232]]]}},{"type":"Feature","properties":{"valleyId":"gwanaksan","layer":"shadow","date":"2026-08-01","timeLocal":"17:00"},"geometry":{"type":"Polygon","coordinates":[[[126.94853,37.4626],[126.94854,37.46244],[126.94858,37.4624],[126.94865,37.4624],[126.94867,37.46249],[126.94863,37.46249],[126.9486,37.4626],[126.94853,37.4626]]]}},{"type":"Feature","properties":{"valleyId":"gwanaksan","layer":"shadow","date":"2026-08-01","timeLocal":"17:00"},"geometry":{"type":"Polygon","coordinates":[[[126.95231,37.46265],[126.95233,37.46247],[126.95242,37.46247],[126.95256,37.46252],[126.95256,37.46258],[126.95244,37.46259],[126.95237,37.46265],[126.95231,37.46265]]]}},{"type":"Feature","properties":{"valleyId":"gwanaksan","layer":"shadow","date":"2026-08-01","timeLocal":"17:00"},"geometry":{"type":"Polygon","coordinates":[[[126.93495,37.46225],[126.93498,37.46216],[126.93504,37.46217],[126.93502,37.46225],[126.93495,37.46225]]]}},{"type":"Feature","properties":{"valleyId":"gwanaksan","layer":"shadow","date":"2026-08-01","timeLocal":"17:00"},"geometry":{"type":"Polygon","coordinates":[[[126.95877,37.46263],[126.95878,37.46256],[126.95884,37.46256],[126.95884,37.46263],[126.95877,37.46263]]]}},{"type":"Feature","properties":{"valleyId":"gwanaksan","layer":"shadow","date":"2026-08-01","timeLocal":"17:00"},"geometry":{"type":"Polygon","coordinates":[[[126.94774,37.46246],[126.94775,37.46239],[126.94779,37.46235],[126.94786,37.46235],[126.94786,37.46246],[126.94774,37.46246]]]}},{"type":"Feature","properties":{"valleyId":"gwanaksan","layer":"shadow","date":"2026-08-01","timeLocal":"17:00"},"geometry":{"type":"Polygon","coordinates":[[[126.9545,37.46258],[126.95451,37.46247],[126.95457,37.46247],[126.95457,37.46258],[126.9545,37.46258]]]}},{"type":"Feature","properties":{"valleyId":"gwanaksan","layer":"shadow","date":"2026-08-01","timeLocal":"17:00"},"geometry":{"type":"Polygon","coordinates":[[[126.92851,37.46207],[126.92851,37.46201],[126.9286,37.462],[126.9286,37.46205],[126.92851,37.46207]]]}},{"type":"Feature","properties":{"valleyId":"gwanaksan","layer":"shadow","date":"2026-08-01","timeLocal":"17:00"},"geometry":{"type":"Polygon","coordinates":[[[126.94901,37.46246],[126.94901,37.46234],[126.94908,37.46234],[126.94908,37.46246],[126.94901,37.46246]]]}},{"type":"Feature","properties":{"valleyId":"gwanaksan","layer":"shadow","date":"2026-08-01","timeLocal":"17:00"},"geometry":{"type":"Polygon","coordinates":[[[126.93213,37.46211],[126.93213,37.46204],[126.93222,37.46204],[126.93222,37.4621],[126.93213,37.46211]]]}},{"type":"Feature","properties":{"valleyId":"gwanaksan","layer":"shadow","date":"2026-08-01","timeLocal":"17:00"},"geometry":{"type":"Polygon","coordinates":[[[126.95875,37.46254],[126.95876,37.46247],[126.95882,37.46247],[126.95882,37.46254],[126.95875,37.46254]]]}},{"type":"Feature","properties":{"valleyId":"gwanaksan","layer":"shadow","date":"2026-08-01","timeLocal":"17:00"},"geometry":{"type":"Polygon","coordinates":[[[126.94531,37.46229],[126.94531,37.46224],[126.94538,37.46224],[126.94537,37.46229],[126.94531,37.46229]]]}},{"type":"Feature","properties":{"valleyId":"gwanaksan","layer":"shadow","date":"2026-08-01","timeLocal":"17:00"},"geometry":{"type":"Polygon","coordinates":[[[126.94784,37.46233],[126.94784,37.46228],[126.94793,37.46228],[126.94793,37.46234],[126.94784,37.46233]]]}},{"type":"Feature","properties":{"valleyId":"gwanaksan","layer":"shadow","date":"2026-08-01","timeLocal":"17:00"},"geometry":{"type":"Polygon","coordinates":[[[126.92971,37.46202],[126.92971,37.46196],[126.9298,37.46195],[126.9298,37.46202],[126.92971,37.46202]]]}},{"type":"Feature","properties":{"valleyId":"gwanaksan","layer":"shadow","date":"2026-08-01","timeLocal":"17:00"},"geometry":{"type":"Polygon","coordinates":[[[126.93509,37.46209],[126.93509,37.46202],[126.93516,37.46202],[126.93516,37.4621],[126.93509,37.46209]]]}},{"type":"Feature","properties":{"valleyId":"gwanaksan","layer":"shadow","date":"2026-08-01","timeLocal":"17:00"},"geometry":{"type":"Polygon","coordinates":[[[126.93828,37.46213],[126.93828,37.46208],[126.93835,37.46208],[126.93835,37.46213],[126.93828,37.46213]]]}},{"type":"Feature","properties":{"valleyId":"gwanaksan","layer":"shadow","date":"2026-08-01","timeLocal":"17:00"},"geometry":{"type":"Polygon","coordinates":[[[126.95187,37.46226],[126.95187,37.46221],[126.95193,37.46221],[126.95193,37.46226],[126.95187,37.46226]]]}},{"type":"Feature","properties":{"valleyId":"gwanaksan","layer":"shadow","date":"2026-08-01","timeLocal":"17:00"},"geometry":{"type":"Polygon","coordinates":[[[126.94906,37.46228],[126.94906,37.46214],[126.94913,37.46214],[126.94913,37.46228],[126.94906,37.46228]]]}},{"type":"Feature","properties":{"valleyId":"gwanaksan","layer":"shadow","date":"2026-08-01","timeLocal":"17:00"},"geometry":{"type":"Polygon","coordinates":[[[126.95449,37.46229],[126.95449,37.46223],[126.95456,37.46223],[126.95456,37.46229],[126.95449,37.46229]]]}},{"type":"Feature","properties":{"valleyId":"gwanaksan","layer":"shadow","date":"2026-08-01","timeLocal":"17:00"},"geometry":{"type":"Polygon","coordinates":[[[126.95869,37.46234],[126.95869,37.46229],[126.95876,37.46229],[126.95876,37.46234],[126.95869,37.46234]]]}},{"type":"Feature","properties":{"valleyId":"gwanaksan","layer":"shadow","date":"2026-08-01","timeLocal":"17:00"},"geometry":{"type":"Polygon","coordinates":[[[126.93821,37.46206],[126.93822,37.46195],[126.93824,37.46191],[126.93831,37.46192],[126.93828,37.46206],[126.93821,37.46206]]]}},{"type":"Feature","properties":{"valleyId":"gwanaksan","layer":"shadow","date":"2026-08-01","timeLocal":"17:00"},"geometry":{"type":"Polygon","coordinates":[[[126.94843,37.46218],[126.94843,37.46209],[126.9485,37.46209],[126.9485,37.46218],[126.94843,37.46218]]]}},{"type":"Feature","properties":{"valleyId":"gwanaksan","layer":"shadow","date":"2026-08-01","timeLocal":"17:00"},"geometry":{"type":"Polygon","coordinates":[[[126.95661,37.46227],[126.95661,37.46222],[126.95668,37.46222],[126.95668,37.46227],[126.95661,37.46227]]]}},{"type":"Feature","properties":{"valleyId":"gwanaksan","layer":"shadow","date":"2026-08-01","timeLocal":"17:00"},"geometry":{"type":"Polygon","coordinates":[[[126.91923,37.46165],[126.91928,37.46155],[126.91939,37.46157],[126.91939,37.46164],[126.91923,37.46165]]]}},{"type":"Feature","properties":{"valleyId":"gwanaksan","layer":"shadow","date":"2026-08-01","timeLocal":"17:00"},"geometry":{"type":"Polygon","coordinates":[[[126.92807,37.46179],[126.92807,37.46172],[126.92816,37.4617],[126.92816,37.46177],[126.92807,37.46179]]]}},{"type":"Feature","properties":{"valleyId":"gwanaksan","layer":"shadow","date":"2026-08-01","timeLocal":"17:00"},"geometry":{"type":"Polygon","coordinates":[[[126.9573,37.4628],[126.95724,37.46266],[126.9571,37.46257],[126.95704,37.46242],[126.95686,37.46227],[126.95686,37.46222],[126.95677,37.4622],[126.95678,37.46213],[126.95691,37.46215],[126.95691,37.46222],[126.95704,37.46226],[126.95704,37.46231],[126.95709,37.46233],[126.95709,37.46239],[126.95715,37.46242],[126.95717,37.46251],[126.95722,37.46251],[126.95722,37.46255],[126.95728,37.46259],[126.95728,37.46264],[126.95733,37.46264],[126.95733,37.4627],[126.95737,37.46272],[126.95737,37.46281],[126.9573,37.4628]]]}},{"type":"Feature","properties":{"valleyId":"gwanaksan","layer":"shadow","date":"2026-08-01","timeLocal":"17:00"},"geometry":{"type":"Polygon","coordinates":[[[126.94843,37.46204],[126.94844,37.46198],[126.9485,37.46199],[126.9485,37.46204],[126.94843,37.46204]]]}},{"type":"Feature","properties":{"valleyId":"gwanaksan","layer":"shadow","date":"2026-08-01","timeLocal":"17:00"},"geometry":{"type":"Polygon","coordinates":[[[126.95112,37.46219],[126.95112,37.46214],[126.95124,37.46207],[126.95124,37.462],[126.95137,37.462],[126.95137,37.46207],[126.95128,37.46211],[126.95126,37.46216],[126.95121,37.46216],[126.95119,37.46219],[126.95112,37.46219]]]}},{"type":"Feature","properties":{"valleyId":"gwanaksan","layer":"shadow","date":"2026-08-01","timeLocal":"17:00"},"geometry":{"type":"Polygon","coordinates":[[[126.93851,37.46208],[126.93847,37.46185],[126.93847,37.46172],[126.93854,37.46172],[126.93858,37.46179],[126.93858,37.46188],[126.93867,37.46189],[126.93867,37.46194],[126.93856,37.46194],[126.93855,37.46199],[126.93862,37.46201],[126.93862,37.46207],[126.93851,37.46208]]]}},{"type":"Feature","properties":{"valleyId":"gwanaksan","layer":"shadow","date":"2026-08-01","timeLocal":"17:00"},"geometry":{"type":"Polygon","coordinates":[[[126.94823,37.46205],[126.94823,37.46189],[126.94833,37.46187],[126.9483,37.46205],[126.94823,37.46205]]]}},{"type":"Feature","properties":{"valleyId":"gwanaksan","layer":"shadow","date":"2026-08-01","timeLocal":"17:00"},"geometry":{"type":"Polygon","coordinates":[[[126.95662,37.46205],[126.95662,37.46196],[126.95669,37.46196],[126.95671,37.46206],[126.95662,37.46205]]]}},{"type":"Feature","properties":{"valleyId":"gwanaksan","layer":"shadow","date":"2026-08-01","timeLocal":"17:00"},"geometry":{"type":"Polygon","coordinates":[[[126.95142,37.46191],[126.95142,37.46186],[126.95149,37.46186],[126.95149,37.46191],[126.95142,37.46191]]]}},{"type":"Feature","properties":{"valleyId":"gwanaksan","layer":"shadow","date":"2026-08-01","timeLocal":"17:00"},"geometry":{"type":"Polygon","coordinates":[[[126.95237,37.46193],[126.95237,37.46187],[126.95246,37.46187],[126.95246,37.46193],[126.95237,37.46193]]]}},{"type":"Feature","properties":{"valleyId":"gwanaksan","layer":"shadow","date":"2026-08-01","timeLocal":"17:00"},"geometry":{"type":"Polygon","coordinates":[[[126.92066,37.46135],[126.92066,37.4613],[126.92073,37.4613],[126.92073,37.46136],[126.92066,37.46135]]]}},{"type":"Feature","properties":{"valleyId":"gwanaksan","layer":"shadow","date":"2026-08-01","timeLocal":"17:00"},"geometry":{"type":"Polygon","coordinates":[[[126.92738,37.46147],[126.92738,37.46142],[126.92745,37.46142],[126.92744,37.46147],[126.92738,37.46147]]]}},{"type":"Feature","properties":{"valleyId":"gwanaksan","layer":"shadow","date":"2026-08-01","timeLocal":"17:00"},"geometry":{"type":"Polygon","coordinates":[[[126.92855,37.46151],[126.92853,37.46144],[126.92864,37.46142],[126.92864,37.46151],[126.92855,37.46151]]]}},{"type":"Feature","properties":{"valleyId":"gwanaksan","layer":"shadow","date":"2026-08-01","timeLocal":"17:00"},"geometry":{"type":"Polygon","coordinates":[[[126.91877,37.4613],[126.91877,37.46125],[126.91883,37.46125],[126.91883,37.4613],[126.91877,37.4613]]]}},{"type":"Feature","properties":{"valleyId":"gwanaksan","layer":"shadow","date":"2026-08-01","timeLocal":"17:00"},"geometry":{"type":"Polygon","coordinates":[[[126.93815,37.46182],[126.93811,37.46179],[126.93805,37.46155],[126.93809,37.4615],[126.93823,37.46148],[126.9382,37.46163],[126.93824,37.46182],[126.93815,37.46182]]]}},{"type":"Feature","properties":{"valleyId":"gwanaksan","layer":"shadow","date":"2026-08-01","timeLocal":"17:00"},"geometry":{"type":"Polygon","coordinates":[[[126.93002,37.46217],[126.93003,37.46208],[126.92992,37.46204],[126.92992,37.46197],[126.93003,37.46197],[126.93003,37.46192],[126.92992,37.4619],[126.92992,37.46186],[126.92981,37.46186],[126.92967,37.46176],[126.92968,37.46169],[126.92977,37.46168],[126.92977,37.46142],[126.92975,37.46139],[126.92971,37.46139],[126.92971,37.46133],[126.9298,37.46133],[126.92987,37.46139],[126.92998,37.46141],[126.93,37.46154],[126.9299,37.46161],[126.9299,37.46166],[126.92997,37.4617],[126.92997,37.46181],[126.9301,37.46181],[126.9301,37.46192],[126.93014,37.46192],[126.93012,37.46202],[126.93025,37.46205],[126.93025,37.4621],[126.93016,37.46212],[126.93009,37.46217],[126.93002,37.46217]]]}},{"type":"Feature","properties":{"valleyId":"gwanaksan","layer":"shadow","date":"2026-08-01","timeLocal":"17:00"},"geometry":{"type":"Polygon","coordinates":[[[126.93133,37.4614],[126.93134,37.46134],[126.9314,37.46134],[126.9314,37.4614],[126.93133,37.4614]]]}},{"type":"Feature","properties":{"valleyId":"gwanaksan","layer":"shadow","date":"2026-08-01","timeLocal":"17:00"},"geometry":{"type":"Polygon","coordinates":[[[126.94917,37.46171],[126.94917,37.46165],[126.94924,37.46166],[126.94923,37.46171],[126.94917,37.46171]]]}},{"type":"Feature","properties":{"valleyId":"gwanaksan","layer":"shadow","date":"2026-08-01","timeLocal":"17:00"},"geometry":{"type":"Polygon","coordinates":[[[126.94833,37.46186],[126.94833,37.46173],[126.94826,37.46173],[126.94826,37.46162],[126.94836,37.46162],[126.94835,37.46173],[126.9484,37.46173],[126.94842,37.46177],[126.94839,37.46186],[126.94833,37.46186]]]}},{"type":"Feature","properties":{"valleyId":"gwanaksan","layer":"shadow","date":"2026-08-01","timeLocal":"17:00"},"geometry":{"type":"Polygon","coordinates":[[[126.92874,37.46137],[126.92874,37.46126],[126.92885,37.46128],[126.92885,37.46134],[126.9288,37.46137],[126.92874,37.46137]]]}},{"type":"Feature","properties":{"valleyId":"gwanaksan","layer":"shadow","date":"2026-08-01","timeLocal":"17:00"},"geometry":{"type":"Polygon","coordinates":[[[126.92944,37.4614],[126.92944,37.46135],[126.92939,37.46135],[126.92939,37.46126],[126.92953,37.46128],[126.92953,37.46138],[126.92944,37.4614]]]}},{"type":"Feature","properties":{"valleyId":"gwanaksan","layer":"shadow","date":"2026-08-01","timeLocal":"17:00"},"geometry":{"type":"Polygon","coordinates":[[[126.94786,37.46165],[126.94788,37.46158],[126.94797,37.46158],[126.94795,37.46165],[126.94786,37.46165]]]}},{"type":"Feature","properties":{"valleyId":"gwanaksan","layer":"shadow","date":"2026-08-01","timeLocal":"17:00"},"geometry":{"type":"Polygon","coordinates":[[[126.94776,37.46177],[126.9477,37.46172],[126.94772,37.46154],[126.94779,37.46154],[126.94779,37.46167],[126.94781,37.46172],[126.94785,37.46172],[126.94785,37.46178],[126.94776,37.46177]]]}},{"type":"Feature","properties":{"valleyId":"gwanaksan","layer":"shadow","date":"2026-08-01","timeLocal":"17:00"},"geometry":{"type":"Polygon","coordinates":[[[126.93825,37.46146],[126.93825,37.46137],[126.93832,37.46138],[126.93834,37.46147],[126.93825,37.46146]]]}},{"type":"Feature","properties":{"valleyId":"gwanaksan","layer":"shadow","date":"2026-08-01","timeLocal":"17:00"},"geometry":{"type":"Polygon","coordinates":[[[126.93009,37.4613],[126.9301,37.46121],[126.93016,37.46121],[126.93018,37.46129],[126.93009,37.4613]]]}},{"type":"Feature","properties":{"valleyId":"gwanaksan","layer":"shadow","date":"2026-08-01","timeLocal":"17:00"},"geometry":{"type":"Polygon","coordinates":[[[126.93136,37.46131],[126.93136,37.46122],[126.93143,37.46122],[126.93143,37.46131],[126.93136,37.46131]]]}},{"type":"Feature","properties":{"valleyId":"gwanaksan","layer":"shadow","date":"2026-08-01","timeLocal":"17:00"},"geometry":{"type":"Polygon","coordinates":[[[126.92831,37.46124],[126.92831,37.46116],[126.92838,37.46117],[126.92838,37.46124],[126.92831,37.46124]]]}},{"type":"Feature","properties":{"valleyId":"gwanaksan","layer":"shadow","date":"2026-08-01","timeLocal":"17:00"},"geometry":{"type":"Polygon","coordinates":[[[126.92693,37.46119],[126.92693,37.46114],[126.927,37.46114],[126.927,37.4612],[126.92693,37.46119]]]}},{"type":"Feature","properties":{"valleyId":"gwanaksan","layer":"shadow","date":"2026-08-01","timeLocal":"17:00"},"geometry":{"type":"Polygon","coordinates":[[[126.93211,37.46127],[126.93211,37.46119],[126.9322,37.4612],[126.9322,37.46125],[126.93211,37.46127]]]}},{"type":"Feature","properties":{"valleyId":"gwanaksan","layer":"shadow","date":"2026-08-01","timeLocal":"17:00"},"geometry":{"type":"Polygon","coordinates":[[[126.95683,37.46171],[126.95684,37.46159],[126.9569,37.46159],[126.95692,37.46172],[126.95683,37.46171]]]}},{"type":"Feature","properties":{"valleyId":"gwanaksan","layer":"shadow","date":"2026-08-01","timeLocal":"17:00"},"geometry":{"type":"Polygon","coordinates":[[[126.95408,37.46165],[126.95408,37.46154],[126.95419,37.46152],[126.95419,37.46163],[126.95408,37.46165]]]}},{"type":"Feature","properties":{"valleyId":"gwanaksan","layer":"shadow","date":"2026-08-01","timeLocal":"17:00"},"geometry":{"type":"Polygon","coordinates":[[[126.93005,37.46119],[126.93003,37.46109],[126.9301,37.46109],[126.93012,37.4612],[126.93005,37.46119]]]}},{"type":"Feature","properties":{"valleyId":"gwanaksan","layer":"shadow","date":"2026-08-01","timeLocal":"17:00"},"geometry":{"type":"Polygon","coordinates":[[[126.92983,37.46115],[126.92983,37.46106],[126.92994,37.46107],[126.92994,37.46114],[126.92983,37.46115]]]}},{"type":"Feature","properties":{"valleyId":"gwanaksan","layer":"shadow","date":"2026-08-01","timeLocal":"17:00"},"geometry":{"type":"Polygon","coordinates":[[[126.95469,37.46155],[126.95469,37.4615],[126.95476,37.4615],[126.95476,37.46155],[126.95469,37.46155]]]}},{"type":"Feature","properties":{"valleyId":"gwanaksan","layer":"shadow","date":"2026-08-01","timeLocal":"17:00"},"geometry":{"type":"Polygon","coordinates":[[[126.93907,37.46126],[126.93907,37.46121],[126.93914,37.46121],[126.93914,37.46126],[126.93907,37.46126]]]}},{"type":"Feature","properties":{"valleyId":"gwanaksan","layer":"shadow","date":"2026-08-01","timeLocal":"17:00"},"geometry":{"type":"Polygon","coordinates":[[[126.93844,37.46123],[126.93844,37.46118],[126.93851,37.46118],[126.93851,37.46123],[126.93844,37.46123]]]}},{"type":"Feature","properties":{"valleyId":"gwanaksan","layer":"shadow","date":"2026-08-01","timeLocal":"17:00"},"geometry":{"type":"Polygon","coordinates":[[[126.9544,37.46151],[126.9544,37.46146],[126.95446,37.46146],[126.95446,37.46151],[126.9544,37.46151]]]}},{"type":"Feature","properties":{"valleyId":"gwanaksan","layer":"shadow","date":"2026-08-01","timeLocal":"17:00"},"geometry":{"type":"Polygon","coordinates":[[[126.91798,37.46174],[126.91803,37.4616],[126.91804,37.46143],[126.91808,37.46142],[126.91809,37.46134],[126.91793,37.46131],[126.91794,37.46104],[126.91789,37.461],[126.91789,37.46094],[126.91796,37.46091],[126.91797,37.46078],[126.91803,37.46079],[126.91803,37.46082],[126.91808,37.46082],[126.9181,37.46088],[126.9181,37.46093],[126.91801,37.46095],[126.91801,37.461],[126.91812,37.46104],[126.91812,37.46111],[126.91807,37.46113],[126.91806,37.46129],[126.91822,37.46135],[126.91822,37.46142],[126.91813,37.46145],[126.91812,37.46163],[126.91805,37.46169],[126.91805,37.46174],[126.91798,37.46174]]]}},{"type":"Feature","properties":{"valleyId":"gwanaksan","layer":"shadow","date":"2026-08-01","timeLocal":"17:00"},"geometry":{"type":"Polygon","coordinates":[[[126.92899,37.46127],[126.92901,37.46114],[126.92908,37.46112],[126.92906,37.46098],[126.92924,37.461],[126.92926,37.46107],[126.92915,37.46112],[126.92915,37.4612],[126.92908,37.46121],[126.92908,37.46127],[126.92899,37.46127]]]}},{"type":"Feature","properties":{"valleyId":"gwanaksan","layer":"shadow","date":"2026-08-01","timeLocal":"17:00"},"geometry":{"type":"Polygon","coordinates":[[[126.93139,37.4612],[126.93141,37.461],[126.93148,37.461],[126.9315,37.46117],[126.93145,37.4612],[126.93139,37.4612]]]}},{"type":"Feature","properties":{"valleyId":"gwanaksan","layer":"shadow","date":"2026-08-01","timeLocal":"17:00"},"geometry":{"type":"Polygon","coordinates":[[[126.9489,37.46167],[126.94888,37.46129],[126.94897,37.46129],[126.94902,37.46145],[126.94895,37.46149],[126.94896,37.46167],[126.9489,37.46167]]]}},{"type":"Feature","properties":{"valleyId":"gwanaksan","layer":"shadow","date":"2026-08-01","timeLocal":"17:00"},"geometry":{"type":"Polygon","coordinates":[[[126.9534,37.46151],[126.95343,37.46137],[126.95349,37.46137],[126.95351,37.46151],[126.9534,37.46151]]]}},{"type":"Feature","properties":{"valleyId":"gwanaksan","layer":"shadow","date":"2026-08-01","timeLocal":"17:00"},"geometry":{"type":"Polygon","coordinates":[[[126.92816,37.461],[126.92816,37.46091],[126.9283,37.46091],[126.92829,37.46098],[126.92816,37.461]]]}},{"type":"Feature","properties":{"valleyId":"gwanaksan","layer":"shadow","date":"2026-08-01","timeLocal":"17:00"},"geometry":{"type":"Polygon","coordinates":[[[126.95697,37.46154],[126.95695,37.46141],[126.95702,37.46141],[126.95704,37.46154],[126.95697,37.46154]]]}},{"type":"Feature","properties":{"valleyId":"gwanaksan","layer":"shadow","date":"2026-08-01","timeLocal":"17:00"},"geometry":{"type":"Polygon","coordinates":[[[126.93903,37.46119],[126.93898,37.46115],[126.93899,37.4611],[126.93903,37.4611],[126.93908,37.46105],[126.93917,37.46105],[126.93917,37.4611],[126.9391,37.46114],[126.9391,37.46119],[126.93903,37.46119]]]}},{"type":"Feature","properties":{"valleyId":"gwanaksan","layer":"shadow","date":"2026-08-01","timeLocal":"17:00"},"geometry":{"type":"Polygon","coordinates":[[[126.93668,37.461],[126.93669,37.46088],[126.93675,37.46088],[126.93675,37.46101],[126.93668,37.461]]]}},{"type":"Feature","properties":{"valleyId":"gwanaksan","layer":"shadow","date":"2026-08-01","timeLocal":"17:00"},"geometry":{"type":"Polygon","coordinates":[[[126.92862,37.46072],[126.92862,37.46065],[126.92869,37.46065],[126.92869,37.46072],[126.92862,37.46072]]]}},{"type":"Feature","properties":{"valleyId":"gwanaksan","layer":"shadow","date":"2026-08-01","timeLocal":"17:00"},"geometry":{"type":"Polygon","coordinates":[[[126.94617,37.46117],[126.94618,37.4611],[126.94624,37.46108],[126.94625,37.46101],[126.94616,37.46101],[126.94616,37.4609],[126.94625,37.4609],[126.94627,37.46099],[126.94634,37.46099],[126.94636,37.46112],[126.94631,37.46117],[126.94617,37.46117]]]}},{"type":"Feature","properties":{"valleyId":"gwanaksan","layer":"shadow","date":"2026-08-01","timeLocal":"17:00"},"geometry":{"type":"Polygon","coordinates":[[[126.9314,37.46073],[126.93138,37.46062],[126.93145,37.46062],[126.93147,37.46073],[126.9314,37.46073]]]}},{"type":"Feature","properties":{"valleyId":"gwanaksan","layer":"shadow","date":"2026-08-01","timeLocal":"17:00"},"geometry":{"type":"Polygon","coordinates":[[[126.93845,37.46084],[126.93843,37.46071],[126.9385,37.46071],[126.93852,37.46084],[126.93845,37.46084]]]}},{"type":"Feature","properties":{"valleyId":"gwanaksan","layer":"shadow","date":"2026-08-01","timeLocal":"17:00"},"geometry":{"type":"Polygon","coordinates":[[[126.94777,37.46152],[126.94778,37.46131],[126.94785,37.46125],[126.94783,37.46089],[126.94786,37.46084],[126.94792,37.46084],[126.94792,37.46088],[126.94797,37.46088],[126.94799,37.46106],[126.94798,37.46124],[126.94793,37.46134],[126.948,37.46135],[126.948,37.46142],[126.94798,37.46145],[126.94788,37.46145],[126.94786,37.46152],[126.94777,37.46152]]]}},{"type":"Feature","properties":{"valleyId":"gwanaksan","layer":"shadow","date":"2026-08-01","timeLocal":"17:00"},"geometry":{"type":"Polygon","coordinates":[[[126.92727,37.46053],[126.92727,37.46048],[126.92734,37.46048],[126.92733,37.46053],[126.92727,37.46053]]]}},{"type":"Feature","properties":{"valleyId":"gwanaksan","layer":"shadow","date":"2026-08-01","timeLocal":"17:00"},"geometry":{"type":"Polygon","coordinates":[[[126.94828,37.46088],[126.94829,37.46081],[126.94835,37.46081],[126.94835,37.46088],[126.94828,37.46088]]]}},{"type":"Feature","properties":{"valleyId":"gwanaksan","layer":"shadow","date":"2026-08-01","timeLocal":"17:00"},"geometry":{"type":"Polygon","coordinates":[[[126.94926,37.46155],[126.94922,37.46129],[126.94916,37.46124],[126.94918,37.46113],[126.94912,37.46106],[126.94912,37.46097],[126.94905,37.4609],[126.94903,37.46079],[126.9491,37.46079],[126.94912,37.46086],[126.94923,37.46095],[126.94925,37.46124],[126.94929,37.46128],[126.94929,37.46137],[126.94933,37.4614],[126.94933,37.46155],[126.94926,37.46155]]]}},{"type":"Feature","properties":{"valleyId":"gwanaksan","layer":"shadow","date":"2026-08-01","timeLocal":"17:00"},"geometry":{"type":"Polygon","coordinates":[[[126.93839,37.46066],[126.93841,37.46055],[126.93848,37.46055],[126.93846,37.46066],[126.93839,37.46066]]]}},{"type":"Feature","properties":{"valleyId":"gwanaksan","layer":"shadow","date":"2026-08-01","timeLocal":"17:00"},"geometry":{"type":"Polygon","coordinates":[[[126.9555,37.46088],[126.9555,37.46083],[126.95557,37.46083],[126.95557,37.46088],[126.9555,37.46088]]]}},{"type":"Feature","properties":{"valleyId":"gwanaksan","layer":"shadow","date":"2026-08-01","timeLocal":"17:00"},"geometry":{"type":"Polygon","coordinates":[[[126.92661,37.46038],[126.92662,37.46032],[126.92673,37.46031],[126.9267,37.46038],[126.92661,37.46038]]]}},{"type":"Feature","properties":{"valleyId":"gwanaksan","layer":"shadow","date":"2026-08-01","timeLocal":"17:00"},"geometry":{"type":"Polygon","coordinates":[[[126.95716,37.46132],[126.95716,37.46127],[126.95721,37.46127],[126.9573,37.4612],[126.95733,37.46093],[126.95728,37.46088],[126.95729,37.4608],[126.95735,37.4608],[126.95744,37.4609],[126.95746,37.46097],[126.95746,37.46118],[126.95739,37.46124],[126.95739,37.46127],[126.9573,37.46127],[126.9573,37.46131],[126.95716,37.46132]]]}},{"type":"Feature","properties":{"valleyId":"gwanaksan","layer":"shadow","date":"2026-08-01","timeLocal":"17:00"},"geometry":{"type":"Polygon","coordinates":[[[126.94822,37.46079],[126.94818,37.4607],[126.94818,37.46065],[126.94825,37.46065],[126.94829,37.46072],[126.94829,37.46079],[126.94822,37.46079]]]}},{"type":"Feature","properties":{"valleyId":"gwanaksan","layer":"shadow","date":"2026-08-01","timeLocal":"17:00"},"geometry":{"type":"Polygon","coordinates":[[[126.93683,37.46048],[126.93683,37.46043],[126.9369,37.46043],[126.9369,37.46049],[126.93683,37.46048]]]}},{"type":"Feature","properties":{"valleyId":"gwanaksan","layer":"shadow","date":"2026-08-01","timeLocal":"17:00"},"geometry":{"type":"Polygon","coordinates":[[[126.9475,37.46081],[126.94752,37.46062],[126.94757,37.46056],[126.94764,37.46056],[126.94756,37.46082],[126.9475,37.46081]]]}},{"type":"Feature","properties":{"valleyId":"gwanaksan","layer":"shadow","date":"2026-08-01","timeLocal":"17:00"},"geometry":{"type":"Polygon","coordinates":[[[126.95188,37.46078],[126.95189,37.46067],[126.95191,37.46064],[126.95198,37.46064],[126.952,37.46077],[126.95188,37.46078]]]}},{"type":"Feature","properties":{"valleyId":"gwanaksan","layer":"shadow","date":"2026-08-01","timeLocal":"17:00"},"geometry":{"type":"Polygon","coordinates":[[[126.92761,37.46034],[126.92761,37.46029],[126.92768,37.46025],[126.92768,37.4602],[126.9278,37.4602],[126.92782,37.46024],[126.92797,37.46026],[126.9282,37.46026],[126.9282,37.46031],[126.92761,37.46034]]]}},{"type":"Feature","properties":{"valleyId":"gwanaksan","layer":"shadow","date":"2026-08-01","timeLocal":"17:00"},"geometry":{"type":"Polygon","coordinates":[[[126.92682,37.46025],[126.92685,37.46016],[126.92691,37.46017],[126.92691,37.46024],[126.92682,37.46025]]]}},{"type":"Feature","properties":{"valleyId":"gwanaksan","layer":"shadow","date":"2026-08-01","timeLocal":"17:00"},"geometry":{"type":"Polygon","coordinates":[[[126.95546,37.46074],[126.95546,37.46065],[126.95553,37.46065],[126.95552,37.46074],[126.95546,37.46074]]]}},{"type":"Feature","properties":{"valleyId":"gwanaksan","layer":"shadow","date":"2026-08-01","timeLocal":"17:00"},"geometry":{"type":"Polygon","coordinates":[[[126.95722,37.46073],[126.95722,37.46064],[126.95729,37.46064],[126.95729,37.46073],[126.95722,37.46073]]]}},{"type":"Feature","properties":{"valleyId":"gwanaksan","layer":"shadow","date":"2026-08-01","timeLocal":"17:00"},"geometry":{"type":"Polygon","coordinates":[[[126.95939,37.46061],[126.95944,37.46048],[126.95953,37.46048],[126.95949,37.46059],[126.95939,37.46061]]]}},{"type":"Feature","properties":{"valleyId":"gwanaksan","layer":"shadow","date":"2026-08-01","timeLocal":"17:00"},"geometry":{"type":"Polygon","coordinates":[[[126.9558,37.46047],[126.9558,37.46042],[126.95587,37.46042],[126.95587,37.46047],[126.9558,37.46047]]]}},{"type":"Feature","properties":{"valleyId":"gwanaksan","layer":"shadow","date":"2026-08-01","timeLocal":"17:00"},"geometry":{"type":"Polygon","coordinates":[[[126.95661,37.46068],[126.95661,37.46063],[126.95666,37.46063],[126.95668,37.46058],[126.95666,37.46045],[126.95671,37.46045],[126.95671,37.4604],[126.95678,37.4604],[126.95677,37.4606],[126.95668,37.46063],[126.95668,37.46068],[126.95661,37.46068]]]}},{"type":"Feature","properties":{"valleyId":"gwanaksan","layer":"shadow","date":"2026-08-01","timeLocal":"17:00"},"geometry":{"type":"Polygon","coordinates":[[[126.9495,37.46024],[126.9495,37.46016],[126.94957,37.46017],[126.94957,37.46024],[126.9495,37.46024]]]}},{"type":"Feature","properties":{"valleyId":"gwanaksan","layer":"shadow","date":"2026-08-01","timeLocal":"17:00"},"geometry":{"type":"Polygon","coordinates":[[[126.95965,37.46041],[126.95965,37.46034],[126.95974,37.46034],[126.95974,37.46041],[126.95965,37.46041]]]}},{"type":"Feature","properties":{"valleyId":"gwanaksan","layer":"shadow","date":"2026-08-01","timeLocal":"17:00"},"geometry":{"type":"Polygon","coordinates":[[[126.94775,37.46055],[126.94764,37.46053],[126.94764,37.46031],[126.94756,37.46018],[126.94756,37.46008],[126.94765,37.46008],[126.94767,37.4602],[126.94772,37.4602],[126.94774,37.46024],[126.94773,37.4604],[126.94775,37.46046],[126.94782,37.4605],[126.94782,37.46055],[126.94775,37.46055]]]}},{"type":"Feature","properties":{"valleyId":"gwanaksan","layer":"shadow","date":"2026-08-01","timeLocal":"17:00"},"geometry":{"type":"Polygon","coordinates":[[[126.91785,37.46078],[126.91774,37.46071],[126.91777,37.46053],[126.91793,37.46044],[126.91794,37.46022],[126.91789,37.46013],[126.91788,37.45986],[126.91783,37.45984],[126.91781,37.45977],[126.91784,37.45966],[126.9178,37.45952],[126.91787,37.45952],[126.91786,37.45957],[126.91793,37.45961],[126.91788,37.45977],[126.91799,37.45992],[126.91798,37.46014],[126.91807,37.46024],[126.91807,37.46044],[126.91797,37.4605],[126.91797,37.46053],[126.9179,37.46058],[126.91792,37.46078],[126.91785,37.46078]]]}},{"type":"Feature","properties":{"valleyId":"gwanaksan","layer":"shadow","date":"2026-08-01","timeLocal":"17:00"},"geometry":{"type":"Polygon","coordinates":[[[126.95319,37.46014],[126.95319,37.46008],[126.95326,37.46008],[126.95326,37.46014],[126.95319,37.46014]]]}},{"type":"Feature","properties":{"valleyId":"gwanaksan","layer":"shadow","date":"2026-08-01","timeLocal":"17:00"},"geometry":{"type":"Polygon","coordinates":[[[126.93841,37.45993],[126.93836,37.4599],[126.93836,37.45984],[126.93843,37.45979],[126.9385,37.45979],[126.93847,37.45994],[126.93841,37.45993]]]}},{"type":"Feature","properties":{"valleyId":"gwanaksan","layer":"shadow","date":"2026-08-01","timeLocal":"17:00"},"geometry":{"type":"Polygon","coordinates":[[[126.94923,37.46005],[126.94924,37.45996],[126.9493,37.45996],[126.94933,37.46003],[126.94923,37.46005]]]}},{"type":"Feature","properties":{"valleyId":"gwanaksan","layer":"shadow","date":"2026-08-01","timeLocal":"17:00"},"geometry":{"type":"Polygon","coordinates":[[[126.95023,37.46003],[126.95023,37.45998],[126.9503,37.45998],[126.9503,37.46003],[126.95023,37.46003]]]}},{"type":"Feature","properties":{"valleyId":"gwanaksan","layer":"shadow","date":"2026-08-01","timeLocal":"17:00"},"geometry":{"type":"Polygon","coordinates":[[[126.93866,37.45989],[126.93864,37.45979],[126.93866,37.45976],[126.93873,37.45976],[126.93873,37.45989],[126.93866,37.45989]]]}},{"type":"Feature","properties":{"valleyId":"gwanaksan","layer":"shadow","date":"2026-08-01","timeLocal":"17:00"},"geometry":{"type":"Polygon","coordinates":[[[126.94745,37.46004],[126.94741,37.45995],[126.94736,37.45995],[126.94736,37.45989],[126.94743,37.45989],[126.94743,37.45993],[126.94747,37.45993],[126.94747,37.45997],[126.94752,37.45999],[126.94752,37.46004],[126.94745,37.46004]]]}},{"type":"Feature","properties":{"valleyId":"gwanaksan","layer":"shadow","date":"2026-08-01","timeLocal":"17:00"},"geometry":{"type":"Polygon","coordinates":[[[126.95233,37.46003],[126.95233,37.45998],[126.9524,37.45998],[126.9524,37.46003],[126.95233,37.46003]]]}},{"type":"Feature","properties":{"valleyId":"gwanaksan","layer":"shadow","date":"2026-08-01","timeLocal":"17:00"},"geometry":{"type":"Polygon","coordinates":[[[126.94551,37.45986],[126.94551,37.45981],[126.9456,37.45981],[126.9456,37.45986],[126.94551,37.45986]]]}},{"type":"Feature","properties":{"valleyId":"gwanaksan","layer":"shadow","date":"2026-08-01","timeLocal":"17:00"},"geometry":{"type":"Polygon","coordinates":[[[126.94693,37.4599],[126.94694,37.45979],[126.94707,37.45978],[126.94707,37.45991],[126.94693,37.4599]]]}},{"type":"Feature","properties":{"valleyId":"gwanaksan","layer":"shadow","date":"2026-08-01","timeLocal":"17:00"},"geometry":{"type":"Polygon","coordinates":[[[126.92783,37.45993],[126.92783,37.45988],[126.92778,37.45987],[126.92781,37.45973],[126.92783,37.4597],[126.9279,37.4597],[126.9279,37.45957],[126.92799,37.45957],[126.928,37.45948],[126.92795,37.45948],[126.92795,37.45941],[126.92802,37.45941],[126.92804,37.45945],[126.92811,37.45945],[126.92818,37.4595],[126.92817,37.45956],[126.92811,37.45957],[126.92803,37.45979],[126.92792,37.45979],[126.9279,37.45982],[126.92789,37.45988],[126.92796,37.45988],[126.92796,37.45993],[126.92783,37.45993]]]}},{"type":"Feature","properties":{"valleyId":"gwanaksan","layer":"shadow","date":"2026-08-01","timeLocal":"17:00"},"geometry":{"type":"Polygon","coordinates":[[[126.93075,37.45951],[126.93076,37.45946],[126.93082,37.45946],[126.93082,37.45951],[126.93075,37.45951]]]}},{"type":"Feature","properties":{"valleyId":"gwanaksan","layer":"shadow","date":"2026-08-01","timeLocal":"17:00"},"geometry":{"type":"Polygon","coordinates":[[[126.92701,37.46011],[126.92705,37.45999],[126.92715,37.45992],[126.9272,37.45974],[126.92729,37.45967],[126.92729,37.4596],[126.92722,37.45959],[126.9272,37.45956],[126.92721,37.45945],[126.9273,37.4594],[126.92728,37.45927],[126.92737,37.45927],[126.92738,37.45969],[126.92733,37.4597],[126.92733,37.45978],[126.92722,37.45992],[126.92721,37.45997],[126.92707,37.46011],[126.92701,37.46011]]]}},{"type":"Feature","properties":{"valleyId":"gwanaksan","layer":"shadow","date":"2026-08-01","timeLocal":"17:00"},"geometry":{"type":"Polygon","coordinates":[[[126.95447,37.45975],[126.95447,37.45969],[126.95454,37.45969],[126.95453,37.45975],[126.95447,37.45975]]]}},{"type":"Feature","properties":{"valleyId":"gwanaksan","layer":"shadow","date":"2026-08-01","timeLocal":"17:00"},"geometry":{"type":"Polygon","coordinates":[[[126.94908,37.45983],[126.94907,37.45958],[126.94913,37.45958],[126.94918,37.45962],[126.94918,37.45969],[126.94927,37.45973],[126.94926,37.45978],[126.9492,37.45978],[126.94915,37.45983],[126.94908,37.45983]]]}},{"type":"Feature","properties":{"valleyId":"gwanaksan","layer":"shadow","date":"2026-08-01","timeLocal":"17:00"},"geometry":{"type":"Polygon","coordinates":[[[126.92703,37.45923],[126.92696,37.45919],[126.92697,37.45914],[126.9271,37.45914],[126.9271,37.45923],[126.92703,37.45923]]]}},{"type":"Feature","properties":{"valleyId":"gwanaksan","layer":"shadow","date":"2026-08-01","timeLocal":"17:00"},"geometry":{"type":"Polygon","coordinates":[[[126.92793,37.45934],[126.92791,37.45914],[126.92801,37.45914],[126.92802,37.45928],[126.928,37.45934],[126.92793,37.45934]]]}},{"type":"Feature","properties":{"valleyId":"gwanaksan","layer":"shadow","date":"2026-08-01","timeLocal":"17:00"},"geometry":{"type":"Polygon","coordinates":[[[126.92963,37.45993],[126.92959,37.45983],[126.9296,37.4596],[126.92964,37.45957],[126.92965,37.45939],[126.92972,37.45928],[126.92972,37.45913],[126.92984,37.45914],[126.92983,37.45921],[126.92988,37.45921],[126.92988,37.45935],[126.92981,37.45939],[126.9298,37.45955],[126.92969,37.45969],[126.9297,37.45993],[126.92963,37.45993]]]}},{"type":"Feature","properties":{"valleyId":"gwanaksan","layer":"shadow","date":"2026-08-01","timeLocal":"17:00"},"geometry":{"type":"Polygon","coordinates":[[[126.93873,37.45963],[126.93871,37.45956],[126.93864,37.45956],[126.93858,37.45951],[126.93858,37.45942],[126.93865,37.45929],[126.93874,37.45929],[126.93881,37.4594],[126.9388,37.45946],[126.93874,37.45949],[126.93873,37.45956],[126.9388,37.45956],[126.93882,37.45964],[126.93873,37.45963]]]}},{"type":"Feature","properties":{"valleyId":"gwanaksan","layer":"shadow","date":"2026-08-01","timeLocal":"17:00"},"geometry":{"type":"Polygon","coordinates":[[[126.94902,37.45956],[126.94898,37.45952],[126.94896,37.45942],[126.94921,37.45947],[126.9492,37.45953],[126.94909,37.45953],[126.94909,37.45956],[126.94902,37.45956]]]}},{"type":"Feature","properties":{"valleyId":"gwanaksan","layer":"shadow","date":"2026-08-01","timeLocal":"17:00"},"geometry":{"type":"Polygon","coordinates":[[[126.958,37.45963],[126.958,37.45957],[126.95807,37.45957],[126.95806,37.45963],[126.958,37.45963]]]}},{"type":"Feature","properties":{"valleyId":"gwanaksan","layer":"shadow","date":"2026-08-01","timeLocal":"17:00"},"geometry":{"type":"Polygon","coordinates":[[[126.9295,37.45909],[126.9295,37.45904],[126.92957,37.45904],[126.92957,37.4591],[126.9295,37.45909]]]}},{"type":"Feature","properties":{"valleyId":"gwanaksan","layer":"shadow","date":"2026-08-01","timeLocal":"17:00"},"geometry":{"type":"Polygon","coordinates":[[[126.9273,37.45915],[126.92731,37.45902],[126.92733,37.45898],[126.9274,37.45899],[126.92737,37.45915],[126.9273,37.45915]]]}},{"type":"Feature","properties":{"valleyId":"gwanaksan","layer":"shadow","date":"2026-08-01","timeLocal":"17:00"},"geometry":{"type":"Polygon","coordinates":[[[126.9571,37.4595],[126.9571,37.45945],[126.95716,37.45945],[126.95716,37.4595],[126.9571,37.4595]]]}},{"type":"Feature","properties":{"valleyId":"gwanaksan","layer":"shadow","date":"2026-08-01","timeLocal":"17:00"},"geometry":{"type":"Polygon","coordinates":[[[126.9361,37.45917],[126.9361,37.45907],[126.93624,37.45903],[126.93626,37.45914],[126.93621,37.45914],[126.93619,37.45918],[126.9361,37.45917]]]}},{"type":"Feature","properties":{"valleyId":"gwanaksan","layer":"shadow","date":"2026-08-01","timeLocal":"17:00"},"geometry":{"type":"Polygon","coordinates":[[[126.92995,37.45898],[126.92996,37.4589],[126.93002,37.4589],[126.93002,37.45898],[126.92995,37.45898]]]}},{"type":"Feature","properties":{"valleyId":"gwanaksan","layer":"shadow","date":"2026-08-01","timeLocal":"17:00"},"geometry":{"type":"Polygon","coordinates":[[[126.92928,37.45898],[126.92925,37.45895],[126.92916,37.45893],[126.92917,37.45887],[126.92939,37.45893],[126.92939,37.45898],[126.92928,37.45898]]]}},{"type":"Feature","properties":{"valleyId":"gwanaksan","layer":"shadow","date":"2026-08-01","timeLocal":"17:00"},"geometry":{"type":"Polygon","coordinates":[[[126.94725,37.45984],[126.94725,37.45976],[126.94721,37.45976],[126.94721,37.45964],[126.94717,37.4596],[126.94717,37.45953],[126.94701,37.45954],[126.94701,37.45945],[126.94695,37.4594],[126.94695,37.45925],[126.947,37.45926],[126.947,37.45915],[126.94709,37.45915],[126.9471,37.45946],[126.94735,37.45959],[126.94735,37.45968],[126.9473,37.45969],[126.94734,37.45984],[126.94725,37.45984]]]}},{"type":"Feature","properties":{"valleyId":"gwanaksan","layer":"shadow","date":"2026-08-01","timeLocal":"17:00"},"geometry":{"type":"Polygon","coordinates":[[[126.94729,37.45931],[126.94729,37.45922],[126.94725,37.45921],[126.94725,37.45915],[126.94734,37.45915],[126.94738,37.45924],[126.94738,37.4593],[126.94729,37.45931]]]}},{"type":"Feature","properties":{"valleyId":"gwanaksan","layer":"shadow","date":"2026-08-01","timeLocal":"17:00"},"geometry":{"type":"Polygon","coordinates":[[[126.95574,37.45942],[126.95568,37.45932],[126.95568,37.45926],[126.95575,37.45926],[126.95579,37.4593],[126.95581,37.45943],[126.95574,37.45942]]]}},{"type":"Feature","properties":{"valleyId":"gwanaksan","layer":"shadow","date":"2026-08-01","timeLocal":"17:00"},"geometry":{"type":"Polygon","coordinates":[[[126.94621,37.45917],[126.94614,37.4591],[126.94614,37.45902],[126.94621,37.45903],[126.94621,37.45906],[126.9463,37.45912],[126.9463,37.45917],[126.94621,37.45917]]]}},{"type":"Feature","properties":{"valleyId":"gwanaksan","layer":"shadow","date":"2026-08-01","timeLocal":"17:00"},"geometry":{"type":"Polygon","coordinates":[[[126.94668,37.45912],[126.94668,37.45909],[126.94662,37.45907],[126.94662,37.45901],[126.94675,37.45903],[126.94675,37.45912],[126.94668,37.45912]]]}},{"type":"Feature","properties":{"valleyId":"gwanaksan","layer":"shadow","date":"2026-08-01","timeLocal":"17:00"},"geometry":{"type":"Polygon","coordinates":[[[126.94718,37.45913],[126.94713,37.45911],[126.94714,37.45897],[126.9473,37.45899],[126.94732,37.45906],[126.94725,37.45908],[126.94725,37.45913],[126.94718,37.45913]]]}},{"type":"Feature","properties":{"valleyId":"gwanaksan","layer":"shadow","date":"2026-08-01","timeLocal":"17:00"},"geometry":{"type":"Polygon","coordinates":[[[126.95464,37.45923],[126.95471,37.45905],[126.95485,37.45903],[126.95477,37.45921],[126.95464,37.45923]]]}},{"type":"Feature","properties":{"valleyId":"gwanaksan","layer":"shadow","date":"2026-08-01","timeLocal":"17:00"},"geometry":{"type":"Polygon","coordinates":[[[126.94635,37.45896],[126.94631,37.45885],[126.94642,37.45883],[126.94642,37.45896],[126.94635,37.45896]]]}},{"type":"Feature","properties":{"valleyId":"gwanaksan","layer":"shadow","date":"2026-08-01","timeLocal":"17:00"},"geometry":{"type":"Polygon","coordinates":[[[126.9459,37.45895],[126.94585,37.45889],[126.94585,37.4588],[126.94597,37.4588],[126.94603,37.45888],[126.94603,37.45895],[126.9459,37.45895]]]}},{"type":"Feature","properties":{"valleyId":"gwanaksan","layer":"shadow","date":"2026-08-01","timeLocal":"17:00"},"geometry":{"type":"Polygon","coordinates":[[[126.94644,37.45885],[126.94644,37.45874],[126.94656,37.45876],[126.94656,37.45881],[126.94651,37.45885],[126.94644,37.45885]]]}},{"type":"Feature","properties":{"valleyId":"gwanaksan","layer":"shadow","date":"2026-08-01","timeLocal":"17:00"},"geometry":{"type":"Polygon","coordinates":[[[126.92771,37.45834],[126.92771,37.45829],[126.92778,37.45829],[126.92778,37.45834],[126.92771,37.45834]]]}},{"type":"Feature","properties":{"valleyId":"gwanaksan","layer":"shadow","date":"2026-08-01","timeLocal":"17:00"},"geometry":{"type":"Polygon","coordinates":[[[126.9545,37.45845],[126.95451,37.4583],[126.95457,37.45831],[126.95457,37.45845],[126.9545,37.45845]]]}},{"type":"Feature","properties":{"valleyId":"gwanaksan","layer":"shadow","date":"2026-08-01","timeLocal":"17:00"},"geometry":{"type":"Polygon","coordinates":[[[126.94641,37.4582],[126.94642,37.45815],[126.94648,37.45815],[126.94648,37.4582],[126.94641,37.4582]]]}},{"type":"Feature","properties":{"valleyId":"gwanaksan","layer":"shadow","date":"2026-08-01","timeLocal":"17:00"},"geometry":{"type":"Polygon","coordinates":[[[126.95173,37.45824],[126.95173,37.45818],[126.9518,37.45818],[126.95179,37.45824],[126.95173,37.45824]]]}},{"type":"Feature","properties":{"valleyId":"gwanaksan","layer":"shadow","date":"2026-08-01","timeLocal":"17:00"},"geometry":{"type":"Polygon","coordinates":[[[126.95487,37.45901],[126.95488,37.45874],[126.95481,37.45869],[126.95479,37.45851],[126.95473,37.45845],[126.95476,37.45822],[126.95482,37.45822],[126.95487,37.45826],[126.95487,37.45831],[126.95493,37.45833],[126.95493,37.45838],[126.95484,37.45842],[126.95484,37.45847],[126.95495,37.45849],[126.95495,37.45862],[126.95499,37.45864],[126.95499,37.45875],[126.95494,37.45878],[126.95494,37.45901],[126.95487,37.45901]]]}},{"type":"Feature","properties":{"valleyId":"gwanaksan","layer":"shadow","date":"2026-08-01","timeLocal":"17:00"},"geometry":{"type":"Polygon","coordinates":[[[126.94709,37.45816],[126.9471,37.45809],[126.94716,37.45809],[126.94716,37.45816],[126.94709,37.45816]]]}},{"type":"Feature","properties":{"valleyId":"gwanaksan","layer":"shadow","date":"2026-08-01","timeLocal":"17:00"},"geometry":{"type":"Polygon","coordinates":[[[126.95399,37.45826],[126.95399,37.45817],[126.95406,37.45817],[126.95408,37.45826],[126.95399,37.45826]]]}},{"type":"Feature","properties":{"valleyId":"gwanaksan","layer":"shadow","date":"2026-08-01","timeLocal":"17:00"},"geometry":{"type":"Polygon","coordinates":[[[126.9543,37.45821],[126.95431,37.45812],[126.95437,37.45812],[126.95437,37.45821],[126.9543,37.45821]]]}},{"type":"Feature","properties":{"valleyId":"gwanaksan","layer":"shadow","date":"2026-08-01","timeLocal":"17:00"},"geometry":{"type":"Polygon","coordinates":[[[126.9546,37.45822],[126.95455,37.4582],[126.95456,37.45814],[126.9546,37.45814],[126.9546,37.45811],[126.95467,37.45811],[126.95467,37.45822],[126.9546,37.45822]]]}},{"type":"Feature","properties":{"valleyId":"gwanaksan","layer":"shadow","date":"2026-08-01","timeLocal":"17:00"},"geometry":{"type":"Polygon","coordinates":[[[126.95437,37.45812],[126.9544,37.45805],[126.95449,37.45805],[126.95449,37.45811],[126.95437,37.45812]]]}},{"type":"Feature","properties":{"valleyId":"gwanaksan","layer":"shadow","date":"2026-08-01","timeLocal":"17:00"},"geometry":{"type":"Polygon","coordinates":[[[126.94719,37.45801],[126.94721,37.45794],[126.94739,37.45791],[126.94739,37.45796],[126.9473,37.45798],[126.94728,37.45802],[126.94719,37.45801]]]}},{"type":"Feature","properties":{"valleyId":"gwanaksan","layer":"shadow","date":"2026-08-01","timeLocal":"17:00"},"geometry":{"type":"Polygon","coordinates":[[[126.95444,37.45803],[126.95445,37.45798],[126.95451,37.45798],[126.95451,37.45803],[126.95444,37.45803]]]}},{"type":"Feature","properties":{"valleyId":"gwanaksan","layer":"shadow","date":"2026-08-01","timeLocal":"17:00"},"geometry":{"type":"Polygon","coordinates":[[[126.95438,37.45794],[126.95438,37.45789],[126.95445,37.45789],[126.95445,37.45794],[126.95438,37.45794]]]}},{"type":"Feature","properties":{"valleyId":"gwanaksan","layer":"shadow","date":"2026-08-01","timeLocal":"17:00"},"geometry":{"type":"Polygon","coordinates":[[[126.95456,37.45782],[126.95455,37.4576],[126.95464,37.4576],[126.95473,37.45766],[126.95472,37.45775],[126.95468,37.45775],[126.95463,37.45782],[126.95456,37.45782]]]}},{"type":"Feature","properties":{"valleyId":"gwanaksan","layer":"shadow","date":"2026-08-01","timeLocal":"17:00"},"geometry":{"type":"Polygon","coordinates":[[[126.94733,37.45771],[126.94731,37.4576],[126.94727,37.45757],[126.94729,37.45742],[126.94738,37.45742],[126.94745,37.45764],[126.94744,37.45769],[126.94733,37.45771]]]}},{"type":"Feature","properties":{"valleyId":"gwanaksan","layer":"shadow","date":"2026-08-01","timeLocal":"17:00"},"geometry":{"type":"Polygon","coordinates":[[[126.95037,37.45749],[126.95037,37.45742],[126.95044,37.45742],[126.95044,37.45749],[126.95037,37.45749]]]}},{"type":"Feature","properties":{"valleyId":"gwanaksan","layer":"shadow","date":"2026-08-01","timeLocal":"17:00"},"geometry":{"type":"Polygon","coordinates":[[[126.95494,37.45741],[126.95494,37.45734],[126.95503,37.45734],[126.95503,37.45741],[126.95494,37.45741]]]}},{"type":"Feature","properties":{"valleyId":"gwanaksan","layer":"shadow","date":"2026-08-01","timeLocal":"17:00"},"geometry":{"type":"Polygon","coordinates":[[[126.95483,37.45815],[126.95483,37.45804],[126.95487,37.45804],[126.9549,37.458],[126.95497,37.45777],[126.95511,37.45772],[126.95511,37.45759],[126.95525,37.45758],[126.95532,37.45747],[126.95539,37.45742],[126.95543,37.45742],[126.95544,37.45733],[126.9555,37.45733],[126.95552,37.45742],[126.95548,37.45742],[126.95548,37.45747],[126.95541,37.45751],[126.95538,37.45758],[126.95532,37.4576],[126.95532,37.45763],[126.95527,37.45763],[126.95527,37.45769],[126.9552,37.45774],[126.95515,37.45774],[126.95515,37.45779],[126.9552,37.45779],[126.9552,37.45783],[126.95526,37.45785],[126.95531,37.45792],[126.95535,37.45792],[126.95535,37.45798],[126.95524,37.45801],[126.95506,37.45801],[126.95503,37.45808],[126.95492,37.45809],[126.95492,37.45815],[126.95483,37.45815]]]}},{"type":"Feature","properties":{"valleyId":"gwanaksan","layer":"shadow","date":"2026-08-01","timeLocal":"17:00"},"geometry":{"type":"Polygon","coordinates":[[[126.94915,37.45727],[126.94915,37.45722],[126.94922,37.45722],[126.94922,37.45728],[126.94915,37.45727]]]}},{"type":"Feature","properties":{"valleyId":"gwanaksan","layer":"shadow","date":"2026-08-01","timeLocal":"17:00"},"geometry":{"type":"Polygon","coordinates":[[[126.95135,37.45722],[126.95135,37.45715],[126.95144,37.45715],[126.95144,37.45722],[126.95135,37.45722]]]}},{"type":"Feature","properties":{"valleyId":"gwanaksan","layer":"shadow","date":"2026-08-01","timeLocal":"17:00"},"geometry":{"type":"Polygon","coordinates":[[[126.95458,37.45722],[126.95458,37.45713],[126.95465,37.45713],[126.95465,37.45723],[126.95458,37.45722]]]}},{"type":"Feature","properties":{"valleyId":"gwanaksan","layer":"shadow","date":"2026-08-01","timeLocal":"17:00"},"geometry":{"type":"Polygon","coordinates":[[[126.95417,37.45716],[126.95418,37.45711],[126.95424,37.45711],[126.95424,37.45716],[126.95417,37.45716]]]}},{"type":"Feature","properties":{"valleyId":"gwanaksan","layer":"shadow","date":"2026-08-01","timeLocal":"17:00"},"geometry":{"type":"Polygon","coordinates":[[[126.94738,37.45742],[126.94746,37.45715],[126.94739,37.45708],[126.9474,37.45703],[126.94733,37.45699],[126.94733,37.45694],[126.94742,37.45694],[126.94742,37.45697],[126.94746,37.45697],[126.94746,37.45701],[126.94753,37.45707],[126.94753,37.45714],[126.94757,37.45714],[126.94759,37.45717],[126.94757,37.45732],[126.94752,37.45732],[126.94745,37.45742],[126.94738,37.45742]]]}},{"type":"Feature","properties":{"valleyId":"gwanaksan","layer":"shadow","date":"2026-08-01","timeLocal":"17:00"},"geometry":{"type":"Polygon","coordinates":[[[126.95551,37.45726],[126.95553,37.45708],[126.95562,37.45706],[126.95564,37.45719],[126.95557,37.45726],[126.95551,37.45726]]]}},{"type":"Feature","properties":{"valleyId":"gwanaksan","layer":"shadow","date":"2026-08-01","timeLocal":"17:00"},"geometry":{"type":"Polygon","coordinates":[[[126.94916,37.45697],[126.94916,37.45688],[126.94928,37.4569],[126.94925,37.45697],[126.94916,37.45697]]]}},{"type":"Feature","properties":{"valleyId":"gwanaksan","layer":"shadow","date":"2026-08-01","timeLocal":"17:00"},"geometry":{"type":"Polygon","coordinates":[[[126.95359,37.45703],[126.95357,37.45694],[126.95364,37.45694],[126.95366,37.45703],[126.95359,37.45703]]]}},{"type":"Feature","properties":{"valleyId":"gwanaksan","layer":"shadow","date":"2026-08-01","timeLocal":"17:00"},"geometry":{"type":"Polygon","coordinates":[[[126.94733,37.45685],[126.94733,37.45679],[126.9474,37.45679],[126.9474,37.45685],[126.94733,37.45685]]]}},{"type":"Feature","properties":{"valleyId":"gwanaksan","layer":"shadow","date":"2026-08-01","timeLocal":"17:00"},"geometry":{"type":"Polygon","coordinates":[[[126.95563,37.45704],[126.95565,37.45692],[126.95574,37.45692],[126.95574,37.45703],[126.95563,37.45704]]]}},{"type":"Feature","properties":{"valleyId":"gwanaksan","layer":"shadow","date":"2026-08-01","timeLocal":"17:00"},"geometry":{"type":"Polygon","coordinates":[[[126.94801,37.45697],[126.94799,37.45682],[126.94804,37.45677],[126.9481,37.45677],[126.94812,37.4569],[126.94808,37.45697],[126.94801,37.45697]]]}},{"type":"Feature","properties":{"valleyId":"gwanaksan","layer":"shadow","date":"2026-08-01","timeLocal":"17:00"},"geometry":{"type":"Polygon","coordinates":[[[126.94774,37.45678],[126.94774,37.45665],[126.94781,37.45666],[126.94781,37.45678],[126.94774,37.45678]]]}},{"type":"Feature","properties":{"valleyId":"gwanaksan","layer":"shadow","date":"2026-08-01","timeLocal":"17:00"},"geometry":{"type":"Polygon","coordinates":[[[126.94808,37.45673],[126.94809,37.45661],[126.94815,37.45661],[126.94815,37.45664],[126.9482,37.45664],[126.9482,37.4567],[126.94815,37.45673],[126.94808,37.45673]]]}},{"type":"Feature","properties":{"valleyId":"gwanaksan","layer":"shadow","date":"2026-08-01","timeLocal":"17:00"},"geometry":{"type":"Polygon","coordinates":[[[126.95527,37.45689],[126.9552,37.45682],[126.9552,37.45675],[126.95525,37.45671],[126.95532,37.45671],[126.95534,37.45689],[126.95527,37.45689]]]}},{"type":"Feature","properties":{"valleyId":"gwanaksan","layer":"shadow","date":"2026-08-01","timeLocal":"17:00"},"geometry":{"type":"Polygon","coordinates":[[[126.94784,37.45662],[126.94786,37.45649],[126.94793,37.4565],[126.94795,37.45659],[126.9479,37.45662],[126.94784,37.45662]]]}},{"type":"Feature","properties":{"valleyId":"gwanaksan","layer":"shadow","date":"2026-08-01","timeLocal":"17:00"},"geometry":{"type":"Polygon","coordinates":[[[126.94572,37.45646],[126.94572,37.4564],[126.94578,37.4564],[126.94578,37.45646],[126.94572,37.45646]]]}},{"type":"Feature","properties":{"valleyId":"gwanaksan","layer":"shadow","date":"2026-08-01","timeLocal":"17:00"},"geometry":{"type":"Polygon","coordinates":[[[126.9505,37.45661],[126.95051,37.45656],[126.95042,37.45656],[126.95042,37.45645],[126.95058,37.45647],[126.95057,37.45661],[126.9505,37.45661]]]}},{"type":"Feature","properties":{"valleyId":"gwanaksan","layer":"shadow","date":"2026-08-01","timeLocal":"17:00"},"geometry":{"type":"Polygon","coordinates":[[[126.94606,37.45641],[126.94604,37.45634],[126.9461,37.45634],[126.94612,37.45641],[126.94606,37.45641]]]}},{"type":"Feature","properties":{"valleyId":"gwanaksan","layer":"shadow","date":"2026-08-01","timeLocal":"17:00"},"geometry":{"type":"Polygon","coordinates":[[[126.94895,37.45648],[126.94898,37.45628],[126.94916,37.4563],[126.94911,37.45643],[126.94902,37.45648],[126.94895,37.45648]]]}},{"type":"Feature","properties":{"valleyId":"gwanaksan","layer":"shadow","date":"2026-08-01","timeLocal":"17:00"},"geometry":{"type":"Polygon","coordinates":[[[126.94938,37.45641],[126.94938,37.45629],[126.94945,37.45629],[126.94945,37.45641],[126.94938,37.45641]]]}},{"type":"Feature","properties":{"valleyId":"gwanaksan","layer":"shadow","date":"2026-08-01","timeLocal":"17:00"},"geometry":{"type":"Polygon","coordinates":[[[126.95548,37.4567],[126.95546,37.4565],[126.95541,37.4565],[126.95542,37.45645],[126.95537,37.45644],[126.95537,37.45637],[126.95544,37.45637],[126.95548,37.45643],[126.95548,37.4565],[126.95557,37.45654],[126.95554,37.4567],[126.95548,37.4567]]]}},{"type":"Feature","properties":{"valleyId":"gwanaksan","layer":"shadow","date":"2026-08-01","timeLocal":"17:00"},"geometry":{"type":"Polygon","coordinates":[[[126.948,37.45632],[126.94801,37.45619],[126.94807,37.45619],[126.94807,37.45632],[126.948,37.45632]]]}},{"type":"Feature","properties":{"valleyId":"gwanaksan","layer":"shadow","date":"2026-08-01","timeLocal":"17:00"},"geometry":{"type":"Polygon","coordinates":[[[126.94803,37.4561],[126.94806,37.45592],[126.94808,37.45589],[126.94815,37.45589],[126.9481,37.4561],[126.94803,37.4561]]]}},{"type":"Feature","properties":{"valleyId":"gwanaksan","layer":"shadow","date":"2026-08-01","timeLocal":"17:00"},"geometry":{"type":"Polygon","coordinates":[[[126.95576,37.45607],[126.95577,37.45602],[126.95583,37.45602],[126.95583,37.45607],[126.95576,37.45607]]]}},{"type":"Feature","properties":{"valleyId":"gwanaksan","layer":"shadow","date":"2026-08-01","timeLocal":"17:00"},"geometry":{"type":"Polygon","coordinates":[[[126.95238,37.456],[126.95238,37.45594],[126.95244,37.45594],[126.95244,37.456],[126.95238,37.456]]]}},{"type":"Feature","properties":{"valleyId":"gwanaksan","layer":"shadow","date":"2026-08-01","timeLocal":"17:00"},"geometry":{"type":"Polygon","coordinates":[[[126.95572,37.45598],[126.95572,37.45591],[126.95579,37.45591],[126.95579,37.45598],[126.95572,37.45598]]]}},{"type":"Feature","properties":{"valleyId":"gwanaksan","layer":"shadow","date":"2026-08-01","timeLocal":"17:00"},"geometry":{"type":"Polygon","coordinates":[[[126.94824,37.45582],[126.94829,37.45567],[126.94836,37.45567],[126.94836,37.45578],[126.94831,37.45582],[126.94824,37.45582]]]}},{"type":"Feature","properties":{"valleyId":"gwanaksan","layer":"shadow","date":"2026-08-01","timeLocal":"17:00"},"geometry":{"type":"Polygon","coordinates":[[[126.94617,37.45571],[126.94619,37.45558],[126.94624,37.45557],[126.94624,37.45553],[126.94631,37.45553],[126.9463,37.4556],[126.94623,37.45571],[126.94617,37.45571]]]}},{"type":"Feature","properties":{"valleyId":"gwanaksan","layer":"shadow","date":"2026-08-01","timeLocal":"17:00"},"geometry":{"type":"Polygon","coordinates":[[[126.9485,37.4556],[126.9485,37.45555],[126.94857,37.45555],[126.94856,37.45561],[126.9485,37.4556]]]}},{"type":"Feature","properties":{"valleyId":"gwanaksan","layer":"shadow","date":"2026-08-01","timeLocal":"17:00"},"geometry":{"type":"Polygon","coordinates":[[[126.95343,37.4556],[126.95343,37.45555],[126.95352,37.45553],[126.95352,37.45558],[126.95343,37.4556]]]}},{"type":"Feature","properties":{"valleyId":"gwanaksan","layer":"shadow","date":"2026-08-01","timeLocal":"17:00"},"geometry":{"type":"Polygon","coordinates":[[[126.95297,37.45557],[126.95298,37.45552],[126.95304,37.45552],[126.95304,37.45558],[126.95297,37.45557]]]}},{"type":"Feature","properties":{"valleyId":"gwanaksan","layer":"shadow","date":"2026-08-01","timeLocal":"17:00"},"geometry":{"type":"Polygon","coordinates":[[[126.95013,37.45551],[126.95013,37.45543],[126.95026,37.45545],[126.95026,37.45551],[126.95013,37.45551]]]}},{"type":"Feature","properties":{"valleyId":"gwanaksan","layer":"shadow","date":"2026-08-01","timeLocal":"17:00"},"geometry":{"type":"Polygon","coordinates":[[[126.95047,37.45551],[126.95049,37.45539],[126.95067,37.45543],[126.95067,37.4555],[126.95047,37.45551]]]}},{"type":"Feature","properties":{"valleyId":"gwanaksan","layer":"shadow","date":"2026-08-01","timeLocal":"17:00"},"geometry":{"type":"Polygon","coordinates":[[[126.94963,37.45548],[126.94966,37.45532],[126.94961,37.45528],[126.94962,37.45521],[126.94964,37.4551],[126.94971,37.4551],[126.9497,37.45526],[126.94979,37.45534],[126.94979,37.45545],[126.94963,37.45548]]]}},{"type":"Feature","properties":{"valleyId":"gwanaksan","layer":"shadow","date":"2026-08-01","timeLocal":"17:00"},"geometry":{"type":"Polygon","coordinates":[[[126.94969,37.45507],[126.94969,37.45498],[126.94976,37.45498],[126.94976,37.45507],[126.94969,37.45507]]]}},{"type":"Feature","properties":{"valleyId":"gwanaksan","layer":"shadow","date":"2026-08-01","timeLocal":"17:00"},"geometry":{"type":"Polygon","coordinates":[[[126.95365,37.45503],[126.95363,37.4549],[126.95372,37.4549],[126.95374,37.45499],[126.95371,37.45503],[126.95365,37.45503]]]}},{"type":"Feature","properties":{"valleyId":"gwanaksan","layer":"shadow","date":"2026-08-01","timeLocal":"17:00"},"geometry":{"type":"Polygon","coordinates":[[[126.94879,37.45483],[126.94879,37.45476],[126.94886,37.45476],[126.94886,37.45484],[126.94879,37.45483]]]}},{"type":"Feature","properties":{"valleyId":"gwanaksan","layer":"shadow","date":"2026-08-01","timeLocal":"17:00"},"geometry":{"type":"Polygon","coordinates":[[[126.95198,37.45482],[126.95198,37.45469],[126.95205,37.45469],[126.95207,37.45482],[126.95198,37.45482]]]}},{"type":"Feature","properties":{"valleyId":"gwanaksan","layer":"shadow","date":"2026-08-01","timeLocal":"17:00"},"geometry":{"type":"Polygon","coordinates":[[[126.94879,37.45464],[126.9488,37.45458],[126.94886,37.45458],[126.94886,37.45464],[126.94879,37.45464]]]}},{"type":"Feature","properties":{"valleyId":"gwanaksan","layer":"shadow","date":"2026-08-01","timeLocal":"17:00"},"geometry":{"type":"Polygon","coordinates":[[[126.94907,37.45459],[126.94909,37.4545],[126.94918,37.45448],[126.94916,37.45459],[126.94907,37.45459]]]}},{"type":"Feature","properties":{"valleyId":"gwanaksan","layer":"shadow","date":"2026-08-01","timeLocal":"17:00"},"geometry":{"type":"Polygon","coordinates":[[[126.94936,37.45463],[126.94936,37.45447],[126.94952,37.4545],[126.94952,37.45456],[126.94943,37.45463],[126.94936,37.45463]]]}},{"type":"Feature","properties":{"valleyId":"gwanaksan","layer":"shadow","date":"2026-08-01","timeLocal":"17:00"},"geometry":{"type":"Polygon","coordinates":[[[126.94878,37.45447],[126.94871,37.4544],[126.94871,37.45435],[126.94876,37.45433],[126.94876,37.45429],[126.94883,37.45429],[126.94884,37.45447],[126.94878,37.45447]]]}},{"type":"Feature","properties":{"valleyId":"gwanaksan","layer":"shadow","date":"2026-08-01","timeLocal":"17:00"},"geometry":{"type":"Polygon","coordinates":[[[126.94736,37.45432],[126.94734,37.45423],[126.9474,37.45423],[126.94742,37.45432],[126.94736,37.45432]]]}},{"type":"Feature","properties":{"valleyId":"gwanaksan","layer":"shadow","date":"2026-08-01","timeLocal":"17:00"},"geometry":{"type":"Polygon","coordinates":[[[126.94918,37.45446],[126.94921,37.45425],[126.9493,37.45425],[126.94928,37.45443],[126.94925,37.45446],[126.94918,37.45446]]]}},{"type":"Feature","properties":{"valleyId":"gwanaksan","layer":"shadow","date":"2026-08-01","timeLocal":"17:00"},"geometry":{"type":"Polygon","coordinates":[[[126.9524,37.45441],[126.9524,37.4543],[126.95247,37.4543],[126.95246,37.45441],[126.9524,37.45441]]]}},{"type":"Feature","properties":{"valleyId":"gwanaksan","layer":"shadow","date":"2026-08-01","timeLocal":"17:00"},"geometry":{"type":"Polygon","coordinates":[[[126.95511,37.4544],[126.95511,37.45433],[126.9552,37.45431],[126.95518,37.4544],[126.95511,37.4544]]]}},{"type":"Feature","properties":{"valleyId":"gwanaksan","layer":"shadow","date":"2026-08-01","timeLocal":"17:00"},"geometry":{"type":"Polygon","coordinates":[[[126.95012,37.45405],[126.95012,37.45399],[126.95019,37.45399],[126.95019,37.45405],[126.95012,37.45405]]]}},{"type":"Feature","properties":{"valleyId":"gwanaksan","layer":"shadow","date":"2026-08-01","timeLocal":"17:00"},"geometry":{"type":"Polygon","coordinates":[[[126.95076,37.454],[126.95076,37.45395],[126.95083,37.45395],[126.95082,37.454],[126.95076,37.454]]]}},{"type":"Feature","properties":{"valleyId":"gwanaksan","layer":"shadow","date":"2026-08-01","timeLocal":"17:00"},"geometry":{"type":"Polygon","coordinates":[[[126.94798,37.45372],[126.94799,37.45365],[126.94805,37.45365],[126.94805,37.45372],[126.94798,37.45372]]]}},{"type":"Feature","properties":{"valleyId":"gwanaksan","layer":"shadow","date":"2026-08-01","timeLocal":"17:00"},"geometry":{"type":"Polygon","coordinates":[[[126.95015,37.45374],[126.95013,37.45358],[126.9502,37.45358],[126.9502,37.45363],[126.95025,37.45365],[126.95024,37.45374],[126.95015,37.45374]]]}},{"type":"Feature","properties":{"valleyId":"gwanaksan","layer":"shadow","date":"2026-08-01","timeLocal":"17:00"},"geometry":{"type":"Polygon","coordinates":[[[126.95258,37.45351],[126.95258,37.45346],[126.95265,37.45346],[126.95265,37.45351],[126.95258,37.45351]]]}},{"type":"Feature","properties":{"valleyId":"gwanaksan","layer":"shadow","date":"2026-08-01","timeLocal":"17:00"},"geometry":{"type":"Polygon","coordinates":[[[126.95016,37.45356],[126.95019,37.45338],[126.95025,37.45338],[126.95023,37.45356],[126.95016,37.45356]]]}},{"type":"Feature","properties":{"valleyId":"gwanaksan","layer":"shadow","date":"2026-08-01","timeLocal":"17:00"},"geometry":{"type":"Polygon","coordinates":[[[126.9488,37.45346],[126.94878,37.45334],[126.94881,37.45328],[126.94888,37.45329],[126.9489,37.45336],[126.94885,37.45336],[126.94885,37.45341],[126.9489,37.45341],[126.94889,37.45347],[126.9488,37.45346]]]}},{"type":"Feature","properties":{"valleyId":"gwanaksan","layer":"shadow","date":"2026-08-01","timeLocal":"17:00"},"geometry":{"type":"Polygon","coordinates":[[[126.92573,37.45297],[126.92574,37.4529],[126.92587,37.45288],[126.92587,37.45294],[126.92583,37.45294],[126.92582,37.45297],[126.92573,37.45297]]]}},{"type":"Feature","properties":{"valleyId":"gwanaksan","layer":"shadow","date":"2026-08-01","timeLocal":"17:00"},"geometry":{"type":"Polygon","coordinates":[[[126.95477,37.45341],[126.95478,37.45335],[126.95484,37.45335],[126.95484,37.45341],[126.95477,37.45341]]]}},{"type":"Feature","properties":{"valleyId":"gwanaksan","layer":"shadow","date":"2026-08-01","timeLocal":"17:00"},"geometry":{"type":"Polygon","coordinates":[[[126.94847,37.45344],[126.94835,37.45338],[126.94836,37.45333],[126.94845,37.45328],[126.94856,37.45326],[126.94856,37.45321],[126.94863,37.45321],[126.94865,37.45343],[126.94847,37.45344]]]}},{"type":"Feature","properties":{"valleyId":"gwanaksan","layer":"shadow","date":"2026-08-01","timeLocal":"17:00"},"geometry":{"type":"Polygon","coordinates":[[[126.92587,37.45287],[126.92592,37.45276],[126.92606,37.45276],[126.92603,37.45285],[126.92587,37.45287]]]}},{"type":"Feature","properties":{"valleyId":"gwanaksan","layer":"shadow","date":"2026-08-01","timeLocal":"17:00"},"geometry":{"type":"Polygon","coordinates":[[[126.95021,37.45329],[126.95021,37.45318],[126.95028,37.45318],[126.9503,37.45326],[126.95028,37.45329],[126.95021,37.45329]]]}},{"type":"Feature","properties":{"valleyId":"gwanaksan","layer":"shadow","date":"2026-08-01","timeLocal":"17:00"},"geometry":{"type":"Polygon","coordinates":[[[126.948,37.4532],[126.948,37.45313],[126.94795,37.45311],[126.94796,37.45305],[126.94805,37.45306],[126.94805,37.45311],[126.94809,37.45313],[126.94809,37.4532],[126.948,37.4532]]]}},{"type":"Feature","properties":{"valleyId":"gwanaksan","layer":"shadow","date":"2026-08-01","timeLocal":"17:00"},"geometry":{"type":"Polygon","coordinates":[[[126.94928,37.45423],[126.94929,37.45398],[126.94923,37.45378],[126.94923,37.45349],[126.94935,37.45328],[126.94936,37.45306],[126.94943,37.45306],[126.94942,37.45313],[126.94949,37.45319],[126.94949,37.45333],[126.94942,37.4534],[126.94939,37.45355],[126.94947,37.45394],[126.94937,37.45409],[126.94937,37.4542],[126.94935,37.45423],[126.94928,37.45423]]]}},{"type":"Feature","properties":{"valleyId":"gwanaksan","layer":"shadow","date":"2026-08-01","timeLocal":"17:00"},"geometry":{"type":"Polygon","coordinates":[[[126.94836,37.45306],[126.94836,37.45301],[126.94845,37.45301],[126.94845,37.45306],[126.94836,37.45306]]]}},{"type":"Feature","properties":{"valleyId":"gwanaksan","layer":"shadow","date":"2026-08-01","timeLocal":"17:00"},"geometry":{"type":"Polygon","coordinates":[[[126.95315,37.45316],[126.95316,37.45307],[126.95322,37.45307],[126.95322,37.45316],[126.95315,37.45316]]]}},{"type":"Feature","properties":{"valleyId":"gwanaksan","layer":"shadow","date":"2026-08-01","timeLocal":"17:00"},"geometry":{"type":"Polygon","coordinates":[[[126.94943,37.45302],[126.94943,37.45292],[126.94952,37.4529],[126.94952,37.45301],[126.94943,37.45302]]]}},{"type":"Feature","properties":{"valleyId":"gwanaksan","layer":"shadow","date":"2026-08-01","timeLocal":"17:00"},"geometry":{"type":"Polygon","coordinates":[[[126.95183,37.45372],[126.95183,37.45364],[126.95192,37.45355],[126.95193,37.45341],[126.95197,37.45336],[126.95198,37.45302],[126.95205,37.45293],[126.95216,37.45293],[126.95218,37.45314],[126.95214,37.45314],[126.95211,37.4532],[126.9521,37.45356],[126.95206,37.45356],[126.95206,37.45359],[126.95199,37.45361],[126.95189,37.45372],[126.95183,37.45372]]]}},{"type":"Feature","properties":{"valleyId":"gwanaksan","layer":"shadow","date":"2026-08-01","timeLocal":"17:00"},"geometry":{"type":"Polygon","coordinates":[[[126.9261,37.45276],[126.92613,37.45255],[126.92609,37.45253],[126.92609,37.45247],[126.92613,37.45244],[126.9262,37.45244],[126.9262,37.45253],[126.92629,37.45257],[126.92629,37.45262],[126.92624,37.45262],[126.92628,37.45277],[126.9261,37.45276]]]}},{"type":"Feature","properties":{"valleyId":"gwanaksan","layer":"shadow","date":"2026-08-01","timeLocal":"17:00"},"geometry":{"type":"Polygon","coordinates":[[[126.95011,37.45286],[126.95011,37.4528],[126.95018,37.4528],[126.95018,37.45286],[126.95011,37.45286]]]}},{"type":"Feature","properties":{"valleyId":"gwanaksan","layer":"shadow","date":"2026-08-01","timeLocal":"17:00"},"geometry":{"type":"Polygon","coordinates":[[[126.9478,37.45282],[126.94781,37.45274],[126.9479,37.45275],[126.94789,37.45282],[126.9478,37.45282]]]}},{"type":"Feature","properties":{"valleyId":"gwanaksan","layer":"shadow","date":"2026-08-01","timeLocal":"17:00"},"geometry":{"type":"Polygon","coordinates":[[[126.9495,37.45288],[126.94952,37.45276],[126.94959,37.45276],[126.94959,37.45287],[126.9495,37.45288]]]}},{"type":"Feature","properties":{"valleyId":"gwanaksan","layer":"shadow","date":"2026-08-01","timeLocal":"17:00"},"geometry":{"type":"Polygon","coordinates":[[[126.9528,37.4529],[126.95276,37.45278],[126.95282,37.45278],[126.95296,37.45285],[126.95296,37.45291],[126.9528,37.4529]]]}},{"type":"Feature","properties":{"valleyId":"gwanaksan","layer":"shadow","date":"2026-08-01","timeLocal":"17:00"},"geometry":{"type":"Polygon","coordinates":[[[126.94799,37.4528],[126.94799,37.45273],[126.94803,37.45273],[126.94803,37.45268],[126.9481,37.45268],[126.9481,37.45279],[126.94799,37.4528]]]}},{"type":"Feature","properties":{"valleyId":"gwanaksan","layer":"shadow","date":"2026-08-01","timeLocal":"17:00"},"geometry":{"type":"Polygon","coordinates":[[[126.94754,37.45265],[126.94756,37.45256],[126.94768,37.45258],[126.94767,37.45265],[126.94754,37.45265]]]}},{"type":"Feature","properties":{"valleyId":"gwanaksan","layer":"shadow","date":"2026-08-01","timeLocal":"17:00"},"geometry":{"type":"Polygon","coordinates":[[[126.94832,37.45286],[126.94833,37.45256],[126.94844,37.45256],[126.94847,37.45259],[126.94858,37.45263],[126.94858,37.45269],[126.9484,37.45266],[126.94839,37.45286],[126.94832,37.45286]]]}},{"type":"Feature","properties":{"valleyId":"gwanaksan","layer":"shadow","date":"2026-08-01","timeLocal":"17:00"},"geometry":{"type":"Polygon","coordinates":[[[126.94948,37.45272],[126.94951,37.45256],[126.94957,37.45256],[126.94955,37.45272],[126.94948,37.45272]]]}},{"type":"Feature","properties":{"valleyId":"gwanaksan","layer":"shadow","date":"2026-08-01","timeLocal":"17:00"},"geometry":{"type":"Polygon","coordinates":[[[126.95253,37.45275],[126.95249,37.45266],[126.95249,37.45254],[126.95258,37.45254],[126.95258,37.45261],[126.95262,37.45265],[126.95262,37.45276],[126.95253,37.45275]]]}},{"type":"Feature","properties":{"valleyId":"gwanaksan","layer":"shadow","date":"2026-08-01","timeLocal":"17:00"},"geometry":{"type":"Polygon","coordinates":[[[126.95236,37.45252],[126.95236,37.45246],[126.95245,37.45246],[126.95245,37.45252],[126.95236,37.45252]]]}},{"type":"Feature","properties":{"valleyId":"gwanaksan","layer":"shadow","date":"2026-08-01","timeLocal":"17:00"},"geometry":{"type":"Polygon","coordinates":[[[126.94748,37.45234],[126.94748,37.45227],[126.94755,37.45227],[126.94757,37.45234],[126.94748,37.45234]]]}},{"type":"Feature","properties":{"valleyId":"gwanaksan","layer":"shadow","date":"2026-08-01","timeLocal":"17:00"},"geometry":{"type":"Polygon","coordinates":[[[126.94773,37.45231],[126.94773,37.45224],[126.9478,37.45224],[126.9478,37.45231],[126.94773,37.45231]]]}},{"type":"Feature","properties":{"valleyId":"gwanaksan","layer":"shadow","date":"2026-08-01","timeLocal":"17:00"},"geometry":{"type":"Polygon","coordinates":[[[126.94795,37.45255],[126.94788,37.45249],[126.94788,37.45244],[126.94797,37.45244],[126.94798,37.45235],[126.94793,37.45235],[126.94793,37.45222],[126.948,37.45223],[126.94803,37.45217],[126.94821,37.45216],[126.94822,37.45232],[126.94811,37.45241],[126.94813,37.45255],[126.94795,37.45255]]]}},{"type":"Feature","properties":{"valleyId":"gwanaksan","layer":"shadow","date":"2026-08-01","timeLocal":"17:00"},"geometry":{"type":"Polygon","coordinates":[[[126.95309,37.45298],[126.95305,37.45275],[126.95288,37.45245],[126.95288,37.45238],[126.95279,37.45225],[126.9528,37.45218],[126.95289,37.4522],[126.95288,37.45229],[126.95295,37.45231],[126.95295,37.45237],[126.95299,37.45238],[126.95297,37.45249],[126.95308,37.45258],[126.95312,37.45284],[126.95316,37.45286],[126.95316,37.45298],[126.95309,37.45298]]]}},{"type":"Feature","properties":{"valleyId":"gwanaksan","layer":"shadow","date":"2026-08-01","timeLocal":"17:00"},"geometry":{"type":"Polygon","coordinates":[[[126.92471,37.45166],[126.92471,37.4516],[126.92478,37.4516],[126.92478,37.45166],[126.92471,37.45166]]]}},{"type":"Feature","properties":{"valleyId":"gwanaksan","layer":"shadow","date":"2026-08-01","timeLocal":"17:00"},"geometry":{"type":"Polygon","coordinates":[[[126.95197,37.45269],[126.95193,37.45258],[126.95193,37.45244],[126.95195,37.4524],[126.95204,37.45239],[126.95207,37.45222],[126.95216,37.45214],[126.95217,37.45201],[126.95224,37.45201],[126.95225,37.45215],[126.95218,37.45224],[126.95218,37.45237],[126.95207,37.45239],[126.95202,37.45249],[126.95208,37.45269],[126.95197,37.45269]]]}},{"type":"Feature","properties":{"valleyId":"gwanaksan","layer":"shadow","date":"2026-08-01","timeLocal":"17:00"},"geometry":{"type":"Polygon","coordinates":[[[126.9479,37.45195],[126.9479,37.4519],[126.94797,37.4519],[126.94796,37.45195],[126.9479,37.45195]]]}},{"type":"Feature","properties":{"valleyId":"gwanaksan","layer":"shadow","date":"2026-08-01","timeLocal":"17:00"},"geometry":{"type":"Polygon","coordinates":[[[126.94824,37.45194],[126.94824,37.45187],[126.94831,37.45187],[126.9483,37.45194],[126.94824,37.45194]]]}},{"type":"Feature","properties":{"valleyId":"gwanaksan","layer":"shadow","date":"2026-08-01","timeLocal":"17:00"},"geometry":{"type":"Polygon","coordinates":[[[126.94738,37.45184],[126.94738,37.45176],[126.94745,37.45176],[126.94745,37.45184],[126.94738,37.45184]]]}},{"type":"Feature","properties":{"valleyId":"gwanaksan","layer":"shadow","date":"2026-08-01","timeLocal":"17:00"},"geometry":{"type":"Polygon","coordinates":[[[126.94736,37.45261],[126.94731,37.45259],[126.94732,37.4525],[126.94725,37.45248],[126.94725,37.45245],[126.9472,37.45245],[126.94718,37.45241],[126.94714,37.45217],[126.94717,37.45194],[126.94713,37.4518],[126.94718,37.4518],[126.94718,37.45176],[126.94729,37.45176],[126.94729,37.45171],[126.94736,37.45171],[126.94736,37.45178],[126.94729,37.45178],[126.94723,37.45218],[126.9473,37.45219],[126.9473,37.45227],[126.94725,37.45227],[126.94727,37.45243],[126.94736,37.45245],[126.94738,37.45252],[126.94743,37.45252],[126.94743,37.45261],[126.94736,37.45261]]]}},{"type":"Feature","properties":{"valleyId":"gwanaksan","layer":"shadow","date":"2026-08-01","timeLocal":"17:00"},"geometry":{"type":"Polygon","coordinates":[[[126.94807,37.45206],[126.9481,37.45196],[126.94806,37.4519],[126.94806,37.45183],[126.94813,37.45183],[126.94811,37.45167],[126.9482,37.45167],[126.94822,37.45172],[126.94829,37.45174],[126.94828,37.45182],[126.94819,37.45181],[126.94819,37.4519],[126.94815,37.4519],[126.94814,37.45207],[126.94807,37.45206]]]}},{"type":"Feature","properties":{"valleyId":"gwanaksan","layer":"shadow","date":"2026-08-01","timeLocal":"17:00"},"geometry":{"type":"Polygon","coordinates":[[[126.94745,37.45171],[126.94745,37.45158],[126.94754,37.45159],[126.94754,37.45171],[126.94745,37.45171]]]}},{"type":"Feature","properties":{"valleyId":"gwanaksan","layer":"shadow","date":"2026-08-01","timeLocal":"17:00"},"geometry":{"type":"Polygon","coordinates":[[[126.95117,37.45134],[126.95122,37.45124],[126.95131,37.45122],[126.95131,37.45118],[126.95138,37.45118],[126.95137,37.45124],[126.95133,37.45124],[126.9513,37.45131],[126.95126,37.45134],[126.95117,37.45134]]]}},{"type":"Feature","properties":{"valleyId":"gwanaksan","layer":"shadow","date":"2026-08-01","timeLocal":"17:00"},"geometry":{"type":"Polygon","coordinates":[[[126.94946,37.45245],[126.9494,37.45223],[126.94934,37.45219],[126.94934,37.45214],[126.94925,37.45201],[126.94912,37.45194],[126.94912,37.45181],[126.94908,37.45178],[126.9491,37.4516],[126.94922,37.45158],[126.94927,37.45149],[126.94925,37.45135],[126.94929,37.45131],[126.9493,37.45122],[126.94923,37.45116],[126.94921,37.45106],[126.94926,37.4509],[126.94937,37.45092],[126.94932,37.45109],[126.94937,37.45111],[126.94938,37.45124],[126.94938,37.45149],[126.94933,37.45164],[126.94924,37.45171],[126.94923,37.4518],[126.94928,37.45181],[126.94928,37.4519],[126.94937,37.45191],[126.94936,37.45198],[126.94943,37.45202],[126.94943,37.45209],[126.94947,37.45211],[126.94947,37.45225],[126.94949,37.45232],[126.94954,37.45234],[126.94953,37.45245],[126.94946,37.45245]]]}},{"type":"Feature","properties":{"valleyId":"gwanaksan","layer":"shadow","date":"2026-08-01","timeLocal":"17:00"},"geometry":{"type":"Polygon","coordinates":[[[126.9465,37.45088],[126.9465,37.45083],[126.94662,37.45083],[126.94661,37.45089],[126.9465,37.45088]]]}},{"type":"Feature","properties":{"valleyId":"gwanaksan","layer":"shadow","date":"2026-08-01","timeLocal":"17:00"},"geometry":{"type":"Polygon","coordinates":[[[126.94623,37.45081],[126.94623,37.45075],[126.9463,37.45075],[126.9463,37.45081],[126.94623,37.45081]]]}},{"type":"Feature","properties":{"valleyId":"gwanaksan","layer":"shadow","date":"2026-08-01","timeLocal":"17:00"},"geometry":{"type":"Polygon","coordinates":[[[126.95158,37.45104],[126.95156,37.45103],[126.95154,37.45081],[126.95161,37.45081],[126.95161,37.45088],[126.95168,37.45094],[126.95172,37.45094],[126.9517,37.45103],[126.95158,37.45104]]]}},{"type":"Feature","properties":{"valleyId":"gwanaksan","layer":"shadow","date":"2026-08-01","timeLocal":"17:00"},"geometry":{"type":"Polygon","coordinates":[[[126.95217,37.45096],[126.95213,37.4508],[126.95229,37.45082],[126.95231,37.45095],[126.95217,37.45096]]]}},{"type":"Feature","properties":{"valleyId":"gwanaksan","layer":"shadow","date":"2026-08-01","timeLocal":"17:00"},"geometry":{"type":"Polygon","coordinates":[[[126.94921,37.45088],[126.94924,37.45073],[126.94938,37.45075],[126.94937,37.45081],[126.94928,37.45082],[126.94928,37.45088],[126.94921,37.45088]]]}},{"type":"Feature","properties":{"valleyId":"gwanaksan","layer":"shadow","date":"2026-08-01","timeLocal":"17:00"},"geometry":{"type":"Polygon","coordinates":[[[126.94915,37.45068],[126.94916,37.45055],[126.94927,37.45057],[126.94927,37.45066],[126.94915,37.45068]]]}},{"type":"Feature","properties":{"valleyId":"gwanaksan","layer":"shadow","date":"2026-08-01","timeLocal":"17:00"},"geometry":{"type":"Polygon","coordinates":[[[126.94576,37.45062],[126.9457,37.45056],[126.9457,37.45049],[126.94583,37.45048],[126.94585,37.45062],[126.94576,37.45062]]]}},{"type":"Feature","properties":{"valleyId":"gwanaksan","layer":"shadow","date":"2026-08-01","timeLocal":"17:00"},"geometry":{"type":"Polygon","coordinates":[[[126.951,37.45071],[126.95098,37.45062],[126.95094,37.4506],[126.95094,37.45055],[126.95101,37.45055],[126.95105,37.45062],[126.95112,37.45066],[126.95112,37.45071],[126.951,37.45071]]]}},{"type":"Feature","properties":{"valleyId":"gwanaksan","layer":"shadow","date":"2026-08-01","timeLocal":"17:00"},"geometry":{"type":"Polygon","coordinates":[[[126.95198,37.45067],[126.95196,37.45051],[126.95203,37.45051],[126.95207,37.45057],[126.95212,37.45057],[126.95211,37.45066],[126.95198,37.45067]]]}},{"type":"Feature","properties":{"valleyId":"gwanaksan","layer":"shadow","date":"2026-08-01","timeLocal":"17:00"},"geometry":{"type":"Polygon","coordinates":[[[126.94572,37.45044],[126.94563,37.45042],[126.94561,37.45035],[126.94577,37.45035],[126.94579,37.45044],[126.94572,37.45044]]]}},{"type":"Feature","properties":{"valleyId":"gwanaksan","layer":"shadow","date":"2026-08-01","timeLocal":"17:00"},"geometry":{"type":"Polygon","coordinates":[[[126.9497,37.45029],[126.94971,37.45024],[126.94977,37.45024],[126.94977,37.45029],[126.9497,37.45029]]]}},{"type":"Feature","properties":{"valleyId":"gwanaksan","layer":"shadow","date":"2026-08-01","timeLocal":"17:00"},"geometry":{"type":"Polygon","coordinates":[[[126.94786,37.44988],[126.94784,37.44979],[126.94798,37.44981],[126.94798,37.44988],[126.94786,37.44988]]]}},{"type":"Feature","properties":{"valleyId":"gwanaksan","layer":"shadow","date":"2026-08-01","timeLocal":"17:00"},"geometry":{"type":"Polygon","coordinates":[[[126.94764,37.44973],[126.94762,37.44964],[126.94769,37.44964],[126.94771,37.44973],[126.94764,37.44973]]]}},{"type":"Feature","properties":{"valleyId":"gwanaksan","layer":"shadow","date":"2026-08-01","timeLocal":"17:00"},"geometry":{"type":"Polygon","coordinates":[[[126.94965,37.44973],[126.94965,37.44968],[126.94972,37.44968],[126.94972,37.44973],[126.94965,37.44973]]]}},{"type":"Feature","properties":{"valleyId":"gwanaksan","layer":"shadow","date":"2026-08-01","timeLocal":"17:00"},"geometry":{"type":"Polygon","coordinates":[[[126.95187,37.44979],[126.95187,37.44968],[126.95178,37.44964],[126.95178,37.44959],[126.95189,37.44961],[126.95189,37.44968],[126.95196,37.4497],[126.95196,37.44977],[126.95187,37.44979]]]}},{"type":"Feature","properties":{"valleyId":"gwanaksan","layer":"shadow","date":"2026-08-01","timeLocal":"17:00"},"geometry":{"type":"Polygon","coordinates":[[[126.95347,37.44992],[126.9535,37.44972],[126.95354,37.44971],[126.95355,37.44955],[126.95361,37.44955],[126.95363,37.44964],[126.95368,37.44964],[126.95368,37.44969],[126.95361,37.44973],[126.95361,37.44983],[126.95354,37.44989],[126.95354,37.44992],[126.95347,37.44992]]]}},{"type":"Feature","properties":{"valleyId":"gwanaksan","layer":"shadow","date":"2026-08-01","timeLocal":"17:00"},"geometry":{"type":"Polygon","coordinates":[[[126.95169,37.44957],[126.95169,37.44948],[126.95176,37.44948],[126.95176,37.44957],[126.95169,37.44957]]]}},{"type":"Feature","properties":{"valleyId":"gwanaksan","layer":"shadow","date":"2026-08-01","timeLocal":"17:00"},"geometry":{"type":"Polygon","coordinates":[[[126.94744,37.44964],[126.94733,37.44958],[126.94733,37.44946],[126.94729,37.44945],[126.94729,37.44935],[126.94742,37.44937],[126.94742,37.44944],[126.94753,37.44946],[126.94753,37.44964],[126.94744,37.44964]]]}},{"type":"Feature","properties":{"valleyId":"gwanaksan","layer":"shadow","date":"2026-08-01","timeLocal":"17:00"},"geometry":{"type":"Polygon","coordinates":[[[126.94957,37.4496],[126.94955,37.44933],[126.94962,37.44933],[126.94966,37.4496],[126.94957,37.4496]]]}},{"type":"Feature","properties":{"valleyId":"gwanaksan","layer":"shadow","date":"2026-08-01","timeLocal":"17:00"},"geometry":{"type":"Polygon","coordinates":[[[126.9523,37.44961],[126.9523,37.44947],[126.95224,37.44941],[126.95224,37.44934],[126.95235,37.44934],[126.95237,37.44951],[126.95242,37.44951],[126.95239,37.44962],[126.9523,37.44961]]]}},{"type":"Feature","properties":{"valleyId":"gwanaksan","layer":"shadow","date":"2026-08-01","timeLocal":"17:00"},"geometry":{"type":"Polygon","coordinates":[[[126.9455,37.44928],[126.94549,37.44917],[126.94555,37.44917],[126.94557,37.44928],[126.9455,37.44928]]]}},{"type":"Feature","properties":{"valleyId":"gwanaksan","layer":"shadow","date":"2026-08-01","timeLocal":"17:00"},"geometry":{"type":"Polygon","coordinates":[[[126.94722,37.44933],[126.9472,37.44913],[126.94729,37.44913],[126.94729,37.44933],[126.94722,37.44933]]]}},{"type":"Feature","properties":{"valleyId":"gwanaksan","layer":"shadow","date":"2026-08-01","timeLocal":"17:00"},"geometry":{"type":"Polygon","coordinates":[[[126.94944,37.44931],[126.94942,37.44908],[126.94949,37.44908],[126.94953,37.4491],[126.94953,37.44931],[126.94944,37.44931]]]}},{"type":"Feature","properties":{"valleyId":"gwanaksan","layer":"shadow","date":"2026-08-01","timeLocal":"17:00"},"geometry":{"type":"Polygon","coordinates":[[[126.94936,37.449],[126.94936,37.44895],[126.94945,37.44895],[126.94945,37.44901],[126.94936,37.449]]]}},{"type":"Feature","properties":{"valleyId":"gwanaksan","layer":"shadow","date":"2026-08-01","timeLocal":"17:00"},"geometry":{"type":"Polygon","coordinates":[[[126.94933,37.44893],[126.94927,37.44877],[126.94927,37.4487],[126.94941,37.44872],[126.9494,37.44893],[126.94933,37.44893]]]}},{"type":"Feature","properties":{"valleyId":"gwanaksan","layer":"shadow","date":"2026-08-01","timeLocal":"17:00"},"geometry":{"type":"Polygon","coordinates":[[[126.95207,37.44893],[126.95203,37.44891],[126.95205,37.44871],[126.95214,37.44871],[126.95214,37.44893],[126.95207,37.44893]]]}},{"type":"Feature","properties":{"valleyId":"gwanaksan","layer":"shadow","date":"2026-08-01","timeLocal":"17:00"},"geometry":{"type":"Polygon","coordinates":[[[126.94725,37.44897],[126.94723,37.44886],[126.94714,37.44884],[126.94715,37.4488],[126.94708,37.44875],[126.94701,37.44875],[126.94697,37.44864],[126.94708,37.44862],[126.94708,37.44869],[126.94717,37.44871],[126.94721,37.44879],[126.9473,37.44879],[126.94732,37.44897],[126.94725,37.44897]]]}},{"type":"Feature","properties":{"valleyId":"gwanaksan","layer":"shadow","date":"2026-08-01","timeLocal":"17:00"},"geometry":{"type":"Polygon","coordinates":[[[126.95201,37.44867],[126.95201,37.44858],[126.9521,37.44857],[126.9521,37.44866],[126.95201,37.44867]]]}},{"type":"Feature","properties":{"valleyId":"gwanaksan","layer":"shadow","date":"2026-08-01","timeLocal":"17:00"},"geometry":{"type":"Polygon","coordinates":[[[126.94554,37.44865],[126.94552,37.44854],[126.94543,37.44854],[126.94535,37.44843],[126.94537,37.44832],[126.94544,37.44832],[126.94544,37.44838],[126.94548,37.4484],[126.9455,37.44847],[126.94555,37.44847],[126.94555,37.44854],[126.94562,37.44854],[126.94561,37.44865],[126.94554,37.44865]]]}},{"type":"Feature","properties":{"valleyId":"gwanaksan","layer":"shadow","date":"2026-08-01","timeLocal":"17:00"},"geometry":{"type":"Polygon","coordinates":[[[126.94578,37.44844],[126.94576,37.44831],[126.94583,37.44831],[126.94584,37.44844],[126.94578,37.44844]]]}},{"type":"Feature","properties":{"valleyId":"gwanaksan","layer":"shadow","date":"2026-08-01","timeLocal":"17:00"},"geometry":{"type":"Polygon","coordinates":[[[126.94562,37.44829],[126.94562,37.4482],[126.94576,37.44822],[126.94576,37.44829],[126.94562,37.44829]]]}},{"type":"Feature","properties":{"valleyId":"gwanaksan","layer":"shadow","date":"2026-08-01","timeLocal":"17:00"},"geometry":{"type":"Polygon","coordinates":[[[126.95075,37.44834],[126.95075,37.44829],[126.95082,37.44829],[126.95082,37.44834],[126.95075,37.44834]]]}},{"type":"Feature","properties":{"valleyId":"gwanaksan","layer":"shadow","date":"2026-08-01","timeLocal":"17:00"},"geometry":{"type":"Polygon","coordinates":[[[126.94686,37.44856],[126.94682,37.44846],[126.94677,37.44844],[126.94678,37.44829],[126.94671,37.44826],[126.94671,37.44817],[126.94667,37.44813],[126.94667,37.44807],[126.9468,37.44808],[126.94681,37.44802],[126.94674,37.44791],[126.9467,37.44791],[126.9467,37.44786],[126.94676,37.44786],[126.94676,37.4479],[126.94683,37.4479],[126.94683,37.44793],[126.94687,37.44795],[126.94684,37.44829],[126.94691,37.44831],[126.94693,37.4484],[126.94693,37.44857],[126.94686,37.44856]]]}},{"type":"Feature","properties":{"valleyId":"gwanaksan","layer":"shadow","date":"2026-08-01","timeLocal":"17:00"},"geometry":{"type":"Polygon","coordinates":[[[126.94921,37.44868],[126.94923,37.44855],[126.94919,37.4485],[126.94915,37.44832],[126.9491,37.4483],[126.94911,37.44817],[126.94904,37.44812],[126.94905,37.44783],[126.94912,37.44783],[126.94911,37.44794],[126.94916,37.44796],[126.94918,37.4481],[126.94926,37.44819],[126.94926,37.44834],[126.94931,37.44835],[126.9493,37.44843],[126.94935,37.44846],[126.94934,37.44859],[126.94928,37.44862],[126.94927,37.44868],[126.94921,37.44868]]]}},{"type":"Feature","properties":{"valleyId":"gwanaksan","layer":"shadow","date":"2026-08-01","timeLocal":"17:00"},"geometry":{"type":"Polygon","coordinates":[[[126.94643,37.44782],[126.94647,37.44769],[126.94652,37.44766],[126.94661,37.44766],[126.94661,37.44771],[126.94652,37.44777],[126.94652,37.44782],[126.94643,37.44782]]]}},{"type":"Feature","properties":{"valleyId":"gwanaksan","layer":"shadow","date":"2026-08-01","timeLocal":"17:00"},"geometry":{"type":"Polygon","coordinates":[[[126.94907,37.44781],[126.94908,37.44768],[126.94914,37.44768],[126.94914,37.44781],[126.94907,37.44781]]]}},{"type":"Feature","properties":{"valleyId":"gwanaksan","layer":"shadow","date":"2026-08-01","timeLocal":"17:00"},"geometry":{"type":"Polygon","coordinates":[[[126.95184,37.44834],[126.9518,37.44804],[126.95176,37.448],[126.95174,37.44771],[126.95181,37.44771],[126.95181,37.44784],[126.95185,37.44784],[126.95185,37.44791],[126.95198,37.44793],[126.95198,37.44815],[126.95205,37.44815],[126.95204,37.44824],[126.95198,37.44826],[126.95197,37.44831],[126.95184,37.44834]]]}},{"type":"Feature","properties":{"valleyId":"gwanaksan","layer":"shadow","date":"2026-08-01","timeLocal":"17:00"},"geometry":{"type":"Polygon","coordinates":[[[126.95088,37.44771],[126.95088,37.44766],[126.95095,37.44766],[126.95095,37.44772],[126.95088,37.44771]]]}},{"type":"Feature","properties":{"valleyId":"gwanaksan","layer":"shadow","date":"2026-08-01","timeLocal":"17:00"},"geometry":{"type":"Polygon","coordinates":[[[126.94704,37.44767],[126.94702,37.44758],[126.94709,37.44758],[126.94713,37.44761],[126.94713,37.44767],[126.94704,37.44767]]]}},{"type":"Feature","properties":{"valleyId":"gwanaksan","layer":"shadow","date":"2026-08-01","timeLocal":"17:00"},"geometry":{"type":"Polygon","coordinates":[[[126.95172,37.44769],[126.95172,37.44764],[126.95179,37.44764],[126.95179,37.44769],[126.95172,37.44769]]]}},{"type":"Feature","properties":{"valleyId":"gwanaksan","layer":"shadow","date":"2026-08-01","timeLocal":"17:00"},"geometry":{"type":"Polygon","coordinates":[[[126.94661,37.44764],[126.94661,37.44753],[126.94666,37.4475],[126.94673,37.4475],[126.9467,37.44762],[126.94661,37.44764]]]}},{"type":"Feature","properties":{"valleyId":"gwanaksan","layer":"shadow","date":"2026-08-01","timeLocal":"17:00"},"geometry":{"type":"Polygon","coordinates":[[[126.95,37.44761],[126.95001,37.44754],[126.95007,37.44754],[126.95007,37.44761],[126.95,37.44761]]]}},{"type":"Feature","properties":{"valleyId":"gwanaksan","layer":"shadow","date":"2026-08-01","timeLocal":"17:00"},"geometry":{"type":"Polygon","coordinates":[[[126.94931,37.44751],[126.94933,37.44742],[126.94938,37.44738],[126.94944,37.44738],[126.94942,37.44749],[126.94931,37.44751]]]}},{"type":"Feature","properties":{"valleyId":"gwanaksan","layer":"shadow","date":"2026-08-01","timeLocal":"17:00"},"geometry":{"type":"Polygon","coordinates":[[[126.94703,37.44741],[126.94703,37.44734],[126.94709,37.44734],[126.94709,37.44741],[126.94703,37.44741]]]}},{"type":"Feature","properties":{"valleyId":"gwanaksan","layer":"shadow","date":"2026-08-01","timeLocal":"17:00"},"geometry":{"type":"Polygon","coordinates":[[[126.94786,37.44743],[126.94786,37.44737],[126.94795,37.44736],[126.94795,37.44743],[126.94786,37.44743]]]}},{"type":"Feature","properties":{"valleyId":"gwanaksan","layer":"shadow","date":"2026-08-01","timeLocal":"17:00"},"geometry":{"type":"Polygon","coordinates":[[[126.94802,37.44727],[126.94803,37.44721],[126.94809,37.44722],[126.94809,37.44727],[126.94802,37.44727]]]}},{"type":"Feature","properties":{"valleyId":"gwanaksan","layer":"shadow","date":"2026-08-01","timeLocal":"17:00"},"geometry":{"type":"Polygon","coordinates":[[[126.94816,37.44716],[126.94816,37.44711],[126.94823,37.44711],[126.94823,37.44716],[126.94816,37.44716]]]}},{"type":"Feature","properties":{"valleyId":"gwanaksan","layer":"shadow","date":"2026-08-01","timeLocal":"17:00"},"geometry":{"type":"Polygon","coordinates":[[[126.94667,37.44717],[126.94665,37.44706],[126.94672,37.44707],[126.94674,37.44717],[126.94667,37.44717]]]}},{"type":"Feature","properties":{"valleyId":"gwanaksan","layer":"shadow","date":"2026-08-01","timeLocal":"17:00"},"geometry":{"type":"Polygon","coordinates":[[[126.9483,37.44702],[126.94835,37.44691],[126.94842,37.44692],[126.94842,37.44699],[126.94837,37.44702],[126.9483,37.44702]]]}},{"type":"Feature","properties":{"valleyId":"gwanaksan","layer":"shadow","date":"2026-08-01","timeLocal":"17:00"},"geometry":{"type":"Polygon","coordinates":[[[126.94663,37.44705],[126.94663,37.44694],[126.9467,37.44692],[126.9467,37.44687],[126.94677,37.44687],[126.94677,37.44692],[126.94672,37.44692],[126.9467,37.44705],[126.94663,37.44705]]]}},{"type":"Feature","properties":{"valleyId":"gwanaksan","layer":"shadow","date":"2026-08-01","timeLocal":"17:00"},"geometry":{"type":"Polygon","coordinates":[[[126.94688,37.44689],[126.94686,37.44676],[126.94693,37.44676],[126.94693,37.4468],[126.94697,37.4468],[126.94697,37.44689],[126.94688,37.44689]]]}},{"type":"Feature","properties":{"valleyId":"gwanaksan","layer":"shadow","date":"2026-08-01","timeLocal":"17:00"},"geometry":{"type":"Polygon","coordinates":[[[126.94707,37.44669],[126.94707,37.44664],[126.94714,37.44664],[126.94714,37.44669],[126.94707,37.44669]]]}},{"type":"Feature","properties":{"valleyId":"gwanaksan","layer":"shadow","date":"2026-08-01","timeLocal":"17:00"},"geometry":{"type":"Polygon","coordinates":[[[126.94698,37.44662],[126.94701,37.44646],[126.94696,37.44644],[126.94694,37.44629],[126.94699,37.44626],[126.94699,37.44617],[126.94704,37.4461],[126.94713,37.44608],[126.94713,37.44614],[126.94708,37.44615],[126.9471,37.44626],[126.94705,37.44639],[126.94707,37.44662],[126.94698,37.44662]]]}},{"type":"Feature","properties":{"valleyId":"gwanaksan","layer":"shadow","date":"2026-08-01","timeLocal":"17:00"},"geometry":{"type":"Polygon","coordinates":[[[126.94897,37.44646],[126.94891,37.4464],[126.94889,37.44629],[126.94892,37.44606],[126.94898,37.44606],[126.94898,37.4461],[126.94905,37.44613],[126.94905,37.44619],[126.949,37.4462],[126.949,37.44629],[126.94907,37.44633],[126.94906,37.44646],[126.94897,37.44646]]]}},{"type":"Feature","properties":{"valleyId":"gwanaksan","layer":"shadow","date":"2026-08-01","timeLocal":"17:00"},"geometry":{"type":"Polygon","coordinates":[[[126.94718,37.44597],[126.94718,37.44592],[126.94722,37.4459],[126.94725,37.44583],[126.94734,37.44581],[126.94734,37.44591],[126.94725,37.44598],[126.94718,37.44597]]]}},{"type":"Feature","properties":{"valleyId":"gwanaksan","layer":"shadow","date":"2026-08-01","timeLocal":"17:00"},"geometry":{"type":"Polygon","coordinates":[[[126.94899,37.44601],[126.94899,37.44595],[126.9491,37.44588],[126.94913,37.44581],[126.94917,37.44577],[126.94924,37.44578],[126.94921,37.4459],[126.94912,37.44594],[126.9491,37.44601],[126.94899,37.44601]]]}},{"type":"Feature","properties":{"valleyId":"gwanaksan","layer":"shadow","date":"2026-08-01","timeLocal":"17:00"},"geometry":{"type":"Polygon","coordinates":[[[126.94731,37.44531],[126.94731,37.44526],[126.94727,37.44525],[126.94722,37.44516],[126.94713,37.44513],[126.94713,37.44507],[126.94723,37.44506],[126.94725,37.44502],[126.94725,37.44497],[126.94718,37.44495],[126.94718,37.44489],[126.94725,37.44488],[126.94732,37.44488],[126.94732,37.44493],[126.94736,37.44495],[126.94736,37.44504],[126.94729,37.44508],[126.94729,37.44513],[126.94745,37.44519],[126.94745,37.44524],[126.94738,37.44527],[126.94738,37.44531],[126.94731,37.44531]]]}},{"type":"Feature","properties":{"valleyId":"gwanaksan","layer":"shadow","date":"2026-08-01","timeLocal":"17:00"},"geometry":{"type":"Polygon","coordinates":[[[126.96649,37.44335],[126.96649,37.4433],[126.9666,37.4433],[126.9666,37.44325],[126.96667,37.44325],[126.96665,37.44335],[126.96649,37.44335]]]}},{"type":"Feature","properties":{"valleyId":"gwanaksan","layer":"shadow","date":"2026-08-01","timeLocal":"17:00"},"geometry":{"type":"Polygon","coordinates":[[[126.9669,37.44329],[126.9669,37.44318],[126.96708,37.4432],[126.96708,37.44325],[126.9669,37.44329]]]}},{"type":"Feature","properties":{"valleyId":"gwanaksan","layer":"shadow","date":"2026-08-01","timeLocal":"17:00"},"geometry":{"type":"Polygon","coordinates":[[[126.96597,37.44315],[126.96595,37.44305],[126.96604,37.44306],[126.96604,37.44315],[126.96597,37.44315]]]}},{"type":"Feature","properties":{"valleyId":"gwanaksan","layer":"shadow","date":"2026-08-01","timeLocal":"17:00"},"geometry":{"type":"Polygon","coordinates":[[[126.966,37.443],[126.96603,37.44286],[126.96612,37.44286],[126.96609,37.443],[126.966,37.443]]]}},{"type":"Feature","properties":{"valleyId":"gwanaksan","layer":"shadow","date":"2026-08-01","timeLocal":"17:00"},"geometry":{"type":"Polygon","coordinates":[[[126.96431,37.44261],[126.96432,37.44256],[126.96438,37.44256],[126.96438,37.44261],[126.96431,37.44261]]]}},{"type":"Feature","properties":{"valleyId":"gwanaksan","layer":"shadow","date":"2026-08-01","timeLocal":"17:00"},"geometry":{"type":"Polygon","coordinates":[[[126.96786,37.44262],[126.96786,37.44256],[126.96798,37.44257],[126.96798,37.44262],[126.96786,37.44262]]]}},{"type":"Feature","properties":{"valleyId":"gwanaksan","layer":"shadow","date":"2026-08-01","timeLocal":"17:00"},"geometry":{"type":"Polygon","coordinates":[[[126.96495,37.44253],[126.96495,37.44248],[126.96502,37.44248],[126.96502,37.44253],[126.96495,37.44253]]]}},{"type":"Feature","properties":{"valleyId":"gwanaksan","layer":"shadow","date":"2026-08-01","timeLocal":"17:00"},"geometry":{"type":"Polygon","coordinates":[[[126.96425,37.44252],[126.96425,37.44245],[126.96432,37.44245],[126.96432,37.44252],[126.96425,37.44252]]]}},{"type":"Feature","properties":{"valleyId":"gwanaksan","layer":"shadow","date":"2026-08-01","timeLocal":"17:00"},"geometry":{"type":"Polygon","coordinates":[[[126.96449,37.4428],[126.96449,37.44274],[126.96454,37.44272],[126.96454,37.44258],[126.9645,37.44258],[126.96445,37.44247],[126.96457,37.4424],[126.96466,37.4424],[126.96466,37.44246],[126.96461,37.44245],[126.96461,37.44253],[126.96463,37.44258],[126.9647,37.44258],[126.9647,37.44274],[126.9646,37.44274],[126.9646,37.4428],[126.96449,37.4428]]]}},{"type":"Feature","properties":{"valleyId":"gwanaksan","layer":"shadow","date":"2026-08-01","timeLocal":"17:00"},"geometry":{"type":"Polygon","coordinates":[[[126.96626,37.44252],[126.96626,37.44243],[126.9662,37.44243],[126.9662,37.44237],[126.96629,37.44238],[126.96629,37.44243],[126.96633,37.44243],[126.96633,37.44252],[126.96626,37.44252]]]}},{"type":"Feature","properties":{"valleyId":"gwanaksan","layer":"shadow","date":"2026-08-01","timeLocal":"17:00"},"geometry":{"type":"Polygon","coordinates":[[[126.96547,37.44233],[126.96548,37.44227],[126.96554,37.44227],[126.96554,37.44233],[126.96547,37.44233]]]}},{"type":"Feature","properties":{"valleyId":"gwanaksan","layer":"shadow","date":"2026-08-01","timeLocal":"17:00"},"geometry":{"type":"Polygon","coordinates":[[[126.96774,37.44218],[126.9677,37.44204],[126.96788,37.44208],[126.96788,37.44215],[126.96774,37.44218]]]}},{"type":"Feature","properties":{"valleyId":"gwanaksan","layer":"shadow","date":"2026-08-01","timeLocal":"17:00"},"geometry":{"type":"Polygon","coordinates":[[[126.96826,37.44223],[126.96821,37.44219],[126.96822,37.44214],[126.96815,37.44212],[126.96815,37.44203],[126.96808,37.44197],[126.96809,37.4419],[126.9682,37.4419],[126.9682,37.44198],[126.96838,37.44205],[126.96835,37.44219],[126.96833,37.44223],[126.96826,37.44223]]]}},{"type":"Feature","properties":{"valleyId":"gwanaksan","layer":"shadow","date":"2026-08-01","timeLocal":"17:00"},"geometry":{"type":"Polygon","coordinates":[[[126.96721,37.44318],[126.96713,37.44313],[126.96692,37.44313],[126.96683,37.44309],[126.96684,37.44302],[126.96677,37.44298],[126.96677,37.44287],[126.96707,37.4428],[126.96709,37.4427],[126.96698,37.4426],[126.96689,37.44258],[126.96683,37.44253],[126.96676,37.44253],[126.96674,37.44244],[126.96681,37.44244],[126.96687,37.44249],[126.96723,37.44254],[126.96724,37.44239],[126.96712,37.44237],[126.9671,37.44241],[126.96703,37.44241],[126.9669,37.44235],[126.96691,37.44186],[126.96718,37.44187],[126.96718,37.44194],[126.96725,37.44203],[126.96722,37.44216],[126.96726,37.44218],[126.96726,37.44221],[126.9674,37.44227],[126.9674,37.44238],[126.96749,37.44238],[126.96749,37.44225],[126.96756,37.44225],[126.9676,37.44233],[126.96774,37.44233],[126.96782,37.44242],[126.96782,37.44251],[126.96773,37.44253],[126.96773,37.44258],[126.96753,37.44258],[126.9675,37.44268],[126.96736,37.44266],[126.96738,37.44297],[126.96749,37.44297],[126.96749,37.44301],[126.96754,37.44301],[126.96753,37.44306],[126.9674,37.44315],[126.96721,37.44318]],[[126.96715,37.44295],[126.96722,37.44295],[126.96722,37.4429],[126.96715,37.4429],[126.96715,37.44295]],[[126.96764,37.44247],[126.96773,37.44247],[126.96773,37.44242],[126.96762,37.4424],[126.96764,37.44247]]]}},{"type":"Feature","properties":{"valleyId":"gwanaksan","layer":"shadow","date":"2026-08-01","timeLocal":"17:00"},"geometry":{"type":"Polygon","coordinates":[[[126.96628,37.44189],[126.96628,37.4418],[126.96635,37.4418],[126.96635,37.44189],[126.96628,37.44189]]]}},{"type":"Feature","properties":{"valleyId":"gwanaksan","layer":"shadow","date":"2026-08-01","timeLocal":"17:00"},"geometry":{"type":"Polygon","coordinates":[[[126.96498,37.44206],[126.96497,37.44192],[126.96481,37.4419],[126.96481,37.44181],[126.96486,37.44174],[126.96493,37.44174],[126.96495,37.44185],[126.96504,37.44185],[126.96506,37.44189],[126.96526,37.44194],[126.96523,37.44207],[126.96498,37.44206]]]}},{"type":"Feature","properties":{"valleyId":"gwanaksan","layer":"shadow","date":"2026-08-01","timeLocal":"17:00"},"geometry":{"type":"Polygon","coordinates":[[[126.96802,37.44188],[126.968,37.44177],[126.96809,37.44178],[126.96809,37.44188],[126.96802,37.44188]]]}},{"type":"Feature","properties":{"valleyId":"gwanaksan","layer":"shadow","date":"2026-08-01","timeLocal":"17:00"},"geometry":{"type":"Polygon","coordinates":[[[126.96438,37.44175],[126.96441,37.4416],[126.9645,37.44161],[126.9645,37.44157],[126.96457,37.44157],[126.96456,37.44173],[126.96438,37.44175]]]}},{"type":"Feature","properties":{"valleyId":"gwanaksan","layer":"shadow","date":"2026-08-01","timeLocal":"17:00"},"geometry":{"type":"Polygon","coordinates":[[[126.96742,37.44221],[126.96738,37.44216],[126.96738,37.44207],[126.96731,37.44203],[126.96732,37.44198],[126.96741,37.44198],[126.96741,37.44193],[126.96732,37.44185],[126.9673,37.44178],[126.96716,37.44174],[126.9671,37.44174],[126.96709,37.44178],[126.96687,37.44175],[126.9669,37.44159],[126.96714,37.44163],[126.96714,37.44169],[126.96732,37.44173],[126.96755,37.44173],[126.96755,37.44162],[126.96762,37.44162],[126.96762,37.44173],[126.96771,37.44177],[126.9677,37.44184],[126.96777,37.44188],[126.96777,37.44193],[126.9677,37.44197],[126.9677,37.44202],[126.96747,37.44202],[126.96751,37.44222],[126.96742,37.44221]]]}},{"type":"Feature","properties":{"valleyId":"gwanaksan","layer":"shadow","date":"2026-08-01","timeLocal":"17:00"},"geometry":{"type":"Polygon","coordinates":[[[126.96499,37.44176],[126.965,37.44167],[126.96504,37.44167],[126.96507,37.44154],[126.96516,37.44154],[126.96516,37.44162],[126.96511,37.44163],[126.96506,37.44176],[126.96499,37.44176]]]}},{"type":"Feature","properties":{"valleyId":"gwanaksan","layer":"shadow","date":"2026-08-01","timeLocal":"17:00"},"geometry":{"type":"Polygon","coordinates":[[[126.96737,37.4416],[126.96737,37.44153],[126.96744,37.44153],[126.96744,37.4416],[126.96737,37.4416]]]}},{"type":"Feature","properties":{"valleyId":"gwanaksan","layer":"shadow","date":"2026-08-01","timeLocal":"17:00"},"geometry":{"type":"Polygon","coordinates":[[[126.96667,37.44157],[126.96667,37.44152],[126.96676,37.44152],[126.96676,37.44157],[126.96667,37.44157]]]}},{"type":"Feature","properties":{"valleyId":"gwanaksan","layer":"shadow","date":"2026-08-01","timeLocal":"17:00"},"geometry":{"type":"Polygon","coordinates":[[[126.96403,37.44145],[126.96401,37.44138],[126.96408,37.44138],[126.9641,37.44145],[126.96403,37.44145]]]}},{"type":"Feature","properties":{"valleyId":"gwanaksan","layer":"shadow","date":"2026-08-01","timeLocal":"17:00"},"geometry":{"type":"Polygon","coordinates":[[[126.96453,37.44143],[126.96453,37.44137],[126.9646,37.44137],[126.9646,37.44143],[126.96453,37.44143]]]}},{"type":"Feature","properties":{"valleyId":"gwanaksan","layer":"shadow","date":"2026-08-01","timeLocal":"17:00"},"geometry":{"type":"Polygon","coordinates":[[[126.96717,37.44156],[126.96717,37.44151],[126.96722,37.44151],[126.96717,37.4414],[126.96729,37.44138],[126.96733,37.44153],[126.96726,37.44153],[126.96726,37.44156],[126.96717,37.44156]]]}},{"type":"Feature","properties":{"valleyId":"gwanaksan","layer":"shadow","date":"2026-08-01","timeLocal":"17:00"},"geometry":{"type":"Polygon","coordinates":[[[126.96645,37.44133],[126.96645,37.44126],[126.96652,37.44126],[126.96652,37.44133],[126.96645,37.44133]]]}},{"type":"Feature","properties":{"valleyId":"gwanaksan","layer":"shadow","date":"2026-08-01","timeLocal":"17:00"},"geometry":{"type":"Polygon","coordinates":[[[126.96589,37.44134],[126.96589,37.44129],[126.96596,37.44129],[126.96596,37.44123],[126.96605,37.44124],[126.96604,37.44134],[126.96589,37.44134]]]}},{"type":"Feature","properties":{"valleyId":"gwanaksan","layer":"shadow","date":"2026-08-01","timeLocal":"17:00"},"geometry":{"type":"Polygon","coordinates":[[[126.96437,37.44124],[126.96438,37.4411],[126.96447,37.4411],[126.96444,37.44124],[126.96437,37.44124]]]}},{"type":"Feature","properties":{"valleyId":"gwanaksan","layer":"shadow","date":"2026-08-01","timeLocal":"17:00"},"geometry":{"type":"Polygon","coordinates":[[[126.96609,37.4412],[126.96607,37.44107],[126.9661,37.44104],[126.96617,37.44104],[126.96618,37.4412],[126.96609,37.4412]]]}},{"type":"Feature","properties":{"valleyId":"gwanaksan","layer":"shadow","date":"2026-08-01","timeLocal":"17:00"},"geometry":{"type":"Polygon","coordinates":[[[126.96686,37.44123],[126.96686,37.44116],[126.9668,37.44116],[126.96678,37.44103],[126.96687,37.44103],[126.96686,37.44112],[126.96698,37.44113],[126.96693,37.44123],[126.96686,37.44123]]]}},{"type":"Feature","properties":{"valleyId":"gwanaksan","layer":"shadow","date":"2026-08-01","timeLocal":"17:00"},"geometry":{"type":"Polygon","coordinates":[[[126.96434,37.44097],[126.96434,37.4409],[126.96441,37.4409],[126.9644,37.44097],[126.96434,37.44097]]]}},{"type":"Feature","properties":{"valleyId":"gwanaksan","layer":"shadow","date":"2026-08-01","timeLocal":"17:00"},"geometry":{"type":"Polygon","coordinates":[[[126.96685,37.44096],[126.96685,37.44089],[126.96692,37.44089],[126.96691,37.44096],[126.96685,37.44096]]]}},{"type":"Feature","properties":{"valleyId":"gwanaksan","layer":"shadow","date":"2026-08-01","timeLocal":"17:00"},"geometry":{"type":"Polygon","coordinates":[[[126.96603,37.44095],[126.96601,37.44084],[126.96615,37.44084],[126.96615,37.44091],[126.9661,37.44091],[126.9661,37.44095],[126.96603,37.44095]]]}},{"type":"Feature","properties":{"valleyId":"gwanaksan","layer":"shadow","date":"2026-08-01","timeLocal":"17:00"},"geometry":{"type":"Polygon","coordinates":[[[126.96701,37.44087],[126.96703,37.4408],[126.96712,37.4408],[126.96712,37.44088],[126.96701,37.44087]]]}},{"type":"Feature","properties":{"valleyId":"gwanaksan","layer":"shadow","date":"2026-08-01","timeLocal":"17:00"},"geometry":{"type":"Polygon","coordinates":[[[126.96425,37.44081],[126.96425,37.44074],[126.96432,37.44074],[126.96432,37.44081],[126.96425,37.44081]]]}},{"type":"Feature","properties":{"valleyId":"gwanaksan","layer":"shadow","date":"2026-08-01","timeLocal":"17:00"},"geometry":{"type":"Polygon","coordinates":[[[126.96602,37.44039],[126.96603,37.4403],[126.96612,37.4403],[126.96609,37.44039],[126.96602,37.44039]]]}},{"type":"Feature","properties":{"valleyId":"gwanaksan","layer":"shadow","date":"2026-08-01","timeLocal":"17:00"},"geometry":{"type":"Polygon","coordinates":[[[126.96541,37.4415],[126.96541,37.44144],[126.96548,37.44142],[126.96548,37.44132],[126.96541,37.44132],[126.96541,37.44126],[126.96548,37.44126],[126.96548,37.44121],[126.96557,37.44117],[126.96564,37.44108],[126.96571,37.44107],[126.96571,37.44101],[126.96504,37.441],[126.96503,37.44109],[126.96497,37.44109],[126.96499,37.44095],[126.9649,37.44095],[126.96486,37.44096],[126.96486,37.441],[126.96479,37.441],[126.96479,37.44096],[126.96459,37.44096],[126.9646,37.44047],[126.96467,37.44047],[126.96467,37.44051],[126.96489,37.44049],[126.96489,37.44042],[126.96458,37.4404],[126.9646,37.44033],[126.96492,37.44035],[126.96494,37.4403],[126.96506,37.4403],[126.96506,37.44026],[126.96521,37.44027],[126.96521,37.44032],[126.96515,37.44032],[126.96512,37.44039],[126.96523,37.44039],[126.96523,37.44045],[126.96519,37.44045],[126.96519,37.4405],[126.96496,37.44051],[126.96496,37.44059],[126.96502,37.44062],[126.96502,37.4407],[126.96511,37.4407],[126.96511,37.44061],[126.96523,37.44061],[126.96532,37.44068],[126.96538,37.44079],[126.96538,37.44086],[126.96545,37.44087],[126.96547,37.44092],[126.96569,37.44092],[126.96567,37.4408],[126.96574,37.4408],[126.96574,37.44074],[126.96579,37.44071],[126.96586,37.44071],[126.96586,37.44066],[126.96581,37.44064],[126.96584,37.44051],[126.96568,37.44051],[126.96568,37.44045],[126.96573,37.44042],[126.96589,37.44042],[126.96591,37.44049],[126.966,37.44055],[126.966,37.4406],[126.96593,37.44067],[126.96592,37.44086],[126.96581,37.44085],[126.96585,37.44102],[126.96589,37.44102],[126.96589,37.44109],[126.96596,37.44109],[126.96596,37.44114],[126.96591,37.44114],[126.96591,37.44118],[126.9658,37.44125],[126.9658,37.44134],[126.96573,37.44136],[126.96573,37.44141],[126.96554,37.44144],[126.96554,37.44148],[126.9655,37.4415],[126.96541,37.4415]]]}},{"type":"Feature","properties":{"valleyId":"gwanaksan","layer":"shadow","date":"2026-08-01","timeLocal":"17:00"},"geometry":{"type":"Polygon","coordinates":[[[126.96508,37.44019],[126.96506,37.4401],[126.96515,37.4401],[126.96515,37.44019],[126.96508,37.44019]]]}},{"type":"Feature","properties":{"valleyId":"gwanaksan","layer":"shadow","date":"2026-08-01","timeLocal":"17:00"},"geometry":{"type":"Polygon","coordinates":[[[126.96587,37.44033],[126.96585,37.44028],[126.96574,37.4402],[126.96569,37.44009],[126.9656,37.44004],[126.96561,37.43998],[126.9657,37.43999],[126.96572,37.44004],[126.96587,37.44012],[126.96589,37.44021],[126.96598,37.44023],[126.96596,37.44033],[126.96587,37.44033]]]}},{"type":"Feature","properties":{"valleyId":"gwanaksan","layer":"shadow","date":"2026-08-01","timeLocal":"17:00"},"geometry":{"type":"Polygon","coordinates":[[[126.96635,37.43998],[126.96633,37.43992],[126.96597,37.4399],[126.96595,37.43981],[126.96649,37.43982],[126.96654,37.43989],[126.96653,37.43998],[126.96635,37.43998]]]}}]}
