{"type":"FeatureCollection","metadata":{"description":"수관 아래(CHM > 2 m) — 시각 무관. 구간 회랑 ±200 m 절단","source":"위성 기반 추정 — Copernicus GLO-30 지형(30 m) + Meta/WRI 수관 높이(1 m CHM, 2019 촬영). 그늘 = 수관(CHM > 2 m) ∪ 나무·지형 그림자 ∪ 원거리 지형 마스크. 현장과 다를 수 있음.","datasetVersion":"2026-09-06.0","collectedAt":"2026-09-06","coordinateOrder":"[longitude, latitude]","crs":"EPSG:4326","representativeDate":"2026-08-01","hours":["10:00","11:00","12:00","13:00","14:00","15:00","16:00","17:00","18:00"],"chmAcquisition":["2019-03","2019-05"],"assets":{"glo30":{"dataset":"Copernicus DEM GLO-30 (COG, s3://copernicus-dem-30m)","tiles":["Copernicus_DSM_COG_10_N37_00_E127_00_DEM"]},"chm":{"dataset":"Meta/WRI Global Canopy Height Map v1 (alsgedi_global_v6_float, 1 m, CC-BY 4.0)","quadkeys":["132110302","132110320"],"acquisition":["2019-03","2019-05"]}},"method":{"gridResM":2,"canopyThresholdM":2,"bufferHalfM":25,"corridorHalfM":200,"simplifyTolM":2,"minAreaM2":25,"coordDecimals":5},"generator":"scripts/shade 0.1.0","builtAt":"2026-09-06T06:13:38Z","layer":"canopy"},"features":[{"type":"Feature","properties":{"valleyId":"suraksan","layer":"canopy","date":"2026-08-01"},"geometry":{"type":"Polygon","coordinates":[[[127.12212,37.71617],[127.1221,37.7161],[127.12219,37.7161],[127.12219,37.71617],[127.12212,37.71617]]]}},{"type":"Feature","properties":{"valleyId":"suraksan","layer":"canopy","date":"2026-08-01"},"geometry":{"type":"Polygon","coordinates":[[[127.1202,37.71585],[127.1202,37.7158],[127.12027,37.7158],[127.12027,37.71585],[127.1202,37.71585]]]}},{"type":"Feature","properties":{"valleyId":"suraksan","layer":"canopy","date":"2026-08-01"},"geometry":{"type":"Polygon","coordinates":[[[127.12016,37.71567],[127.12014,37.71549],[127.12021,37.71547],[127.12025,37.7154],[127.12026,37.71533],[127.12019,37.71528],[127.12019,37.71515],[127.12024,37.71515],[127.12024,37.71511],[127.1204,37.71512],[127.12042,37.71524],[127.12039,37.71533],[127.12035,37.71535],[127.12036,37.71551],[127.1203,37.71551],[127.12029,37.71566],[127.12016,37.71567]]]}},{"type":"Feature","properties":{"valleyId":"suraksan","layer":"canopy","date":"2026-08-01"},"geometry":{"type":"Polygon","coordinates":[[[127.12048,37.71546],[127.12049,37.7151],[127.12058,37.71508],[127.12063,37.71503],[127.12081,37.71503],[127.12081,37.71512],[127.12062,37.71516],[127.1206,37.7153],[127.12055,37.71533],[127.12055,37.71546],[127.12048,37.71546]]]}},{"type":"Feature","properties":{"valleyId":"suraksan","layer":"canopy","date":"2026-08-01"},"geometry":{"type":"Polygon","coordinates":[[[127.11933,37.71506],[127.11933,37.71501],[127.1194,37.71501],[127.1194,37.71506],[127.11933,37.71506]]]}},{"type":"Feature","properties":{"valleyId":"suraksan","layer":"canopy","date":"2026-08-01"},"geometry":{"type":"Polygon","coordinates":[[[127.12121,37.71515],[127.12115,37.71513],[127.12115,37.71502],[127.12131,37.71502],[127.12135,37.71506],[127.12158,37.71508],[127.1216,37.71501],[127.12176,37.71501],[127.12176,37.71507],[127.12165,37.71506],[127.12164,37.71515],[127.12121,37.71515]]]}},{"type":"Feature","properties":{"valleyId":"suraksan","layer":"canopy","date":"2026-08-01"},"geometry":{"type":"Polygon","coordinates":[[[127.1194,37.71492],[127.11934,37.7149],[127.11934,37.71485],[127.11952,37.71485],[127.11952,37.7149],[127.1194,37.71492]]]}},{"type":"Feature","properties":{"valleyId":"suraksan","layer":"canopy","date":"2026-08-01"},"geometry":{"type":"Polygon","coordinates":[[[127.12004,37.71488],[127.12002,37.7148],[127.12016,37.71477],[127.12013,37.71486],[127.12004,37.71488]]]}},{"type":"Feature","properties":{"valleyId":"suraksan","layer":"canopy","date":"2026-08-01"},"geometry":{"type":"Polygon","coordinates":[[[127.12079,37.71402],[127.12081,37.71395],[127.12093,37.71397],[127.12092,37.71403],[127.12079,37.71402]]]}},{"type":"Feature","properties":{"valleyId":"suraksan","layer":"canopy","date":"2026-08-01"},"geometry":{"type":"Polygon","coordinates":[[[127.12158,37.71405],[127.12149,37.71403],[127.12149,37.71398],[127.12181,37.71399],[127.12181,37.71404],[127.12158,37.71405]]]}},{"type":"Feature","properties":{"valleyId":"suraksan","layer":"canopy","date":"2026-08-01"},"geometry":{"type":"Polygon","coordinates":[[[127.11555,37.71392],[127.11555,37.71387],[127.11562,37.71387],[127.11562,37.71392],[127.11555,37.71392]]]}},{"type":"Feature","properties":{"valleyId":"suraksan","layer":"canopy","date":"2026-08-01"},"geometry":{"type":"Polygon","coordinates":[[[127.12124,37.71405],[127.12104,37.71401],[127.12104,37.71395],[127.1214,37.71398],[127.1214,37.71403],[127.12124,37.71405]]]}},{"type":"Feature","properties":{"valleyId":"suraksan","layer":"canopy","date":"2026-08-01"},"geometry":{"type":"Polygon","coordinates":[[[127.11492,37.71384],[127.11492,37.71375],[127.11503,37.71375],[127.11503,37.71382],[127.11492,37.71384]]]}},{"type":"Feature","properties":{"valleyId":"suraksan","layer":"canopy","date":"2026-08-01"},"geometry":{"type":"Polygon","coordinates":[[[127.12214,37.71426],[127.12215,37.71408],[127.12203,37.71408],[127.12204,37.71402],[127.1221,37.71403],[127.12211,37.71395],[127.12197,37.71395],[127.12195,37.71383],[127.12202,37.71383],[127.12202,37.71386],[127.12213,37.71386],[127.12215,37.71381],[127.12227,37.71381],[127.12226,37.71399],[127.12222,37.71401],[127.12223,37.71424],[127.12214,37.71426]]]}},{"type":"Feature","properties":{"valleyId":"suraksan","layer":"canopy","date":"2026-08-01"},"geometry":{"type":"Polygon","coordinates":[[[127.11887,37.71379],[127.11885,37.71361],[127.11905,37.71358],[127.11902,37.71376],[127.11898,37.7138],[127.11887,37.71379]]]}},{"type":"Feature","properties":{"valleyId":"suraksan","layer":"canopy","date":"2026-08-01"},"geometry":{"type":"Polygon","coordinates":[[[127.11603,37.7138],[127.11603,37.71375],[127.11599,37.71373],[127.11599,37.71366],[127.11603,37.71364],[127.11603,37.7136],[127.1161,37.71361],[127.11626,37.71348],[127.11635,37.71348],[127.11635,37.71354],[127.11631,37.71355],[127.11621,37.7137],[127.11614,37.71373],[127.11614,37.71377],[127.1161,37.7138],[127.11603,37.7138]]]}},{"type":"Feature","properties":{"valleyId":"suraksan","layer":"canopy","date":"2026-08-01"},"geometry":{"type":"Polygon","coordinates":[[[127.12577,37.71347],[127.12577,37.71342],[127.12595,37.71342],[127.12595,37.71347],[127.12577,37.71347]]]}},{"type":"Feature","properties":{"valleyId":"suraksan","layer":"canopy","date":"2026-08-01"},"geometry":{"type":"Polygon","coordinates":[[[127.12197,37.71379],[127.12197,37.71375],[127.12191,37.71373],[127.12189,37.71355],[127.12182,37.7135],[127.12178,37.7135],[127.12171,37.71339],[127.12171,37.7133],[127.12192,37.7133],[127.12189,37.71345],[127.122,37.7135],[127.122,37.7137],[127.12211,37.7137],[127.12209,37.71379],[127.12197,37.71379]]]}},{"type":"Feature","properties":{"valleyId":"suraksan","layer":"canopy","date":"2026-08-01"},"geometry":{"type":"Polygon","coordinates":[[[127.12604,37.71342],[127.12605,37.71337],[127.12611,37.71337],[127.12611,37.71342],[127.12604,37.71342]]]}},{"type":"Feature","properties":{"valleyId":"suraksan","layer":"canopy","date":"2026-08-01"},"geometry":{"type":"Polygon","coordinates":[[[127.12573,37.71405],[127.1253,37.71397],[127.12492,37.71384],[127.1249,37.7138],[127.12481,37.71378],[127.12479,37.71374],[127.12461,37.71367],[127.12452,37.71358],[127.12447,37.71358],[127.12436,37.71349],[127.12437,37.71341],[127.12441,37.71341],[127.12441,37.71338],[127.12453,37.71333],[127.12478,37.71333],[127.12516,37.71353],[127.12529,37.71357],[127.12554,37.71358],[127.12563,37.71361],[127.12568,37.71365],[127.12567,37.7137],[127.12572,37.71372],[127.12572,37.71381],[127.12581,37.71385],[127.12578,37.71398],[127.12583,37.714],[127.12582,37.71405],[127.12573,37.71405]]]}},{"type":"Feature","properties":{"valleyId":"suraksan","layer":"canopy","date":"2026-08-01"},"geometry":{"type":"Polygon","coordinates":[[[127.1201,37.71338],[127.12003,37.71333],[127.12006,37.71324],[127.12015,37.71324],[127.12015,37.71327],[127.12019,37.71329],[127.12019,37.71338],[127.1201,37.71338]]]}},{"type":"Feature","properties":{"valleyId":"suraksan","layer":"canopy","date":"2026-08-01"},"geometry":{"type":"Polygon","coordinates":[[[127.12158,37.7133],[127.12156,37.71322],[127.12169,37.71324],[127.12169,37.7133],[127.12158,37.7133]]]}},{"type":"Feature","properties":{"valleyId":"suraksan","layer":"canopy","date":"2026-08-01"},"geometry":{"type":"Polygon","coordinates":[[[127.11532,37.71314],[127.11525,37.71309],[127.11525,37.71302],[127.11546,37.71304],[127.11546,37.71309],[127.11539,37.71314],[127.11532,37.71314]]]}},{"type":"Feature","properties":{"valleyId":"suraksan","layer":"canopy","date":"2026-08-01"},"geometry":{"type":"Polygon","coordinates":[[[127.1165,37.71318],[127.11648,37.71305],[127.11637,37.71303],[127.11635,37.71296],[127.11664,37.71293],[127.11657,37.71318],[127.1165,37.71318]]]}},{"type":"Feature","properties":{"valleyId":"suraksan","layer":"canopy","date":"2026-08-01"},"geometry":{"type":"Polygon","coordinates":[[[127.11512,37.71291],[127.1151,37.71283],[127.11512,37.7128],[127.11519,37.7128],[127.11521,37.71291],[127.11512,37.71291]]]}},{"type":"Feature","properties":{"valleyId":"suraksan","layer":"canopy","date":"2026-08-01"},"geometry":{"type":"Polygon","coordinates":[[[127.12714,37.71301],[127.12715,37.71292],[127.12726,37.7129],[127.12728,37.71299],[127.12714,37.71301]]]}},{"type":"Feature","properties":{"valleyId":"suraksan","layer":"canopy","date":"2026-08-01"},"geometry":{"type":"Polygon","coordinates":[[[127.11658,37.71273],[127.11658,37.71268],[127.11665,37.71268],[127.11665,37.71273],[127.11658,37.71273]]]}},{"type":"Feature","properties":{"valleyId":"suraksan","layer":"canopy","date":"2026-08-01"},"geometry":{"type":"Polygon","coordinates":[[[127.11896,37.7127],[127.11896,37.71262],[127.1191,37.71261],[127.11907,37.71268],[127.11896,37.7127]]]}},{"type":"Feature","properties":{"valleyId":"suraksan","layer":"canopy","date":"2026-08-01"},"geometry":{"type":"Polygon","coordinates":[[[127.1274,37.71283],[127.12738,37.71274],[127.12742,37.7127],[127.12749,37.71271],[127.12749,37.71283],[127.1274,37.71283]]]}},{"type":"Feature","properties":{"valleyId":"suraksan","layer":"canopy","date":"2026-08-01"},"geometry":{"type":"Polygon","coordinates":[[[127.11919,37.7127],[127.11919,37.71261],[127.11924,37.71259],[127.11924,37.71256],[127.11935,37.71254],[127.11937,37.71261],[127.1193,37.71267],[127.1193,37.7127],[127.11919,37.7127]]]}},{"type":"Feature","properties":{"valleyId":"suraksan","layer":"canopy","date":"2026-08-01"},"geometry":{"type":"Polygon","coordinates":[[[127.11484,37.71243],[127.11484,37.71236],[127.11493,37.71236],[127.11493,37.71243],[127.11484,37.71243]]]}},{"type":"Feature","properties":{"valleyId":"suraksan","layer":"canopy","date":"2026-08-01"},"geometry":{"type":"Polygon","coordinates":[[[127.12727,37.71252],[127.12727,37.71247],[127.12734,37.71247],[127.12734,37.71252],[127.12727,37.71252]]]}},{"type":"Feature","properties":{"valleyId":"suraksan","layer":"canopy","date":"2026-08-01"},"geometry":{"type":"Polygon","coordinates":[[[127.12738,37.71247],[127.12739,37.7124],[127.12752,37.71242],[127.12752,37.71247],[127.12738,37.71247]]]}},{"type":"Feature","properties":{"valleyId":"suraksan","layer":"canopy","date":"2026-08-01"},"geometry":{"type":"Polygon","coordinates":[[[127.11346,37.71227],[127.11346,37.71223],[127.11339,37.71217],[127.1134,37.71205],[127.11351,37.712],[127.11362,37.712],[127.11362,37.7122],[127.11355,37.71223],[127.11355,37.71227],[127.11346,37.71227]]]}},{"type":"Feature","properties":{"valleyId":"suraksan","layer":"canopy","date":"2026-08-01"},"geometry":{"type":"Polygon","coordinates":[[[127.11387,37.71207],[127.1138,37.71205],[127.11381,37.71198],[127.11394,37.71197],[127.11396,37.71208],[127.11387,37.71207]]]}},{"type":"Feature","properties":{"valleyId":"suraksan","layer":"canopy","date":"2026-08-01"},"geometry":{"type":"Polygon","coordinates":[[[127.12728,37.71223],[127.12728,37.71218],[127.12735,37.71218],[127.12734,37.71223],[127.12728,37.71223]]]}},{"type":"Feature","properties":{"valleyId":"suraksan","layer":"canopy","date":"2026-08-01"},"geometry":{"type":"Polygon","coordinates":[[[127.12011,37.71214],[127.12013,37.71205],[127.12023,37.71203],[127.12022,37.7121],[127.12018,37.71214],[127.12011,37.71214]]]}},{"type":"Feature","properties":{"valleyId":"suraksan","layer":"canopy","date":"2026-08-01"},"geometry":{"type":"Polygon","coordinates":[[[127.1114,37.71207],[127.11129,37.71205],[127.11122,37.712],[127.11122,37.71192],[127.11127,37.71191],[127.11129,37.71183],[127.1114,37.71184],[127.1114,37.71193],[127.11165,37.71191],[127.11165,37.71197],[127.11158,37.712],[127.11153,37.71207],[127.1114,37.71207]]]}},{"type":"Feature","properties":{"valleyId":"suraksan","layer":"canopy","date":"2026-08-01"},"geometry":{"type":"Polygon","coordinates":[[[127.12034,37.71209],[127.12032,37.71207],[127.1203,37.71192],[127.12036,37.71193],[127.12036,37.71198],[127.12041,37.712],[127.12041,37.71209],[127.12034,37.71209]]]}},{"type":"Feature","properties":{"valleyId":"suraksan","layer":"canopy","date":"2026-08-01"},"geometry":{"type":"Polygon","coordinates":[[[127.1168,37.71201],[127.11662,37.71192],[127.11642,37.71192],[127.11642,37.71183],[127.11669,37.71181],[127.11674,37.71189],[127.11689,37.71194],[127.11689,37.71201],[127.1168,37.71201]]]}},{"type":"Feature","properties":{"valleyId":"suraksan","layer":"canopy","date":"2026-08-01"},"geometry":{"type":"Polygon","coordinates":[[[127.11444,37.71199],[127.1144,37.71194],[127.1144,37.71187],[127.11426,37.71181],[127.11429,37.71174],[127.11449,37.71176],[127.11451,37.71199],[127.11444,37.71199]]]}},{"type":"Feature","properties":{"valleyId":"suraksan","layer":"canopy","date":"2026-08-01"},"geometry":{"type":"Polygon","coordinates":[[[127.12551,37.71203],[127.12547,37.71192],[127.12576,37.71192],[127.12574,37.71203],[127.12551,37.71203]]]}},{"type":"Feature","properties":{"valleyId":"suraksan","layer":"canopy","date":"2026-08-01"},"geometry":{"type":"Polygon","coordinates":[[[127.11381,37.71186],[127.11384,37.71171],[127.11393,37.71171],[127.11392,37.71184],[127.11381,37.71186]]]}},{"type":"Feature","properties":{"valleyId":"suraksan","layer":"canopy","date":"2026-08-01"},"geometry":{"type":"Polygon","coordinates":[[[127.11492,37.71177],[127.11486,37.71171],[127.11486,37.71162],[127.11491,37.71159],[127.11522,37.71161],[127.11522,37.71166],[127.11504,37.71173],[127.11504,37.71177],[127.11492,37.71177]]]}},{"type":"Feature","properties":{"valleyId":"suraksan","layer":"canopy","date":"2026-08-01"},"geometry":{"type":"Polygon","coordinates":[[[127.12518,37.71188],[127.12518,37.71184],[127.12511,37.71182],[127.12511,37.71177],[127.12523,37.7117],[127.12536,37.71172],[127.12536,37.71181],[127.12527,37.71182],[127.12524,37.71188],[127.12518,37.71188]]]}},{"type":"Feature","properties":{"valleyId":"suraksan","layer":"canopy","date":"2026-08-01"},"geometry":{"type":"Polygon","coordinates":[[[127.11422,37.71439],[127.11379,37.71433],[127.11352,37.71425],[127.11339,37.71418],[127.11332,37.71417],[127.1133,37.71414],[127.11321,37.71412],[127.11319,37.71408],[127.11301,37.71401],[127.11296,37.71395],[127.11292,37.71395],[127.11256,37.71364],[127.11256,37.7136],[127.11247,37.71353],[127.11245,37.71337],[127.11237,37.71328],[127.11228,37.71306],[127.11215,37.71298],[127.11211,37.71278],[127.11231,37.71281],[127.1124,37.71279],[127.11247,37.71274],[127.11247,37.71266],[127.11256,37.71261],[127.11257,37.7125],[127.11266,37.71242],[127.11266,37.71234],[127.11262,37.71231],[127.11246,37.7123],[127.11245,37.71256],[127.11227,37.71255],[127.11209,37.71264],[127.11184,37.71262],[127.11182,37.71247],[127.11173,37.7124],[127.11162,37.71238],[127.11157,37.71234],[127.1116,37.71225],[127.11174,37.71222],[127.1118,37.71226],[127.11185,37.71235],[127.11214,37.71241],[127.11228,37.71235],[127.11235,37.71225],[127.11233,37.71205],[127.11224,37.71198],[127.1122,37.71183],[127.11215,37.71183],[127.11213,37.71178],[127.11202,37.71176],[127.11195,37.7117],[127.11195,37.71166],[127.11189,37.71165],[127.11189,37.7115],[127.11237,37.71144],[127.11259,37.71151],[127.11268,37.71159],[127.11268,37.71162],[127.11281,37.71171],[127.11286,37.71184],[127.11299,37.71193],[127.11299,37.71199],[127.11308,37.71208],[127.11305,37.71226],[127.113,37.71228],[127.113,37.71242],[127.11305,37.71244],[127.11304,37.71255],[127.11327,37.71271],[127.11326,37.71279],[127.11315,37.71282],[127.11314,37.71302],[127.11324,37.71302],[127.11331,37.71293],[127.11337,37.71293],[127.11342,37.71288],[127.11349,37.71286],[127.11349,37.71272],[127.1134,37.71261],[127.11341,37.71255],[127.11363,37.71256],[127.11363,37.71268],[127.11374,37.71274],[127.11374,37.71285],[127.11385,37.71292],[127.1138,37.7131],[127.114,37.71312],[127.11401,37.713],[127.11417,37.71302],[127.1143,37.71309],[127.11427,37.7132],[127.114,37.71316],[127.11402,37.71336],[127.11393,37.71343],[127.11393,37.71348],[127.11399,37.71354],[127.11429,37.71356],[127.11436,37.71358],[127.11435,37.71361],[127.11444,37.71363],[127.11456,37.71364],[127.1146,37.7136],[127.11463,37.71349],[127.11472,37.71349],[127.11474,37.71353],[127.11497,37.71352],[127.11499,37.71355],[127.11517,37.71357],[127.11515,37.71364],[127.11497,37.71368],[127.11494,37.71371],[127.11487,37.71371],[127.11478,37.71366],[127.11469,37.71366],[127.11458,37.71373],[127.1146,37.71382],[127.11464,37.71382],[127.11471,37.71391],[127.11471,37.71402],[127.11459,37.71412],[127.11459,37.71418],[127.11452,37.71421],[127.11454,37.71437],[127.11422,37.71439]],[[127.11312,37.71383],[127.1134,37.71381],[127.11347,37.71376],[127.11345,37.71364],[127.11331,37.71353],[127.11318,37.71352],[127.11315,37.71358],[127.11306,37.71361],[127.11306,37.71367],[127.11313,37.71372],[127.11312,37.71383]],[[127.11279,37.71348],[127.11302,37.71345],[127.11305,37.71334],[127.11296,37.71328],[127.11284,37.7133],[127.11275,37.71339],[127.11275,37.71344],[127.11279,37.71348]]]}},{"type":"Feature","properties":{"valleyId":"suraksan","layer":"canopy","date":"2026-08-01"},"geometry":{"type":"Polygon","coordinates":[[[127.1281,37.7118],[127.12808,37.71169],[127.1282,37.71169],[127.12822,37.7118],[127.1281,37.7118]]]}},{"type":"Feature","properties":{"valleyId":"suraksan","layer":"canopy","date":"2026-08-01"},"geometry":{"type":"Polygon","coordinates":[[[127.12621,37.71209],[127.12617,37.71195],[127.12608,37.71191],[127.12608,37.71184],[127.12602,37.7118],[127.12604,37.71164],[127.12613,37.71166],[127.12615,37.71182],[127.1262,37.71184],[127.12622,37.71193],[127.12628,37.71198],[127.12628,37.71209],[127.12621,37.71209]]]}},{"type":"Feature","properties":{"valleyId":"suraksan","layer":"canopy","date":"2026-08-01"},"geometry":{"type":"Polygon","coordinates":[[[127.1226,37.71598],[127.12253,37.71593],[127.12253,37.71587],[127.12265,37.71578],[127.12265,37.71573],[127.12256,37.71569],[127.12255,37.71535],[127.12257,37.71519],[127.12262,37.71513],[127.12265,37.7149],[127.12256,37.71488],[127.12252,37.71477],[127.12245,37.71477],[127.12234,37.71471],[127.12234,37.71462],[127.12238,37.71459],[127.1225,37.71457],[127.12268,37.71459],[127.12268,37.71456],[127.12279,37.71454],[127.1228,37.71442],[127.12287,37.71438],[127.12289,37.71431],[127.12328,37.71433],[127.1233,37.71426],[127.12339,37.71421],[127.1234,37.71408],[127.12337,37.71405],[127.12331,37.71405],[127.12326,37.71401],[127.12308,37.71397],[127.12274,37.71396],[127.12267,37.71393],[127.12267,37.71387],[127.12252,37.71387],[127.12229,37.71381],[127.12227,37.7137],[127.12216,37.71365],[127.12216,37.71354],[127.12207,37.71345],[127.12207,37.71339],[127.12198,37.71336],[127.12201,37.71316],[127.1219,37.71307],[127.12188,37.71298],[127.1217,37.71294],[127.12163,37.7129],[127.12161,37.71285],[127.12152,37.71283],[127.12148,37.71274],[127.1213,37.71261],[127.12126,37.71253],[127.12121,37.71253],[127.12117,37.71242],[127.12112,37.71242],[127.1211,37.71239],[127.1209,37.71229],[127.1209,37.7122],[127.12084,37.71215],[127.12079,37.71202],[127.12068,37.71193],[127.12059,37.71191],[127.12057,37.71182],[127.12048,37.7118],[127.12048,37.71177],[127.12023,37.71174],[127.12023,37.71167],[127.12028,37.71167],[127.1203,37.71162],[127.12051,37.71157],[127.12062,37.71157],[127.12064,37.71161],[127.12071,37.71161],[127.12071,37.71153],[127.12099,37.71152],[127.12096,37.71166],[127.12103,37.7117],[127.12103,37.71174],[127.12116,37.71178],[127.12118,37.71181],[127.12132,37.71183],[127.12141,37.71183],[127.1215,37.71175],[127.12162,37.71175],[127.12167,37.7116],[127.1218,37.71161],[127.12185,37.71164],[127.12191,37.71164],[127.12194,37.71172],[127.12178,37.71175],[127.1218,37.71186],[127.12191,37.71188],[127.12193,37.71191],[127.12227,37.71203],[127.12261,37.71202],[127.12261,37.71209],[127.12256,37.71209],[127.12256,37.71214],[127.12265,37.71216],[127.12272,37.71222],[127.12272,37.71227],[127.1229,37.71225],[127.12294,37.71229],[127.1232,37.71269],[127.12333,37.71313],[127.12332,37.71352],[127.12352,37.7138],[127.12364,37.71414],[127.12368,37.71447],[127.12365,37.71477],[127.1235,37.71518],[127.12327,37.71552],[127.12283,37.71589],[127.12278,37.71589],[127.12267,37.71598],[127.1226,37.71598]],[[127.12288,37.71552],[127.12297,37.71552],[127.123,37.71543],[127.12293,37.71543],[127.12288,37.71546],[127.12288,37.71552]],[[127.12281,37.71487],[127.12297,37.71487],[127.12306,37.71482],[127.12338,37.7148],[127.12336,37.71466],[127.12329,37.71462],[127.12279,37.71461],[127.12279,37.71465],[127.12266,37.71465],[127.12265,37.71474],[127.12277,37.71476],[127.12281,37.71479],[127.12281,37.71487]],[[127.12247,37.71299],[127.12256,37.71299],[127.12263,37.7129],[127.12272,37.7129],[127.12272,37.71281],[127.12259,37.71279],[127.12247,37.71288],[127.1224,37.71288],[127.12238,37.71279],[127.12227,37.71278],[127.12218,37.71284],[127.1222,37.71293],[127.12238,37.71293],[127.12247,37.71299]],[[127.12168,37.71269],[127.12184,37.71267],[127.12184,37.71262],[127.12189,37.7126],[127.12187,37.71244],[127.12178,37.71243],[127.12169,37.71251],[127.12168,37.71269]]]}},{"type":"Feature","properties":{"valleyId":"suraksan","layer":"canopy","date":"2026-08-01"},"geometry":{"type":"Polygon","coordinates":[[[127.11266,37.71146],[127.11262,37.71142],[127.11262,37.71137],[127.11278,37.71135],[127.11278,37.71143],[127.11273,37.71146],[127.11266,37.71146]]]}},{"type":"Feature","properties":{"valleyId":"suraksan","layer":"canopy","date":"2026-08-01"},"geometry":{"type":"Polygon","coordinates":[[[127.11665,37.71152],[127.11663,37.71142],[127.1167,37.71142],[127.11675,37.71145],[127.11674,37.71153],[127.11665,37.71152]]]}},{"type":"Feature","properties":{"valleyId":"suraksan","layer":"canopy","date":"2026-08-01"},"geometry":{"type":"Polygon","coordinates":[[[127.113,37.71172],[127.11286,37.71161],[127.11287,37.71148],[127.11296,37.71137],[127.113,37.71138],[127.11305,37.71132],[127.11312,37.71132],[127.11325,37.71138],[127.11327,37.71147],[127.11305,37.71143],[127.11296,37.7115],[127.11295,37.71155],[127.11311,37.71163],[127.11311,37.71172],[127.113,37.71172]]]}},{"type":"Feature","properties":{"valleyId":"suraksan","layer":"canopy","date":"2026-08-01"},"geometry":{"type":"Polygon","coordinates":[[[127.11421,37.71143],[127.11423,37.71132],[127.11432,37.71131],[127.11432,37.71143],[127.11421,37.71143]]]}},{"type":"Feature","properties":{"valleyId":"suraksan","layer":"canopy","date":"2026-08-01"},"geometry":{"type":"Polygon","coordinates":[[[127.12487,37.71147],[127.12487,37.7114],[127.12494,37.7114],[127.12494,37.71148],[127.12487,37.71147]]]}},{"type":"Feature","properties":{"valleyId":"suraksan","layer":"canopy","date":"2026-08-01"},"geometry":{"type":"Polygon","coordinates":[[[127.12401,37.71308],[127.1239,37.7129],[127.1238,37.71259],[127.12376,37.71211],[127.12384,37.71176],[127.12393,37.71175],[127.12394,37.71155],[127.1241,37.7113],[127.12419,37.7113],[127.12421,37.71141],[127.12428,37.71143],[127.12428,37.71152],[127.124,37.71168],[127.12404,37.71184],[127.12397,37.71187],[127.12397,37.71195],[127.12408,37.71204],[127.12417,37.71204],[127.12417,37.71199],[127.12413,37.71195],[127.12413,37.71175],[127.12427,37.71174],[127.12432,37.71168],[127.12448,37.7117],[127.12448,37.71165],[127.12452,37.71161],[127.12459,37.71161],[127.12459,37.71167],[127.1245,37.7117],[127.1245,37.71176],[127.12452,37.71188],[127.12458,37.71192],[127.12467,37.71207],[127.12466,37.71252],[127.12452,37.71253],[127.12446,37.71244],[127.12423,37.71246],[127.12416,37.71249],[127.12416,37.71254],[127.12409,37.71262],[127.12408,37.71308],[127.12401,37.71308]]]}},{"type":"Feature","properties":{"valleyId":"suraksan","layer":"canopy","date":"2026-08-01"},"geometry":{"type":"Polygon","coordinates":[[[127.12786,37.71172],[127.12784,37.71165],[127.12779,37.71165],[127.12777,37.71159],[127.12761,37.71159],[127.12757,37.71143],[127.12759,37.71137],[127.12766,37.71134],[127.12773,37.71134],[127.12773,37.71148],[127.12791,37.71147],[127.12789,37.71132],[127.12798,37.71133],[127.12802,37.71138],[127.12802,37.71145],[127.12798,37.71147],[127.12795,37.71156],[127.12786,37.71159],[127.12786,37.71165],[127.12795,37.71165],[127.12797,37.71172],[127.12786,37.71172]]]}},{"type":"Feature","properties":{"valleyId":"suraksan","layer":"canopy","date":"2026-08-01"},"geometry":{"type":"Polygon","coordinates":[[[127.12584,37.71162],[127.12573,37.71158],[127.12562,37.71143],[127.12553,37.71141],[127.12551,37.71129],[127.12567,37.71127],[127.12569,37.71124],[127.12596,37.71128],[127.12591,37.71142],[127.12582,37.71142],[127.12582,37.71136],[127.12573,37.71138],[127.12573,37.71147],[127.12582,37.71149],[127.12586,37.71154],[127.12593,37.71155],[127.12593,37.71162],[127.12584,37.71162]]]}},{"type":"Feature","properties":{"valleyId":"suraksan","layer":"canopy","date":"2026-08-01"},"geometry":{"type":"Polygon","coordinates":[[[127.12725,37.71133],[127.12723,37.71124],[127.12732,37.71123],[127.12734,37.71132],[127.12725,37.71133]]]}},{"type":"Feature","properties":{"valleyId":"suraksan","layer":"canopy","date":"2026-08-01"},"geometry":{"type":"Polygon","coordinates":[[[127.11435,37.7112],[127.11435,37.71113],[127.1144,37.71111],[127.11447,37.711],[127.11458,37.71099],[127.11469,37.71104],[127.11467,37.71111],[127.11444,37.71116],[127.11442,37.7112],[127.11435,37.7112]]]}},{"type":"Feature","properties":{"valleyId":"suraksan","layer":"canopy","date":"2026-08-01"},"geometry":{"type":"Polygon","coordinates":[[[127.11106,37.7112],[127.11101,37.71118],[127.11102,37.71091],[127.11111,37.71089],[127.11122,37.711],[127.11131,37.71101],[127.11131,37.71106],[127.11117,37.71109],[127.11117,37.7112],[127.11106,37.7112]]]}},{"type":"Feature","properties":{"valleyId":"suraksan","layer":"canopy","date":"2026-08-01"},"geometry":{"type":"Polygon","coordinates":[[[127.11489,37.71117],[127.1149,37.71108],[127.11478,37.71104],[127.11481,37.71088],[127.11492,37.71088],[127.11499,37.71096],[127.11498,37.71117],[127.11489,37.71117]]]}},{"type":"Feature","properties":{"valleyId":"suraksan","layer":"canopy","date":"2026-08-01"},"geometry":{"type":"Polygon","coordinates":[[[127.1124,37.7109],[127.11241,37.71084],[127.1125,37.71084],[127.11249,37.7109],[127.1124,37.7109]]]}},{"type":"Feature","properties":{"valleyId":"suraksan","layer":"canopy","date":"2026-08-01"},"geometry":{"type":"Polygon","coordinates":[[[127.1198,37.71093],[127.11976,37.71089],[127.11976,37.71082],[127.1198,37.71078],[127.11992,37.71078],[127.11994,37.71093],[127.1198,37.71093]]]}},{"type":"Feature","properties":{"valleyId":"suraksan","layer":"canopy","date":"2026-08-01"},"geometry":{"type":"Polygon","coordinates":[[[127.12103,37.71089],[127.12098,37.71087],[127.12098,37.71082],[127.12107,37.7108],[127.12109,37.71089],[127.12103,37.71089]]]}},{"type":"Feature","properties":{"valleyId":"suraksan","layer":"canopy","date":"2026-08-01"},"geometry":{"type":"Polygon","coordinates":[[[127.11372,37.71077],[127.11373,37.7107],[127.11377,37.71067],[127.11384,37.71067],[127.11386,37.71074],[127.11381,37.71078],[127.11372,37.71077]]]}},{"type":"Feature","properties":{"valleyId":"suraksan","layer":"canopy","date":"2026-08-01"},"geometry":{"type":"Polygon","coordinates":[[[127.11427,37.71067],[127.11427,37.7106],[127.11436,37.7106],[127.11436,37.71066],[127.11427,37.71067]]]}},{"type":"Feature","properties":{"valleyId":"suraksan","layer":"canopy","date":"2026-08-01"},"geometry":{"type":"Polygon","coordinates":[[[127.11304,37.7108],[127.11304,37.71074],[127.11316,37.71073],[127.11316,37.71064],[127.11323,37.71062],[127.11319,37.71048],[127.11328,37.71048],[127.11332,37.71053],[127.11337,37.71053],[127.11339,37.71062],[127.11334,37.71064],[127.11334,37.71068],[127.11325,37.71071],[127.11325,37.7108],[127.11304,37.7108]]]}},{"type":"Feature","properties":{"valleyId":"suraksan","layer":"canopy","date":"2026-08-01"},"geometry":{"type":"Polygon","coordinates":[[[127.1169,37.71059],[127.11686,37.71057],[127.11686,37.71052],[127.11702,37.7105],[127.11702,37.71059],[127.1169,37.71059]]]}},{"type":"Feature","properties":{"valleyId":"suraksan","layer":"canopy","date":"2026-08-01"},"geometry":{"type":"Polygon","coordinates":[[[127.11448,37.71055],[127.11448,37.71043],[127.11457,37.71041],[127.11459,37.71054],[127.11448,37.71055]]]}},{"type":"Feature","properties":{"valleyId":"suraksan","layer":"canopy","date":"2026-08-01"},"geometry":{"type":"Polygon","coordinates":[[[127.12556,37.71085],[127.12552,37.71082],[127.12543,37.71082],[127.12543,37.71067],[127.12534,37.71067],[127.12534,37.71062],[127.12557,37.71062],[127.12557,37.71057],[127.12571,37.71055],[127.12573,37.71064],[127.1257,37.71068],[127.12566,37.71068],[127.12568,37.7108],[127.12563,37.71086],[127.12556,37.71085]]]}},{"type":"Feature","properties":{"valleyId":"suraksan","layer":"canopy","date":"2026-08-01"},"geometry":{"type":"Polygon","coordinates":[[[127.11219,37.71046],[127.11212,37.71044],[127.11215,37.71035],[127.11226,37.71035],[127.11235,37.7103],[127.11267,37.71031],[127.11267,37.71036],[127.11242,37.71037],[127.11235,37.71039],[127.11228,37.71046],[127.11219,37.71046]]]}},{"type":"Feature","properties":{"valleyId":"suraksan","layer":"canopy","date":"2026-08-01"},"geometry":{"type":"Polygon","coordinates":[[[127.12015,37.71055],[127.12018,37.71043],[127.12033,37.71043],[127.12035,37.71054],[127.12015,37.71055]]]}},{"type":"Feature","properties":{"valleyId":"suraksan","layer":"canopy","date":"2026-08-01"},"geometry":{"type":"Polygon","coordinates":[[[127.1172,37.71047],[127.11723,37.71038],[127.11732,37.71036],[127.11732,37.71043],[127.11727,37.71047],[127.1172,37.71047]]]}},{"type":"Feature","properties":{"valleyId":"suraksan","layer":"canopy","date":"2026-08-01"},"geometry":{"type":"Polygon","coordinates":[[[127.11509,37.71036],[127.1151,37.71031],[127.11516,37.71031],[127.11516,37.71036],[127.11509,37.71036]]]}},{"type":"Feature","properties":{"valleyId":"suraksan","layer":"canopy","date":"2026-08-01"},"geometry":{"type":"Polygon","coordinates":[[[127.1148,37.71043],[127.11462,37.71039],[127.11465,37.71018],[127.11474,37.7102],[127.11476,37.7103],[127.11494,37.71031],[127.11494,37.71038],[127.11487,37.71043],[127.1148,37.71043]]]}},{"type":"Feature","properties":{"valleyId":"suraksan","layer":"canopy","date":"2026-08-01"},"geometry":{"type":"Polygon","coordinates":[[[127.1138,37.7104],[127.11373,37.71032],[127.11376,37.71014],[127.11385,37.71015],[127.11385,37.7102],[127.11392,37.71024],[127.11389,37.71038],[127.1138,37.7104]]]}},{"type":"Feature","properties":{"valleyId":"suraksan","layer":"canopy","date":"2026-08-01"},"geometry":{"type":"Polygon","coordinates":[[[127.1146,37.71007],[127.11461,37.70996],[127.11481,37.70996],[127.11481,37.71003],[127.11476,37.71003],[127.11474,37.71007],[127.1146,37.71007]]]}},{"type":"Feature","properties":{"valleyId":"suraksan","layer":"canopy","date":"2026-08-01"},"geometry":{"type":"Polygon","coordinates":[[[127.11769,37.71073],[127.11767,37.71066],[127.11758,37.71066],[127.11758,37.7106],[127.11752,37.71055],[127.11748,37.71029],[127.11753,37.71022],[127.11766,37.71026],[127.11767,37.70999],[127.11778,37.70999],[127.11778,37.71008],[127.11782,37.71012],[127.11782,37.7103],[127.11784,37.71034],[127.11802,37.71034],[127.11802,37.71039],[127.11761,37.7104],[127.11763,37.71048],[127.11779,37.71048],[127.11786,37.71055],[127.1179,37.71055],[127.11788,37.71064],[127.1177,37.7106],[127.1177,37.71066],[127.11776,37.71068],[127.11776,37.71073],[127.11769,37.71073]]]}},{"type":"Feature","properties":{"valleyId":"suraksan","layer":"canopy","date":"2026-08-01"},"geometry":{"type":"Polygon","coordinates":[[[127.11941,37.71025],[127.11941,37.71005],[127.11948,37.71],[127.11957,37.71],[127.11957,37.71018],[127.11948,37.71025],[127.11941,37.71025]]]}},{"type":"Feature","properties":{"valleyId":"suraksan","layer":"canopy","date":"2026-08-01"},"geometry":{"type":"Polygon","coordinates":[[[127.11261,37.70996],[127.11259,37.70987],[127.11264,37.70982],[127.1127,37.70982],[127.1127,37.70986],[127.11275,37.70986],[127.11275,37.70993],[127.1127,37.70996],[127.11261,37.70996]]]}},{"type":"Feature","properties":{"valleyId":"suraksan","layer":"canopy","date":"2026-08-01"},"geometry":{"type":"Polygon","coordinates":[[[127.11715,37.70995],[127.11715,37.70989],[127.11722,37.70989],[127.11722,37.70995],[127.11715,37.70995]]]}},{"type":"Feature","properties":{"valleyId":"suraksan","layer":"canopy","date":"2026-08-01"},"geometry":{"type":"Polygon","coordinates":[[[127.11823,37.71014],[127.11821,37.71002],[127.11833,37.70993],[127.11833,37.70989],[127.1186,37.7099],[127.1186,37.70995],[127.11846,37.70997],[127.11839,37.71002],[127.11839,37.71007],[127.11832,37.71014],[127.11823,37.71014]]]}},{"type":"Feature","properties":{"valleyId":"suraksan","layer":"canopy","date":"2026-08-01"},"geometry":{"type":"Polygon","coordinates":[[[127.11296,37.71033],[127.11292,37.71013],[127.11288,37.71009],[127.11286,37.70975],[127.11293,37.70975],[127.11295,37.70986],[127.113,37.7099],[127.11306,37.7099],[127.11311,37.70983],[127.11318,37.70983],[127.11317,37.71006],[127.11322,37.71008],[127.11324,37.71015],[127.11324,37.71026],[127.11319,37.71026],[127.11314,37.71033],[127.11296,37.71033]]]}},{"type":"Feature","properties":{"valleyId":"suraksan","layer":"canopy","date":"2026-08-01"},"geometry":{"type":"Polygon","coordinates":[[[127.11871,37.7099],[127.11869,37.70979],[127.11876,37.70979],[127.11878,37.7099],[127.11871,37.7099]]]}},{"type":"Feature","properties":{"valleyId":"suraksan","layer":"canopy","date":"2026-08-01"},"geometry":{"type":"Polygon","coordinates":[[[127.11266,37.7098],[127.11264,37.70968],[127.11271,37.70968],[127.11277,37.70971],[127.11277,37.70977],[127.11273,37.7098],[127.11266,37.7098]]]}},{"type":"Feature","properties":{"valleyId":"suraksan","layer":"canopy","date":"2026-08-01"},"geometry":{"type":"Polygon","coordinates":[[[127.11731,37.70982],[127.11731,37.7097],[127.11747,37.70973],[127.11747,37.70982],[127.11731,37.70982]]]}},{"type":"Feature","properties":{"valleyId":"suraksan","layer":"canopy","date":"2026-08-01"},"geometry":{"type":"Polygon","coordinates":[[[127.11994,37.71003],[127.11989,37.70999],[127.11989,37.70992],[127.11985,37.7099],[127.11985,37.70972],[127.11994,37.70972],[127.11996,37.70981],[127.12003,37.70985],[127.12005,37.71001],[127.11994,37.71003]]]}},{"type":"Feature","properties":{"valleyId":"suraksan","layer":"canopy","date":"2026-08-01"},"geometry":{"type":"Polygon","coordinates":[[[127.12037,37.70974],[127.12033,37.70973],[127.12033,37.70967],[127.12042,37.70966],[127.12044,37.70975],[127.12037,37.70974]]]}},{"type":"Feature","properties":{"valleyId":"suraksan","layer":"canopy","date":"2026-08-01"},"geometry":{"type":"Polygon","coordinates":[[[127.11471,37.70955],[127.11471,37.70946],[127.11485,37.70944],[127.11484,37.70951],[127.1148,37.70955],[127.11471,37.70955]]]}},{"type":"Feature","properties":{"valleyId":"suraksan","layer":"canopy","date":"2026-08-01"},"geometry":{"type":"Polygon","coordinates":[[[127.1145,37.70952],[127.11451,37.70943],[127.11462,37.70944],[127.11462,37.70951],[127.1145,37.70952]]]}},{"type":"Feature","properties":{"valleyId":"suraksan","layer":"canopy","date":"2026-08-01"},"geometry":{"type":"Polygon","coordinates":[[[127.11128,37.70949],[127.11126,37.70938],[127.11119,37.70938],[127.11117,37.70931],[127.11124,37.70931],[127.11126,37.70936],[127.1114,37.70938],[127.11142,37.70948],[127.11128,37.70949]]]}},{"type":"Feature","properties":{"valleyId":"suraksan","layer":"canopy","date":"2026-08-01"},"geometry":{"type":"Polygon","coordinates":[[[127.11789,37.70947],[127.11789,37.70942],[127.11798,37.7094],[127.11798,37.70947],[127.11789,37.70947]]]}},{"type":"Feature","properties":{"valleyId":"suraksan","layer":"canopy","date":"2026-08-01"},"geometry":{"type":"Polygon","coordinates":[[[127.11603,37.7094],[127.11603,37.70935],[127.1161,37.70935],[127.11609,37.70941],[127.11603,37.7094]]]}},{"type":"Feature","properties":{"valleyId":"suraksan","layer":"canopy","date":"2026-08-01"},"geometry":{"type":"Polygon","coordinates":[[[127.12024,37.70951],[127.12027,37.7094],[127.1205,37.70942],[127.12049,37.70948],[127.12043,37.70948],[127.12038,37.70951],[127.12024,37.70951]]]}},{"type":"Feature","properties":{"valleyId":"suraksan","layer":"canopy","date":"2026-08-01"},"geometry":{"type":"Polygon","coordinates":[[[127.11575,37.70958],[127.11569,37.70942],[127.11555,37.7094],[127.1155,37.70947],[127.11544,37.70947],[127.11537,37.70943],[127.11537,37.70936],[127.11544,37.70932],[127.11582,37.70931],[127.11591,37.7094],[127.11591,37.70946],[127.11584,37.70951],[127.11584,37.70958],[127.11575,37.70958]]]}},{"type":"Feature","properties":{"valleyId":"suraksan","layer":"canopy","date":"2026-08-01"},"geometry":{"type":"Polygon","coordinates":[[[127.11644,37.70934],[127.11628,37.7093],[127.11628,37.70925],[127.11655,37.70923],[127.11655,37.70932],[127.11644,37.70934]]]}},{"type":"Feature","properties":{"valleyId":"suraksan","layer":"canopy","date":"2026-08-01"},"geometry":{"type":"Polygon","coordinates":[[[127.11093,37.70922],[127.11084,37.7092],[127.11084,37.70914],[127.111,37.70916],[127.11099,37.70922],[127.11093,37.70922]]]}},{"type":"Feature","properties":{"valleyId":"suraksan","layer":"canopy","date":"2026-08-01"},"geometry":{"type":"Polygon","coordinates":[[[127.11954,37.70941],[127.11955,37.70919],[127.11962,37.70919],[127.11962,37.70923],[127.11968,37.70926],[127.11968,37.70937],[127.11954,37.70941]]]}},{"type":"Feature","properties":{"valleyId":"suraksan","layer":"canopy","date":"2026-08-01"},"geometry":{"type":"Polygon","coordinates":[[[127.11725,37.70939],[127.11716,37.70933],[127.11719,37.70919],[127.1173,37.70915],[127.1176,37.70918],[127.1176,37.70923],[127.11741,37.70925],[127.11737,37.70935],[127.11732,37.70939],[127.11725,37.70939]]]}},{"type":"Feature","properties":{"valleyId":"suraksan","layer":"canopy","date":"2026-08-01"},"geometry":{"type":"Polygon","coordinates":[[[127.11447,37.70922],[127.11445,37.70907],[127.11458,37.70909],[127.11456,37.7092],[127.11447,37.70922]]]}},{"type":"Feature","properties":{"valleyId":"suraksan","layer":"canopy","date":"2026-08-01"},"geometry":{"type":"Polygon","coordinates":[[[127.11816,37.70926],[127.11817,37.70913],[127.11832,37.70914],[127.11832,37.70921],[127.11825,37.70926],[127.11816,37.70926]]]}},{"type":"Feature","properties":{"valleyId":"suraksan","layer":"canopy","date":"2026-08-01"},"geometry":{"type":"Polygon","coordinates":[[[127.11977,37.70934],[127.11971,37.70912],[127.11973,37.70909],[127.11991,37.70909],[127.11991,37.7093],[127.11986,37.70934],[127.11977,37.70934]]]}},{"type":"Feature","properties":{"valleyId":"suraksan","layer":"canopy","date":"2026-08-01"},"geometry":{"type":"Polygon","coordinates":[[[127.11796,37.70922],[127.11796,37.70913],[127.11785,37.70913],[127.1178,37.70918],[127.11764,37.70918],[127.11764,37.70912],[127.11783,37.70909],[127.1179,37.70904],[127.11817,37.70904],[127.11817,37.70911],[127.11805,37.70911],[127.11805,37.70922],[127.11796,37.70922]]]}},{"type":"Feature","properties":{"valleyId":"suraksan","layer":"canopy","date":"2026-08-01"},"geometry":{"type":"Polygon","coordinates":[[[127.12347,37.70924],[127.1235,37.70913],[127.12357,37.70913],[127.12359,37.70924],[127.12347,37.70924]]]}},{"type":"Feature","properties":{"valleyId":"suraksan","layer":"canopy","date":"2026-08-01"},"geometry":{"type":"Polygon","coordinates":[[[127.11869,37.70918],[127.11867,37.70914],[127.1186,37.70914],[127.11855,37.7091],[127.1186,37.709],[127.11887,37.709],[127.11887,37.70905],[127.1188,37.70907],[127.11878,37.70918],[127.11869,37.70918]]]}},{"type":"Feature","properties":{"valleyId":"suraksan","layer":"canopy","date":"2026-08-01"},"geometry":{"type":"Polygon","coordinates":[[[127.11905,37.70904],[127.11905,37.70898],[127.11912,37.70899],[127.11912,37.70904],[127.11905,37.70904]]]}},{"type":"Feature","properties":{"valleyId":"suraksan","layer":"canopy","date":"2026-08-01"},"geometry":{"type":"Polygon","coordinates":[[[127.12015,37.71129],[127.12011,37.71125],[127.12014,37.71104],[127.12007,37.71097],[127.12007,37.71086],[127.1203,37.71084],[127.1203,37.71081],[127.12039,37.71081],[127.12049,37.71074],[127.1206,37.71074],[127.12069,37.71065],[127.12076,37.71065],[127.12077,37.71044],[127.12063,37.71042],[127.12061,37.71031],[127.12063,37.71027],[127.12081,37.71031],[127.12084,37.71022],[127.12079,37.71018],[127.1208,37.71008],[127.12096,37.71006],[127.12098,37.70999],[127.12116,37.70997],[127.12121,37.70978],[127.12128,37.70976],[127.12122,37.70938],[127.1214,37.70938],[127.12145,37.70937],[127.1215,37.70928],[127.1215,37.70906],[127.12132,37.70906],[127.12132,37.70898],[127.12151,37.70897],[127.12155,37.70901],[127.12166,37.70901],[127.12166,37.70913],[127.12174,37.70937],[127.12176,37.70977],[127.12171,37.71004],[127.12156,37.71038],[127.1213,37.7107],[127.12123,37.7107],[127.12121,37.71073],[127.12108,37.71073],[127.12105,37.71076],[127.1208,37.71076],[127.12076,37.71081],[127.12066,37.71083],[127.12053,37.71092],[127.12037,37.7109],[127.12034,37.71113],[127.12029,37.71115],[127.12022,37.71129],[127.12015,37.71129]],[[127.12097,37.71051],[127.12104,37.71051],[127.12104,37.71046],[127.12097,37.71046],[127.12097,37.71051]]]}},{"type":"Feature","properties":{"valleyId":"suraksan","layer":"canopy","date":"2026-08-01"},"geometry":{"type":"Polygon","coordinates":[[[127.11921,37.70899],[127.11921,37.70893],[127.11928,37.70893],[127.11928,37.70899],[127.11921,37.70899]]]}},{"type":"Feature","properties":{"valleyId":"suraksan","layer":"canopy","date":"2026-08-01"},"geometry":{"type":"Polygon","coordinates":[[[127.114,37.70892],[127.11398,37.70885],[127.11409,37.70883],[127.11411,37.70891],[127.114,37.70892]]]}},{"type":"Feature","properties":{"valleyId":"suraksan","layer":"canopy","date":"2026-08-01"},"geometry":{"type":"Polygon","coordinates":[[[127.11942,37.70899],[127.1194,37.70892],[127.11956,37.70894],[127.11955,37.70899],[127.11942,37.70899]]]}},{"type":"Feature","properties":{"valleyId":"suraksan","layer":"canopy","date":"2026-08-01"},"geometry":{"type":"Polygon","coordinates":[[[127.11497,37.70894],[127.11495,37.70883],[127.11507,37.70881],[127.11506,37.70892],[127.11497,37.70894]]]}},{"type":"Feature","properties":{"valleyId":"suraksan","layer":"canopy","date":"2026-08-01"},"geometry":{"type":"Polygon","coordinates":[[[127.11765,37.70898],[127.11763,37.70891],[127.11767,37.70889],[127.11767,37.70885],[127.11774,37.70886],[127.11776,37.70896],[127.11765,37.70898]]]}},{"type":"Feature","properties":{"valleyId":"suraksan","layer":"canopy","date":"2026-08-01"},"geometry":{"type":"Polygon","coordinates":[[[127.12014,37.70898],[127.12005,37.70893],[127.12006,37.70886],[127.12028,37.70884],[127.12028,37.70895],[127.12014,37.70898]]]}},{"type":"Feature","properties":{"valleyId":"suraksan","layer":"canopy","date":"2026-08-01"},"geometry":{"type":"Polygon","coordinates":[[[127.12019,37.7088],[127.1202,37.70868],[127.12026,37.70868],[127.12026,37.70881],[127.12019,37.7088]]]}},{"type":"Feature","properties":{"valleyId":"suraksan","layer":"canopy","date":"2026-08-01"},"geometry":{"type":"Polygon","coordinates":[[[127.11519,37.70914],[127.1152,37.70905],[127.11515,37.70903],[127.11513,37.70894],[127.1152,37.70894],[127.11525,37.70891],[127.11525,37.70864],[127.11537,37.70855],[127.11546,37.70855],[127.11548,37.70862],[127.11536,37.70875],[127.11538,37.70889],[127.11534,37.70891],[127.11538,37.70911],[127.11519,37.70914]]]}},{"type":"Feature","properties":{"valleyId":"suraksan","layer":"canopy","date":"2026-08-01"},"geometry":{"type":"Polygon","coordinates":[[[127.11151,37.70845],[127.11151,37.7084],[127.11158,37.7084],[127.11158,37.70845],[127.11151,37.70845]]]}},{"type":"Feature","properties":{"valleyId":"suraksan","layer":"canopy","date":"2026-08-01"},"geometry":{"type":"Polygon","coordinates":[[[127.11371,37.70881],[127.11366,37.70875],[127.11369,37.70865],[127.1136,37.70859],[127.1136,37.70854],[127.11353,37.70852],[127.11351,37.70843],[127.1136,37.70843],[127.11362,37.70847],[127.11367,37.70847],[127.11373,37.70861],[127.11382,37.70868],[127.1138,37.70879],[127.11371,37.70881]]]}},{"type":"Feature","properties":{"valleyId":"suraksan","layer":"canopy","date":"2026-08-01"},"geometry":{"type":"Polygon","coordinates":[[[127.10999,37.70841],[127.11,37.70833],[127.11006,37.70834],[127.11009,37.70841],[127.10999,37.70841]]]}},{"type":"Feature","properties":{"valleyId":"suraksan","layer":"canopy","date":"2026-08-01"},"geometry":{"type":"Polygon","coordinates":[[[127.11167,37.70845],[127.11167,37.70836],[127.11179,37.70835],[127.11179,37.70842],[127.11174,37.70842],[127.11174,37.70845],[127.11167,37.70845]]]}},{"type":"Feature","properties":{"valleyId":"suraksan","layer":"canopy","date":"2026-08-01"},"geometry":{"type":"Polygon","coordinates":[[[127.12095,37.70851],[127.12095,37.70844],[127.12102,37.70844],[127.12104,37.70851],[127.12095,37.70851]]]}},{"type":"Feature","properties":{"valleyId":"suraksan","layer":"canopy","date":"2026-08-01"},"geometry":{"type":"Polygon","coordinates":[[[127.10991,37.70832],[127.10991,37.70826],[127.10998,37.70826],[127.10997,37.70832],[127.10991,37.70832]]]}},{"type":"Feature","properties":{"valleyId":"suraksan","layer":"canopy","date":"2026-08-01"},"geometry":{"type":"Polygon","coordinates":[[[127.11517,37.7084],[127.11517,37.70835],[127.11524,37.70835],[127.11524,37.7084],[127.11517,37.7084]]]}},{"type":"Feature","properties":{"valleyId":"suraksan","layer":"canopy","date":"2026-08-01"},"geometry":{"type":"Polygon","coordinates":[[[127.11451,37.70837],[127.11451,37.7083],[127.11458,37.7083],[127.11458,37.70837],[127.11451,37.70837]]]}},{"type":"Feature","properties":{"valleyId":"suraksan","layer":"canopy","date":"2026-08-01"},"geometry":{"type":"Polygon","coordinates":[[[127.1207,37.70845],[127.12068,37.70838],[127.12082,37.7084],[127.12082,37.70845],[127.1207,37.70845]]]}},{"type":"Feature","properties":{"valleyId":"suraksan","layer":"canopy","date":"2026-08-01"},"geometry":{"type":"Polygon","coordinates":[[[127.11594,37.70834],[127.11594,37.70829],[127.11601,37.70829],[127.11601,37.70834],[127.11594,37.70834]]]}},{"type":"Feature","properties":{"valleyId":"suraksan","layer":"canopy","date":"2026-08-01"},"geometry":{"type":"Polygon","coordinates":[[[127.11764,37.70848],[127.11755,37.7084],[127.11757,37.70829],[127.11771,37.7083],[127.11773,37.70848],[127.11764,37.70848]]]}},{"type":"Feature","properties":{"valleyId":"suraksan","layer":"canopy","date":"2026-08-01"},"geometry":{"type":"Polygon","coordinates":[[[127.10982,37.70821],[127.1098,37.70808],[127.10987,37.70808],[127.10989,37.70821],[127.10982,37.70821]]]}},{"type":"Feature","properties":{"valleyId":"suraksan","layer":"canopy","date":"2026-08-01"},"geometry":{"type":"Polygon","coordinates":[[[127.12166,37.70823],[127.12166,37.70816],[127.12173,37.70816],[127.12173,37.70823],[127.12166,37.70823]]]}},{"type":"Feature","properties":{"valleyId":"suraksan","layer":"canopy","date":"2026-08-01"},"geometry":{"type":"Polygon","coordinates":[[[127.11965,37.70863],[127.11961,37.70856],[127.11964,37.70842],[127.1196,37.70815],[127.11969,37.70811],[127.11994,37.7081],[127.11994,37.70815],[127.1198,37.7082],[127.11975,37.70824],[127.11975,37.70829],[127.11982,37.70833],[127.12,37.70833],[127.12,37.7084],[127.11984,37.70842],[127.11977,37.70847],[127.11974,37.70864],[127.11965,37.70863]]]}},{"type":"Feature","properties":{"valleyId":"suraksan","layer":"canopy","date":"2026-08-01"},"geometry":{"type":"Polygon","coordinates":[[[127.12125,37.70823],[127.12123,37.70812],[127.12132,37.70812],[127.12137,37.70816],[127.12137,37.70823],[127.12125,37.70823]]]}},{"type":"Feature","properties":{"valleyId":"suraksan","layer":"canopy","date":"2026-08-01"},"geometry":{"type":"Polygon","coordinates":[[[127.10975,37.70806],[127.10975,37.70802],[127.10971,37.70801],[127.10971,37.70793],[127.10983,37.70792],[127.10982,37.70806],[127.10975,37.70806]]]}},{"type":"Feature","properties":{"valleyId":"suraksan","layer":"canopy","date":"2026-08-01"},"geometry":{"type":"Polygon","coordinates":[[[127.1235,37.70817],[127.1235,37.7081],[127.12357,37.7081],[127.12357,37.70817],[127.1235,37.70817]]]}},{"type":"Feature","properties":{"valleyId":"suraksan","layer":"canopy","date":"2026-08-01"},"geometry":{"type":"Polygon","coordinates":[[[127.12284,37.70924],[127.12236,37.70915],[127.12198,37.709],[127.12185,37.7089],[127.12176,37.7089],[127.12176,37.70883],[127.12201,37.70882],[127.12201,37.70876],[127.12196,37.70876],[127.12194,37.70869],[127.12174,37.7087],[127.12171,37.70879],[127.12162,37.70879],[127.12158,37.70875],[127.12163,37.70858],[127.12177,37.70851],[127.12183,37.70851],[127.12183,37.70861],[127.12213,37.70862],[127.12217,37.70866],[127.12226,37.70866],[127.12238,37.70857],[127.12249,37.70855],[127.1225,37.70837],[127.12261,37.70836],[127.12263,37.70845],[127.12281,37.70843],[127.12279,37.70822],[127.12275,37.70821],[127.12273,37.70816],[127.12266,37.70814],[127.12266,37.70807],[127.12278,37.70809],[127.12277,37.70814],[127.12298,37.70822],[127.12304,37.70838],[127.12297,37.70843],[127.1229,37.70843],[127.1229,37.70851],[127.12295,37.70851],[127.12297,37.7086],[127.12312,37.70863],[127.12315,37.70869],[127.12321,37.70873],[127.12323,37.70889],[127.12319,37.70891],[127.12318,37.70898],[127.1233,37.709],[127.12322,37.70916],[127.12309,37.70916],[127.12306,37.70921],[127.12284,37.70924]]]}},{"type":"Feature","properties":{"valleyId":"suraksan","layer":"canopy","date":"2026-08-01"},"geometry":{"type":"Polygon","coordinates":[[[127.10886,37.7083],[127.10842,37.7079],[127.10842,37.70782],[127.10847,37.70779],[127.10874,37.70785],[127.10876,37.70794],[127.10899,37.70794],[127.10908,37.70798],[127.10907,37.70807],[127.10896,37.70814],[127.10895,37.70826],[127.10893,37.7083],[127.10886,37.7083]]]}},{"type":"Feature","properties":{"valleyId":"suraksan","layer":"canopy","date":"2026-08-01"},"geometry":{"type":"Polygon","coordinates":[[[127.11998,37.70812],[127.12003,37.70797],[127.12012,37.70796],[127.12014,37.7081],[127.11998,37.70812]]]}},{"type":"Feature","properties":{"valleyId":"suraksan","layer":"canopy","date":"2026-08-01"},"geometry":{"type":"Polygon","coordinates":[[[127.12518,37.70807],[127.12516,37.70796],[127.12527,37.70795],[127.12532,37.70798],[127.12532,37.70806],[127.12518,37.70807]]]}},{"type":"Feature","properties":{"valleyId":"suraksan","layer":"canopy","date":"2026-08-01"},"geometry":{"type":"Polygon","coordinates":[[[127.1181,37.70809],[127.11808,37.70791],[127.11818,37.70784],[127.11836,37.70784],[127.11836,37.70793],[127.11822,37.708],[127.11819,37.70809],[127.1181,37.70809]]]}},{"type":"Feature","properties":{"valleyId":"suraksan","layer":"canopy","date":"2026-08-01"},"geometry":{"type":"Polygon","coordinates":[[[127.12167,37.70803],[127.12164,37.70794],[127.12169,37.70789],[127.12183,37.70791],[127.12185,37.70788],[127.12196,37.70788],[127.12198,37.70799],[127.12187,37.70798],[127.12178,37.70804],[127.12167,37.70803]]]}},{"type":"Feature","properties":{"valleyId":"suraksan","layer":"canopy","date":"2026-08-01"},"geometry":{"type":"Polygon","coordinates":[[[127.11768,37.70774],[127.11768,37.70766],[127.11775,37.70767],[127.11775,37.70774],[127.11768,37.70774]]]}},{"type":"Feature","properties":{"valleyId":"suraksan","layer":"canopy","date":"2026-08-01"},"geometry":{"type":"Polygon","coordinates":[[[127.12235,37.70776],[127.12233,37.70769],[127.12242,37.70769],[127.12244,37.70776],[127.12235,37.70776]]]}},{"type":"Feature","properties":{"valleyId":"suraksan","layer":"canopy","date":"2026-08-01"},"geometry":{"type":"Polygon","coordinates":[[[127.12208,37.70775],[127.12201,37.70772],[127.12202,37.70764],[127.12208,37.70764],[127.12215,37.7077],[127.12215,37.70775],[127.12208,37.70775]]]}},{"type":"Feature","properties":{"valleyId":"suraksan","layer":"canopy","date":"2026-08-01"},"geometry":{"type":"Polygon","coordinates":[[[127.11306,37.70755],[127.11306,37.7075],[127.11313,37.7075],[127.11312,37.70756],[127.11306,37.70755]]]}},{"type":"Feature","properties":{"valleyId":"suraksan","layer":"canopy","date":"2026-08-01"},"geometry":{"type":"Polygon","coordinates":[[[127.11798,37.70753],[127.11798,37.70747],[127.11805,37.70747],[127.11805,37.70753],[127.11798,37.70753]]]}},{"type":"Feature","properties":{"valleyId":"suraksan","layer":"canopy","date":"2026-08-01"},"geometry":{"type":"Polygon","coordinates":[[[127.12179,37.70759],[127.12177,37.70751],[127.12186,37.70752],[127.12186,37.70759],[127.12179,37.70759]]]}},{"type":"Feature","properties":{"valleyId":"suraksan","layer":"canopy","date":"2026-08-01"},"geometry":{"type":"Polygon","coordinates":[[[127.12036,37.70753],[127.12036,37.70747],[127.12043,37.70747],[127.12043,37.70753],[127.12036,37.70753]]]}},{"type":"Feature","properties":{"valleyId":"suraksan","layer":"canopy","date":"2026-08-01"},"geometry":{"type":"Polygon","coordinates":[[[127.12023,37.70747],[127.12023,37.70742],[127.1203,37.70742],[127.1203,37.70747],[127.12023,37.70747]]]}},{"type":"Feature","properties":{"valleyId":"suraksan","layer":"canopy","date":"2026-08-01"},"geometry":{"type":"Polygon","coordinates":[[[127.10857,37.70728],[127.10857,37.70721],[127.10864,37.70721],[127.10864,37.70729],[127.10857,37.70728]]]}},{"type":"Feature","properties":{"valleyId":"suraksan","layer":"canopy","date":"2026-08-01"},"geometry":{"type":"Polygon","coordinates":[[[127.12172,37.70746],[127.12173,37.7074],[127.12179,37.70741],[127.12179,37.70746],[127.12172,37.70746]]]}},{"type":"Feature","properties":{"valleyId":"suraksan","layer":"canopy","date":"2026-08-01"},"geometry":{"type":"Polygon","coordinates":[[[127.11215,37.70736],[127.11213,37.70723],[127.11225,37.70722],[127.11224,37.70736],[127.11215,37.70736]]]}},{"type":"Feature","properties":{"valleyId":"suraksan","layer":"canopy","date":"2026-08-01"},"geometry":{"type":"Polygon","coordinates":[[[127.12161,37.7074],[127.12155,37.70733],[127.1215,37.70733],[127.1215,37.70728],[127.12162,37.70728],[127.12162,37.70731],[127.12168,37.70735],[127.12168,37.7074],[127.12161,37.7074]]]}},{"type":"Feature","properties":{"valleyId":"suraksan","layer":"canopy","date":"2026-08-01"},"geometry":{"type":"Polygon","coordinates":[[[127.11238,37.7072],[127.11236,37.70709],[127.1125,37.70708],[127.1125,37.70719],[127.11238,37.7072]]]}},{"type":"Feature","properties":{"valleyId":"suraksan","layer":"canopy","date":"2026-08-01"},"geometry":{"type":"Polygon","coordinates":[[[127.12168,37.70728],[127.12164,37.70726],[127.12164,37.70721],[127.12175,37.70721],[127.12177,37.70728],[127.12168,37.70728]]]}},{"type":"Feature","properties":{"valleyId":"suraksan","layer":"canopy","date":"2026-08-01"},"geometry":{"type":"Polygon","coordinates":[[[127.12105,37.70739],[127.12091,37.7073],[127.12089,37.70718],[127.12103,37.7072],[127.12107,37.70727],[127.12116,37.70731],[127.12116,37.70738],[127.12105,37.70739]]]}},{"type":"Feature","properties":{"valleyId":"suraksan","layer":"canopy","date":"2026-08-01"},"geometry":{"type":"Polygon","coordinates":[[[127.11831,37.70719],[127.11831,37.70712],[127.11838,37.70712],[127.11837,37.70719],[127.11831,37.70719]]]}},{"type":"Feature","properties":{"valleyId":"suraksan","layer":"canopy","date":"2026-08-01"},"geometry":{"type":"Polygon","coordinates":[[[127.10884,37.70725],[127.10873,37.70718],[127.10871,37.70711],[127.10867,37.70709],[127.10867,37.707],[127.10874,37.707],[127.10876,37.70705],[127.10885,37.70711],[127.10901,37.70711],[127.1091,37.70704],[127.10924,37.70704],[127.10924,37.70695],[127.10933,37.70697],[127.10933,37.70704],[127.10923,37.70706],[127.10923,37.70713],[127.10903,37.70718],[127.10898,37.70724],[127.10884,37.70725]]]}},{"type":"Feature","properties":{"valleyId":"suraksan","layer":"canopy","date":"2026-08-01"},"geometry":{"type":"Polygon","coordinates":[[[127.12121,37.70718],[127.12117,37.70714],[127.12117,37.70707],[127.12133,37.70707],[127.12135,37.70716],[127.12121,37.70718]]]}},{"type":"Feature","properties":{"valleyId":"suraksan","layer":"canopy","date":"2026-08-01"},"geometry":{"type":"Polygon","coordinates":[[[127.10828,37.70715],[127.10824,37.70712],[127.10824,37.70697],[127.10815,37.70692],[127.10799,37.70691],[127.10799,37.70682],[127.10827,37.70681],[127.10826,37.70688],[127.10842,37.70687],[127.10847,37.7069],[127.10846,37.70714],[127.10828,37.70715]]]}},{"type":"Feature","properties":{"valleyId":"suraksan","layer":"canopy","date":"2026-08-01"},"geometry":{"type":"Polygon","coordinates":[[[127.11835,37.70706],[127.11838,37.70696],[127.11845,37.70696],[127.11845,37.70706],[127.11835,37.70706]]]}},{"type":"Feature","properties":{"valleyId":"suraksan","layer":"canopy","date":"2026-08-01"},"geometry":{"type":"Polygon","coordinates":[[[127.11421,37.70692],[127.11423,37.70683],[127.11437,37.70682],[127.11437,37.70687],[127.1143,37.70693],[127.11421,37.70692]]]}},{"type":"Feature","properties":{"valleyId":"suraksan","layer":"canopy","date":"2026-08-01"},"geometry":{"type":"Polygon","coordinates":[[[127.10822,37.70679],[127.10822,37.70672],[127.10834,37.7067],[127.10833,37.70678],[127.10822,37.70679]]]}},{"type":"Feature","properties":{"valleyId":"suraksan","layer":"canopy","date":"2026-08-01"},"geometry":{"type":"Polygon","coordinates":[[[127.11189,37.70694],[127.11187,37.70674],[127.11194,37.70674],[127.11203,37.70682],[127.11212,37.70684],[127.11212,37.70689],[127.11203,37.70689],[127.11196,37.70694],[127.11189,37.70694]]]}},{"type":"Feature","properties":{"valleyId":"suraksan","layer":"canopy","date":"2026-08-01"},"geometry":{"type":"Polygon","coordinates":[[[127.11943,37.70744],[127.11942,37.70726],[127.11948,37.70726],[127.11953,37.70721],[127.11969,37.70719],[127.11969,37.7071],[127.11978,37.7071],[127.11988,37.70696],[127.12006,37.70695],[127.12011,37.70686],[127.12015,37.70682],[127.12022,37.70682],[127.12029,37.70677],[127.12031,37.7067],[127.12038,37.7067],[127.12033,37.70688],[127.1202,37.70693],[127.1201,37.70705],[127.11996,37.70712],[127.11989,37.70727],[127.11985,37.7073],[127.11964,37.70728],[127.11957,37.70733],[127.11953,37.70733],[127.11952,37.70744],[127.11943,37.70744]]]}},{"type":"Feature","properties":{"valleyId":"suraksan","layer":"canopy","date":"2026-08-01"},"geometry":{"type":"Polygon","coordinates":[[[127.11539,37.70667],[127.1154,37.70655],[127.11544,37.70651],[127.11553,37.70651],[127.11553,37.70664],[127.11548,37.70667],[127.11539,37.70667]]]}},{"type":"Feature","properties":{"valleyId":"suraksan","layer":"canopy","date":"2026-08-01"},"geometry":{"type":"Polygon","coordinates":[[[127.11562,37.70659],[127.11562,37.70653],[127.11585,37.70652],[127.11583,37.70659],[127.11562,37.70659]]]}},{"type":"Feature","properties":{"valleyId":"suraksan","layer":"canopy","date":"2026-08-01"},"geometry":{"type":"Polygon","coordinates":[[[127.10966,37.70656],[127.10959,37.70647],[127.1095,37.70647],[127.1095,37.70642],[127.10964,37.70642],[127.10973,37.70646],[127.10972,37.70656],[127.10966,37.70656]]]}},{"type":"Feature","properties":{"valleyId":"suraksan","layer":"canopy","date":"2026-08-01"},"geometry":{"type":"Polygon","coordinates":[[[127.11896,37.7066],[127.11896,37.70655],[127.11903,37.70655],[127.11902,37.7066],[127.11896,37.7066]]]}},{"type":"Feature","properties":{"valleyId":"suraksan","layer":"canopy","date":"2026-08-01"},"geometry":{"type":"Polygon","coordinates":[[[127.108,37.70645],[127.10803,37.70636],[127.10812,37.70636],[127.10812,37.70641],[127.10807,37.70645],[127.108,37.70645]]]}},{"type":"Feature","properties":{"valleyId":"suraksan","layer":"canopy","date":"2026-08-01"},"geometry":{"type":"Polygon","coordinates":[[[127.12045,37.7067],[127.12046,37.70654],[127.12061,37.70656],[127.12066,37.70661],[127.12066,37.70668],[127.12045,37.7067]]]}},{"type":"Feature","properties":{"valleyId":"suraksan","layer":"canopy","date":"2026-08-01"},"geometry":{"type":"Polygon","coordinates":[[[127.11871,37.70646],[127.11871,37.7064],[127.11878,37.7064],[127.11878,37.70646],[127.11871,37.70646]]]}},{"type":"Feature","properties":{"valleyId":"suraksan","layer":"canopy","date":"2026-08-01"},"geometry":{"type":"Polygon","coordinates":[[[127.10828,37.7064],[127.10814,37.70625],[127.10817,37.70616],[127.10846,37.70617],[127.10848,37.70626],[127.10844,37.70627],[127.10844,37.70631],[127.10839,37.70631],[127.10839,37.7064],[127.10828,37.7064]]]}},{"type":"Feature","properties":{"valleyId":"suraksan","layer":"canopy","date":"2026-08-01"},"geometry":{"type":"Polygon","coordinates":[[[127.11529,37.70642],[127.11529,37.70636],[127.11536,37.70633],[127.11536,37.70629],[127.11543,37.70624],[127.11552,37.70624],[127.11552,37.7063],[127.11547,37.70631],[127.11542,37.70642],[127.11529,37.70642]]]}},{"type":"Feature","properties":{"valleyId":"suraksan","layer":"canopy","date":"2026-08-01"},"geometry":{"type":"Polygon","coordinates":[[[127.11492,37.70636],[127.11493,37.70629],[127.11504,37.7062],[127.11516,37.7062],[127.11515,37.70629],[127.11508,37.70634],[127.11492,37.70636]]]}},{"type":"Feature","properties":{"valleyId":"suraksan","layer":"canopy","date":"2026-08-01"},"geometry":{"type":"Polygon","coordinates":[[[127.11568,37.70617],[127.11568,37.70606],[127.11579,37.70607],[127.11581,37.70614],[127.11568,37.70617]]]}},{"type":"Feature","properties":{"valleyId":"suraksan","layer":"canopy","date":"2026-08-01"},"geometry":{"type":"Polygon","coordinates":[[[127.1155,37.70608],[127.11548,37.70601],[127.11552,37.70599],[127.11552,37.70595],[127.11566,37.70587],[127.11573,37.70587],[127.11573,37.70599],[127.11568,37.70601],[127.11568,37.70606],[127.1155,37.70608]]]}},{"type":"Feature","properties":{"valleyId":"suraksan","layer":"canopy","date":"2026-08-01"},"geometry":{"type":"Polygon","coordinates":[[[127.12011,37.70596],[127.12011,37.7059],[127.12018,37.7059],[127.12017,37.70596],[127.12011,37.70596]]]}},{"type":"Feature","properties":{"valleyId":"suraksan","layer":"canopy","date":"2026-08-01"},"geometry":{"type":"Polygon","coordinates":[[[127.12244,37.70599],[127.12244,37.70592],[127.12256,37.70592],[127.12256,37.70599],[127.12244,37.70599]]]}},{"type":"Feature","properties":{"valleyId":"suraksan","layer":"canopy","date":"2026-08-01"},"geometry":{"type":"Polygon","coordinates":[[[127.12337,37.70601],[127.12335,37.70586],[127.12344,37.70585],[127.12346,37.70599],[127.12337,37.70601]]]}},{"type":"Feature","properties":{"valleyId":"suraksan","layer":"canopy","date":"2026-08-01"},"geometry":{"type":"Polygon","coordinates":[[[127.11596,37.70585],[127.11594,37.70573],[127.11598,37.70573],[127.11599,37.70564],[127.11612,37.70566],[127.11614,37.7058],[127.11605,37.70585],[127.11596,37.70585]]]}},{"type":"Feature","properties":{"valleyId":"suraksan","layer":"canopy","date":"2026-08-01"},"geometry":{"type":"Polygon","coordinates":[[[127.11943,37.70578],[127.11941,37.70569],[127.1195,37.70568],[127.11952,37.70577],[127.11943,37.70578]]]}},{"type":"Feature","properties":{"valleyId":"suraksan","layer":"canopy","date":"2026-08-01"},"geometry":{"type":"Polygon","coordinates":[[[127.10633,37.70539],[127.10633,37.70534],[127.10642,37.70534],[127.10642,37.70539],[127.10633,37.70539]]]}},{"type":"Feature","properties":{"valleyId":"suraksan","layer":"canopy","date":"2026-08-01"},"geometry":{"type":"Polygon","coordinates":[[[127.13219,37.70613],[127.1322,37.70609],[127.13206,37.70609],[127.13206,37.70604],[127.13226,37.70604],[127.13224,37.70595],[127.13213,37.70595],[127.13208,37.706],[127.13186,37.706],[127.13186,37.70596],[127.13177,37.70589],[127.13163,37.70589],[127.13159,37.70585],[127.13157,37.70574],[127.13173,37.70573],[127.13177,37.7058],[127.13184,37.7058],[127.13184,37.70576],[127.13189,37.70575],[127.13198,37.70575],[127.1322,37.70586],[127.1324,37.70588],[127.13245,37.70594],[127.13249,37.70594],[127.13249,37.70599],[127.1324,37.70608],[127.13219,37.70613]]]}},{"type":"Feature","properties":{"valleyId":"suraksan","layer":"canopy","date":"2026-08-01"},"geometry":{"type":"Polygon","coordinates":[[[127.11451,37.70578],[127.11451,37.70567],[127.11462,37.70567],[127.11463,37.70556],[127.11458,37.70556],[127.11456,37.70552],[127.11456,37.70543],[127.11463,37.70544],[127.11465,37.70556],[127.11474,37.70558],[127.11476,37.70569],[127.11469,37.70574],[127.11451,37.70578]]]}},{"type":"Feature","properties":{"valleyId":"suraksan","layer":"canopy","date":"2026-08-01"},"geometry":{"type":"Polygon","coordinates":[[[127.12275,37.70564],[127.1227,37.7056],[127.1227,37.70555],[127.12282,37.70555],[127.12284,37.70562],[127.12275,37.70564]]]}},{"type":"Feature","properties":{"valleyId":"suraksan","layer":"canopy","date":"2026-08-01"},"geometry":{"type":"Polygon","coordinates":[[[127.12254,37.70569],[127.12254,37.70565],[127.12245,37.70561],[127.12245,37.70552],[127.12252,37.70553],[127.12259,37.70558],[127.12261,37.70569],[127.12254,37.70569]]]}},{"type":"Feature","properties":{"valleyId":"suraksan","layer":"canopy","date":"2026-08-01"},"geometry":{"type":"Polygon","coordinates":[[[127.12237,37.70536],[127.12237,37.70531],[127.12244,37.70531],[127.12244,37.70536],[127.12237,37.70536]]]}},{"type":"Feature","properties":{"valleyId":"suraksan","layer":"canopy","date":"2026-08-01"},"geometry":{"type":"Polygon","coordinates":[[[127.12314,37.70543],[127.12307,37.70535],[127.12307,37.70526],[127.12319,37.70527],[127.12319,37.70534],[127.12323,37.70536],[127.12323,37.70543],[127.12314,37.70543]]]}},{"type":"Feature","properties":{"valleyId":"suraksan","layer":"canopy","date":"2026-08-01"},"geometry":{"type":"Polygon","coordinates":[[[127.11942,37.70524],[127.11942,37.70517],[127.11956,37.70514],[127.11956,37.70521],[127.11951,37.70524],[127.11942,37.70524]]]}},{"type":"Feature","properties":{"valleyId":"suraksan","layer":"canopy","date":"2026-08-01"},"geometry":{"type":"Polygon","coordinates":[[[127.11972,37.70523],[127.1197,37.70516],[127.11981,37.70514],[127.11983,37.70523],[127.11972,37.70523]]]}},{"type":"Feature","properties":{"valleyId":"suraksan","layer":"canopy","date":"2026-08-01"},"geometry":{"type":"Polygon","coordinates":[[[127.11965,37.7051],[127.11968,37.70503],[127.11977,37.70505],[127.11977,37.7051],[127.11965,37.7051]]]}},{"type":"Feature","properties":{"valleyId":"suraksan","layer":"canopy","date":"2026-08-01"},"geometry":{"type":"Polygon","coordinates":[[[127.11721,37.70659],[127.11719,37.70656],[127.11703,37.70654],[127.11687,37.70653],[127.11673,37.70657],[127.11642,37.70656],[127.11642,37.70651],[127.11649,37.70651],[127.11651,37.70644],[127.11633,37.70635],[127.11633,37.70626],[127.11624,37.70624],[127.11624,37.7062],[127.1162,37.7062],[127.11618,37.70616],[127.11606,37.70616],[127.116,37.70609],[127.116,37.70602],[127.11607,37.70596],[127.11618,37.70596],[127.11618,37.70593],[127.11627,37.70589],[127.11628,37.70577],[127.11623,37.70577],[127.11623,37.70571],[127.11637,37.70564],[127.11637,37.70552],[127.11642,37.70545],[127.1164,37.70532],[127.11668,37.70516],[127.11672,37.70516],[127.11677,37.70511],[127.11682,37.70511],[127.11714,37.7049],[127.11721,37.7049],[127.11721,37.70495],[127.1173,37.70497],[127.11732,37.70501],[127.11743,37.70501],[127.11745,37.7051],[127.11759,37.70516],[127.11768,37.70516],[127.11768,37.70512],[127.11777,37.70511],[127.11782,37.70504],[127.11795,37.705],[127.11798,37.70493],[127.11809,37.70491],[127.11814,37.70495],[127.11816,37.70508],[127.11822,37.70511],[127.11824,37.70519],[127.11831,37.70522],[127.11835,37.70531],[127.11856,37.70539],[127.11855,37.70546],[127.11851,37.70548],[127.11851,37.70552],[127.11844,37.70553],[127.11844,37.7056],[127.1185,37.70562],[127.11848,37.70577],[127.11859,37.70584],[127.11859,37.70589],[127.11843,37.70602],[127.1184,37.70609],[127.11831,37.70611],[127.11828,37.70623],[127.11819,37.70629],[127.11819,37.70634],[127.1181,37.70641],[127.11801,37.70641],[127.11801,37.70646],[127.1178,37.7065],[127.11773,37.7066],[127.1176,37.7066],[127.1176,37.70656],[127.11755,37.70655],[127.11748,37.70654],[127.11748,37.7066],[127.11721,37.70659]],[[127.11783,37.70617],[127.11795,37.70617],[127.11802,37.70612],[127.11804,37.70599],[127.118,37.70599],[127.11795,37.70588],[127.11786,37.70588],[127.11784,37.70581],[127.11775,37.70577],[127.11771,37.70552],[127.11758,37.70541],[127.11753,37.70541],[127.11754,37.70537],[127.11742,37.7053],[127.11727,37.70528],[127.11717,37.70531],[127.11715,37.70544],[127.11721,37.70558],[127.1173,37.70564],[127.1173,37.70568],[127.11737,37.70573],[127.11744,37.70573],[127.11755,37.70584],[127.11759,37.70584],[127.11768,37.70592],[127.11774,37.7061],[127.11783,37.70617]],[[127.11805,37.70571],[127.11812,37.70571],[127.11812,37.70564],[127.11805,37.70563],[127.11805,37.70571]]]}},{"type":"Feature","properties":{"valleyId":"suraksan","layer":"canopy","date":"2026-08-01"},"geometry":{"type":"Polygon","coordinates":[[[127.1258,37.70518],[127.1258,37.70513],[127.12591,37.70513],[127.12594,37.70509],[127.12598,37.70509],[127.12598,37.70504],[127.12605,37.70504],[127.12605,37.70509],[127.126,37.70509],[127.12598,37.70518],[127.1258,37.70518]]]}},{"type":"Feature","properties":{"valleyId":"suraksan","layer":"canopy","date":"2026-08-01"},"geometry":{"type":"Polygon","coordinates":[[[127.11741,37.70496],[127.11734,37.70492],[127.11734,37.70487],[127.11748,37.70485],[127.1175,37.70496],[127.11741,37.70496]]]}},{"type":"Feature","properties":{"valleyId":"suraksan","layer":"canopy","date":"2026-08-01"},"geometry":{"type":"Polygon","coordinates":[[[127.12333,37.70507],[127.12331,37.70498],[127.12335,37.70493],[127.12342,37.70493],[127.12344,37.70505],[127.12333,37.70507]]]}},{"type":"Feature","properties":{"valleyId":"suraksan","layer":"canopy","date":"2026-08-01"},"geometry":{"type":"Polygon","coordinates":[[[127.13141,37.70576],[127.13123,37.70574],[127.13114,37.70564],[127.13094,37.70566],[127.13091,37.70562],[127.13085,37.70562],[127.13067,37.70553],[127.13042,37.70552],[127.13039,37.70556],[127.1303,37.70556],[127.13021,37.70552],[127.13004,37.70536],[127.12988,37.70535],[127.12981,37.70528],[127.12956,37.70526],[127.12943,37.70513],[127.12936,37.70513],[127.12927,37.70507],[127.12927,37.70498],[127.12939,37.70499],[127.12945,37.70504],[127.12977,37.70506],[127.12986,37.70512],[127.13,37.70512],[127.13008,37.70521],[127.13022,37.70521],[127.13024,37.70525],[127.13042,37.70531],[127.13044,37.70542],[127.13065,37.70538],[127.13065,37.70529],[127.1307,37.70528],[127.13103,37.70532],[127.13103,37.70544],[127.13108,37.70546],[127.13107,37.70553],[127.13123,37.70556],[127.1313,37.70559],[127.13132,37.70565],[127.13141,37.70565],[127.13143,37.70568],[127.13148,37.70569],[127.13148,37.70576],[127.13141,37.70576]],[[127.13087,37.70544],[127.13094,37.70544],[127.13094,37.70537],[127.13087,37.70537],[127.13087,37.70544]]]}},{"type":"Feature","properties":{"valleyId":"suraksan","layer":"canopy","date":"2026-08-01"},"geometry":{"type":"Polygon","coordinates":[[[127.11812,37.70468],[127.11815,37.70457],[127.11824,37.70457],[127.11823,37.70465],[127.11819,37.70468],[127.11812,37.70468]]]}},{"type":"Feature","properties":{"valleyId":"suraksan","layer":"canopy","date":"2026-08-01"},"geometry":{"type":"Polygon","coordinates":[[[127.12261,37.70488],[127.12266,37.70455],[127.12273,37.70456],[127.12275,37.70477],[127.12279,37.70481],[127.12279,37.70486],[127.12261,37.70488]]]}},{"type":"Feature","properties":{"valleyId":"suraksan","layer":"canopy","date":"2026-08-01"},"geometry":{"type":"Polygon","coordinates":[[[127.12474,37.70468],[127.12475,37.70461],[127.12479,37.70459],[127.12479,37.70455],[127.12495,37.70455],[127.12495,37.70464],[127.12474,37.70468]]]}},{"type":"Feature","properties":{"valleyId":"suraksan","layer":"canopy","date":"2026-08-01"},"geometry":{"type":"Polygon","coordinates":[[[127.10502,37.70438],[127.10497,37.70433],[127.10493,37.70432],[127.10493,37.70425],[127.10497,37.70423],[127.10497,37.70418],[127.10502,37.70415],[127.10514,37.70413],[127.10527,37.70426],[127.10527,37.70431],[127.10518,37.70431],[127.10511,37.70438],[127.10502,37.70438]]]}},{"type":"Feature","properties":{"valleyId":"suraksan","layer":"canopy","date":"2026-08-01"},"geometry":{"type":"Polygon","coordinates":[[[127.12585,37.70497],[127.12593,37.70441],[127.12602,37.70439],[127.12604,37.70445],[127.12613,37.70445],[127.12613,37.7047],[127.12608,37.70473],[127.12599,37.70473],[127.12599,37.70481],[127.12594,37.70482],[127.12596,37.70495],[127.12585,37.70497]]]}},{"type":"Feature","properties":{"valleyId":"suraksan","layer":"canopy","date":"2026-08-01"},"geometry":{"type":"Polygon","coordinates":[[[127.12514,37.7044],[127.12514,37.70434],[127.12521,37.70434],[127.12521,37.7044],[127.12514,37.7044]]]}},{"type":"Feature","properties":{"valleyId":"suraksan","layer":"canopy","date":"2026-08-01"},"geometry":{"type":"Polygon","coordinates":[[[127.12271,37.70434],[127.12271,37.70428],[127.12278,37.70429],[127.12278,37.70434],[127.12271,37.70434]]]}},{"type":"Feature","properties":{"valleyId":"suraksan","layer":"canopy","date":"2026-08-01"},"geometry":{"type":"Polygon","coordinates":[[[127.12523,37.70436],[127.12523,37.70431],[127.1253,37.70431],[127.1253,37.70436],[127.12523,37.70436]]]}},{"type":"Feature","properties":{"valleyId":"suraksan","layer":"canopy","date":"2026-08-01"},"geometry":{"type":"Polygon","coordinates":[[[127.12314,37.70433],[127.12308,37.70427],[127.12308,37.70422],[127.12317,37.70422],[127.12323,37.70427],[127.12323,37.70433],[127.12314,37.70433]]]}},{"type":"Feature","properties":{"valleyId":"suraksan","layer":"canopy","date":"2026-08-01"},"geometry":{"type":"Polygon","coordinates":[[[127.1048,37.70411],[127.10466,37.70396],[127.10466,37.70389],[127.10476,37.70389],[127.10484,37.70396],[127.10486,37.70411],[127.1048,37.70411]]]}},{"type":"Feature","properties":{"valleyId":"suraksan","layer":"canopy","date":"2026-08-01"},"geometry":{"type":"Polygon","coordinates":[[[127.12911,37.70502],[127.12912,37.70495],[127.12916,37.70495],[127.12916,37.70489],[127.12907,37.70489],[127.12907,37.70493],[127.129,37.70498],[127.12887,37.70498],[127.12882,37.70494],[127.12841,37.70493],[127.12835,37.70488],[127.12819,37.70486],[127.12815,37.70475],[127.12801,37.70475],[127.12801,37.70469],[127.1279,37.70469],[127.12776,37.70455],[127.12765,37.70453],[127.12765,37.70445],[127.12749,37.70447],[127.1275,37.7044],[127.12736,37.70439],[127.12734,37.70432],[127.12729,37.7043],[127.1273,37.70423],[127.12743,37.70423],[127.12748,37.7042],[127.12748,37.70411],[127.12753,37.70405],[127.12773,37.70402],[127.12782,37.70411],[127.12796,37.70417],[127.12795,37.70422],[127.12814,37.70423],[127.12813,37.70435],[127.1282,37.70435],[127.12825,37.70428],[127.12832,37.70428],[127.12838,37.70439],[127.12845,37.70439],[127.12847,37.70436],[127.12865,37.70438],[127.12872,37.70445],[127.12883,37.70447],[127.12885,37.70463],[127.12903,37.70462],[127.12908,37.70473],[127.12917,37.7048],[127.12928,37.70482],[127.12923,37.705],[127.12911,37.70502]]]}},{"type":"Feature","properties":{"valleyId":"suraksan","layer":"canopy","date":"2026-08-01"},"geometry":{"type":"Polygon","coordinates":[[[127.12269,37.70418],[127.12265,37.70412],[127.12265,37.70403],[127.12256,37.70396],[127.12259,37.7038],[127.12266,37.7038],[127.12274,37.70392],[127.12276,37.70418],[127.12269,37.70418]]]}},{"type":"Feature","properties":{"valleyId":"suraksan","layer":"canopy","date":"2026-08-01"},"geometry":{"type":"Polygon","coordinates":[[[127.12723,37.70421],[127.12714,37.70414],[127.12703,37.70414],[127.12696,37.70388],[127.12697,37.70365],[127.12717,37.70367],[127.12719,37.70376],[127.12733,37.70376],[127.12735,37.70385],[127.12742,37.70393],[127.12744,37.70409],[127.1273,37.70416],[127.1273,37.70421],[127.12723,37.70421]]]}},{"type":"Feature","properties":{"valleyId":"suraksan","layer":"canopy","date":"2026-08-01"},"geometry":{"type":"Polygon","coordinates":[[[127.12869,37.70384],[127.12869,37.70373],[127.12863,37.70371],[127.12863,37.70364],[127.12874,37.70364],[127.1289,37.70373],[127.1289,37.70379],[127.12885,37.70382],[127.12869,37.70384]]]}},{"type":"Feature","properties":{"valleyId":"suraksan","layer":"canopy","date":"2026-08-01"},"geometry":{"type":"Polygon","coordinates":[[[127.13082,37.70376],[127.1308,37.70373],[127.13067,37.70373],[127.13067,37.70367],[127.13087,37.70368],[127.13089,37.70377],[127.13082,37.70376]]]}},{"type":"Feature","properties":{"valleyId":"suraksan","layer":"canopy","date":"2026-08-01"},"geometry":{"type":"Polygon","coordinates":[[[127.13166,37.70374],[127.13167,37.70367],[127.13178,37.70367],[127.13178,37.70374],[127.13166,37.70374]]]}},{"type":"Feature","properties":{"valleyId":"suraksan","layer":"canopy","date":"2026-08-01"},"geometry":{"type":"Polygon","coordinates":[[[127.13015,37.7037],[127.13012,37.70363],[127.13051,37.70365],[127.13051,37.70371],[127.13015,37.7037]]]}},{"type":"Feature","properties":{"valleyId":"suraksan","layer":"canopy","date":"2026-08-01"},"geometry":{"type":"Polygon","coordinates":[[[127.12144,37.70542],[127.12137,37.70536],[127.1211,37.70538],[127.12108,37.7053],[127.12085,37.7053],[127.12078,37.70517],[127.12033,37.7052],[127.12026,37.70509],[127.12029,37.70498],[127.12016,37.70487],[127.12009,37.70486],[127.12005,37.70476],[127.12,37.70476],[127.12,37.70467],[127.12005,37.70466],[127.12005,37.70457],[127.12001,37.70457],[127.12003,37.70444],[127.11983,37.7044],[127.11983,37.70435],[127.11997,37.70433],[127.12054,37.70411],[127.12061,37.70411],[127.1206,37.7042],[127.12067,37.7042],[127.12067,37.70416],[127.12074,37.70413],[127.12077,37.70402],[127.12066,37.7038],[127.12066,37.70371],[127.12082,37.70368],[127.12085,37.70362],[127.1211,37.70361],[127.12112,37.70354],[127.12126,37.7035],[127.12128,37.70347],[127.12142,37.70347],[127.12144,37.70342],[127.12165,37.70342],[127.12164,37.70349],[127.1216,37.70351],[127.12157,37.7036],[127.12171,37.70367],[127.12171,37.70375],[127.12159,37.70382],[127.12148,37.70383],[127.12147,37.7039],[127.12161,37.70392],[127.12177,37.70402],[127.12188,37.70402],[127.12206,37.70409],[127.1221,37.70413],[127.1221,37.70427],[127.12219,37.70437],[127.12219,37.70444],[127.12212,37.70456],[127.12206,37.70498],[127.12201,37.70499],[127.12201,37.7051],[127.12192,37.70516],[127.12187,37.70528],[127.12173,37.70539],[127.12164,37.70538],[127.12159,37.70542],[127.12144,37.70542]]]}},{"type":"Feature","properties":{"valleyId":"suraksan","layer":"canopy","date":"2026-08-01"},"geometry":{"type":"Polygon","coordinates":[[[127.13253,37.70368],[127.13253,37.70354],[127.1326,37.70354],[127.1326,37.70368],[127.13253,37.70368]]]}},{"type":"Feature","properties":{"valleyId":"suraksan","layer":"canopy","date":"2026-08-01"},"geometry":{"type":"Polygon","coordinates":[[[127.10133,37.70297],[127.10133,37.70288],[127.10149,37.70288],[127.10147,37.70297],[127.10133,37.70297]]]}},{"type":"Feature","properties":{"valleyId":"suraksan","layer":"canopy","date":"2026-08-01"},"geometry":{"type":"Polygon","coordinates":[[[127.12757,37.70335],[127.12757,37.70328],[127.12766,37.70328],[127.12766,37.70334],[127.12757,37.70335]]]}},{"type":"Feature","properties":{"valleyId":"suraksan","layer":"canopy","date":"2026-08-01"},"geometry":{"type":"Polygon","coordinates":[[[127.12147,37.70327],[127.12136,37.70313],[127.12136,37.70307],[127.1215,37.70306],[127.12152,37.70302],[127.1217,37.70302],[127.1217,37.70317],[127.12156,37.70327],[127.12147,37.70327]]]}},{"type":"Feature","properties":{"valleyId":"suraksan","layer":"canopy","date":"2026-08-01"},"geometry":{"type":"Polygon","coordinates":[[[127.12528,37.70323],[127.12528,37.70319],[127.12485,37.7032],[127.12483,37.70309],[127.12503,37.70308],[127.12517,37.70313],[127.12535,37.70312],[127.12542,37.70316],[127.12542,37.70323],[127.12528,37.70323]]]}},{"type":"Feature","properties":{"valleyId":"suraksan","layer":"canopy","date":"2026-08-01"},"geometry":{"type":"Polygon","coordinates":[[[127.12379,37.70311],[127.12379,37.70306],[127.12386,37.70306],[127.12385,37.70311],[127.12379,37.70311]]]}},{"type":"Feature","properties":{"valleyId":"suraksan","layer":"canopy","date":"2026-08-01"},"geometry":{"type":"Polygon","coordinates":[[[127.12426,37.70312],[127.12426,37.70307],[127.12438,37.70307],[127.12438,37.70312],[127.12426,37.70312]]]}},{"type":"Feature","properties":{"valleyId":"suraksan","layer":"canopy","date":"2026-08-01"},"geometry":{"type":"Polygon","coordinates":[[[127.12458,37.70314],[127.12453,37.70312],[127.12456,37.70305],[127.12478,37.70307],[127.12476,37.70315],[127.12458,37.70314]]]}},{"type":"Feature","properties":{"valleyId":"suraksan","layer":"canopy","date":"2026-08-01"},"geometry":{"type":"Polygon","coordinates":[[[127.10662,37.70743],[127.10608,37.70719],[127.10596,37.70719],[127.10594,37.70713],[127.10585,37.70713],[127.10585,37.70717],[127.10578,37.70717],[127.10527,37.70702],[127.1052,37.70696],[127.10493,37.70685],[127.10491,37.70681],[127.10482,37.70679],[127.10477,37.70674],[127.10466,37.7067],[127.10457,37.70661],[127.10453,37.70661],[127.1042,37.7063],[127.10391,37.70588],[127.10378,37.70555],[127.10372,37.70524],[127.10373,37.70508],[127.10362,37.70499],[127.10362,37.70495],[127.10357,37.70493],[127.1034,37.70468],[127.1034,37.70462],[127.10329,37.70444],[127.10327,37.7043],[127.10284,37.70411],[127.10266,37.70409],[127.10199,37.7039],[127.10199,37.70361],[127.10204,37.70357],[127.10204,37.70352],[127.10214,37.70345],[127.10214,37.70334],[127.10221,37.70331],[127.10223,37.70322],[127.10241,37.70318],[127.10251,37.7031],[127.10262,37.7031],[127.10269,37.70304],[127.10272,37.70292],[127.10283,37.70283],[127.10292,37.70281],[127.10295,37.70269],[127.10297,37.70265],[127.10302,37.70265],[127.10307,37.70256],[127.10316,37.70257],[127.10315,37.7026],[127.10322,37.7026],[127.10329,37.70259],[127.10334,37.70253],[127.10347,37.70255],[127.10352,37.70257],[127.10352,37.70263],[127.10363,37.70263],[127.10379,37.7027],[127.10395,37.70272],[127.10401,37.70278],[127.1041,37.7028],[127.10415,37.70285],[127.10433,37.70289],[127.10444,37.70298],[127.10457,37.70298],[127.10462,37.70306],[127.10491,37.70317],[127.10493,37.70321],[127.10495,37.70344],[127.10504,37.7035],[127.10508,37.70364],[127.10497,37.70368],[127.10496,37.70371],[127.1049,37.70371],[127.10485,37.70367],[127.10467,37.70367],[127.10453,37.70376],[127.10435,37.70376],[127.10435,37.70386],[127.10428,37.7039],[127.10432,37.70406],[127.10441,37.70408],[127.10441,37.70412],[127.10448,37.70415],[127.10447,37.70423],[127.10463,37.70427],[127.10463,37.70432],[127.10456,37.70437],[127.10443,37.70439],[127.10442,37.70444],[127.10447,37.70444],[127.10447,37.70453],[127.1044,37.70453],[127.10438,37.70457],[127.10435,37.70477],[127.10428,37.70484],[127.1043,37.70493],[127.10455,37.70489],[127.10471,37.70493],[127.10484,37.70492],[127.10484,37.70488],[127.10525,37.70485],[127.10525,37.7048],[127.1053,37.7048],[127.1053,37.70471],[127.10519,37.70467],[127.10519,37.70454],[127.10528,37.70453],[127.10537,37.70462],[127.10557,37.7047],[127.10557,37.70482],[127.10548,37.70486],[127.10547,37.70511],[127.10561,37.70515],[127.10574,37.70524],[127.10581,37.70524],[127.10581,37.70531],[127.10587,37.70538],[127.10596,37.7054],[127.1061,37.70551],[127.10626,37.70552],[127.10637,37.70561],[127.1065,37.70561],[127.10653,37.70558],[127.10662,37.70558],[127.10669,37.70561],[127.10668,37.70569],[127.10673,37.70569],[127.10675,37.70572],[127.10689,37.70578],[127.10711,37.70578],[127.1072,37.70584],[127.10722,37.70598],[127.10715,37.70602],[127.10715,37.70625],[127.10703,37.70641],[127.107,37.70665],[127.1069,37.70688],[127.1069,37.70704],[127.10685,37.70713],[127.1068,37.70715],[127.1068,37.70727],[127.10671,37.70731],[127.10671,37.70742],[127.10662,37.70743]],[[127.10581,37.70701],[127.10588,37.70701],[127.10588,37.70695],[127.10581,37.70695],[127.10581,37.70701]],[[127.10386,37.70512],[127.10398,37.70512],[127.10402,37.70507],[127.10409,37.70507],[127.10409,37.705],[127.10389,37.70497],[127.10386,37.70512]]]}},{"type":"Feature","properties":{"valleyId":"suraksan","layer":"canopy","date":"2026-08-01"},"geometry":{"type":"Polygon","coordinates":[[[127.12465,37.70293],[127.12465,37.70287],[127.12474,37.70287],[127.12474,37.70293],[127.12465,37.70293]]]}},{"type":"Feature","properties":{"valleyId":"suraksan","layer":"canopy","date":"2026-08-01"},"geometry":{"type":"Polygon","coordinates":[[[127.10463,37.70259],[127.10463,37.70254],[127.1047,37.70254],[127.1047,37.70259],[127.10463,37.70259]]]}},{"type":"Feature","properties":{"valleyId":"suraksan","layer":"canopy","date":"2026-08-01"},"geometry":{"type":"Polygon","coordinates":[[[127.12356,37.70289],[127.12357,37.70284],[127.12363,37.70284],[127.12363,37.70289],[127.12356,37.70289]]]}},{"type":"Feature","properties":{"valleyId":"suraksan","layer":"canopy","date":"2026-08-01"},"geometry":{"type":"Polygon","coordinates":[[[127.10449,37.70255],[127.1045,37.7025],[127.10456,37.7025],[127.10456,37.70255],[127.10449,37.70255]]]}},{"type":"Feature","properties":{"valleyId":"suraksan","layer":"canopy","date":"2026-08-01"},"geometry":{"type":"Polygon","coordinates":[[[127.12338,37.70287],[127.12341,37.70278],[127.12348,37.70278],[127.12352,37.70282],[127.12352,37.70287],[127.12338,37.70287]]]}},{"type":"Feature","properties":{"valleyId":"suraksan","layer":"canopy","date":"2026-08-01"},"geometry":{"type":"Polygon","coordinates":[[[127.1025,37.70232],[127.10246,37.70228],[127.10246,37.70221],[127.1026,37.70223],[127.10262,37.7023],[127.1025,37.70232]]]}},{"type":"Feature","properties":{"valleyId":"suraksan","layer":"canopy","date":"2026-08-01"},"geometry":{"type":"Polygon","coordinates":[[[127.1037,37.70239],[127.10359,37.70236],[127.10321,37.70233],[127.10321,37.70228],[127.10335,37.70224],[127.10346,37.70217],[127.10349,37.70208],[127.10344,37.70207],[127.10344,37.70201],[127.10356,37.70201],[127.10358,37.70212],[127.10373,37.70214],[127.10387,37.70223],[127.10391,37.7024],[127.1037,37.70239]]]}},{"type":"Feature","properties":{"valleyId":"suraksan","layer":"canopy","date":"2026-08-01"},"geometry":{"type":"Polygon","coordinates":[[[127.10321,37.70204],[127.10322,37.70199],[127.10331,37.70197],[127.10331,37.70203],[127.10321,37.70204]]]}},{"type":"Feature","properties":{"valleyId":"suraksan","layer":"canopy","date":"2026-08-01"},"geometry":{"type":"Polygon","coordinates":[[[127.12431,37.70226],[127.12429,37.70218],[127.12442,37.7022],[127.12442,37.70226],[127.12431,37.70226]]]}},{"type":"Feature","properties":{"valleyId":"suraksan","layer":"canopy","date":"2026-08-01"},"geometry":{"type":"Polygon","coordinates":[[[127.12503,37.70228],[127.12503,37.70218],[127.12512,37.70218],[127.12519,37.70222],[127.12519,37.70229],[127.12503,37.70228]]]}},{"type":"Feature","properties":{"valleyId":"suraksan","layer":"canopy","date":"2026-08-01"},"geometry":{"type":"Polygon","coordinates":[[[127.1027,37.70191],[127.1027,37.70187],[127.10265,37.70185],[127.10265,37.70178],[127.10272,37.70178],[127.10279,37.70184],[127.10279,37.70191],[127.1027,37.70191]]]}},{"type":"Feature","properties":{"valleyId":"suraksan","layer":"canopy","date":"2026-08-01"},"geometry":{"type":"Polygon","coordinates":[[[127.13341,37.70373],[127.13337,37.7037],[127.13342,37.70359],[127.13335,37.70353],[127.1333,37.70353],[127.1333,37.70346],[127.13324,37.70341],[127.13306,37.7034],[127.13303,37.70346],[127.13285,37.70342],[127.13283,37.70354],[127.13276,37.70354],[127.13276,37.70351],[127.13265,37.70351],[127.13265,37.70345],[127.13274,37.70345],[127.13274,37.70338],[127.13267,37.70333],[127.13256,37.70332],[127.13256,37.7032],[127.13236,37.70319],[127.13227,37.70314],[127.13213,37.70314],[127.13204,37.70319],[127.13204,37.70323],[127.13188,37.70322],[127.13184,37.7032],[127.13182,37.70313],[127.1317,37.70311],[127.13145,37.70313],[127.13141,37.70309],[127.13134,37.70309],[127.13129,37.70314],[127.13111,37.70314],[127.131,37.7031],[127.13102,37.70301],[127.13123,37.70298],[127.13128,37.70292],[127.13128,37.70282],[127.1311,37.70263],[127.1311,37.70256],[127.13115,37.70253],[127.13126,37.70253],[127.13129,37.70249],[127.13136,37.70249],[127.13138,37.70257],[127.13142,37.70257],[127.13144,37.7026],[127.13144,37.70282],[127.13148,37.70284],[127.1315,37.70293],[127.13175,37.70295],[127.13183,37.70273],[127.13153,37.70266],[127.13153,37.7026],[127.13163,37.70253],[127.13179,37.70254],[127.13181,37.7025],[127.13175,37.70221],[127.13184,37.70223],[127.13184,37.7023],[127.13204,37.70247],[127.13215,37.70247],[127.1322,37.70243],[127.1322,37.70236],[127.13236,37.70235],[127.13236,37.70229],[127.13243,37.70229],[127.13265,37.70239],[127.13283,37.70252],[127.13287,37.70252],[127.13294,37.70259],[127.13299,37.70259],[127.13316,37.70274],[127.13316,37.70277],[127.13334,37.70292],[127.13336,37.70299],[127.13341,37.70301],[127.13343,37.70308],[127.13352,37.70318],[127.13351,37.70323],[127.13362,37.70341],[127.13366,37.70368],[127.13357,37.70368],[127.13357,37.70374],[127.13341,37.70373]],[[127.1327,37.70329],[127.13276,37.70329],[127.13277,37.70322],[127.1327,37.70322],[127.1327,37.70329]],[[127.13311,37.70294],[127.13318,37.70294],[127.13318,37.70288],[127.13312,37.70288],[127.13311,37.70294]],[[127.1321,37.70281],[127.13216,37.70281],[127.13221,37.70278],[127.13221,37.70272],[127.1321,37.70272],[127.1321,37.70281]]]}},{"type":"Feature","properties":{"valleyId":"suraksan","layer":"canopy","date":"2026-08-01"},"geometry":{"type":"Polygon","coordinates":[[[127.1298,37.70312],[127.12975,37.70308],[127.12937,37.70304],[127.12899,37.70291],[127.12874,37.70294],[127.12871,37.70288],[127.1286,37.70286],[127.12856,37.70281],[127.12847,37.70279],[127.12838,37.70272],[127.12813,37.70271],[127.12804,37.70269],[127.12797,37.70264],[127.12745,37.70263],[127.12745,37.70258],[127.12791,37.70222],[127.1284,37.70201],[127.12862,37.70198],[127.12873,37.70215],[127.12896,37.70215],[127.12896,37.70229],[127.12907,37.70235],[127.12948,37.70237],[127.12948,37.70232],[127.12968,37.70234],[127.1297,37.70247],[127.12965,37.7025],[127.12959,37.7025],[127.12958,37.70259],[127.12967,37.70272],[127.12992,37.7029],[127.12992,37.70294],[127.13001,37.70294],[127.1303,37.70305],[127.1303,37.70311],[127.13016,37.70309],[127.13011,37.70312],[127.1298,37.70312]]]}},{"type":"Feature","properties":{"valleyId":"suraksan","layer":"canopy","date":"2026-08-01"},"geometry":{"type":"Polygon","coordinates":[[[127.12458,37.70204],[127.12456,37.70201],[127.12445,37.70199],[127.12445,37.70191],[127.12452,37.70192],[127.12452,37.70195],[127.12468,37.70195],[127.12468,37.70203],[127.12458,37.70204]]]}},{"type":"Feature","properties":{"valleyId":"suraksan","layer":"canopy","date":"2026-08-01"},"geometry":{"type":"Polygon","coordinates":[[[127.10318,37.70174],[127.10318,37.7017],[127.10311,37.7017],[127.10302,37.70163],[127.10302,37.70157],[127.10309,37.70157],[127.10313,37.70163],[127.1032,37.70165],[127.1032,37.70168],[127.10325,37.70168],[127.10324,37.70174],[127.10318,37.70174]]]}},{"type":"Feature","properties":{"valleyId":"suraksan","layer":"canopy","date":"2026-08-01"},"geometry":{"type":"Polygon","coordinates":[[[127.12411,37.70193],[127.12409,37.70178],[127.12418,37.70177],[127.1242,37.70189],[127.12418,37.70193],[127.12411,37.70193]]]}},{"type":"Feature","properties":{"valleyId":"suraksan","layer":"canopy","date":"2026-08-01"},"geometry":{"type":"Polygon","coordinates":[[[127.12095,37.70132],[127.12098,37.70121],[127.12122,37.70123],[127.1212,37.70132],[127.12095,37.70132]]]}},{"type":"Feature","properties":{"valleyId":"suraksan","layer":"canopy","date":"2026-08-01"},"geometry":{"type":"Polygon","coordinates":[[[127.1002,37.70299],[127.09984,37.70284],[127.09975,37.70276],[127.09966,37.70274],[127.09937,37.7025],[127.09932,37.7025],[127.09932,37.70247],[127.09915,37.70232],[127.09915,37.70228],[127.0991,37.70227],[127.09893,37.70201],[127.09876,37.70152],[127.09875,37.70114],[127.09882,37.7008],[127.09885,37.70077],[127.09898,37.70071],[127.09932,37.7007],[127.09932,37.70074],[127.09946,37.70076],[127.09948,37.70072],[127.09964,37.70071],[127.09966,37.70078],[127.09959,37.70078],[127.09959,37.70083],[127.09971,37.70085],[127.0998,37.70085],[127.0998,37.7008],[127.09989,37.70078],[127.09991,37.70089],[127.1,37.70098],[127.10011,37.70098],[127.10013,37.70102],[127.10018,37.70102],[127.10024,37.70111],[127.10024,37.70117],[127.1004,37.70117],[127.1004,37.70131],[127.10026,37.70135],[127.10026,37.70144],[127.10017,37.70149],[127.10003,37.70149],[127.10009,37.70165],[127.10052,37.70168],[127.10057,37.70171],[127.10064,37.70171],[127.10068,37.70177],[127.10084,37.70177],[127.10084,37.70183],[127.10088,37.70184],[127.10088,37.7021],[127.10083,37.7021],[127.10076,37.70227],[127.10069,37.70231],[127.10064,37.70238],[127.10055,37.7024],[127.10053,37.70245],[127.10041,37.70245],[127.10039,37.7025],[127.10039,37.70257],[127.10048,37.70267],[127.10049,37.7029],[127.10031,37.70292],[127.10027,37.70293],[127.10026,37.70299],[127.1002,37.70299]],[[127.09989,37.70163],[127.09996,37.70163],[127.09996,37.70158],[127.09989,37.70158],[127.09987,37.7015],[127.09973,37.7015],[127.09973,37.70159],[127.09989,37.70159],[127.09989,37.70163]]]}},{"type":"Feature","properties":{"valleyId":"suraksan","layer":"canopy","date":"2026-08-01"},"geometry":{"type":"Polygon","coordinates":[[[127.1,37.70077],[127.1,37.70071],[127.10007,37.70071],[127.10007,37.70077],[127.1,37.70077]]]}},{"type":"Feature","properties":{"valleyId":"suraksan","layer":"canopy","date":"2026-08-01"},"geometry":{"type":"Polygon","coordinates":[[[127.12181,37.7014],[127.12165,37.70135],[127.12164,37.70113],[127.1217,37.70113],[127.1218,37.70103],[127.12189,37.70103],[127.12191,37.70117],[127.12204,37.70123],[127.12206,37.70132],[127.12199,37.70141],[127.12181,37.7014]]]}},{"type":"Feature","properties":{"valleyId":"suraksan","layer":"canopy","date":"2026-08-01"},"geometry":{"type":"Polygon","coordinates":[[[127.10316,37.70078],[127.10316,37.70071],[127.10323,37.70071],[127.10322,37.70078],[127.10316,37.70078]]]}},{"type":"Feature","properties":{"valleyId":"suraksan","layer":"canopy","date":"2026-08-01"},"geometry":{"type":"Polygon","coordinates":[[[127.12184,37.70097],[127.12187,37.70083],[127.12194,37.70083],[127.12191,37.70097],[127.12184,37.70097]]]}},{"type":"Feature","properties":{"valleyId":"suraksan","layer":"canopy","date":"2026-08-01"},"geometry":{"type":"Polygon","coordinates":[[[127.12389,37.70093],[127.12389,37.70086],[127.12398,37.70086],[127.12398,37.70092],[127.12389,37.70093]]]}},{"type":"Feature","properties":{"valleyId":"suraksan","layer":"canopy","date":"2026-08-01"},"geometry":{"type":"Polygon","coordinates":[[[127.12228,37.70067],[127.12228,37.7006],[127.12235,37.7006],[127.12235,37.70067],[127.12228,37.70067]]]}},{"type":"Feature","properties":{"valleyId":"suraksan","layer":"canopy","date":"2026-08-01"},"geometry":{"type":"Polygon","coordinates":[[[127.12416,37.70074],[127.12417,37.70065],[127.12421,37.70061],[127.1243,37.70061],[127.12432,37.70069],[127.12423,37.70074],[127.12416,37.70074]]]}},{"type":"Feature","properties":{"valleyId":"suraksan","layer":"canopy","date":"2026-08-01"},"geometry":{"type":"Polygon","coordinates":[[[127.11191,37.70712],[127.11191,37.70705],[127.11203,37.70705],[127.11214,37.70698],[127.11214,37.70687],[127.11237,37.70688],[127.11237,37.70682],[127.1123,37.7068],[127.11231,37.70671],[127.11242,37.7067],[127.11244,37.70666],[127.11249,37.70645],[127.11247,37.70636],[127.11238,37.70635],[127.11238,37.70643],[127.11229,37.70646],[127.11213,37.70648],[127.11214,37.7063],[127.11204,37.7063],[127.11205,37.70626],[127.11196,37.70622],[127.11191,37.70617],[127.11182,37.70617],[127.1118,37.70624],[127.11166,37.70623],[127.11157,37.7062],[127.11157,37.70614],[127.1115,37.70611],[127.11151,37.70603],[127.11137,37.70603],[127.11132,37.70607],[127.1113,37.70619],[127.11125,37.70621],[127.11125,37.7063],[127.11116,37.7063],[127.11105,37.70619],[127.11105,37.70615],[127.11098,37.7061],[127.11094,37.7061],[127.11094,37.70606],[127.11085,37.70599],[127.1108,37.70599],[127.11078,37.70593],[127.11051,37.70589],[127.11051,37.70596],[127.11046,37.70596],[127.11046,37.70602],[127.11053,37.70609],[127.11053,37.70616],[127.11041,37.70618],[127.11041,37.70632],[127.11007,37.70634],[127.11007,37.70641],[127.11027,37.70641],[127.11029,37.7065],[127.10995,37.7065],[127.10993,37.70639],[127.1098,37.70639],[127.10977,37.70635],[127.10968,37.70635],[127.10966,37.70629],[127.10962,37.70629],[127.10955,37.70622],[127.10932,37.7062],[127.10924,37.70614],[127.10894,37.70614],[127.10887,37.70608],[127.10849,37.70608],[127.10842,37.70602],[127.10835,37.70602],[127.10826,37.70596],[127.10824,37.70586],[127.10829,37.7058],[127.10838,37.7058],[127.10841,37.70573],[127.1085,37.7057],[127.10852,37.70555],[127.10862,37.70556],[127.10861,37.70561],[127.1087,37.70561],[127.10871,37.7055],[127.10859,37.7055],[127.1086,37.7053],[127.10869,37.70525],[127.10869,37.70521],[127.10876,37.70521],[127.10876,37.70512],[127.10874,37.70503],[127.10867,37.705],[127.10868,37.70496],[127.10845,37.70494],[127.10845,37.70487],[127.10838,37.70487],[127.10829,37.70479],[127.10823,37.70467],[127.10809,37.70466],[127.10803,37.70463],[127.10803,37.70459],[127.10794,37.70457],[127.1078,37.70457],[127.10778,37.7046],[127.10757,37.70464],[127.1075,37.70469],[127.1075,37.70478],[127.10743,37.70487],[127.10743,37.70496],[127.10749,37.70501],[127.10749,37.70507],[127.10742,37.70518],[127.10731,37.70525],[127.10719,37.70524],[127.10715,37.70519],[127.10704,37.70519],[127.10699,37.70513],[127.10681,37.70509],[127.10677,37.70504],[127.10668,37.70502],[127.10654,37.70491],[127.10655,37.70487],[127.10643,37.7048],[127.10641,37.70473],[127.10635,37.70469],[127.10635,37.70451],[127.10644,37.70449],[127.10644,37.70437],[127.10631,37.70433],[127.10632,37.70409],[127.10625,37.70408],[127.10621,37.70393],[127.10607,37.70391],[127.10605,37.70364],[127.10601,37.70364],[127.10594,37.70353],[127.10591,37.7032],[127.10584,37.70315],[127.10584,37.7031],[127.10575,37.70306],[127.10564,37.70293],[127.10562,37.70271],[127.10558,37.70268],[127.10547,37.70267],[127.10547,37.7026],[127.10536,37.70255],[127.10536,37.70251],[127.10527,37.70246],[127.10525,37.7024],[127.10518,37.7024],[127.10498,37.70225],[127.10469,37.70214],[127.10455,37.70203],[127.10447,37.70188],[127.10438,37.70185],[127.10433,37.70177],[127.10427,37.70174],[127.10427,37.7017],[127.10416,37.70163],[127.10407,37.70148],[127.10391,37.70137],[127.10391,37.70128],[127.10385,37.70122],[127.10376,37.70121],[127.10374,37.70111],[127.10367,37.70108],[127.10365,37.70101],[127.10358,37.701],[127.10354,37.70088],[127.10345,37.70082],[127.10334,37.70057],[127.10338,37.70014],[127.10347,37.70007],[127.10347,37.70003],[127.10354,37.70003],[127.10376,37.70012],[127.10378,37.70016],[127.10387,37.70018],[127.10399,37.70027],[127.10403,37.70027],[127.10414,37.70038],[127.10419,37.70038],[127.10428,37.70046],[127.10427,37.70049],[127.10441,37.70058],[127.10441,37.70062],[127.10447,37.70066],[127.10456,37.70079],[127.10468,37.70081],[127.10481,37.70088],[127.10488,37.70088],[127.10508,37.70099],[127.10551,37.701],[127.10605,37.70112],[127.10641,37.70127],[127.10659,37.7014],[127.10663,37.7014],[127.10677,37.70152],[127.10681,37.70152],[127.10683,37.70158],[127.10706,37.70176],[127.1073,37.70213],[127.1074,37.70247],[127.10753,37.7026],[127.10777,37.70298],[127.10792,37.70336],[127.10797,37.7034],[127.10803,37.70365],[127.10834,37.70387],[127.10834,37.70391],[127.10845,37.70398],[127.10856,37.70415],[127.1093,37.7043],[127.10978,37.70444],[127.10996,37.70446],[127.11018,37.70453],[127.11036,37.70456],[127.1109,37.70473],[127.11093,37.70476],[127.11106,37.7048],[127.11126,37.70495],[127.11131,37.70495],[127.11157,37.70517],[127.11157,37.70521],[127.11166,37.70526],[127.11166,37.7053],[127.11173,37.70533],[127.11173,37.70537],[127.11179,37.70541],[127.11179,37.70544],[127.11195,37.70561],[127.11202,37.70561],[127.11225,37.70547],[127.11257,37.70535],[127.11284,37.70528],[127.11296,37.70528],[127.11293,37.70544],[127.11297,37.70544],[127.11304,37.7055],[127.11306,37.70557],[127.1132,37.70559],[127.1132,37.70563],[127.11326,37.70567],[127.11326,37.70576],[127.11299,37.70581],[127.11289,37.70591],[127.11289,37.70602],[127.11294,37.70606],[127.11307,37.70606],[127.1131,37.70595],[127.11314,37.70593],[127.11317,37.70586],[127.11326,37.70586],[127.1133,37.70592],[127.11344,37.70597],[127.11346,37.70605],[127.11357,37.70607],[127.11364,37.70612],[127.11366,37.70621],[127.11373,37.70621],[127.11372,37.70625],[127.11377,37.70627],[127.11377,37.70634],[127.11368,37.70636],[127.11356,37.70652],[127.11328,37.70662],[127.11319,37.7068],[127.11305,37.7068],[127.11301,37.70678],[127.11301,37.70674],[127.11287,37.70674],[127.11283,37.70676],[127.11282,37.70685],[127.11267,37.70685],[127.11264,37.7069],[127.1126,37.7069],[127.11253,37.70697],[127.11228,37.70697],[127.11214,37.70713],[127.11191,37.70712]],[[127.11306,37.70656],[127.11317,37.70657],[127.11322,37.70653],[127.11322,37.70648],[127.11311,37.70638],[127.11304,37.70626],[127.11284,37.70622],[127.11277,37.70627],[127.11277,37.70631],[127.1127,37.70631],[127.11272,37.70647],[127.11286,37.70647],[127.11288,37.70652],[127.11306,37.70653],[127.11306,37.70656]]]}},{"type":"Feature","properties":{"valleyId":"suraksan","layer":"canopy","date":"2026-08-01"},"geometry":{"type":"Polygon","coordinates":[[[127.10258,37.7003],[127.10256,37.70021],[127.10249,37.70018],[127.10247,37.70012],[127.10248,37.69989],[127.10252,37.69985],[127.10293,37.69988],[127.10293,37.69993],[127.10283,37.70007],[127.10283,37.70024],[127.10276,37.70031],[127.10258,37.7003]]]}},{"type":"Feature","properties":{"valleyId":"suraksan","layer":"canopy","date":"2026-08-01"},"geometry":{"type":"Polygon","coordinates":[[[127.10137,37.70149],[127.10135,37.70138],[127.10139,37.70138],[127.1014,37.70133],[127.10135,37.70129],[127.10135,37.70122],[127.10174,37.70115],[127.10168,37.70092],[127.10152,37.70081],[127.10134,37.70079],[127.10127,37.70082],[127.10125,37.70093],[127.10109,37.70093],[127.10102,37.70085],[127.10089,37.7008],[127.10061,37.70079],[127.10053,37.7007],[127.10044,37.7007],[127.10044,37.70056],[127.1004,37.70052],[127.10017,37.70052],[127.10014,37.70057],[127.09989,37.70058],[127.09989,37.70062],[127.09985,37.70062],[127.0998,37.70069],[127.09973,37.70069],[127.09971,37.70062],[127.09978,37.7006],[127.09978,37.70051],[127.0999,37.70049],[127.0999,37.70044],[127.09983,37.70039],[127.09974,37.70037],[127.09972,37.70024],[127.09968,37.70024],[127.09965,37.7002],[127.09956,37.7002],[127.09956,37.70029],[127.09947,37.70034],[127.09922,37.70036],[127.09922,37.70043],[127.09926,37.70045],[127.09926,37.7005],[127.09922,37.70052],[127.09906,37.70052],[127.09906,37.70035],[127.09911,37.70034],[127.0992,37.70019],[127.09927,37.70016],[127.09927,37.70012],[127.09943,37.70002],[127.09943,37.69998],[127.0995,37.69993],[127.09964,37.69988],[127.09964,37.69984],[127.09973,37.69984],[127.09973,37.69979],[127.09978,37.69979],[127.09987,37.69972],[127.10015,37.69962],[127.10062,37.69951],[127.10069,37.69971],[127.10073,37.69971],[127.10075,37.69977],[127.10091,37.69977],[127.10096,37.69972],[127.10096,37.69954],[127.10106,37.6995],[127.10126,37.69949],[127.10169,37.69957],[127.10169,37.69966],[127.10146,37.69965],[127.10146,37.69971],[127.10153,37.69971],[127.10164,37.6998],[127.10163,37.70007],[127.10172,37.70011],[127.10181,37.70027],[127.10181,37.70033],[127.10165,37.7004],[127.10164,37.70047],[127.10171,37.70051],[127.10192,37.70049],[127.10194,37.70062],[127.10198,37.70069],[127.10211,37.70078],[127.10213,37.70091],[127.10218,37.70091],[127.1022,37.70096],[127.10231,37.70097],[127.10233,37.70106],[127.10229,37.70109],[127.10228,37.70115],[127.10235,37.70118],[127.10239,37.70138],[127.10219,37.7014],[127.10203,37.70134],[127.10201,37.7013],[127.10185,37.7013],[127.1018,37.70134],[127.10164,37.70135],[127.1016,37.70149],[127.10137,37.70149]],[[127.10042,37.70036],[127.10051,37.70036],[127.10052,37.70025],[127.1004,37.70025],[127.10038,37.70034],[127.10042,37.70036]],[[127.10008,37.70026],[127.10015,37.70026],[127.10015,37.70021],[127.10009,37.70021],[127.10008,37.70026]],[[127.10116,37.69997],[127.10132,37.69998],[127.10134,37.6999],[127.10116,37.69987],[127.10116,37.69983],[127.10109,37.69983],[127.10109,37.69988],[127.10114,37.69988],[127.10116,37.69997]],[[127.09973,37.69991],[127.0998,37.69992],[127.0998,37.69984],[127.09973,37.69984],[127.09973,37.69991]]]}},{"type":"Feature","properties":{"valleyId":"suraksan","layer":"canopy","date":"2026-08-01"},"geometry":{"type":"Polygon","coordinates":[[[127.1226,37.6999],[127.1226,37.69981],[127.12267,37.69981],[127.12269,37.69989],[127.1226,37.6999]]]}},{"type":"Feature","properties":{"valleyId":"suraksan","layer":"canopy","date":"2026-08-01"},"geometry":{"type":"Polygon","coordinates":[[[127.12315,37.69961],[127.12315,37.69955],[127.12324,37.69953],[127.12324,37.69961],[127.12315,37.69961]]]}},{"type":"Feature","properties":{"valleyId":"suraksan","layer":"canopy","date":"2026-08-01"},"geometry":{"type":"Polygon","coordinates":[[[127.12524,37.69957],[127.12522,37.69946],[127.12528,37.69946],[127.12533,37.6995],[127.12533,37.69957],[127.12524,37.69957]]]}},{"type":"Feature","properties":{"valleyId":"suraksan","layer":"canopy","date":"2026-08-01"},"geometry":{"type":"Polygon","coordinates":[[[127.12499,37.69953],[127.12499,37.69945],[127.12506,37.69946],[127.12506,37.69953],[127.12499,37.69953]]]}},{"type":"Feature","properties":{"valleyId":"suraksan","layer":"canopy","date":"2026-08-01"},"geometry":{"type":"Polygon","coordinates":[[[127.1238,37.69891],[127.1238,37.69886],[127.12385,37.69882],[127.12392,37.69882],[127.12392,37.69888],[127.12387,37.69891],[127.1238,37.69891]]]}},{"type":"Feature","properties":{"valleyId":"suraksan","layer":"canopy","date":"2026-08-01"},"geometry":{"type":"Polygon","coordinates":[[[127.12779,37.69889],[127.1278,37.69883],[127.12786,37.69883],[127.12786,37.69889],[127.12779,37.69889]]]}},{"type":"Feature","properties":{"valleyId":"suraksan","layer":"canopy","date":"2026-08-01"},"geometry":{"type":"Polygon","coordinates":[[[127.12542,37.69856],[127.12542,37.69849],[127.12565,37.69849],[127.12565,37.69855],[127.1256,37.69856],[127.12542,37.69856]]]}},{"type":"Feature","properties":{"valleyId":"suraksan","layer":"canopy","date":"2026-08-01"},"geometry":{"type":"Polygon","coordinates":[[[127.12585,37.69855],[127.12581,37.69853],[127.12581,37.69848],[127.12597,37.6985],[127.12596,37.69855],[127.12585,37.69855]]]}},{"type":"Feature","properties":{"valleyId":"suraksan","layer":"canopy","date":"2026-08-01"},"geometry":{"type":"Polygon","coordinates":[[[127.12601,37.69848],[127.12599,37.69826],[127.1262,37.69823],[127.12625,37.69818],[127.12625,37.6981],[127.12636,37.69809],[127.12638,37.69818],[127.12629,37.69825],[127.12629,37.6983],[127.12617,37.69836],[127.12615,37.69845],[127.1261,37.69848],[127.12601,37.69848]]]}},{"type":"Feature","properties":{"valleyId":"suraksan","layer":"canopy","date":"2026-08-01"},"geometry":{"type":"Polygon","coordinates":[[[127.12804,37.69811],[127.12802,37.69808],[127.12786,37.69809],[127.12784,37.69802],[127.12804,37.69801],[127.12804,37.69797],[127.12811,37.69797],[127.12811,37.69812],[127.12804,37.69811]]]}},{"type":"Feature","properties":{"valleyId":"suraksan","layer":"canopy","date":"2026-08-01"},"geometry":{"type":"Polygon","coordinates":[[[127.12634,37.69791],[127.12635,37.6978],[127.12642,37.69775],[127.12648,37.69775],[127.12643,37.69791],[127.12634,37.69791]]]}},{"type":"Feature","properties":{"valleyId":"suraksan","layer":"canopy","date":"2026-08-01"},"geometry":{"type":"Polygon","coordinates":[[[127.12468,37.69828],[127.12441,37.69811],[127.12426,37.69787],[127.12415,37.69785],[127.12412,37.69778],[127.12406,37.69773],[127.12406,37.69767],[127.12413,37.69767],[127.12413,37.69762],[127.1242,37.69755],[127.12438,37.69752],[127.12439,37.69732],[127.1245,37.69732],[127.12459,37.69723],[127.12459,37.69716],[127.12466,37.69716],[127.12468,37.69721],[127.12484,37.69722],[127.12491,37.69716],[127.12491,37.69713],[127.12507,37.69713],[127.12503,37.69699],[127.1251,37.69699],[127.12523,37.69708],[127.12523,37.69713],[127.12516,37.69715],[127.125,37.69731],[127.12491,37.69733],[127.12479,37.6974],[127.12472,37.6974],[127.1247,37.69743],[127.12459,37.69745],[127.1246,37.69763],[127.12467,37.69772],[127.12467,37.69784],[127.12473,37.6979],[127.12477,37.6981],[127.12482,37.6981],[127.12486,37.69815],[127.12486,37.69821],[127.12479,37.69828],[127.12468,37.69828]]]}},{"type":"Feature","properties":{"valleyId":"suraksan","layer":"canopy","date":"2026-08-01"},"geometry":{"type":"Polygon","coordinates":[[[127.12425,37.69724],[127.12423,37.69721],[127.12412,37.69721],[127.12412,37.69713],[127.12403,37.69706],[127.12403,37.69701],[127.12412,37.69694],[127.12412,37.6969],[127.12419,37.69685],[127.12435,37.69687],[127.12435,37.6969],[127.12442,37.69694],[127.12449,37.69694],[127.12451,37.69689],[127.12465,37.69689],[127.12464,37.69705],[127.1246,37.69707],[127.12459,37.69712],[127.12446,37.69712],[127.12432,37.69717],[127.12432,37.69724],[127.12425,37.69724]]]}},{"type":"Feature","properties":{"valleyId":"suraksan","layer":"canopy","date":"2026-08-01"},"geometry":{"type":"Polygon","coordinates":[[[127.12606,37.69644],[127.12566,37.6964],[127.12561,37.69633],[127.12548,37.69629],[127.12548,37.69624],[127.12584,37.69621],[127.1262,37.69623],[127.1262,37.69632],[127.12613,37.69639],[127.12613,37.69644],[127.12606,37.69644]]]}}]}
