{"type":"FeatureCollection","metadata":{"description":"개방지(CHM ≤ 2 m)에 드리운 나무·지형 그림자, 2026-08-01 18:00 KST. canopy 위에 겹쳐 그린다","source":"위성 기반 추정 — Copernicus GLO-30 지형(30 m) + Meta/WRI 수관 높이(1 m CHM, 2019 촬영). 그늘 = 수관(CHM > 2 m) ∪ 나무·지형 그림자 ∪ 원거리 지형 마스크. 현장과 다를 수 있음.","datasetVersion":"2026-09-06.0","collectedAt":"2026-09-06","coordinateOrder":"[longitude, latitude]","crs":"EPSG:4326","representativeDate":"2026-08-01","hours":["10:00","11:00","12:00","13:00","14:00","15:00","16:00","17:00","18:00"],"chmAcquisition":["2019-03","2019-05"],"assets":{"glo30":{"dataset":"Copernicus DEM GLO-30 (COG, s3://copernicus-dem-30m)","tiles":["Copernicus_DSM_COG_10_N37_00_E127_00_DEM"]},"chm":{"dataset":"Meta/WRI Global Canopy Height Map v1 (alsgedi_global_v6_float, 1 m, CC-BY 4.0)","quadkeys":["132110302","132110320"],"acquisition":["2019-03","2019-05"]}},"method":{"gridResM":2,"canopyThresholdM":2,"bufferHalfM":25,"corridorHalfM":200,"simplifyTolM":2,"minAreaM2":25,"coordDecimals":5},"generator":"scripts/shade 0.1.0","builtAt":"2026-09-06T06:13:38Z","layer":"shadow","timeLocal":"18:00"},"features":[{"type":"Feature","properties":{"valleyId":"suraksan","layer":"shadow","date":"2026-08-01","timeLocal":"18:00"},"geometry":{"type":"Polygon","coordinates":[[[127.12182,37.71617],[127.12183,37.71606],[127.12189,37.71606],[127.12194,37.7161],[127.12194,37.71617],[127.12182,37.71617]]]}},{"type":"Feature","properties":{"valleyId":"suraksan","layer":"shadow","date":"2026-08-01","timeLocal":"18:00"},"geometry":{"type":"Polygon","coordinates":[[[127.12027,37.71585],[127.12027,37.71578],[127.12045,37.71578],[127.12045,37.71584],[127.12027,37.71585]]]}},{"type":"Feature","properties":{"valleyId":"suraksan","layer":"shadow","date":"2026-08-01","timeLocal":"18:00"},"geometry":{"type":"Polygon","coordinates":[[[127.12054,37.71582],[127.12052,37.71575],[127.12061,37.71575],[127.12061,37.71582],[127.12054,37.71582]]]}},{"type":"Feature","properties":{"valleyId":"suraksan","layer":"shadow","date":"2026-08-01","timeLocal":"18:00"},"geometry":{"type":"Polygon","coordinates":[[[127.12029,37.71566],[127.1203,37.71551],[127.12036,37.71551],[127.12035,37.71535],[127.12039,37.71533],[127.12042,37.71524],[127.1204,37.71508],[127.12049,37.71508],[127.12048,37.71532],[127.12044,37.71535],[127.12046,37.71546],[127.12055,37.71548],[127.12055,37.71553],[127.12073,37.71555],[127.12073,37.71561],[127.12059,37.71561],[127.12045,37.71566],[127.12029,37.71566]]]}},{"type":"Feature","properties":{"valleyId":"suraksan","layer":"shadow","date":"2026-08-01","timeLocal":"18:00"},"geometry":{"type":"Polygon","coordinates":[[[127.12055,37.71546],[127.12055,37.71533],[127.1206,37.7153],[127.12062,37.71516],[127.12081,37.71512],[127.12081,37.71501],[127.12108,37.71502],[127.12106,37.71509],[127.1209,37.71511],[127.1209,37.71514],[127.12083,37.71514],[127.12082,37.71525],[127.12076,37.71525],[127.12071,37.71534],[127.12066,37.71534],[127.12066,37.71544],[127.12055,37.71546]]]}},{"type":"Feature","properties":{"valleyId":"suraksan","layer":"shadow","date":"2026-08-01","timeLocal":"18:00"},"geometry":{"type":"Polygon","coordinates":[[[127.12135,37.71506],[127.12135,37.71501],[127.12142,37.71501],[127.12142,37.71506],[127.12135,37.71506]]]}},{"type":"Feature","properties":{"valleyId":"suraksan","layer":"shadow","date":"2026-08-01","timeLocal":"18:00"},"geometry":{"type":"Polygon","coordinates":[[[127.12164,37.71515],[127.12165,37.71508],[127.12178,37.71508],[127.12178,37.71499],[127.12187,37.71501],[127.12185,37.71512],[127.12176,37.71516],[127.12164,37.71515]]]}},{"type":"Feature","properties":{"valleyId":"suraksan","layer":"shadow","date":"2026-08-01","timeLocal":"18:00"},"geometry":{"type":"Polygon","coordinates":[[[127.12026,37.71508],[127.12024,37.71493],[127.12031,37.71493],[127.12036,37.71495],[127.12036,37.71499],[127.1204,37.71499],[127.1204,37.71508],[127.12026,37.71508]]]}},{"type":"Feature","properties":{"valleyId":"suraksan","layer":"shadow","date":"2026-08-01","timeLocal":"18:00"},"geometry":{"type":"Polygon","coordinates":[[[127.11956,37.71494],[127.11956,37.7149],[127.11952,37.7149],[127.11952,37.71485],[127.11966,37.71485],[127.11965,37.71494],[127.11956,37.71494]]]}},{"type":"Feature","properties":{"valleyId":"suraksan","layer":"shadow","date":"2026-08-01","timeLocal":"18:00"},"geometry":{"type":"Polygon","coordinates":[[[127.12015,37.71486],[127.12016,37.71475],[127.12027,37.71475],[127.12029,37.71483],[127.12015,37.71486]]]}},{"type":"Feature","properties":{"valleyId":"suraksan","layer":"shadow","date":"2026-08-01","timeLocal":"18:00"},"geometry":{"type":"Polygon","coordinates":[[[127.12281,37.71487],[127.12281,37.71478],[127.12292,37.7148],[127.12292,37.71487],[127.12281,37.71487]]]}},{"type":"Feature","properties":{"valleyId":"suraksan","layer":"shadow","date":"2026-08-01","timeLocal":"18:00"},"geometry":{"type":"Polygon","coordinates":[[[127.11977,37.7146],[127.11978,37.71453],[127.11989,37.71455],[127.11989,37.7146],[127.11977,37.7146]]]}},{"type":"Feature","properties":{"valleyId":"suraksan","layer":"shadow","date":"2026-08-01","timeLocal":"18:00"},"geometry":{"type":"Polygon","coordinates":[[[127.12053,37.71434],[127.12053,37.71425],[127.12062,37.71425],[127.12062,37.71434],[127.12053,37.71434]]]}},{"type":"Feature","properties":{"valleyId":"suraksan","layer":"shadow","date":"2026-08-01","timeLocal":"18:00"},"geometry":{"type":"Polygon","coordinates":[[[127.12223,37.71424],[127.12222,37.71403],[127.12229,37.71403],[127.12228,37.71406],[127.12233,37.71407],[127.12233,37.71414],[127.1223,37.71425],[127.12223,37.71424]]]}},{"type":"Feature","properties":{"valleyId":"suraksan","layer":"shadow","date":"2026-08-01","timeLocal":"18:00"},"geometry":{"type":"Polygon","coordinates":[[[127.12174,37.71404],[127.12174,37.71397],[127.12188,37.71397],[127.12188,37.71404],[127.12174,37.71404]]]}},{"type":"Feature","properties":{"valleyId":"suraksan","layer":"shadow","date":"2026-08-01","timeLocal":"18:00"},"geometry":{"type":"Polygon","coordinates":[[[127.12065,37.714],[127.12065,37.71395],[127.12074,37.71395],[127.12074,37.714],[127.12065,37.714]]]}},{"type":"Feature","properties":{"valleyId":"suraksan","layer":"shadow","date":"2026-08-01","timeLocal":"18:00"},"geometry":{"type":"Polygon","coordinates":[[[127.12199,37.71402],[127.12199,37.71397],[127.12206,37.71397],[127.12206,37.71403],[127.12199,37.71402]]]}},{"type":"Feature","properties":{"valleyId":"suraksan","layer":"shadow","date":"2026-08-01","timeLocal":"18:00"},"geometry":{"type":"Polygon","coordinates":[[[127.12095,37.71401],[127.12095,37.71394],[127.12104,37.71394],[127.12104,37.71399],[127.12095,37.71401]]]}},{"type":"Feature","properties":{"valleyId":"suraksan","layer":"shadow","date":"2026-08-01","timeLocal":"18:00"},"geometry":{"type":"Polygon","coordinates":[[[127.11562,37.71394],[127.1156,37.71381],[127.11567,37.71381],[127.11571,37.71385],[127.11571,37.71391],[127.11568,37.71394],[127.11562,37.71394]]]}},{"type":"Feature","properties":{"valleyId":"suraksan","layer":"shadow","date":"2026-08-01","timeLocal":"18:00"},"geometry":{"type":"Polygon","coordinates":[[[127.12226,37.71401],[127.12227,37.71387],[127.12233,37.71387],[127.12233,37.71401],[127.12226,37.71401]]]}},{"type":"Feature","properties":{"valleyId":"suraksan","layer":"shadow","date":"2026-08-01","timeLocal":"18:00"},"geometry":{"type":"Polygon","coordinates":[[[127.11458,37.71437],[127.11452,37.71432],[127.11452,37.71421],[127.11459,37.71418],[127.11459,37.71412],[127.11471,37.71402],[127.11471,37.71391],[127.11467,37.71384],[127.1146,37.71382],[127.11458,37.71373],[127.11469,37.71366],[127.11485,37.71369],[127.11482,37.71389],[127.11489,37.71389],[127.11489,37.71384],[127.11503,37.71382],[127.11503,37.71373],[127.11499,37.71373],[127.11499,37.71368],[127.11512,37.71366],[127.11512,37.71373],[127.11519,37.71374],[127.11519,37.71379],[127.11507,37.71384],[127.11505,37.71399],[127.11496,37.71402],[127.11496,37.71407],[127.115,37.71409],[127.11495,37.71431],[127.11486,37.71436],[127.11458,37.71437]]]}},{"type":"Feature","properties":{"valleyId":"suraksan","layer":"shadow","date":"2026-08-01","timeLocal":"18:00"},"geometry":{"type":"Polygon","coordinates":[[[127.11517,37.71363],[127.11517,37.71357],[127.11499,37.71355],[127.11497,37.71348],[127.11511,37.71348],[127.11515,37.71352],[127.11522,37.71352],[127.11522,37.71356],[127.11529,37.71356],[127.11526,37.71363],[127.11517,37.71363]]]}},{"type":"Feature","properties":{"valleyId":"suraksan","layer":"shadow","date":"2026-08-01","timeLocal":"18:00"},"geometry":{"type":"Polygon","coordinates":[[[127.11474,37.71353],[127.11472,37.71346],[127.11481,37.71346],[127.11483,37.71353],[127.11474,37.71353]]]}},{"type":"Feature","properties":{"valleyId":"suraksan","layer":"shadow","date":"2026-08-01","timeLocal":"18:00"},"geometry":{"type":"Polygon","coordinates":[[[127.12597,37.71347],[127.12598,37.71342],[127.12604,37.71342],[127.12604,37.71348],[127.12597,37.71347]]]}},{"type":"Feature","properties":{"valleyId":"suraksan","layer":"shadow","date":"2026-08-01","timeLocal":"18:00"},"geometry":{"type":"Polygon","coordinates":[[[127.11898,37.71383],[127.11898,37.71378],[127.11902,37.71376],[127.11905,37.71369],[127.11905,37.71358],[127.11896,37.71358],[127.11894,37.71361],[127.11882,37.7136],[127.11881,37.71329],[127.11897,37.71329],[127.1191,37.71333],[127.11912,37.7134],[127.11917,37.7134],[127.11917,37.71351],[127.11928,37.71353],[127.1193,37.71357],[127.11937,37.71357],[127.1195,37.71364],[127.11948,37.71373],[127.11921,37.71376],[127.11918,37.7138],[127.11907,37.7138],[127.11905,37.71383],[127.11898,37.71383]]]}},{"type":"Feature","properties":{"valleyId":"suraksan","layer":"shadow","date":"2026-08-01","timeLocal":"18:00"},"geometry":{"type":"Polygon","coordinates":[[[127.12611,37.71342],[127.12611,37.71333],[127.12625,37.71335],[127.12625,37.71341],[127.12611,37.71342]]]}},{"type":"Feature","properties":{"valleyId":"suraksan","layer":"shadow","date":"2026-08-01","timeLocal":"18:00"},"geometry":{"type":"Polygon","coordinates":[[[127.12019,37.71336],[127.12017,37.71324],[127.12026,37.71324],[127.12026,37.71328],[127.12031,37.71329],[127.12042,37.7133],[127.12042,37.71335],[127.12037,37.71337],[127.12019,37.71336]]]}},{"type":"Feature","properties":{"valleyId":"suraksan","layer":"shadow","date":"2026-08-01","timeLocal":"18:00"},"geometry":{"type":"Polygon","coordinates":[[[127.11546,37.71311],[127.11546,37.71304],[127.11564,37.71306],[127.11564,37.71311],[127.11546,37.71311]]]}},{"type":"Feature","properties":{"valleyId":"suraksan","layer":"shadow","date":"2026-08-01","timeLocal":"18:00"},"geometry":{"type":"Polygon","coordinates":[[[127.12145,37.71313],[127.1214,37.71311],[127.1214,37.71306],[127.12152,37.71306],[127.12151,37.71313],[127.12145,37.71313]]]}},{"type":"Feature","properties":{"valleyId":"suraksan","layer":"shadow","date":"2026-08-01","timeLocal":"18:00"},"geometry":{"type":"Polygon","coordinates":[[[127.11521,37.71289],[127.11521,37.71283],[127.11528,37.71284],[127.11528,37.71289],[127.11521,37.71289]]]}},{"type":"Feature","properties":{"valleyId":"suraksan","layer":"shadow","date":"2026-08-01","timeLocal":"18:00"},"geometry":{"type":"Polygon","coordinates":[[[127.12556,37.713],[127.12556,37.71295],[127.12562,37.71295],[127.12562,37.713],[127.12556,37.713]]]}},{"type":"Feature","properties":{"valleyId":"suraksan","layer":"shadow","date":"2026-08-01","timeLocal":"18:00"},"geometry":{"type":"Polygon","coordinates":[[[127.12665,37.71298],[127.12665,37.71293],[127.12671,37.71293],[127.12671,37.71298],[127.12665,37.71298]]]}},{"type":"Feature","properties":{"valleyId":"suraksan","layer":"shadow","date":"2026-08-01","timeLocal":"18:00"},"geometry":{"type":"Polygon","coordinates":[[[127.11993,37.71287],[127.11993,37.7128],[127.12,37.7128],[127.12,37.71287],[127.11993,37.71287]]]}},{"type":"Feature","properties":{"valleyId":"suraksan","layer":"shadow","date":"2026-08-01","timeLocal":"18:00"},"geometry":{"type":"Polygon","coordinates":[[[127.12728,37.71299],[127.12726,37.71288],[127.12742,37.7129],[127.12742,37.71297],[127.12728,37.71299]]]}},{"type":"Feature","properties":{"valleyId":"suraksan","layer":"shadow","date":"2026-08-01","timeLocal":"18:00"},"geometry":{"type":"Polygon","coordinates":[[[127.1191,37.71264],[127.1191,37.71259],[127.11917,37.71259],[127.11917,37.71265],[127.1191,37.71264]]]}},{"type":"Feature","properties":{"valleyId":"suraksan","layer":"shadow","date":"2026-08-01","timeLocal":"18:00"},"geometry":{"type":"Polygon","coordinates":[[[127.12749,37.71285],[127.12751,37.71269],[127.1277,37.71271],[127.12769,37.71276],[127.12765,37.7128],[127.12756,37.71281],[127.12756,37.71285],[127.12749,37.71285]]]}},{"type":"Feature","properties":{"valleyId":"suraksan","layer":"shadow","date":"2026-08-01","timeLocal":"18:00"},"geometry":{"type":"Polygon","coordinates":[[[127.11461,37.71255],[127.11461,37.71246],[127.11468,37.71247],[127.1147,37.71256],[127.11461,37.71255]]]}},{"type":"Feature","properties":{"valleyId":"suraksan","layer":"shadow","date":"2026-08-01","timeLocal":"18:00"},"geometry":{"type":"Polygon","coordinates":[[[127.11932,37.7129],[127.11935,37.71276],[127.1193,37.71276],[127.1193,37.71267],[127.11937,37.71261],[127.11935,37.7125],[127.11942,37.71251],[127.11946,37.71254],[127.11946,37.71263],[127.11939,37.71268],[127.11939,37.71276],[127.11946,37.71278],[127.11946,37.71288],[127.11932,37.7129]]]}},{"type":"Feature","properties":{"valleyId":"suraksan","layer":"shadow","date":"2026-08-01","timeLocal":"18:00"},"geometry":{"type":"Polygon","coordinates":[[[127.11245,37.71254],[127.11244,37.71234],[127.11246,37.7123],[127.11255,37.71231],[127.11262,37.71236],[127.11261,37.71247],[127.11254,37.71254],[127.11245,37.71254]]]}},{"type":"Feature","properties":{"valleyId":"suraksan","layer":"shadow","date":"2026-08-01","timeLocal":"18:00"},"geometry":{"type":"Polygon","coordinates":[[[127.11493,37.71245],[127.11493,37.71233],[127.11504,37.71235],[127.11504,37.71245],[127.11493,37.71245]]]}},{"type":"Feature","properties":{"valleyId":"suraksan","layer":"shadow","date":"2026-08-01","timeLocal":"18:00"},"geometry":{"type":"Polygon","coordinates":[[[127.11191,37.71237],[127.11182,37.71233],[127.1118,37.71224],[127.11187,37.71224],[127.11198,37.71231],[127.11198,37.71237],[127.11191,37.71237]]]}},{"type":"Feature","properties":{"valleyId":"suraksan","layer":"shadow","date":"2026-08-01","timeLocal":"18:00"},"geometry":{"type":"Polygon","coordinates":[[[127.12602,37.71252],[127.12602,37.71245],[127.12611,37.71245],[127.12611,37.7125],[127.12602,37.71252]]]}},{"type":"Feature","properties":{"valleyId":"suraksan","layer":"shadow","date":"2026-08-01","timeLocal":"18:00"},"geometry":{"type":"Polygon","coordinates":[[[127.12775,37.71248],[127.12775,37.71242],[127.12782,37.71242],[127.12781,37.71248],[127.12775,37.71248]]]}},{"type":"Feature","properties":{"valleyId":"suraksan","layer":"shadow","date":"2026-08-01","timeLocal":"18:00"},"geometry":{"type":"Polygon","coordinates":[[[127.12752,37.71247],[127.12752,37.7124],[127.12764,37.7124],[127.12761,37.71247],[127.12752,37.71247]]]}},{"type":"Feature","properties":{"valleyId":"suraksan","layer":"shadow","date":"2026-08-01","timeLocal":"18:00"},"geometry":{"type":"Polygon","coordinates":[[[127.12734,37.71223],[127.12735,37.71218],[127.12744,37.71218],[127.12744,37.71224],[127.12734,37.71223]]]}},{"type":"Feature","properties":{"valleyId":"suraksan","layer":"shadow","date":"2026-08-01","timeLocal":"18:00"},"geometry":{"type":"Polygon","coordinates":[[[127.11614,37.71206],[127.11614,37.71198],[127.11623,37.71199],[127.11623,37.71206],[127.11614,37.71206]]]}},{"type":"Feature","properties":{"valleyId":"suraksan","layer":"shadow","date":"2026-08-01","timeLocal":"18:00"},"geometry":{"type":"Polygon","coordinates":[[[127.11396,37.71208],[127.11397,37.71195],[127.11433,37.71194],[127.11433,37.71199],[127.11424,37.71199],[127.11421,37.71203],[127.11408,37.71204],[127.11405,37.71208],[127.11396,37.71208]]]}},{"type":"Feature","properties":{"valleyId":"suraksan","layer":"shadow","date":"2026-08-01","timeLocal":"18:00"},"geometry":{"type":"Polygon","coordinates":[[[127.11167,37.71197],[127.11168,37.71189],[127.11177,37.7119],[127.11176,37.71195],[127.11167,37.71197]]]}},{"type":"Feature","properties":{"valleyId":"suraksan","layer":"shadow","date":"2026-08-01","timeLocal":"18:00"},"geometry":{"type":"Polygon","coordinates":[[[127.12272,37.71227],[127.12272,37.71222],[127.12265,37.71216],[127.12256,37.71214],[127.12256,37.71209],[127.12261,37.71209],[127.12261,37.71205],[127.1227,37.71205],[127.12274,37.71216],[127.12283,37.71218],[127.12283,37.71224],[127.12278,37.71223],[127.12278,37.71227],[127.12272,37.71227]]]}},{"type":"Feature","properties":{"valleyId":"suraksan","layer":"shadow","date":"2026-08-01","timeLocal":"18:00"},"geometry":{"type":"Polygon","coordinates":[[[127.12549,37.71215],[127.12549,37.7121],[127.12556,37.7121],[127.12555,37.71215],[127.12549,37.71215]]]}},{"type":"Feature","properties":{"valleyId":"suraksan","layer":"shadow","date":"2026-08-01","timeLocal":"18:00"},"geometry":{"type":"Polygon","coordinates":[[[127.12041,37.71207],[127.12041,37.712],[127.12036,37.71198],[127.12034,37.71187],[127.12043,37.71187],[127.12048,37.71198],[127.12047,37.71207],[127.12041,37.71207]]]}},{"type":"Feature","properties":{"valleyId":"suraksan","layer":"shadow","date":"2026-08-01","timeLocal":"18:00"},"geometry":{"type":"Polygon","coordinates":[[[127.12742,37.71204],[127.12742,37.71198],[127.12751,37.71199],[127.12751,37.71204],[127.12742,37.71204]]]}},{"type":"Feature","properties":{"valleyId":"suraksan","layer":"shadow","date":"2026-08-01","timeLocal":"18:00"},"geometry":{"type":"Polygon","coordinates":[[[127.11601,37.71191],[127.11601,37.71178],[127.11608,37.71178],[127.11608,37.71191],[127.11601,37.71191]]]}},{"type":"Feature","properties":{"valleyId":"suraksan","layer":"shadow","date":"2026-08-01","timeLocal":"18:00"},"geometry":{"type":"Polygon","coordinates":[[[127.11149,37.71189],[127.1115,37.71186],[127.11145,37.71185],[127.11145,37.7118],[127.1115,37.71177],[127.1115,37.71169],[127.11157,37.71169],[127.11156,37.71189],[127.11149,37.71189]]]}},{"type":"Feature","properties":{"valleyId":"suraksan","layer":"shadow","date":"2026-08-01","timeLocal":"18:00"},"geometry":{"type":"Polygon","coordinates":[[[127.11691,37.712],[127.11687,37.71192],[127.11674,37.71189],[127.11671,37.7118],[127.11701,37.7118],[127.117,37.712],[127.11691,37.712]]]}},{"type":"Feature","properties":{"valleyId":"suraksan","layer":"shadow","date":"2026-08-01","timeLocal":"18:00"},"geometry":{"type":"Polygon","coordinates":[[[127.11451,37.71207],[127.11449,37.71172],[127.11488,37.71171],[127.1149,37.71178],[127.11465,37.71182],[127.11465,37.71192],[127.1146,37.71192],[127.11458,37.71207],[127.11451,37.71207]]]}},{"type":"Feature","properties":{"valleyId":"suraksan","layer":"shadow","date":"2026-08-01","timeLocal":"18:00"},"geometry":{"type":"Polygon","coordinates":[[[127.11392,37.71184],[127.11393,37.71168],[127.11415,37.7117],[127.11415,37.71179],[127.11411,37.71179],[127.11404,37.71184],[127.11392,37.71184]]]}},{"type":"Feature","properties":{"valleyId":"suraksan","layer":"shadow","date":"2026-08-01","timeLocal":"18:00"},"geometry":{"type":"Polygon","coordinates":[[[127.12576,37.71203],[127.12576,37.71192],[127.12572,37.71192],[127.12572,37.71187],[127.12579,37.71187],[127.12583,37.71189],[127.12583,37.71192],[127.12588,37.71192],[127.12585,37.71203],[127.12576,37.71203]]]}},{"type":"Feature","properties":{"valleyId":"suraksan","layer":"shadow","date":"2026-08-01","timeLocal":"18:00"},"geometry":{"type":"Polygon","coordinates":[[[127.12012,37.71176],[127.12012,37.71169],[127.12019,37.71169],[127.12019,37.71176],[127.12012,37.71176]]]}},{"type":"Feature","properties":{"valleyId":"suraksan","layer":"shadow","date":"2026-08-01","timeLocal":"18:00"},"geometry":{"type":"Polygon","coordinates":[[[127.12227,37.71203],[127.12211,37.71199],[127.12193,37.71191],[127.12191,37.71188],[127.1218,37.71186],[127.12178,37.71175],[127.122,37.7117],[127.12202,37.71184],[127.1222,37.71185],[127.12234,37.7119],[127.12238,37.71196],[127.12243,37.71196],[127.12243,37.71203],[127.12227,37.71203]]]}},{"type":"Feature","properties":{"valleyId":"suraksan","layer":"shadow","date":"2026-08-01","timeLocal":"18:00"},"geometry":{"type":"Polygon","coordinates":[[[127.11515,37.71173],[127.11515,37.71168],[127.11522,37.71166],[127.11522,37.71157],[127.11531,37.71157],[127.11533,37.71168],[127.11524,37.71174],[127.11515,37.71173]]]}},{"type":"Feature","properties":{"valleyId":"suraksan","layer":"shadow","date":"2026-08-01","timeLocal":"18:00"},"geometry":{"type":"Polygon","coordinates":[[[127.12386,37.71175],[127.12386,37.71169],[127.12393,37.71169],[127.12393,37.71175],[127.12386,37.71175]]]}},{"type":"Feature","properties":{"valleyId":"suraksan","layer":"shadow","date":"2026-08-01","timeLocal":"18:00"},"geometry":{"type":"Polygon","coordinates":[[[127.12524,37.71191],[127.12524,37.71184],[127.12536,37.71181],[127.12536,37.7117],[127.12547,37.7117],[127.12549,37.71181],[127.12543,37.71183],[127.12543,37.71186],[127.12536,37.71186],[127.12533,37.71191],[127.12524,37.71191]]]}},{"type":"Feature","properties":{"valleyId":"suraksan","layer":"shadow","date":"2026-08-01","timeLocal":"18:00"},"geometry":{"type":"Polygon","coordinates":[[[127.11391,37.71153],[127.11391,37.71148],[127.11398,37.71148],[127.11398,37.71153],[127.11391,37.71153]]]}},{"type":"Feature","properties":{"valleyId":"suraksan","layer":"shadow","date":"2026-08-01","timeLocal":"18:00"},"geometry":{"type":"Polygon","coordinates":[[[127.11588,37.71155],[127.11588,37.71149],[127.11595,37.71149],[127.11595,37.71155],[127.11588,37.71155]]]}},{"type":"Feature","properties":{"valleyId":"suraksan","layer":"shadow","date":"2026-08-01","timeLocal":"18:00"},"geometry":{"type":"Polygon","coordinates":[[[127.11556,37.71152],[127.11557,37.71147],[127.11563,37.71147],[127.11563,37.71153],[127.11556,37.71152]]]}},{"type":"Feature","properties":{"valleyId":"suraksan","layer":"shadow","date":"2026-08-01","timeLocal":"18:00"},"geometry":{"type":"Polygon","coordinates":[[[127.11327,37.71145],[127.11328,37.7114],[127.11341,37.7114],[127.11341,37.71145],[127.11327,37.71145]]]}},{"type":"Feature","properties":{"valleyId":"suraksan","layer":"shadow","date":"2026-08-01","timeLocal":"18:00"},"geometry":{"type":"Polygon","coordinates":[[[127.12628,37.71209],[127.12628,37.71198],[127.12624,37.71196],[127.12622,37.71187],[127.12615,37.71182],[127.12616,37.71169],[127.12611,37.71166],[127.12611,37.7116],[127.1262,37.7116],[127.12625,37.71162],[127.12625,37.71166],[127.12632,37.71166],[127.12631,37.71177],[127.12638,37.71177],[127.12643,37.71181],[127.12644,37.71204],[127.12637,37.71209],[127.12628,37.71209]]]}},{"type":"Feature","properties":{"valleyId":"suraksan","layer":"shadow","date":"2026-08-01","timeLocal":"18:00"},"geometry":{"type":"Polygon","coordinates":[[[127.12675,37.71167],[127.12675,37.71159],[127.12682,37.7116],[127.12684,37.71167],[127.12675,37.71167]]]}},{"type":"Feature","properties":{"valleyId":"suraksan","layer":"shadow","date":"2026-08-01","timeLocal":"18:00"},"geometry":{"type":"Polygon","coordinates":[[[127.1118,37.71141],[127.1118,37.71136],[127.11187,37.71136],[127.11187,37.71141],[127.1118,37.71141]]]}},{"type":"Feature","properties":{"valleyId":"suraksan","layer":"shadow","date":"2026-08-01","timeLocal":"18:00"},"geometry":{"type":"Polygon","coordinates":[[[127.12786,37.71165],[127.12786,37.71159],[127.12793,37.7116],[127.12793,37.71165],[127.12786,37.71165]]]}},{"type":"Feature","properties":{"valleyId":"suraksan","layer":"shadow","date":"2026-08-01","timeLocal":"18:00"},"geometry":{"type":"Polygon","coordinates":[[[127.11444,37.71363],[127.11435,37.71361],[127.11436,37.71358],[127.11429,37.71356],[127.11404,37.71355],[127.11393,37.71348],[127.11395,37.71339],[127.11402,37.71336],[127.114,37.71316],[127.11427,37.7132],[127.1143,37.71309],[127.11417,37.71302],[127.11401,37.713],[127.114,37.71312],[127.1138,37.7131],[127.11385,37.71292],[127.11374,37.71285],[127.11374,37.71274],[127.11363,37.71268],[127.11363,37.71256],[127.11341,37.71255],[127.1134,37.71261],[127.11349,37.71272],[127.11349,37.71286],[127.11342,37.71288],[127.11337,37.71293],[127.11331,37.71293],[127.11324,37.71302],[127.11314,37.71302],[127.11315,37.71282],[127.11326,37.71279],[127.11327,37.71271],[127.11304,37.71255],[127.11305,37.71244],[127.113,37.71242],[127.113,37.71228],[127.11308,37.71217],[127.11308,37.71208],[127.11301,37.71202],[127.11299,37.71193],[127.11286,37.71184],[127.11281,37.71171],[127.11268,37.71162],[127.11268,37.71159],[127.11259,37.71151],[127.11243,37.71147],[127.11244,37.71142],[127.1126,37.71142],[127.11264,37.71146],[127.11273,37.71146],[127.11278,37.71143],[127.11278,37.71132],[127.11289,37.71134],[127.11291,37.71141],[127.11287,37.71143],[127.11286,37.71161],[127.113,37.71172],[127.11311,37.71172],[127.11311,37.71163],[127.11295,37.71155],[127.11296,37.7115],[127.11305,37.71143],[127.11314,37.71143],[127.11314,37.71149],[127.11321,37.71152],[127.1132,37.71156],[127.11327,37.71156],[127.11329,37.7116],[127.11338,37.71162],[127.11338,37.71165],[127.11347,37.71167],[127.11347,37.71176],[127.1134,37.71176],[127.11338,37.71167],[127.11327,37.71167],[127.11327,37.71174],[127.11331,37.71178],[127.1134,37.71178],[127.1134,37.71185],[127.11354,37.71185],[127.11353,37.712],[127.1134,37.71205],[127.11339,37.71217],[127.11346,37.71223],[127.11346,37.71227],[127.11355,37.71227],[127.11364,37.71214],[127.11365,37.71198],[127.11374,37.71198],[127.11378,37.71205],[127.11383,37.71206],[127.1138,37.71218],[127.11369,37.71218],[127.11366,37.71225],[127.11366,37.71234],[127.11373,37.71238],[127.11373,37.71247],[127.11384,37.71247],[127.11384,37.71251],[127.11393,37.71251],[127.11393,37.71244],[127.11402,37.71244],[127.11402,37.71238],[127.11411,37.71237],[127.11411,37.71244],[127.11404,37.71244],[127.11404,37.71249],[127.1142,37.71249],[127.1142,37.71255],[127.11409,37.71256],[127.11408,37.71262],[127.11415,37.71267],[127.1142,37.71267],[127.11419,37.71282],[127.11424,37.71282],[127.11426,37.71286],[127.11435,37.71286],[127.11435,37.71291],[127.11421,37.71291],[127.11421,37.71296],[127.11442,37.71297],[127.11444,37.713],[127.11469,37.71304],[127.11466,37.71311],[127.11462,37.71311],[127.11459,37.71315],[127.11448,37.71315],[127.11448,37.7132],[127.11452,37.71322],[127.11452,37.71353],[127.11456,37.71354],[127.11456,37.71364],[127.11444,37.71363]]]}},{"type":"Feature","properties":{"valleyId":"suraksan","layer":"shadow","date":"2026-08-01","timeLocal":"18:00"},"geometry":{"type":"Polygon","coordinates":[[[127.11316,37.71136],[127.11317,37.71131],[127.11326,37.71131],[127.11325,37.71136],[127.11316,37.71136]]]}},{"type":"Feature","properties":{"valleyId":"suraksan","layer":"shadow","date":"2026-08-01","timeLocal":"18:00"},"geometry":{"type":"Polygon","coordinates":[[[127.11674,37.71154],[127.11675,37.71144],[127.11661,37.71141],[127.11661,37.71134],[127.1167,37.71134],[127.11673,37.71138],[127.11677,37.71138],[127.11677,37.71144],[127.11693,37.71144],[127.1169,37.71151],[127.11681,37.71151],[127.11681,37.71154],[127.11674,37.71154]]]}},{"type":"Feature","properties":{"valleyId":"suraksan","layer":"shadow","date":"2026-08-01","timeLocal":"18:00"},"geometry":{"type":"Polygon","coordinates":[[[127.11432,37.71145],[127.11432,37.71127],[127.11441,37.71125],[127.11443,37.71142],[127.11441,37.71145],[127.11432,37.71145]]]}},{"type":"Feature","properties":{"valleyId":"suraksan","layer":"shadow","date":"2026-08-01","timeLocal":"18:00"},"geometry":{"type":"Polygon","coordinates":[[[127.12593,37.71164],[127.12593,37.71155],[127.12586,37.71154],[127.12582,37.71149],[127.12575,37.71149],[127.12573,37.71138],[127.1258,37.71138],[127.12582,37.71145],[127.12605,37.71149],[127.12605,37.71155],[127.12609,37.71155],[127.12609,37.7116],[127.126,37.7116],[127.126,37.71164],[127.12593,37.71164]]]}},{"type":"Feature","properties":{"valleyId":"suraksan","layer":"shadow","date":"2026-08-01","timeLocal":"18:00"},"geometry":{"type":"Polygon","coordinates":[[[127.12773,37.71148],[127.12773,37.71132],[127.12782,37.71132],[127.12779,37.71148],[127.12773,37.71148]]]}},{"type":"Feature","properties":{"valleyId":"suraksan","layer":"shadow","date":"2026-08-01","timeLocal":"18:00"},"geometry":{"type":"Polygon","coordinates":[[[127.12591,37.71144],[127.12596,37.71126],[127.1261,37.71126],[127.1261,37.71131],[127.12601,37.71135],[127.126,37.71144],[127.12591,37.71144]]]}},{"type":"Feature","properties":{"valleyId":"suraksan","layer":"shadow","date":"2026-08-01","timeLocal":"18:00"},"geometry":{"type":"Polygon","coordinates":[[[127.11652,37.71127],[127.11655,37.71111],[127.11664,37.71111],[127.11664,37.7112],[127.11668,37.71122],[127.11668,37.71127],[127.11652,37.71127]]]}},{"type":"Feature","properties":{"valleyId":"suraksan","layer":"shadow","date":"2026-08-01","timeLocal":"18:00"},"geometry":{"type":"Polygon","coordinates":[[[127.1141,37.71105],[127.1141,37.711],[127.11417,37.711],[127.11417,37.71105],[127.1141,37.71105]]]}},{"type":"Feature","properties":{"valleyId":"suraksan","layer":"shadow","date":"2026-08-01","timeLocal":"18:00"},"geometry":{"type":"Polygon","coordinates":[[[127.11163,37.71103],[127.11163,37.71094],[127.1117,37.71094],[127.11172,37.71101],[127.11163,37.71103]]]}},{"type":"Feature","properties":{"valleyId":"suraksan","layer":"shadow","date":"2026-08-01","timeLocal":"18:00"},"geometry":{"type":"Polygon","coordinates":[[[127.12734,37.71132],[127.12733,37.71119],[127.12753,37.71123],[127.1275,37.7113],[127.12734,37.71132]]]}},{"type":"Feature","properties":{"valleyId":"suraksan","layer":"shadow","date":"2026-08-01","timeLocal":"18:00"},"geometry":{"type":"Polygon","coordinates":[[[127.11469,37.71117],[127.11469,37.71104],[127.11465,37.71102],[127.11465,37.71097],[127.11478,37.71097],[127.1148,37.7111],[127.11476,37.71111],[127.11476,37.71117],[127.11469,37.71117]]]}},{"type":"Feature","properties":{"valleyId":"suraksan","layer":"shadow","date":"2026-08-01","timeLocal":"18:00"},"geometry":{"type":"Polygon","coordinates":[[[127.12582,37.71405],[127.12583,37.714],[127.12578,37.71398],[127.12581,37.71385],[127.12572,37.71381],[127.12572,37.71372],[127.12567,37.7137],[127.12568,37.71365],[127.12563,37.71361],[127.12554,37.71358],[127.12529,37.71357],[127.12516,37.71353],[127.12478,37.71333],[127.12453,37.71333],[127.12446,37.71334],[127.12441,37.71341],[127.1243,37.71341],[127.12408,37.71317],[127.12406,37.7128],[127.12409,37.71262],[127.12416,37.71254],[127.12416,37.71249],[127.12423,37.71246],[127.12446,37.71244],[127.12452,37.71253],[127.12466,37.71252],[127.12467,37.71207],[127.12458,37.71192],[127.12452,37.71188],[127.1245,37.71176],[127.1245,37.7117],[127.12459,37.71167],[127.12459,37.71161],[127.12452,37.71161],[127.12448,37.71165],[127.12448,37.7117],[127.12432,37.71168],[127.12427,37.71174],[127.12413,37.71175],[127.12413,37.71195],[127.12417,37.71199],[127.12417,37.71204],[127.12408,37.71204],[127.12397,37.71195],[127.12397,37.71187],[127.12404,37.71184],[127.124,37.71168],[127.12428,37.71152],[127.12428,37.71143],[127.12421,37.71141],[127.12417,37.71121],[127.12424,37.71114],[127.12433,37.71114],[127.12438,37.71121],[127.12447,37.71122],[127.12445,37.71107],[127.12458,37.71111],[127.12456,37.71124],[127.1246,37.71124],[127.1246,37.71127],[127.12467,37.71133],[127.12474,37.71133],[127.12485,37.71138],[127.12482,37.71158],[127.12493,37.71158],[127.12494,37.71139],[127.1251,37.71139],[127.1251,37.71144],[127.12505,37.71146],[127.12502,37.71166],[127.12507,37.71171],[127.12511,37.71171],[127.12511,37.71186],[127.1252,37.71189],[127.12524,37.71208],[127.12531,37.71209],[127.12535,37.71231],[127.12528,37.71236],[127.12528,37.71242],[127.12534,37.71244],[127.12534,37.71255],[127.12543,37.71255],[127.12554,37.7126],[127.12556,37.71291],[127.12544,37.71293],[127.12542,37.71312],[127.12523,37.71312],[127.12519,37.71316],[127.1251,37.71315],[127.12503,37.71319],[127.125,37.71328],[127.12519,37.71326],[127.12534,37.7133],[127.12535,37.71321],[127.12541,37.71321],[127.12546,37.71325],[127.12546,37.71334],[127.12561,37.71336],[127.12561,37.7134],[127.12575,37.7134],[127.12575,37.71349],[127.126,37.71351],[127.126,37.71355],[127.12613,37.71357],[127.12613,37.7136],[127.12627,37.71361],[127.12645,37.71368],[127.12676,37.71369],[127.12676,37.71381],[127.1269,37.71387],[127.12687,37.71394],[127.12651,37.71402],[127.12625,37.71406],[127.12582,37.71405]]]}},{"type":"Feature","properties":{"valleyId":"suraksan","layer":"shadow","date":"2026-08-01","timeLocal":"18:00"},"geometry":{"type":"Polygon","coordinates":[[[127.11117,37.71122],[127.11117,37.71111],[127.11129,37.71111],[127.11131,37.71101],[127.11122,37.711],[127.11111,37.71091],[127.11111,37.71086],[127.11125,37.71086],[127.11134,37.71093],[127.11134,37.71101],[127.11143,37.71103],[127.1114,37.71115],[127.11133,37.7112],[127.11117,37.71122]]]}},{"type":"Feature","properties":{"valleyId":"suraksan","layer":"shadow","date":"2026-08-01","timeLocal":"18:00"},"geometry":{"type":"Polygon","coordinates":[[[127.12002,37.71123],[127.12,37.7112],[127.11998,37.71098],[127.12005,37.71098],[127.12007,37.71104],[127.12009,37.71124],[127.12002,37.71123]]]}},{"type":"Feature","properties":{"valleyId":"suraksan","layer":"shadow","date":"2026-08-01","timeLocal":"18:00"},"geometry":{"type":"Polygon","coordinates":[[[127.11667,37.71098],[127.11667,37.71093],[127.11674,37.71093],[127.11674,37.71098],[127.11667,37.71098]]]}},{"type":"Feature","properties":{"valleyId":"suraksan","layer":"shadow","date":"2026-08-01","timeLocal":"18:00"},"geometry":{"type":"Polygon","coordinates":[[[127.11498,37.71119],[127.11497,37.71087],[127.11526,37.71089],[127.11526,37.71096],[127.11508,37.71101],[127.11505,37.71119],[127.11498,37.71119]]]}},{"type":"Feature","properties":{"valleyId":"suraksan","layer":"shadow","date":"2026-08-01","timeLocal":"18:00"},"geometry":{"type":"Polygon","coordinates":[[[127.11249,37.7109],[127.11252,37.71081],[127.1127,37.71081],[127.11268,37.71088],[127.11249,37.7109]]]}},{"type":"Feature","properties":{"valleyId":"suraksan","layer":"shadow","date":"2026-08-01","timeLocal":"18:00"},"geometry":{"type":"Polygon","coordinates":[[[127.11994,37.71095],[127.11992,37.7108],[127.11998,37.7108],[127.12,37.71095],[127.11994,37.71095]]]}},{"type":"Feature","properties":{"valleyId":"suraksan","layer":"shadow","date":"2026-08-01","timeLocal":"18:00"},"geometry":{"type":"Polygon","coordinates":[[[127.11386,37.71076],[127.11386,37.71067],[127.11395,37.71067],[127.11397,37.71074],[127.11386,37.71076]]]}},{"type":"Feature","properties":{"valleyId":"suraksan","layer":"shadow","date":"2026-08-01","timeLocal":"18:00"},"geometry":{"type":"Polygon","coordinates":[[[127.11483,37.71077],[127.11484,37.71068],[127.11491,37.71068],[127.1149,37.71077],[127.11483,37.71077]]]}},{"type":"Feature","properties":{"valleyId":"suraksan","layer":"shadow","date":"2026-08-01","timeLocal":"18:00"},"geometry":{"type":"Polygon","coordinates":[[[127.11404,37.71072],[127.11404,37.71065],[127.11413,37.71065],[127.11413,37.71071],[127.11404,37.71072]]]}},{"type":"Feature","properties":{"valleyId":"suraksan","layer":"shadow","date":"2026-08-01","timeLocal":"18:00"},"geometry":{"type":"Polygon","coordinates":[[[127.11883,37.71082],[127.11883,37.71073],[127.11892,37.71071],[127.11889,37.71082],[127.11883,37.71082]]]}},{"type":"Feature","properties":{"valleyId":"suraksan","layer":"shadow","date":"2026-08-01","timeLocal":"18:00"},"geometry":{"type":"Polygon","coordinates":[[[127.11559,37.71071],[127.11559,37.71064],[127.11566,37.71064],[127.11565,37.71071],[127.11559,37.71071]]]}},{"type":"Feature","properties":{"valleyId":"suraksan","layer":"shadow","date":"2026-08-01","timeLocal":"18:00"},"geometry":{"type":"Polygon","coordinates":[[[127.1162,37.71071],[127.1162,37.71063],[127.11631,37.71064],[127.11631,37.71071],[127.1162,37.71071]]]}},{"type":"Feature","properties":{"valleyId":"suraksan","layer":"shadow","date":"2026-08-01","timeLocal":"18:00"},"geometry":{"type":"Polygon","coordinates":[[[127.11953,37.71079],[127.11951,37.71067],[127.1196,37.71067],[127.1196,37.7108],[127.11953,37.71079]]]}},{"type":"Feature","properties":{"valleyId":"suraksan","layer":"shadow","date":"2026-08-01","timeLocal":"18:00"},"geometry":{"type":"Polygon","coordinates":[[[127.11436,37.71066],[127.11436,37.71059],[127.11445,37.71059],[127.11445,37.71064],[127.11436,37.71066]]]}},{"type":"Feature","properties":{"valleyId":"suraksan","layer":"shadow","date":"2026-08-01","timeLocal":"18:00"},"geometry":{"type":"Polygon","coordinates":[[[127.11888,37.71068],[127.11888,37.71062],[127.11895,37.71062],[127.11894,37.71068],[127.11888,37.71068]]]}},{"type":"Feature","properties":{"valleyId":"suraksan","layer":"shadow","date":"2026-08-01","timeLocal":"18:00"},"geometry":{"type":"Polygon","coordinates":[[[127.11135,37.71054],[127.11135,37.71048],[127.11142,37.71048],[127.11142,37.71054],[127.11135,37.71054]]]}},{"type":"Feature","properties":{"valleyId":"suraksan","layer":"shadow","date":"2026-08-01","timeLocal":"18:00"},"geometry":{"type":"Polygon","coordinates":[[[127.11423,37.71057],[127.11423,37.71051],[127.1143,37.71051],[127.1143,37.71057],[127.11423,37.71057]]]}},{"type":"Feature","properties":{"valleyId":"suraksan","layer":"shadow","date":"2026-08-01","timeLocal":"18:00"},"geometry":{"type":"Polygon","coordinates":[[[127.11327,37.71082],[127.11325,37.71071],[127.11334,37.71068],[127.11334,37.71064],[127.11339,37.71062],[127.11339,37.71057],[127.11328,37.7105],[127.11328,37.71044],[127.11355,37.71046],[127.11357,37.71059],[127.1135,37.71061],[127.11347,37.71075],[127.11338,37.71077],[127.11338,37.7108],[127.11334,37.71082],[127.11327,37.71082]]]}},{"type":"Feature","properties":{"valleyId":"suraksan","layer":"shadow","date":"2026-08-01","timeLocal":"18:00"},"geometry":{"type":"Polygon","coordinates":[[[127.11702,37.71061],[127.11702,37.71048],[127.11718,37.7105],[127.11718,37.71058],[127.11713,37.71061],[127.11702,37.71061]]]}},{"type":"Feature","properties":{"valleyId":"suraksan","layer":"shadow","date":"2026-08-01","timeLocal":"18:00"},"geometry":{"type":"Polygon","coordinates":[[[127.11725,37.71054],[127.11725,37.71049],[127.11732,37.71049],[127.11731,37.71054],[127.11725,37.71054]]]}},{"type":"Feature","properties":{"valleyId":"suraksan","layer":"shadow","date":"2026-08-01","timeLocal":"18:00"},"geometry":{"type":"Polygon","coordinates":[[[127.11573,37.71052],[127.11571,37.71045],[127.11582,37.71045],[127.11582,37.7105],[127.11573,37.71052]]]}},{"type":"Feature","properties":{"valleyId":"suraksan","layer":"shadow","date":"2026-08-01","timeLocal":"18:00"},"geometry":{"type":"Polygon","coordinates":[[[127.11232,37.71046],[127.11235,37.71039],[127.11253,37.71038],[127.11253,37.71043],[127.11232,37.71046]]]}},{"type":"Feature","properties":{"valleyId":"suraksan","layer":"shadow","date":"2026-08-01","timeLocal":"18:00"},"geometry":{"type":"Polygon","coordinates":[[[127.11459,37.71055],[127.11457,37.71041],[127.11475,37.71045],[127.11473,37.71052],[127.11459,37.71055]]]}},{"type":"Feature","properties":{"valleyId":"suraksan","layer":"shadow","date":"2026-08-01","timeLocal":"18:00"},"geometry":{"type":"Polygon","coordinates":[[[127.11598,37.71045],[127.11598,37.7104],[127.11605,37.7104],[127.11605,37.71045],[127.11598,37.71045]]]}},{"type":"Feature","properties":{"valleyId":"suraksan","layer":"shadow","date":"2026-08-01","timeLocal":"18:00"},"geometry":{"type":"Polygon","coordinates":[[[127.12565,37.71086],[127.12566,37.71068],[127.1257,37.71068],[127.12573,37.71064],[127.12573,37.71051],[127.1258,37.71052],[127.1258,37.71055],[127.12584,37.71055],[127.12584,37.71061],[127.1258,37.71064],[127.12579,37.71079],[127.12572,37.71086],[127.12565,37.71086]]]}},{"type":"Feature","properties":{"valleyId":"suraksan","layer":"shadow","date":"2026-08-01","timeLocal":"18:00"},"geometry":{"type":"Polygon","coordinates":[[[127.12004,37.71051],[127.12004,37.71042],[127.12018,37.71043],[127.12015,37.7105],[127.12004,37.71051]]]}},{"type":"Feature","properties":{"valleyId":"suraksan","layer":"shadow","date":"2026-08-01","timeLocal":"18:00"},"geometry":{"type":"Polygon","coordinates":[[[127.11787,37.71088],[127.11785,37.71082],[127.11778,37.71082],[127.11779,37.71071],[127.11774,37.71068],[127.11774,37.71062],[127.1179,37.71064],[127.1179,37.71055],[127.11786,37.71055],[127.11781,37.71048],[127.11763,37.71048],[127.11764,37.71039],[127.11777,37.71039],[127.11782,37.71041],[127.11781,37.71046],[127.11802,37.71046],[127.11804,37.7105],[127.11813,37.7105],[127.11811,37.71057],[127.11802,37.71057],[127.11799,37.71063],[127.11792,37.71064],[127.11792,37.71071],[127.11799,37.71072],[127.11799,37.71077],[127.11794,37.71077],[127.11794,37.71088],[127.11787,37.71088]]]}},{"type":"Feature","properties":{"valleyId":"suraksan","layer":"shadow","date":"2026-08-01","timeLocal":"18:00"},"geometry":{"type":"Polygon","coordinates":[[[127.1126,37.71036],[127.1126,37.71029],[127.11278,37.71029],[127.11278,37.71034],[127.1126,37.71036]]]}},{"type":"Feature","properties":{"valleyId":"suraksan","layer":"shadow","date":"2026-08-01","timeLocal":"18:00"},"geometry":{"type":"Polygon","coordinates":[[[127.11419,37.71037],[127.11419,37.71031],[127.11426,37.71031],[127.11426,37.71037],[127.11419,37.71037]]]}},{"type":"Feature","properties":{"valleyId":"suraksan","layer":"shadow","date":"2026-08-01","timeLocal":"18:00"},"geometry":{"type":"Polygon","coordinates":[[[127.11711,37.71043],[127.11709,37.71036],[127.11716,37.71036],[127.11718,37.71043],[127.11711,37.71043]]]}},{"type":"Feature","properties":{"valleyId":"suraksan","layer":"shadow","date":"2026-08-01","timeLocal":"18:00"},"geometry":{"type":"Polygon","coordinates":[[[127.12035,37.71054],[127.12033,37.71041],[127.1207,37.71043],[127.1207,37.71049],[127.12035,37.71054]]]}},{"type":"Feature","properties":{"valleyId":"suraksan","layer":"shadow","date":"2026-08-01","timeLocal":"18:00"},"geometry":{"type":"Polygon","coordinates":[[[127.11732,37.71045],[127.11732,37.71033],[127.11748,37.71037],[127.11748,37.71042],[127.11743,37.71042],[127.11741,37.71045],[127.11732,37.71045]]]}},{"type":"Feature","properties":{"valleyId":"suraksan","layer":"shadow","date":"2026-08-01","timeLocal":"18:00"},"geometry":{"type":"Polygon","coordinates":[[[127.11516,37.71036],[127.11516,37.71029],[127.11523,37.71029],[127.11525,37.71037],[127.11516,37.71036]]]}},{"type":"Feature","properties":{"valleyId":"suraksan","layer":"shadow","date":"2026-08-01","timeLocal":"18:00"},"geometry":{"type":"Polygon","coordinates":[[[127.11181,37.71029],[127.11181,37.71024],[127.11188,37.71024],[127.11188,37.71029],[127.11181,37.71029]]]}},{"type":"Feature","properties":{"valleyId":"suraksan","layer":"shadow","date":"2026-08-01","timeLocal":"18:00"},"geometry":{"type":"Polygon","coordinates":[[[127.11875,37.71037],[127.11875,37.71031],[127.11882,37.71031],[127.11882,37.71037],[127.11875,37.71037]]]}},{"type":"Feature","properties":{"valleyId":"suraksan","layer":"shadow","date":"2026-08-01","timeLocal":"18:00"},"geometry":{"type":"Polygon","coordinates":[[[127.11607,37.71031],[127.11607,37.71025],[127.11614,37.71025],[127.11614,37.71031],[127.11607,37.71031]]]}},{"type":"Feature","properties":{"valleyId":"suraksan","layer":"shadow","date":"2026-08-01","timeLocal":"18:00"},"geometry":{"type":"Polygon","coordinates":[[[127.11473,37.71025],[127.11474,37.7102],[127.1148,37.7102],[127.1148,37.71025],[127.11473,37.71025]]]}},{"type":"Feature","properties":{"valleyId":"suraksan","layer":"shadow","date":"2026-08-01","timeLocal":"18:00"},"geometry":{"type":"Polygon","coordinates":[[[127.1195,37.71027],[127.1195,37.71022],[127.11959,37.7102],[127.11959,37.71027],[127.1195,37.71027]]]}},{"type":"Feature","properties":{"valleyId":"suraksan","layer":"shadow","date":"2026-08-01","timeLocal":"18:00"},"geometry":{"type":"Polygon","coordinates":[[[127.11276,37.71016],[127.11277,37.71006],[127.11286,37.71006],[127.11283,37.71016],[127.11276,37.71016]]]}},{"type":"Feature","properties":{"valleyId":"suraksan","layer":"shadow","date":"2026-08-01","timeLocal":"18:00"},"geometry":{"type":"Polygon","coordinates":[[[127.11387,37.71045],[127.11392,37.71024],[127.11385,37.7102],[127.11383,37.71007],[127.1139,37.71007],[127.11394,37.71018],[127.11408,37.71022],[127.11408,37.71027],[127.11403,37.71027],[127.11394,37.71038],[127.11394,37.71045],[127.11387,37.71045]]]}},{"type":"Feature","properties":{"valleyId":"suraksan","layer":"shadow","date":"2026-08-01","timeLocal":"18:00"},"geometry":{"type":"Polygon","coordinates":[[[127.11573,37.71025],[127.11573,37.71018],[127.11569,37.71012],[127.11569,37.71005],[127.11576,37.71005],[127.11576,37.71009],[127.1158,37.7101],[127.1158,37.71025],[127.11573,37.71025]]]}},{"type":"Feature","properties":{"valleyId":"suraksan","layer":"shadow","date":"2026-08-01","timeLocal":"18:00"},"geometry":{"type":"Polygon","coordinates":[[[127.1169,37.71005],[127.1169,37.71],[127.11696,37.71],[127.11696,37.71005],[127.1169,37.71005]]]}},{"type":"Feature","properties":{"valleyId":"suraksan","layer":"shadow","date":"2026-08-01","timeLocal":"18:00"},"geometry":{"type":"Polygon","coordinates":[[[127.11234,37.70996],[127.11234,37.7099],[127.11243,37.70991],[127.11243,37.70996],[127.11234,37.70996]]]}},{"type":"Feature","properties":{"valleyId":"suraksan","layer":"shadow","date":"2026-08-01","timeLocal":"18:00"},"geometry":{"type":"Polygon","coordinates":[[[127.11617,37.71006],[127.11617,37.70995],[127.11628,37.70997],[127.11628,37.71002],[127.11624,37.71006],[127.11617,37.71006]]]}},{"type":"Feature","properties":{"valleyId":"suraksan","layer":"shadow","date":"2026-08-01","timeLocal":"18:00"},"geometry":{"type":"Polygon","coordinates":[[[127.11784,37.71034],[127.11782,37.71012],[127.11776,37.71005],[127.11776,37.70997],[127.11785,37.70997],[127.11789,37.71016],[127.11794,37.71016],[127.11793,37.71025],[127.11807,37.71027],[127.11807,37.71034],[127.11784,37.71034]]]}},{"type":"Feature","properties":{"valleyId":"suraksan","layer":"shadow","date":"2026-08-01","timeLocal":"18:00"},"geometry":{"type":"Polygon","coordinates":[[[127.11834,37.71014],[127.11839,37.71002],[127.11846,37.70997],[127.11858,37.70997],[127.11857,37.71008],[127.11851,37.71008],[127.1185,37.71011],[127.11846,37.71011],[127.11844,37.71015],[127.11834,37.71014]]]}},{"type":"Feature","properties":{"valleyId":"suraksan","layer":"shadow","date":"2026-08-01","timeLocal":"18:00"},"geometry":{"type":"Polygon","coordinates":[[[127.11914,37.71009],[127.11914,37.70996],[127.1193,37.71],[127.11928,37.71007],[127.11914,37.71009]]]}},{"type":"Feature","properties":{"valleyId":"suraksan","layer":"shadow","date":"2026-08-01","timeLocal":"18:00"},"geometry":{"type":"Polygon","coordinates":[[[127.11959,37.71016],[127.11957,37.70997],[127.11967,37.70997],[127.11971,37.71015],[127.11959,37.71016]]]}},{"type":"Feature","properties":{"valleyId":"suraksan","layer":"shadow","date":"2026-08-01","timeLocal":"18:00"},"geometry":{"type":"Polygon","coordinates":[[[127.11565,37.70998],[127.11563,37.70989],[127.11574,37.70989],[127.11572,37.70998],[127.11565,37.70998]]]}},{"type":"Feature","properties":{"valleyId":"suraksan","layer":"shadow","date":"2026-08-01","timeLocal":"18:00"},"geometry":{"type":"Polygon","coordinates":[[[127.11721,37.70996],[127.11722,37.70989],[127.11735,37.70988],[127.11735,37.70993],[127.11721,37.70996]]]}},{"type":"Feature","properties":{"valleyId":"suraksan","layer":"shadow","date":"2026-08-01","timeLocal":"18:00"},"geometry":{"type":"Polygon","coordinates":[[[127.11314,37.71035],[127.11315,37.7103],[127.11324,37.71026],[127.11322,37.71008],[127.11317,37.71006],[127.11318,37.70977],[127.11327,37.70978],[127.11327,37.70983],[127.11336,37.70985],[127.11336,37.7099],[127.11331,37.7099],[127.11329,37.71003],[127.11333,37.71017],[127.1134,37.71019],[127.1134,37.71026],[127.11326,37.7103],[127.11323,37.71035],[127.11314,37.71035]]]}},{"type":"Feature","properties":{"valleyId":"suraksan","layer":"shadow","date":"2026-08-01","timeLocal":"18:00"},"geometry":{"type":"Polygon","coordinates":[[[127.1186,37.70997],[127.1186,37.70986],[127.11874,37.7099],[127.11874,37.70995],[127.1186,37.70997]]]}},{"type":"Feature","properties":{"valleyId":"suraksan","layer":"shadow","date":"2026-08-01","timeLocal":"18:00"},"geometry":{"type":"Polygon","coordinates":[[[127.11747,37.70982],[127.11747,37.70973],[127.11756,37.70974],[127.11758,37.70981],[127.11747,37.70982]]]}},{"type":"Feature","properties":{"valleyId":"suraksan","layer":"shadow","date":"2026-08-01","timeLocal":"18:00"},"geometry":{"type":"Polygon","coordinates":[[[127.11275,37.70995],[127.11275,37.70986],[127.1127,37.70986],[127.1127,37.7098],[127.11277,37.70977],[127.11275,37.70966],[127.11289,37.70966],[127.11293,37.70968],[127.11293,37.70972],[127.11311,37.70975],[127.11311,37.70981],[127.11307,37.70981],[127.11306,37.7099],[127.11297,37.70991],[127.11293,37.70973],[127.11284,37.70973],[127.11284,37.70982],[127.11288,37.70984],[127.11288,37.7099],[127.11284,37.70989],[127.11281,37.70995],[127.11275,37.70995]]]}},{"type":"Feature","properties":{"valleyId":"suraksan","layer":"shadow","date":"2026-08-01","timeLocal":"18:00"},"geometry":{"type":"Polygon","coordinates":[[[127.11878,37.7099],[127.11878,37.70981],[127.11874,37.70979],[127.11874,37.70974],[127.11881,37.70974],[127.1189,37.70979],[127.11901,37.70979],[127.11901,37.70985],[127.11887,37.7099],[127.11878,37.7099]]]}},{"type":"Feature","properties":{"valleyId":"suraksan","layer":"shadow","date":"2026-08-01","timeLocal":"18:00"},"geometry":{"type":"Polygon","coordinates":[[[127.12013,37.71025],[127.12012,37.71005],[127.1201,37.71001],[127.12005,37.71001],[127.12003,37.70985],[127.11996,37.70981],[127.11994,37.7097],[127.12001,37.7097],[127.12008,37.70976],[127.12019,37.70976],[127.12024,37.70978],[127.12024,37.70981],[127.12037,37.70982],[127.12035,37.70996],[127.12021,37.70998],[127.12027,37.71021],[127.12023,37.71025],[127.12013,37.71025]]]}},{"type":"Feature","properties":{"valleyId":"suraksan","layer":"shadow","date":"2026-08-01","timeLocal":"18:00"},"geometry":{"type":"Polygon","coordinates":[[[127.11233,37.70953],[127.11237,37.70942],[127.11244,37.70942],[127.11244,37.70953],[127.11233,37.70953]]]}},{"type":"Feature","properties":{"valleyId":"suraksan","layer":"shadow","date":"2026-08-01","timeLocal":"18:00"},"geometry":{"type":"Polygon","coordinates":[[[127.11491,37.70951],[127.11489,37.70942],[127.11498,37.70942],[127.115,37.7095],[127.11491,37.70951]]]}},{"type":"Feature","properties":{"valleyId":"suraksan","layer":"shadow","date":"2026-08-01","timeLocal":"18:00"},"geometry":{"type":"Polygon","coordinates":[[[127.12044,37.70976],[127.12043,37.70949],[127.12049,37.70949],[127.12049,37.70966],[127.12053,37.70969],[127.12053,37.70975],[127.12044,37.70976]]]}},{"type":"Feature","properties":{"valleyId":"suraksan","layer":"shadow","date":"2026-08-01","timeLocal":"18:00"},"geometry":{"type":"Polygon","coordinates":[[[127.11462,37.70953],[127.11462,37.7094],[127.11473,37.7094],[127.11471,37.70951],[127.11462,37.70953]]]}},{"type":"Feature","properties":{"valleyId":"suraksan","layer":"shadow","date":"2026-08-01","timeLocal":"18:00"},"geometry":{"type":"Polygon","coordinates":[[[127.11555,37.70945],[127.11555,37.7094],[127.11564,37.7094],[127.11564,37.70945],[127.11555,37.70945]]]}},{"type":"Feature","properties":{"valleyId":"suraksan","layer":"shadow","date":"2026-08-01","timeLocal":"18:00"},"geometry":{"type":"Polygon","coordinates":[[[127.11612,37.70939],[127.11612,37.70933],[127.11623,37.70934],[127.11623,37.70939],[127.11612,37.70939]]]}},{"type":"Feature","properties":{"valleyId":"suraksan","layer":"shadow","date":"2026-08-01","timeLocal":"18:00"},"geometry":{"type":"Polygon","coordinates":[[[127.11584,37.7096],[127.11584,37.70951],[127.11591,37.70946],[127.11585,37.70929],[127.11594,37.7093],[127.11598,37.70933],[127.11602,37.70948],[127.11593,37.70953],[127.11591,37.7096],[127.11584,37.7096]]]}},{"type":"Feature","properties":{"valleyId":"suraksan","layer":"shadow","date":"2026-08-01","timeLocal":"18:00"},"geometry":{"type":"Polygon","coordinates":[[[127.11798,37.70947],[127.11798,37.7094],[127.11807,37.70938],[127.11807,37.70929],[127.11821,37.7093],[127.11821,37.70935],[127.11816,37.70935],[127.11816,37.70942],[127.11807,37.70944],[127.11807,37.70947],[127.11798,37.70947]]]}},{"type":"Feature","properties":{"valleyId":"suraksan","layer":"shadow","date":"2026-08-01","timeLocal":"18:00"},"geometry":{"type":"Polygon","coordinates":[[[127.11739,37.70934],[127.11739,37.70926],[127.11751,37.70925],[127.11748,37.70934],[127.11739,37.70934]]]}},{"type":"Feature","properties":{"valleyId":"suraksan","layer":"shadow","date":"2026-08-01","timeLocal":"18:00"},"geometry":{"type":"Polygon","coordinates":[[[127.11655,37.70934],[127.11655,37.70921],[127.11692,37.7092],[127.11692,37.70926],[127.11655,37.70934]]]}},{"type":"Feature","properties":{"valleyId":"suraksan","layer":"shadow","date":"2026-08-01","timeLocal":"18:00"},"geometry":{"type":"Polygon","coordinates":[[[127.11146,37.70964],[127.11135,37.70955],[127.11135,37.70949],[127.1114,37.70947],[127.1114,37.70938],[127.11126,37.70936],[127.11126,37.70933],[127.11118,37.70926],[127.111,37.70918],[127.111,37.70913],[127.11138,37.70911],[127.11138,37.70917],[127.11131,37.70917],[127.11131,37.70922],[127.11156,37.70919],[127.11183,37.70919],[127.11183,37.70927],[127.1117,37.70928],[127.1117,37.70934],[127.11199,37.70932],[127.11199,37.70939],[127.11192,37.70939],[127.11183,37.70946],[127.11162,37.70948],[127.11162,37.70955],[127.11167,37.70955],[127.11167,37.70961],[127.11146,37.70964]]]}},{"type":"Feature","properties":{"valleyId":"suraksan","layer":"shadow","date":"2026-08-01","timeLocal":"18:00"},"geometry":{"type":"Polygon","coordinates":[[[127.1176,37.70923],[127.1176,37.70918],[127.11769,37.70918],[127.11769,37.70923],[127.1176,37.70923]]]}},{"type":"Feature","properties":{"valleyId":"suraksan","layer":"shadow","date":"2026-08-01","timeLocal":"18:00"},"geometry":{"type":"Polygon","coordinates":[[[127.11968,37.70937],[127.11966,37.70921],[127.11973,37.70921],[127.11975,37.70937],[127.11968,37.70937]]]}},{"type":"Feature","properties":{"valleyId":"suraksan","layer":"shadow","date":"2026-08-01","timeLocal":"18:00"},"geometry":{"type":"Polygon","coordinates":[[[127.11805,37.70924],[127.11805,37.70913],[127.11814,37.70913],[127.11814,37.70922],[127.11805,37.70924]]]}},{"type":"Feature","properties":{"valleyId":"suraksan","layer":"shadow","date":"2026-08-01","timeLocal":"18:00"},"geometry":{"type":"Polygon","coordinates":[[[127.11832,37.70924],[127.11833,37.70912],[127.11851,37.70914],[127.11851,37.70919],[127.11846,37.70923],[127.11832,37.70924]]]}},{"type":"Feature","properties":{"valleyId":"suraksan","layer":"shadow","date":"2026-08-01","timeLocal":"18:00"},"geometry":{"type":"Polygon","coordinates":[[[127.11937,37.70926],[127.11939,37.70913],[127.11946,37.70914],[127.11943,37.70926],[127.11937,37.70926]]]}},{"type":"Feature","properties":{"valleyId":"suraksan","layer":"shadow","date":"2026-08-01","timeLocal":"18:00"},"geometry":{"type":"Polygon","coordinates":[[[127.11068,37.70907],[127.11068,37.70899],[127.11077,37.709],[127.11077,37.70905],[127.11068,37.70907]]]}},{"type":"Feature","properties":{"valleyId":"suraksan","layer":"shadow","date":"2026-08-01","timeLocal":"18:00"},"geometry":{"type":"Polygon","coordinates":[[[127.11991,37.70932],[127.11994,37.70912],[127.12012,37.70913],[127.12028,37.70917],[127.12027,37.70922],[127.12018,37.70927],[127.11991,37.70932]]]}},{"type":"Feature","properties":{"valleyId":"suraksan","layer":"shadow","date":"2026-08-01","timeLocal":"18:00"},"geometry":{"type":"Polygon","coordinates":[[[127.11456,37.70922],[127.11458,37.70909],[127.11454,37.70909],[127.11454,37.70904],[127.11461,37.70904],[127.11461,37.70908],[127.11472,37.70908],[127.11472,37.70915],[127.11462,37.70922],[127.11456,37.70922]]]}},{"type":"Feature","properties":{"valleyId":"suraksan","layer":"shadow","date":"2026-08-01","timeLocal":"18:00"},"geometry":{"type":"Polygon","coordinates":[[[127.11817,37.70911],[127.11817,37.70902],[127.11835,37.70903],[127.11835,37.7091],[127.11817,37.70911]]]}},{"type":"Feature","properties":{"valleyId":"suraksan","layer":"shadow","date":"2026-08-01","timeLocal":"18:00"},"geometry":{"type":"Polygon","coordinates":[[[127.11878,37.70918],[127.1188,37.70907],[127.11887,37.70905],[127.11887,37.70896],[127.11905,37.709],[127.11903,37.70911],[127.11892,37.70913],[127.11885,37.70918],[127.11878,37.70918]]]}},{"type":"Feature","properties":{"valleyId":"suraksan","layer":"shadow","date":"2026-08-01","timeLocal":"18:00"},"geometry":{"type":"Polygon","coordinates":[[[127.11912,37.70906],[127.11912,37.70895],[127.11926,37.70899],[127.11926,37.70904],[127.11912,37.70906]]]}},{"type":"Feature","properties":{"valleyId":"suraksan","layer":"shadow","date":"2026-08-01","timeLocal":"18:00"},"geometry":{"type":"Polygon","coordinates":[[[127.12155,37.70901],[127.12155,37.70895],[127.12164,37.70895],[127.12164,37.70901],[127.12155,37.70901]]]}},{"type":"Feature","properties":{"valleyId":"suraksan","layer":"shadow","date":"2026-08-01","timeLocal":"18:00"},"geometry":{"type":"Polygon","coordinates":[[[127.11928,37.70901],[127.11928,37.7089],[127.11935,37.7089],[127.11935,37.70901],[127.11928,37.70901]]]}},{"type":"Feature","properties":{"valleyId":"suraksan","layer":"shadow","date":"2026-08-01","timeLocal":"18:00"},"geometry":{"type":"Polygon","coordinates":[[[127.11955,37.70901],[127.11956,37.7089],[127.11974,37.70892],[127.11974,37.70898],[127.11962,37.70898],[127.11962,37.70901],[127.11955,37.70901]]]}},{"type":"Feature","properties":{"valleyId":"suraksan","layer":"shadow","date":"2026-08-01","timeLocal":"18:00"},"geometry":{"type":"Polygon","coordinates":[[[127.11411,37.70891],[127.11414,37.70882],[127.11429,37.70884],[127.11429,37.70889],[127.11411,37.70891]]]}},{"type":"Feature","properties":{"valleyId":"suraksan","layer":"shadow","date":"2026-08-01","timeLocal":"18:00"},"geometry":{"type":"Polygon","coordinates":[[[127.11448,37.70882],[127.11448,37.70877],[127.11455,37.70877],[127.11454,37.70882],[127.11448,37.70882]]]}},{"type":"Feature","properties":{"valleyId":"suraksan","layer":"shadow","date":"2026-08-01","timeLocal":"18:00"},"geometry":{"type":"Polygon","coordinates":[[[127.11506,37.70894],[127.11507,37.70878],[127.11516,37.70876],[127.11516,37.7088],[127.1152,37.7088],[127.1152,37.70894],[127.11506,37.70894]]]}},{"type":"Feature","properties":{"valleyId":"suraksan","layer":"shadow","date":"2026-08-01","timeLocal":"18:00"},"geometry":{"type":"Polygon","coordinates":[[[127.1203,37.70893],[127.12031,37.70884],[127.1204,37.70884],[127.12037,37.70893],[127.1203,37.70893]]]}},{"type":"Feature","properties":{"valleyId":"suraksan","layer":"shadow","date":"2026-08-01","timeLocal":"18:00"},"geometry":{"type":"Polygon","coordinates":[[[127.11776,37.70898],[127.11776,37.70887],[127.11772,37.70886],[127.11772,37.7088],[127.11779,37.7088],[127.11786,37.70888],[127.11792,37.70888],[127.1179,37.70897],[127.11776,37.70898]]]}},{"type":"Feature","properties":{"valleyId":"suraksan","layer":"shadow","date":"2026-08-01","timeLocal":"18:00"},"geometry":{"type":"Polygon","coordinates":[[[127.12101,37.70893],[127.12101,37.70889],[127.12094,37.70889],[127.12094,37.70882],[127.12101,37.70882],[127.12101,37.70875],[127.12108,37.70875],[127.1211,37.70893],[127.12101,37.70893]]]}},{"type":"Feature","properties":{"valleyId":"suraksan","layer":"shadow","date":"2026-08-01","timeLocal":"18:00"},"geometry":{"type":"Polygon","coordinates":[[[127.11906,37.70875],[127.11906,37.70868],[127.11915,37.70868],[127.11915,37.70873],[127.11906,37.70875]]]}},{"type":"Feature","properties":{"valleyId":"suraksan","layer":"shadow","date":"2026-08-01","timeLocal":"18:00"},"geometry":{"type":"Polygon","coordinates":[[[127.12171,37.70877],[127.12172,37.70872],[127.12178,37.70872],[127.12178,37.70878],[127.12171,37.70877]]]}},{"type":"Feature","properties":{"valleyId":"suraksan","layer":"shadow","date":"2026-08-01","timeLocal":"18:00"},"geometry":{"type":"Polygon","coordinates":[[[127.12026,37.70881],[127.12026,37.70868],[127.12036,37.70868],[127.12038,37.70877],[127.12033,37.70877],[127.12033,37.70881],[127.12026,37.70881]]]}},{"type":"Feature","properties":{"valleyId":"suraksan","layer":"shadow","date":"2026-08-01","timeLocal":"18:00"},"geometry":{"type":"Polygon","coordinates":[[[127.11579,37.70882],[127.11579,37.70873],[127.11573,37.70872],[127.11575,37.70855],[127.11582,37.70855],[127.11582,37.70873],[127.11586,37.70874],[127.11586,37.70883],[127.11579,37.70882]]]}},{"type":"Feature","properties":{"valleyId":"suraksan","layer":"shadow","date":"2026-08-01","timeLocal":"18:00"},"geometry":{"type":"Polygon","coordinates":[[[127.11725,37.70861],[127.11725,37.70852],[127.11732,37.70852],[127.11732,37.70861],[127.11725,37.70861]]]}},{"type":"Feature","properties":{"valleyId":"suraksan","layer":"shadow","date":"2026-08-01","timeLocal":"18:00"},"geometry":{"type":"Polygon","coordinates":[[[127.1154,37.70914],[127.11538,37.70903],[127.11533,37.709],[127.11534,37.70891],[127.11538,37.70889],[127.11536,37.70875],[127.11548,37.70862],[127.11548,37.70853],[127.11555,37.70853],[127.11558,37.70842],[127.11564,37.70843],[127.11562,37.70857],[127.11566,37.70857],[127.11566,37.70864],[127.11561,37.70864],[127.11559,37.70873],[127.11552,37.70875],[127.11552,37.70887],[127.11547,37.70887],[127.11545,37.70894],[127.11549,37.70907],[127.11547,37.70914],[127.1154,37.70914]]]}},{"type":"Feature","properties":{"valleyId":"suraksan","layer":"shadow","date":"2026-08-01","timeLocal":"18:00"},"geometry":{"type":"Polygon","coordinates":[[[127.1219,37.70865],[127.1219,37.70862],[127.12183,37.70861],[127.12183,37.70852],[127.12195,37.70853],[127.12197,37.70865],[127.1219,37.70865]]]}},{"type":"Feature","properties":{"valleyId":"suraksan","layer":"shadow","date":"2026-08-01","timeLocal":"18:00"},"geometry":{"type":"Polygon","coordinates":[[[127.1138,37.70883],[127.11382,37.70868],[127.11373,37.70861],[127.11369,37.70848],[127.1136,37.70845],[127.1136,37.70839],[127.11381,37.70843],[127.1138,37.7085],[127.11389,37.70852],[127.11392,37.70856],[127.11391,37.70865],[127.11403,37.70869],[127.11402,37.70874],[127.11391,37.70878],[127.11391,37.70883],[127.1138,37.70883]]]}},{"type":"Feature","properties":{"valleyId":"suraksan","layer":"shadow","date":"2026-08-01","timeLocal":"18:00"},"geometry":{"type":"Polygon","coordinates":[[[127.11174,37.70847],[127.11174,37.70842],[127.11179,37.70842],[127.11179,37.70833],[127.11197,37.70833],[127.11195,37.7084],[127.11188,37.7084],[127.11188,37.70844],[127.11174,37.70847]]]}},{"type":"Feature","properties":{"valleyId":"suraksan","layer":"shadow","date":"2026-08-01","timeLocal":"18:00"},"geometry":{"type":"Polygon","coordinates":[[[127.11523,37.70844],[127.11524,37.70835],[127.11537,37.70835],[127.11537,37.70842],[127.11523,37.70844]]]}},{"type":"Feature","properties":{"valleyId":"suraksan","layer":"shadow","date":"2026-08-01","timeLocal":"18:00"},"geometry":{"type":"Polygon","coordinates":[[[127.11009,37.70841],[127.11006,37.70834],[127.10997,37.70833],[127.10998,37.70824],[127.11016,37.70825],[127.11016,37.70832],[127.11027,37.70834],[127.11027,37.70839],[127.11009,37.70841]]]}},{"type":"Feature","properties":{"valleyId":"suraksan","layer":"shadow","date":"2026-08-01","timeLocal":"18:00"},"geometry":{"type":"Polygon","coordinates":[[[127.12104,37.70851],[127.12102,37.7084],[127.1212,37.70842],[127.1212,37.7085],[127.12104,37.70851]]]}},{"type":"Feature","properties":{"valleyId":"suraksan","layer":"shadow","date":"2026-08-01","timeLocal":"18:00"},"geometry":{"type":"Polygon","coordinates":[[[127.12127,37.70846],[127.12127,37.70841],[127.12136,37.70841],[127.12136,37.70846],[127.12127,37.70846]]]}},{"type":"Feature","properties":{"valleyId":"suraksan","layer":"shadow","date":"2026-08-01","timeLocal":"18:00"},"geometry":{"type":"Polygon","coordinates":[[[127.11458,37.70835],[127.1146,37.70828],[127.11478,37.70829],[127.11478,37.70834],[127.11474,37.70836],[127.11458,37.70835]]]}},{"type":"Feature","properties":{"valleyId":"suraksan","layer":"shadow","date":"2026-08-01","timeLocal":"18:00"},"geometry":{"type":"Polygon","coordinates":[[[127.12082,37.70845],[127.12082,37.70838],[127.12091,37.70838],[127.12091,37.70846],[127.12082,37.70845]]]}},{"type":"Feature","properties":{"valleyId":"suraksan","layer":"shadow","date":"2026-08-01","timeLocal":"18:00"},"geometry":{"type":"Polygon","coordinates":[[[127.11603,37.70836],[127.11601,37.70827],[127.11615,37.70827],[127.11614,37.70834],[127.11603,37.70836]]]}},{"type":"Feature","properties":{"valleyId":"suraksan","layer":"shadow","date":"2026-08-01","timeLocal":"18:00"},"geometry":{"type":"Polygon","coordinates":[[[127.11771,37.70842],[127.11771,37.70828],[127.11785,37.7083],[127.1178,37.70842],[127.11771,37.70842]]]}},{"type":"Feature","properties":{"valleyId":"suraksan","layer":"shadow","date":"2026-08-01","timeLocal":"18:00"},"geometry":{"type":"Polygon","coordinates":[[[127.12263,37.70845],[127.12261,37.70832],[127.12275,37.70832],[127.12281,37.70836],[127.12281,37.70843],[127.12263,37.70845]]]}},{"type":"Feature","properties":{"valleyId":"suraksan","layer":"shadow","date":"2026-08-01","timeLocal":"18:00"},"geometry":{"type":"Polygon","coordinates":[[[127.1205,37.70829],[127.1205,37.70823],[127.12057,37.70823],[127.12057,37.70829],[127.1205,37.70829]]]}},{"type":"Feature","properties":{"valleyId":"suraksan","layer":"shadow","date":"2026-08-01","timeLocal":"18:00"},"geometry":{"type":"Polygon","coordinates":[[[127.11974,37.70865],[127.11977,37.70847],[127.11986,37.7084],[127.12,37.7084],[127.12,37.70833],[127.11982,37.70833],[127.11975,37.70829],[127.11975,37.70824],[127.1198,37.7082],[127.11989,37.7082],[127.11989,37.70828],[127.12014,37.7083],[127.12014,37.70837],[127.12007,37.70839],[127.12006,37.70853],[127.11984,37.7086],[127.11983,37.70865],[127.11974,37.70865]]]}},{"type":"Feature","properties":{"valleyId":"suraksan","layer":"shadow","date":"2026-08-01","timeLocal":"18:00"},"geometry":{"type":"Polygon","coordinates":[[[127.12252,37.70834],[127.12252,37.70825],[127.12259,37.70825],[127.12259,37.70834],[127.12252,37.70834]]]}},{"type":"Feature","properties":{"valleyId":"suraksan","layer":"shadow","date":"2026-08-01","timeLocal":"18:00"},"geometry":{"type":"Polygon","coordinates":[[[127.11649,37.70822],[127.11649,37.70815],[127.11656,37.70815],[127.11656,37.70822],[127.11649,37.70822]]]}},{"type":"Feature","properties":{"valleyId":"suraksan","layer":"shadow","date":"2026-08-01","timeLocal":"18:00"},"geometry":{"type":"Polygon","coordinates":[[[127.11746,37.70817],[127.11747,37.70809],[127.11753,37.7081],[127.11756,37.70817],[127.11746,37.70817]]]}},{"type":"Feature","properties":{"valleyId":"suraksan","layer":"shadow","date":"2026-08-01","timeLocal":"18:00"},"geometry":{"type":"Polygon","coordinates":[[[127.11433,37.70813],[127.11434,37.70803],[127.11443,37.70803],[127.11443,37.70814],[127.11433,37.70813]]]}},{"type":"Feature","properties":{"valleyId":"suraksan","layer":"shadow","date":"2026-08-01","timeLocal":"18:00"},"geometry":{"type":"Polygon","coordinates":[[[127.11991,37.70821],[127.11994,37.70812],[127.1201,37.70812],[127.12007,37.70819],[127.11991,37.70821]]]}},{"type":"Feature","properties":{"valleyId":"suraksan","layer":"shadow","date":"2026-08-01","timeLocal":"18:00"},"geometry":{"type":"Polygon","coordinates":[[[127.12075,37.7082],[127.12076,37.70813],[127.12085,37.70813],[127.12084,37.7082],[127.12075,37.7082]]]}},{"type":"Feature","properties":{"valleyId":"suraksan","layer":"shadow","date":"2026-08-01","timeLocal":"18:00"},"geometry":{"type":"Polygon","coordinates":[[[127.12173,37.70822],[127.12175,37.70811],[127.12182,37.70811],[127.12182,37.7082],[127.12173,37.70822]]]}},{"type":"Feature","properties":{"valleyId":"suraksan","layer":"shadow","date":"2026-08-01","timeLocal":"18:00"},"geometry":{"type":"Polygon","coordinates":[[[127.12239,37.70823],[127.12239,37.70817],[127.1223,37.70817],[127.1223,37.70812],[127.12241,37.70812],[127.12241,37.70815],[127.12246,37.70816],[127.12245,37.70823],[127.12239,37.70823]]]}},{"type":"Feature","properties":{"valleyId":"suraksan","layer":"shadow","date":"2026-08-01","timeLocal":"18:00"},"geometry":{"type":"Polygon","coordinates":[[[127.10989,37.70821],[127.10989,37.7081],[127.10982,37.70808],[127.10983,37.7079],[127.11019,37.70791],[127.11016,37.70798],[127.11001,37.70799],[127.11,37.70806],[127.11023,37.70807],[127.11023,37.70812],[127.11018,37.70812],[127.11016,37.70816],[127.11007,37.70816],[127.11,37.70821],[127.10989,37.70821]]]}},{"type":"Feature","properties":{"valleyId":"suraksan","layer":"shadow","date":"2026-08-01","timeLocal":"18:00"},"geometry":{"type":"Polygon","coordinates":[[[127.11506,37.70806],[127.11506,37.70798],[127.11513,37.70798],[127.11513,37.70806],[127.11506,37.70806]]]}},{"type":"Feature","properties":{"valleyId":"suraksan","layer":"shadow","date":"2026-08-01","timeLocal":"18:00"},"geometry":{"type":"Polygon","coordinates":[[[127.12137,37.70823],[127.12132,37.70808],[127.12166,37.70811],[127.12164,37.70818],[127.1215,37.70819],[127.12148,37.70823],[127.12137,37.70823]]]}},{"type":"Feature","properties":{"valleyId":"suraksan","layer":"shadow","date":"2026-08-01","timeLocal":"18:00"},"geometry":{"type":"Polygon","coordinates":[[[127.12357,37.70819],[127.12357,37.70808],[127.12364,37.70808],[127.12366,37.70817],[127.12357,37.70819]]]}},{"type":"Feature","properties":{"valleyId":"suraksan","layer":"shadow","date":"2026-08-01","timeLocal":"18:00"},"geometry":{"type":"Polygon","coordinates":[[[127.12306,37.70925],[127.12309,37.70916],[127.12322,37.70916],[127.1233,37.709],[127.12318,37.70898],[127.12319,37.70891],[127.12323,37.70889],[127.12321,37.70873],[127.12315,37.70869],[127.12312,37.70863],[127.12297,37.7086],[127.12295,37.70851],[127.1229,37.70851],[127.1229,37.70843],[127.12297,37.70843],[127.12304,37.70838],[127.12304,37.70833],[127.12291,37.70818],[127.12277,37.70814],[127.12278,37.70807],[127.12282,37.70807],[127.12282,37.70802],[127.12296,37.70802],[127.12296,37.70806],[127.12314,37.70806],[127.12314,37.70815],[127.12339,37.70817],[127.1234,37.70833],[127.12329,37.70837],[127.12329,37.70842],[127.12338,37.70842],[127.1234,37.70848],[127.12354,37.70848],[127.12367,37.70854],[127.12369,37.70861],[127.12376,37.70866],[127.1238,37.70866],[127.12389,37.70876],[127.12398,37.70877],[127.12405,37.70885],[127.12409,37.70885],[127.12414,37.70896],[127.12418,37.70898],[127.12416,37.70908],[127.12377,37.7092],[127.12359,37.70922],[127.12359,37.70915],[127.1235,37.70913],[127.12347,37.70924],[127.12343,37.70925],[127.12306,37.70925]]]}},{"type":"Feature","properties":{"valleyId":"suraksan","layer":"shadow","date":"2026-08-01","timeLocal":"18:00"},"geometry":{"type":"Polygon","coordinates":[[[127.11398,37.70798],[127.11398,37.70788],[127.11405,37.70788],[127.11407,37.70799],[127.11398,37.70798]]]}},{"type":"Feature","properties":{"valleyId":"suraksan","layer":"shadow","date":"2026-08-01","timeLocal":"18:00"},"geometry":{"type":"Polygon","coordinates":[[[127.12182,37.70806],[127.12182,37.708],[127.12189,37.708],[127.12189,37.70806],[127.12182,37.70806]]]}},{"type":"Feature","properties":{"valleyId":"suraksan","layer":"shadow","date":"2026-08-01","timeLocal":"18:00"},"geometry":{"type":"Polygon","coordinates":[[[127.11776,37.70799],[127.11777,37.70792],[127.11786,37.70792],[127.11786,37.70797],[127.11776,37.70799]]]}},{"type":"Feature","properties":{"valleyId":"suraksan","layer":"shadow","date":"2026-08-01","timeLocal":"18:00"},"geometry":{"type":"Polygon","coordinates":[[[127.1096,37.70882],[127.10953,37.70876],[127.10944,37.70874],[127.1094,37.70869],[127.10935,37.70869],[127.10929,37.70863],[127.10929,37.70856],[127.10915,37.70854],[127.10916,37.70838],[127.10893,37.70835],[127.10896,37.70814],[127.10907,37.70807],[127.10908,37.70798],[127.10899,37.70794],[127.10876,37.70792],[127.10876,37.70786],[127.1086,37.70783],[127.10858,37.70775],[127.10865,37.70775],[127.10867,37.70779],[127.10908,37.7078],[127.1091,37.70791],[127.10946,37.70791],[127.10951,37.708],[127.10955,37.708],[127.10954,37.7084],[127.10961,37.7084],[127.10961,37.70847],[127.10977,37.70849],[127.10981,37.70855],[127.10988,37.70855],[127.10987,37.70882],[127.1096,37.70882]],[[127.10945,37.7086],[127.10951,37.7086],[127.10951,37.70854],[127.10945,37.70854],[127.10945,37.7086]]]}},{"type":"Feature","properties":{"valleyId":"suraksan","layer":"shadow","date":"2026-08-01","timeLocal":"18:00"},"geometry":{"type":"Polygon","coordinates":[[[127.12014,37.7081],[127.12013,37.7079],[127.12019,37.7079],[127.12019,37.70796],[127.12024,37.70799],[127.12037,37.70801],[127.12037,37.70809],[127.12014,37.7081]]]}},{"type":"Feature","properties":{"valleyId":"suraksan","layer":"shadow","date":"2026-08-01","timeLocal":"18:00"},"geometry":{"type":"Polygon","coordinates":[[[127.12255,37.70803],[127.12253,37.70794],[127.12264,37.70794],[127.12269,37.70798],[127.12269,37.70803],[127.12255,37.70803]]]}},{"type":"Feature","properties":{"valleyId":"suraksan","layer":"shadow","date":"2026-08-01","timeLocal":"18:00"},"geometry":{"type":"Polygon","coordinates":[[[127.11836,37.70789],[127.11836,37.70782],[127.11845,37.70782],[127.11845,37.70789],[127.11836,37.70789]]]}},{"type":"Feature","properties":{"valleyId":"suraksan","layer":"shadow","date":"2026-08-01","timeLocal":"18:00"},"geometry":{"type":"Polygon","coordinates":[[[127.12198,37.70799],[127.12196,37.70786],[127.12212,37.70786],[127.1221,37.70797],[127.12198,37.70799]]]}},{"type":"Feature","properties":{"valleyId":"suraksan","layer":"shadow","date":"2026-08-01","timeLocal":"18:00"},"geometry":{"type":"Polygon","coordinates":[[[127.10827,37.70766],[127.10827,37.7076],[127.10834,37.70761],[127.10833,37.70766],[127.10827,37.70766]]]}},{"type":"Feature","properties":{"valleyId":"suraksan","layer":"shadow","date":"2026-08-01","timeLocal":"18:00"},"geometry":{"type":"Polygon","coordinates":[[[127.11076,37.70772],[127.11076,37.70763],[127.11083,37.70763],[127.11085,37.7077],[127.11076,37.70772]]]}},{"type":"Feature","properties":{"valleyId":"suraksan","layer":"shadow","date":"2026-08-01","timeLocal":"18:00"},"geometry":{"type":"Polygon","coordinates":[[[127.12242,37.70794],[127.12242,37.7079],[127.12233,37.70787],[127.12233,37.70781],[127.12244,37.70781],[127.12244,37.70785],[127.12253,37.70787],[127.12253,37.70794],[127.12242,37.70794]]]}},{"type":"Feature","properties":{"valleyId":"suraksan","layer":"shadow","date":"2026-08-01","timeLocal":"18:00"},"geometry":{"type":"Polygon","coordinates":[[[127.1081,37.7078],[127.10786,37.70772],[127.10777,37.70772],[127.1077,37.70763],[127.1077,37.70754],[127.10802,37.70749],[127.10818,37.70751],[127.10818,37.70757],[127.10809,37.70757],[127.10809,37.70762],[127.10824,37.70762],[127.10824,37.70769],[127.10818,37.70769],[127.10817,37.7078],[127.1081,37.7078]]]}},{"type":"Feature","properties":{"valleyId":"suraksan","layer":"shadow","date":"2026-08-01","timeLocal":"18:00"},"geometry":{"type":"Polygon","coordinates":[[[127.11775,37.70772],[127.11775,37.70765],[127.11789,37.70765],[127.11788,37.7077],[127.11775,37.70772]]]}},{"type":"Feature","properties":{"valleyId":"suraksan","layer":"shadow","date":"2026-08-01","timeLocal":"18:00"},"geometry":{"type":"Polygon","coordinates":[[[127.11299,37.70763],[127.11299,37.70757],[127.11306,37.70757],[127.11305,37.70763],[127.11299,37.70763]]]}},{"type":"Feature","properties":{"valleyId":"suraksan","layer":"shadow","date":"2026-08-01","timeLocal":"18:00"},"geometry":{"type":"Polygon","coordinates":[[[127.12244,37.70778],[127.12245,37.70767],[127.12256,37.70767],[127.12258,37.70774],[127.12244,37.70778]]]}},{"type":"Feature","properties":{"valleyId":"suraksan","layer":"shadow","date":"2026-08-01","timeLocal":"18:00"},"geometry":{"type":"Polygon","coordinates":[[[127.11312,37.70761],[127.11313,37.70748],[127.11326,37.70749],[127.11326,37.70754],[127.11319,37.70756],[127.11319,37.70761],[127.11312,37.70761]]]}},{"type":"Feature","properties":{"valleyId":"suraksan","layer":"shadow","date":"2026-08-01","timeLocal":"18:00"},"geometry":{"type":"Polygon","coordinates":[[[127.12165,37.70767],[127.12165,37.70762],[127.12172,37.70762],[127.12172,37.70768],[127.12165,37.70767]]]}},{"type":"Feature","properties":{"valleyId":"suraksan","layer":"shadow","date":"2026-08-01","timeLocal":"18:00"},"geometry":{"type":"Polygon","coordinates":[[[127.12217,37.70775],[127.12217,37.70772],[127.12208,37.70766],[127.12208,37.70761],[127.12231,37.70763],[127.12233,37.70774],[127.12217,37.70775]]]}},{"type":"Feature","properties":{"valleyId":"suraksan","layer":"shadow","date":"2026-08-01","timeLocal":"18:00"},"geometry":{"type":"Polygon","coordinates":[[[127.10941,37.70741],[127.10941,37.70735],[127.10948,37.70735],[127.10948,37.70741],[127.10941,37.70741]]]}},{"type":"Feature","properties":{"valleyId":"suraksan","layer":"shadow","date":"2026-08-01","timeLocal":"18:00"},"geometry":{"type":"Polygon","coordinates":[[[127.11546,37.70756],[127.11546,37.70752],[127.11542,37.7075],[127.11542,37.70741],[127.11551,37.70741],[127.11551,37.70745],[127.11555,37.70747],[127.11553,37.70756],[127.11546,37.70756]]]}},{"type":"Feature","properties":{"valleyId":"suraksan","layer":"shadow","date":"2026-08-01","timeLocal":"18:00"},"geometry":{"type":"Polygon","coordinates":[[[127.12043,37.70755],[127.12043,37.70747],[127.12052,37.70746],[127.1205,37.70755],[127.12043,37.70755]]]}},{"type":"Feature","properties":{"valleyId":"suraksan","layer":"shadow","date":"2026-08-01","timeLocal":"18:00"},"geometry":{"type":"Polygon","coordinates":[[[127.11805,37.70751],[127.11805,37.7074],[127.11812,37.7074],[127.11816,37.70751],[127.11805,37.70751]]]}},{"type":"Feature","properties":{"valleyId":"suraksan","layer":"shadow","date":"2026-08-01","timeLocal":"18:00"},"geometry":{"type":"Polygon","coordinates":[[[127.10864,37.70729],[127.10864,37.7072],[127.1088,37.70722],[127.1088,37.70727],[127.10864,37.70729]]]}},{"type":"Feature","properties":{"valleyId":"suraksan","layer":"shadow","date":"2026-08-01","timeLocal":"18:00"},"geometry":{"type":"Polygon","coordinates":[[[127.1203,37.70744],[127.1203,37.70738],[127.12037,37.70738],[127.12036,37.70744],[127.1203,37.70744]]]}},{"type":"Feature","properties":{"valleyId":"suraksan","layer":"shadow","date":"2026-08-01","timeLocal":"18:00"},"geometry":{"type":"Polygon","coordinates":[[[127.11079,37.70728],[127.1108,37.70721],[127.11086,37.70721],[127.11086,37.70729],[127.11079,37.70728]]]}},{"type":"Feature","properties":{"valleyId":"suraksan","layer":"shadow","date":"2026-08-01","timeLocal":"18:00"},"geometry":{"type":"Polygon","coordinates":[[[127.12238,37.70747],[127.12238,37.7074],[127.1225,37.7074],[127.12247,37.70747],[127.12238,37.70747]]]}},{"type":"Feature","properties":{"valleyId":"suraksan","layer":"shadow","date":"2026-08-01","timeLocal":"18:00"},"geometry":{"type":"Polygon","coordinates":[[[127.11224,37.70736],[127.11227,37.70722],[127.11243,37.70722],[127.1124,37.70731],[127.11231,37.70736],[127.11224,37.70736]]]}},{"type":"Feature","properties":{"valleyId":"suraksan","layer":"shadow","date":"2026-08-01","timeLocal":"18:00"},"geometry":{"type":"Polygon","coordinates":[[[127.10907,37.70722],[127.10907,37.70717],[127.10916,37.70717],[127.10916,37.70722],[127.10907,37.70722]]]}},{"type":"Feature","properties":{"valleyId":"suraksan","layer":"shadow","date":"2026-08-01","timeLocal":"18:00"},"geometry":{"type":"Polygon","coordinates":[[[127.12207,37.70741],[127.12207,37.70734],[127.12218,37.70736],[127.12218,37.70741],[127.12207,37.70741]]]}},{"type":"Feature","properties":{"valleyId":"suraksan","layer":"shadow","date":"2026-08-01","timeLocal":"18:00"},"geometry":{"type":"Polygon","coordinates":[[[127.11952,37.70744],[127.11953,37.70733],[127.11957,37.70733],[127.11964,37.70728],[127.11973,37.70728],[127.11973,37.70739],[127.11966,37.70739],[127.11962,37.70744],[127.11952,37.70744]]]}},{"type":"Feature","properties":{"valleyId":"suraksan","layer":"shadow","date":"2026-08-01","timeLocal":"18:00"},"geometry":{"type":"Polygon","coordinates":[[[127.12268,37.7074],[127.12268,37.70733],[127.12275,37.70733],[127.12275,37.7074],[127.12268,37.7074]]]}},{"type":"Feature","properties":{"valleyId":"suraksan","layer":"shadow","date":"2026-08-01","timeLocal":"18:00"},"geometry":{"type":"Polygon","coordinates":[[[127.11059,37.70712],[127.1106,37.70706],[127.11069,37.70707],[127.11069,37.70712],[127.11059,37.70712]]]}},{"type":"Feature","properties":{"valleyId":"suraksan","layer":"shadow","date":"2026-08-01","timeLocal":"18:00"},"geometry":{"type":"Polygon","coordinates":[[[127.1125,37.70719],[127.1125,37.70706],[127.11268,37.70708],[127.11266,37.70715],[127.11261,37.70715],[127.11259,37.70719],[127.1125,37.70719]]]}},{"type":"Feature","properties":{"valleyId":"suraksan","layer":"shadow","date":"2026-08-01","timeLocal":"18:00"},"geometry":{"type":"Polygon","coordinates":[[[127.10581,37.70701],[127.10581,37.70695],[127.10588,37.70695],[127.10588,37.70701],[127.10581,37.70701]]]}},{"type":"Feature","properties":{"valleyId":"suraksan","layer":"shadow","date":"2026-08-01","timeLocal":"18:00"},"geometry":{"type":"Polygon","coordinates":[[[127.11221,37.70709],[127.11221,37.70702],[127.1123,37.70695],[127.11241,37.70695],[127.11239,37.70708],[127.11221,37.70709]]]}},{"type":"Feature","properties":{"valleyId":"suraksan","layer":"shadow","date":"2026-08-01","timeLocal":"18:00"},"geometry":{"type":"Polygon","coordinates":[[[127.1095,37.70721],[127.10944,37.7071],[127.10937,37.7071],[127.1093,37.70717],[127.10923,37.70717],[127.10924,37.70704],[127.10933,37.70704],[127.10928,37.7069],[127.10942,37.70694],[127.10946,37.70697],[127.10946,37.70705],[127.1096,37.70712],[127.10959,37.70721],[127.1095,37.70721]]]}},{"type":"Feature","properties":{"valleyId":"suraksan","layer":"shadow","date":"2026-08-01","timeLocal":"18:00"},"geometry":{"type":"Polygon","coordinates":[[[127.11837,37.70719],[127.11838,37.7071],[127.11845,37.70706],[127.11845,37.70696],[127.11865,37.70698],[127.11863,37.70705],[127.11851,37.70705],[127.11851,37.70716],[127.11837,37.70719]]]}},{"type":"Feature","properties":{"valleyId":"suraksan","layer":"shadow","date":"2026-08-01","timeLocal":"18:00"},"geometry":{"type":"Polygon","coordinates":[[[127.12186,37.70761],[127.12186,37.70752],[127.12181,37.70751],[127.12179,37.70741],[127.12168,37.7074],[127.12168,37.70735],[127.12162,37.70731],[127.12162,37.70728],[127.12144,37.70726],[127.12137,37.70729],[127.12132,37.70736],[127.12123,37.70738],[127.12123,37.70743],[127.12114,37.70743],[127.12116,37.70731],[127.12107,37.70727],[127.12103,37.7072],[127.12085,37.70714],[127.12083,37.70703],[127.1209,37.70703],[127.1209,37.70709],[127.12096,37.70709],[127.12103,37.70714],[127.12114,37.70714],[127.12119,37.70718],[127.12135,37.70716],[127.12133,37.70707],[127.12126,37.70707],[127.12124,37.707],[127.1214,37.70704],[127.1218,37.70705],[127.1218,37.7071],[127.12171,37.7071],[127.12171,37.70719],[127.12162,37.70719],[127.12162,37.70726],[127.12177,37.70728],[127.12175,37.70717],[127.12189,37.70719],[127.12189,37.7073],[127.12184,37.70732],[127.12184,37.70739],[127.12191,37.70739],[127.12188,37.7075],[127.12206,37.7075],[127.12206,37.70755],[127.12195,37.70755],[127.12193,37.70761],[127.12186,37.70761]]]}},{"type":"Feature","properties":{"valleyId":"suraksan","layer":"shadow","date":"2026-08-01","timeLocal":"18:00"},"geometry":{"type":"Polygon","coordinates":[[[127.12355,37.70704],[127.12355,37.70697],[127.12362,37.70697],[127.12362,37.70704],[127.12355,37.70704]]]}},{"type":"Feature","properties":{"valleyId":"suraksan","layer":"shadow","date":"2026-08-01","timeLocal":"18:00"},"geometry":{"type":"Polygon","coordinates":[[[127.11437,37.70689],[127.11437,37.7068],[127.1145,37.70682],[127.1145,37.70688],[127.11437,37.70689]]]}},{"type":"Feature","properties":{"valleyId":"suraksan","layer":"shadow","date":"2026-08-01","timeLocal":"18:00"},"geometry":{"type":"Polygon","coordinates":[[[127.11282,37.70687],[127.11283,37.70676],[127.11289,37.70676],[127.11289,37.70687],[127.11282,37.70687]]]}},{"type":"Feature","properties":{"valleyId":"suraksan","layer":"shadow","date":"2026-08-01","timeLocal":"18:00"},"geometry":{"type":"Polygon","coordinates":[[[127.11208,37.70684],[127.11201,37.7068],[127.11201,37.70675],[127.1121,37.70675],[127.11215,37.70678],[127.11214,37.70684],[127.11208,37.70684]]]}},{"type":"Feature","properties":{"valleyId":"suraksan","layer":"shadow","date":"2026-08-01","timeLocal":"18:00"},"geometry":{"type":"Polygon","coordinates":[[[127.10846,37.70714],[127.10847,37.7069],[127.10842,37.70687],[127.10826,37.70688],[127.10827,37.70679],[127.10833,37.70678],[127.10831,37.70665],[127.1085,37.70669],[127.10847,37.7068],[127.10852,37.7068],[127.10851,37.70687],[127.10858,37.70687],[127.10858,37.70682],[127.10865,37.70682],[127.10867,37.70687],[127.10888,37.70688],[127.1089,37.70697],[127.10905,37.707],[127.10905,37.70708],[127.10901,37.70711],[127.10885,37.70711],[127.10876,37.70705],[127.10871,37.70698],[127.10865,37.70698],[127.10858,37.70701],[127.10858,37.70712],[127.10846,37.70714]]]}},{"type":"Feature","properties":{"valleyId":"suraksan","layer":"shadow","date":"2026-08-01","timeLocal":"18:00"},"geometry":{"type":"Polygon","coordinates":[[[127.11319,37.70682],[127.11324,37.70667],[127.11328,37.70666],[127.11328,37.70662],[127.11335,37.70662],[127.11335,37.70677],[127.11328,37.70682],[127.11319,37.70682]]]}},{"type":"Feature","properties":{"valleyId":"suraksan","layer":"shadow","date":"2026-08-01","timeLocal":"18:00"},"geometry":{"type":"Polygon","coordinates":[[[127.12033,37.70688],[127.12038,37.70672],[127.12047,37.70672],[127.12047,37.70683],[127.1204,37.70688],[127.12033,37.70688]]]}},{"type":"Feature","properties":{"valleyId":"suraksan","layer":"shadow","date":"2026-08-01","timeLocal":"18:00"},"geometry":{"type":"Polygon","coordinates":[[[127.108,37.70657],[127.108,37.70646],[127.10809,37.70647],[127.10807,37.70657],[127.108,37.70657]]]}},{"type":"Feature","properties":{"valleyId":"suraksan","layer":"shadow","date":"2026-08-01","timeLocal":"18:00"},"geometry":{"type":"Polygon","coordinates":[[[127.10972,37.70655],[127.10973,37.70646],[127.10979,37.70646],[127.10979,37.70655],[127.10972,37.70655]]]}},{"type":"Feature","properties":{"valleyId":"suraksan","layer":"shadow","date":"2026-08-01","timeLocal":"18:00"},"geometry":{"type":"Polygon","coordinates":[[[127.11648,37.70662],[127.11648,37.70656],[127.11655,37.70657],[127.11655,37.70662],[127.11648,37.70662]]]}},{"type":"Feature","properties":{"valleyId":"suraksan","layer":"shadow","date":"2026-08-01","timeLocal":"18:00"},"geometry":{"type":"Polygon","coordinates":[[[127.11585,37.70661],[127.11585,37.70654],[127.11592,37.70654],[127.11592,37.70661],[127.11585,37.70661]]]}},{"type":"Feature","properties":{"valleyId":"suraksan","layer":"shadow","date":"2026-08-01","timeLocal":"18:00"},"geometry":{"type":"Polygon","coordinates":[[[127.11553,37.70666],[127.11553,37.7065],[127.11562,37.7065],[127.11562,37.70659],[127.11567,37.70659],[127.11567,37.70664],[127.11553,37.70666]]]}},{"type":"Feature","properties":{"valleyId":"suraksan","layer":"shadow","date":"2026-08-01","timeLocal":"18:00"},"geometry":{"type":"Polygon","coordinates":[[[127.11902,37.7066],[127.11903,37.70653],[127.11912,37.70653],[127.11912,37.70659],[127.11902,37.7066]]]}},{"type":"Feature","properties":{"valleyId":"suraksan","layer":"shadow","date":"2026-08-01","timeLocal":"18:00"},"geometry":{"type":"Polygon","coordinates":[[[127.11775,37.70662],[127.11776,37.70655],[127.1178,37.70653],[127.1178,37.7065],[127.11787,37.7065],[127.11784,37.70662],[127.11775,37.70662]]]}},{"type":"Feature","properties":{"valleyId":"suraksan","layer":"shadow","date":"2026-08-01","timeLocal":"18:00"},"geometry":{"type":"Polygon","coordinates":[[[127.11029,37.70648],[127.11027,37.70637],[127.11039,37.70638],[127.11038,37.70648],[127.11029,37.70648]]]}},{"type":"Feature","properties":{"valleyId":"suraksan","layer":"shadow","date":"2026-08-01","timeLocal":"18:00"},"geometry":{"type":"Polygon","coordinates":[[[127.10809,37.70647],[127.10812,37.70632],[127.10821,37.70632],[127.10821,37.70636],[127.10825,37.70636],[127.10825,37.70641],[127.10821,37.70641],[127.10816,37.70647],[127.10809,37.70647]]]}},{"type":"Feature","properties":{"valleyId":"suraksan","layer":"shadow","date":"2026-08-01","timeLocal":"18:00"},"geometry":{"type":"Polygon","coordinates":[[[127.11288,37.70652],[127.11286,37.7064],[127.11297,37.7064],[127.11295,37.70653],[127.11288,37.70652]]]}},{"type":"Feature","properties":{"valleyId":"suraksan","layer":"shadow","date":"2026-08-01","timeLocal":"18:00"},"geometry":{"type":"Polygon","coordinates":[[[127.12063,37.70676],[127.12066,37.70661],[127.12061,37.70658],[127.12061,37.70652],[127.12089,37.70654],[127.12088,37.7066],[127.12082,37.7066],[127.12082,37.70663],[127.12072,37.70667],[127.1207,37.70676],[127.12063,37.70676]]]}},{"type":"Feature","properties":{"valleyId":"suraksan","layer":"shadow","date":"2026-08-01","timeLocal":"18:00"},"geometry":{"type":"Polygon","coordinates":[[[127.12347,37.70675],[127.12345,37.70666],[127.1234,37.70662],[127.1234,37.70657],[127.12347,37.70657],[127.12354,37.70664],[127.12358,37.70664],[127.12354,37.70675],[127.12347,37.70675]]]}},{"type":"Feature","properties":{"valleyId":"suraksan","layer":"shadow","date":"2026-08-01","timeLocal":"18:00"},"geometry":{"type":"Polygon","coordinates":[[[127.11801,37.70648],[127.11801,37.70641],[127.11812,37.70639],[127.11812,37.70645],[127.11807,37.70648],[127.11801,37.70648]]]}},{"type":"Feature","properties":{"valleyId":"suraksan","layer":"shadow","date":"2026-08-01","timeLocal":"18:00"},"geometry":{"type":"Polygon","coordinates":[[[127.11272,37.7064],[127.1127,37.70631],[127.11279,37.70631],[127.11279,37.7064],[127.11272,37.7064]]]}},{"type":"Feature","properties":{"valleyId":"suraksan","layer":"shadow","date":"2026-08-01","timeLocal":"18:00"},"geometry":{"type":"Polygon","coordinates":[[[127.11878,37.70644],[127.11878,37.70637],[127.11887,37.70637],[127.11887,37.70644],[127.11878,37.70644]]]}},{"type":"Feature","properties":{"valleyId":"suraksan","layer":"shadow","date":"2026-08-01","timeLocal":"18:00"},"geometry":{"type":"Polygon","coordinates":[[[127.10839,37.70643],[127.10839,37.70631],[127.10844,37.70631],[127.10844,37.70627],[127.10848,37.70626],[127.10849,37.70615],[127.10855,37.70615],[127.10857,37.70629],[127.1085,37.70633],[127.10848,37.70642],[127.10839,37.70643]]]}},{"type":"Feature","properties":{"valleyId":"suraksan","layer":"shadow","date":"2026-08-01","timeLocal":"18:00"},"geometry":{"type":"Polygon","coordinates":[[[127.11282,37.70631],[127.11282,37.70624],[127.11293,37.70622],[127.11293,37.70629],[127.11282,37.70631]]]}},{"type":"Feature","properties":{"valleyId":"suraksan","layer":"shadow","date":"2026-08-01","timeLocal":"18:00"},"geometry":{"type":"Polygon","coordinates":[[[127.11472,37.70628],[127.11472,37.70621],[127.11479,37.70621],[127.11479,37.70628],[127.11472,37.70628]]]}},{"type":"Feature","properties":{"valleyId":"suraksan","layer":"shadow","date":"2026-08-01","timeLocal":"18:00"},"geometry":{"type":"Polygon","coordinates":[[[127.11041,37.70634],[127.11041,37.70616],[127.11053,37.70616],[127.11053,37.70611],[127.11064,37.70611],[127.11064,37.70616],[127.11053,37.70622],[127.1105,37.70632],[127.11041,37.70634]]]}},{"type":"Feature","properties":{"valleyId":"suraksan","layer":"shadow","date":"2026-08-01","timeLocal":"18:00"},"geometry":{"type":"Polygon","coordinates":[[[127.12284,37.70629],[127.12284,37.70623],[127.12291,37.70623],[127.12291,37.70629],[127.12284,37.70629]]]}},{"type":"Feature","properties":{"valleyId":"suraksan","layer":"shadow","date":"2026-08-01","timeLocal":"18:00"},"geometry":{"type":"Polygon","coordinates":[[[127.11544,37.70642],[127.11545,37.70635],[127.11552,37.7063],[127.11552,37.70624],[127.11543,37.70624],[127.11533,37.70633],[127.11522,37.70635],[127.11513,37.70634],[127.11513,37.70629],[127.11516,37.70618],[127.11536,37.70617],[127.11543,37.70613],[127.11543,37.70608],[127.1155,37.70608],[127.1155,37.70617],[127.11554,37.70617],[127.11561,37.70623],[127.11561,37.70632],[127.11558,37.70637],[127.11551,37.70639],[127.11551,37.70642],[127.11544,37.70642]]]}},{"type":"Feature","properties":{"valleyId":"suraksan","layer":"shadow","date":"2026-08-01","timeLocal":"18:00"},"geometry":{"type":"Polygon","coordinates":[[[127.11581,37.70614],[127.11582,37.70605],[127.11588,37.70605],[127.11591,37.70612],[127.11581,37.70614]]]}},{"type":"Feature","properties":{"valleyId":"suraksan","layer":"shadow","date":"2026-08-01","timeLocal":"18:00"},"geometry":{"type":"Polygon","coordinates":[[[127.13131,37.70628],[127.13131,37.70621],[127.13138,37.70621],[127.1314,37.70628],[127.13131,37.70628]]]}},{"type":"Feature","properties":{"valleyId":"suraksan","layer":"shadow","date":"2026-08-01","timeLocal":"18:00"},"geometry":{"type":"Polygon","coordinates":[[[127.12314,37.70618],[127.12312,37.70606],[127.12319,37.70606],[127.12321,37.70618],[127.12314,37.70618]]]}},{"type":"Feature","properties":{"valleyId":"suraksan","layer":"shadow","date":"2026-08-01","timeLocal":"18:00"},"geometry":{"type":"Polygon","coordinates":[[[127.10673,37.70747],[127.10671,37.70729],[127.1068,37.70727],[127.1068,37.70715],[127.10685,37.70713],[127.1069,37.70704],[127.1069,37.70688],[127.10697,37.70672],[127.10703,37.70641],[127.10715,37.70625],[127.10715,37.70602],[127.10722,37.70598],[127.10722,37.70588],[127.10716,37.70582],[127.10716,37.70577],[127.10727,37.70577],[127.10732,37.7058],[127.10738,37.70581],[127.10738,37.70584],[127.10745,37.70586],[127.10747,37.70595],[127.10754,37.70595],[127.10756,37.70601],[127.1077,37.70599],[127.10774,37.70605],[127.10781,37.70606],[127.10781,37.70617],[127.10774,37.70624],[127.10771,37.70633],[127.10762,37.70633],[127.10759,37.70646],[127.10755,37.70648],[127.10755,37.70651],[127.10746,37.70655],[127.10745,37.70669],[127.10731,37.70672],[127.10733,37.7069],[127.1076,37.70693],[127.1076,37.70698],[127.10756,37.707],[127.10756,37.70703],[127.10747,37.70703],[127.10744,37.70707],[127.10721,37.7071],[127.10717,37.70714],[127.10717,37.70721],[127.10703,37.70722],[127.10703,37.70728],[127.10719,37.70728],[127.10719,37.70733],[127.10703,37.70733],[127.107,37.70737],[127.10691,37.70737],[127.10684,37.70747],[127.10673,37.70747]]]}},{"type":"Feature","properties":{"valleyId":"suraksan","layer":"shadow","date":"2026-08-01","timeLocal":"18:00"},"geometry":{"type":"Polygon","coordinates":[[[127.11573,37.70603],[127.11573,37.70587],[127.1158,37.70587],[127.11582,37.70603],[127.11573,37.70603]]]}},{"type":"Feature","properties":{"valleyId":"suraksan","layer":"shadow","date":"2026-08-01","timeLocal":"18:00"},"geometry":{"type":"Polygon","coordinates":[[[127.12017,37.70597],[127.12018,37.7059],[127.12027,37.7059],[127.12027,37.70598],[127.12017,37.70597]]]}},{"type":"Feature","properties":{"valleyId":"suraksan","layer":"shadow","date":"2026-08-01","timeLocal":"18:00"},"geometry":{"type":"Polygon","coordinates":[[[127.12258,37.70598],[127.12258,37.7059],[127.12269,37.70592],[127.12269,37.70598],[127.12258,37.70598]]]}},{"type":"Feature","properties":{"valleyId":"suraksan","layer":"shadow","date":"2026-08-01","timeLocal":"18:00"},"geometry":{"type":"Polygon","coordinates":[[[127.12378,37.706],[127.12378,37.70592],[127.12387,37.70593],[127.12387,37.70598],[127.12378,37.706]]]}},{"type":"Feature","properties":{"valleyId":"suraksan","layer":"shadow","date":"2026-08-01","timeLocal":"18:00"},"geometry":{"type":"Polygon","coordinates":[[[127.11537,37.70583],[127.11537,37.70577],[127.11544,37.70577],[127.11544,37.70583],[127.11537,37.70583]]]}},{"type":"Feature","properties":{"valleyId":"suraksan","layer":"shadow","date":"2026-08-01","timeLocal":"18:00"},"geometry":{"type":"Polygon","coordinates":[[[127.1143,37.70581],[127.1143,37.70574],[127.11437,37.70574],[127.11437,37.70581],[127.1143,37.70581]]]}},{"type":"Feature","properties":{"valleyId":"suraksan","layer":"shadow","date":"2026-08-01","timeLocal":"18:00"},"geometry":{"type":"Polygon","coordinates":[[[127.12455,37.70594],[127.12456,37.70586],[127.12465,37.70587],[127.12464,37.70594],[127.12455,37.70594]]]}},{"type":"Feature","properties":{"valleyId":"suraksan","layer":"shadow","date":"2026-08-01","timeLocal":"18:00"},"geometry":{"type":"Polygon","coordinates":[[[127.12346,37.70601],[127.12347,37.70583],[127.12356,37.70583],[127.1236,37.70588],[127.1236,37.70597],[127.12346,37.70601]]]}},{"type":"Feature","properties":{"valleyId":"suraksan","layer":"shadow","date":"2026-08-01","timeLocal":"18:00"},"geometry":{"type":"Polygon","coordinates":[[[127.11952,37.7058],[127.11952,37.70566],[127.11971,37.70568],[127.11968,37.70575],[127.11959,37.70577],[127.11959,37.7058],[127.11952,37.7058]]]}},{"type":"Feature","properties":{"valleyId":"suraksan","layer":"shadow","date":"2026-08-01","timeLocal":"18:00"},"geometry":{"type":"Polygon","coordinates":[[[127.11805,37.70571],[127.11805,37.70563],[127.11812,37.70564],[127.11812,37.70571],[127.11805,37.70571]]]}},{"type":"Feature","properties":{"valleyId":"suraksan","layer":"shadow","date":"2026-08-01","timeLocal":"18:00"},"geometry":{"type":"Polygon","coordinates":[[[127.11474,37.70574],[127.11476,37.70562],[127.11474,37.70558],[127.11465,37.70556],[127.11465,37.70544],[127.11481,37.70546],[127.11481,37.70555],[127.11499,37.70559],[127.11499,37.70564],[127.11494,37.70567],[127.1148,37.70571],[127.1148,37.70574],[127.11474,37.70574]]]}},{"type":"Feature","properties":{"valleyId":"suraksan","layer":"shadow","date":"2026-08-01","timeLocal":"18:00"},"geometry":{"type":"Polygon","coordinates":[[[127.13177,37.7058],[127.13175,37.70569],[127.13186,37.70571],[127.13184,37.7058],[127.13177,37.7058]]]}},{"type":"Feature","properties":{"valleyId":"suraksan","layer":"shadow","date":"2026-08-01","timeLocal":"18:00"},"geometry":{"type":"Polygon","coordinates":[[[127.12284,37.70564],[127.12284,37.70553],[127.12298,37.70553],[127.12295,37.70564],[127.12284,37.70564]]]}},{"type":"Feature","properties":{"valleyId":"suraksan","layer":"shadow","date":"2026-08-01","timeLocal":"18:00"},"geometry":{"type":"Polygon","coordinates":[[[127.12261,37.70571],[127.12261,37.70563],[127.12254,37.70556],[127.12255,37.70551],[127.12268,37.70553],[127.1227,37.70564],[127.12275,37.70564],[127.12275,37.70569],[127.12261,37.70571]]]}},{"type":"Feature","properties":{"valleyId":"suraksan","layer":"shadow","date":"2026-08-01","timeLocal":"18:00"},"geometry":{"type":"Polygon","coordinates":[[[127.11342,37.70668],[127.11342,37.70657],[127.11358,37.7065],[127.11368,37.70636],[127.11377,37.70634],[127.11377,37.70627],[127.11372,37.70625],[127.11373,37.70621],[127.11366,37.70621],[127.11364,37.70612],[127.11357,37.70607],[127.11346,37.70605],[127.11344,37.70597],[127.1133,37.70592],[127.11326,37.70586],[127.11317,37.70586],[127.11317,37.7059],[127.11307,37.70597],[127.11305,37.70606],[127.11294,37.70606],[127.11289,37.70602],[127.11289,37.70591],[127.11299,37.70581],[127.11326,37.70576],[127.11326,37.70567],[127.1132,37.70563],[127.1132,37.70559],[127.11306,37.70557],[127.11304,37.7055],[127.11297,37.70544],[127.11293,37.70544],[127.11296,37.70528],[127.11305,37.70525],[127.11377,37.70526],[127.11374,37.70546],[127.11379,37.70549],[127.11379,37.7056],[127.11369,37.70569],[127.11369,37.70589],[127.11371,37.70593],[127.11376,37.70593],[127.11375,37.70602],[127.11387,37.70602],[127.11391,37.70609],[127.11396,37.70609],[127.11397,37.70629],[127.11393,37.70631],[127.11393,37.70638],[127.11388,37.70638],[127.11386,37.70643],[127.11379,37.70643],[127.11379,37.70647],[127.11372,37.70648],[127.11372,37.70652],[127.11365,37.70652],[127.11365,37.70657],[127.11356,37.70659],[127.11356,37.70663],[127.11349,37.70662],[127.11349,37.70668],[127.11342,37.70668]]]}},{"type":"Feature","properties":{"valleyId":"suraksan","layer":"shadow","date":"2026-08-01","timeLocal":"18:00"},"geometry":{"type":"Polygon","coordinates":[[[127.10638,37.70518],[127.10638,37.70512],[127.10645,37.70512],[127.10645,37.70518],[127.10638,37.70518]]]}},{"type":"Feature","properties":{"valleyId":"suraksan","layer":"shadow","date":"2026-08-01","timeLocal":"18:00"},"geometry":{"type":"Polygon","coordinates":[[[127.13249,37.70599],[127.13249,37.70594],[127.13245,37.70594],[127.1324,37.70588],[127.13231,37.70588],[127.13231,37.70584],[127.13216,37.70584],[127.13204,37.70577],[127.13189,37.70575],[127.13189,37.70569],[127.13211,37.70573],[127.13232,37.70572],[127.13232,37.70552],[127.13239,37.70552],[127.13241,37.70566],[127.13248,37.70567],[127.13248,37.70556],[127.13255,37.70556],[127.13255,37.70567],[127.13277,37.70567],[127.13277,37.70587],[127.13258,37.70599],[127.13249,37.70599]]]}},{"type":"Feature","properties":{"valleyId":"suraksan","layer":"shadow","date":"2026-08-01","timeLocal":"18:00"},"geometry":{"type":"Polygon","coordinates":[[[127.11783,37.70617],[127.11777,37.70613],[127.11768,37.70592],[127.11759,37.70584],[127.11755,37.70584],[127.11744,37.70573],[127.11737,37.70573],[127.1173,37.70568],[127.1173,37.70564],[127.11721,37.70558],[127.11715,37.70544],[127.11717,37.70531],[127.11727,37.70528],[127.11742,37.7053],[127.11744,37.70541],[127.1174,37.70543],[127.11739,37.70557],[127.11748,37.70561],[127.11748,37.70566],[127.11753,37.70566],[127.11753,37.70572],[127.11762,37.70579],[127.1178,37.70579],[127.11782,37.70586],[127.11795,37.7059],[127.11795,37.70596],[127.118,37.70598],[127.11797,37.70612],[127.1179,37.70617],[127.11783,37.70617]]]}},{"type":"Feature","properties":{"valleyId":"suraksan","layer":"shadow","date":"2026-08-01","timeLocal":"18:00"},"geometry":{"type":"Polygon","coordinates":[[[127.13218,37.70566],[127.13219,37.70552],[127.13226,37.70552],[127.13225,37.70566],[127.13218,37.70566]]]}},{"type":"Feature","properties":{"valleyId":"suraksan","layer":"shadow","date":"2026-08-01","timeLocal":"18:00"},"geometry":{"type":"Polygon","coordinates":[[[127.13205,37.70562],[127.13205,37.70551],[127.13212,37.70552],[127.13212,37.70562],[127.13205,37.70562]]]}},{"type":"Feature","properties":{"valleyId":"suraksan","layer":"shadow","date":"2026-08-01","timeLocal":"18:00"},"geometry":{"type":"Polygon","coordinates":[[[127.13189,37.70557],[127.13189,37.70551],[127.13196,37.70551],[127.13196,37.70557],[127.13189,37.70557]]]}},{"type":"Feature","properties":{"valleyId":"suraksan","layer":"shadow","date":"2026-08-01","timeLocal":"18:00"},"geometry":{"type":"Polygon","coordinates":[[[127.12244,37.70536],[127.12244,37.70529],[127.12253,37.70529],[127.12253,37.70536],[127.12244,37.70536]]]}},{"type":"Feature","properties":{"valleyId":"suraksan","layer":"shadow","date":"2026-08-01","timeLocal":"18:00"},"geometry":{"type":"Polygon","coordinates":[[[127.10386,37.70512],[127.10389,37.70497],[127.10409,37.705],[127.10409,37.70507],[127.10402,37.70507],[127.10398,37.70512],[127.10386,37.70512]]]}},{"type":"Feature","properties":{"valleyId":"suraksan","layer":"shadow","date":"2026-08-01","timeLocal":"18:00"},"geometry":{"type":"Polygon","coordinates":[[[127.12262,37.70533],[127.12262,37.70526],[127.12271,37.70526],[127.12271,37.70531],[127.12262,37.70533]]]}},{"type":"Feature","properties":{"valleyId":"suraksan","layer":"shadow","date":"2026-08-01","timeLocal":"18:00"},"geometry":{"type":"Polygon","coordinates":[[[127.11983,37.70525],[127.11983,37.70516],[127.1199,37.70516],[127.1199,37.70525],[127.11983,37.70525]]]}},{"type":"Feature","properties":{"valleyId":"suraksan","layer":"shadow","date":"2026-08-01","timeLocal":"18:00"},"geometry":{"type":"Polygon","coordinates":[[[127.11956,37.70523],[127.11956,37.70512],[127.11963,37.70512],[127.11965,37.70523],[127.11956,37.70523]]]}},{"type":"Feature","properties":{"valleyId":"suraksan","layer":"shadow","date":"2026-08-01","timeLocal":"18:00"},"geometry":{"type":"Polygon","coordinates":[[[127.12323,37.70543],[127.12323,37.70536],[127.12319,37.70534],[127.12319,37.70523],[127.12332,37.70523],[127.12333,37.70514],[127.12346,37.70513],[127.12346,37.7052],[127.12339,37.70523],[127.12339,37.70539],[127.12332,37.70543],[127.12323,37.70543]]]}},{"type":"Feature","properties":{"valleyId":"suraksan","layer":"shadow","date":"2026-08-01","timeLocal":"18:00"},"geometry":{"type":"Polygon","coordinates":[[[127.11976,37.70514],[127.11977,37.70505],[127.11983,37.70505],[127.11983,37.70514],[127.11976,37.70514]]]}},{"type":"Feature","properties":{"valleyId":"suraksan","layer":"shadow","date":"2026-08-01","timeLocal":"18:00"},"geometry":{"type":"Polygon","coordinates":[[[127.10507,37.70487],[127.10507,37.70481],[127.10514,37.70481],[127.10514,37.70487],[127.10507,37.70487]]]}},{"type":"Feature","properties":{"valleyId":"suraksan","layer":"shadow","date":"2026-08-01","timeLocal":"18:00"},"geometry":{"type":"Polygon","coordinates":[[[127.13033,37.70529],[127.13024,37.70525],[127.13024,37.7052],[127.13036,37.7052],[127.13036,37.70524],[127.1304,37.70524],[127.1304,37.70529],[127.13033,37.70529]]]}},{"type":"Feature","properties":{"valleyId":"suraksan","layer":"shadow","date":"2026-08-01","timeLocal":"18:00"},"geometry":{"type":"Polygon","coordinates":[[[127.13148,37.70572],[127.13148,37.70569],[127.13134,37.70567],[127.13128,37.70557],[127.13119,37.70555],[127.13119,37.7055],[127.13108,37.7055],[127.13108,37.70544],[127.13103,37.70544],[127.13103,37.70532],[127.13088,37.70532],[127.13088,37.70526],[127.13104,37.70525],[127.13104,37.70517],[127.13111,37.70517],[127.13113,37.70521],[127.13122,37.70521],[127.13124,37.70529],[127.13138,37.70529],[127.1314,37.70534],[127.13151,37.70534],[127.13155,37.70547],[127.13155,37.70561],[127.13164,37.70562],[127.13166,37.70572],[127.13148,37.70572]],[[127.1311,37.70545],[127.13119,37.70545],[127.13117,37.70532],[127.1311,37.70532],[127.1311,37.70545]]]}},{"type":"Feature","properties":{"valleyId":"suraksan","layer":"shadow","date":"2026-08-01","timeLocal":"18:00"},"geometry":{"type":"Polygon","coordinates":[[[127.11911,37.70506],[127.11911,37.70498],[127.1192,37.70499],[127.1192,37.70506],[127.11911,37.70506]]]}},{"type":"Feature","properties":{"valleyId":"suraksan","layer":"shadow","date":"2026-08-01","timeLocal":"18:00"},"geometry":{"type":"Polygon","coordinates":[[[127.12605,37.70511],[127.12605,37.70504],[127.12612,37.70504],[127.12612,37.70511],[127.12605,37.70511]]]}},{"type":"Feature","properties":{"valleyId":"suraksan","layer":"shadow","date":"2026-08-01","timeLocal":"18:00"},"geometry":{"type":"Polygon","coordinates":[[[127.13006,37.70519],[127.13,37.70514],[127.13,37.70509],[127.13009,37.70509],[127.13013,37.70512],[127.13013,37.7052],[127.13006,37.70519]]]}},{"type":"Feature","properties":{"valleyId":"suraksan","layer":"shadow","date":"2026-08-01","timeLocal":"18:00"},"geometry":{"type":"Polygon","coordinates":[[[127.12986,37.70512],[127.12977,37.70508],[127.12977,37.70503],[127.12998,37.70507],[127.12997,37.70512],[127.12986,37.70512]]]}},{"type":"Feature","properties":{"valleyId":"suraksan","layer":"shadow","date":"2026-08-01","timeLocal":"18:00"},"geometry":{"type":"Polygon","coordinates":[[[127.11918,37.70491],[127.11918,37.70482],[127.11927,37.70482],[127.11927,37.7049],[127.11918,37.70491]]]}},{"type":"Feature","properties":{"valleyId":"suraksan","layer":"shadow","date":"2026-08-01","timeLocal":"18:00"},"geometry":{"type":"Polygon","coordinates":[[[127.10503,37.70465],[127.10503,37.7046],[127.10512,37.7046],[127.10512,37.70465],[127.10503,37.70465]]]}},{"type":"Feature","properties":{"valleyId":"suraksan","layer":"shadow","date":"2026-08-01","timeLocal":"18:00"},"geometry":{"type":"Polygon","coordinates":[[[127.12342,37.70511],[127.12342,37.70489],[127.12374,37.70493],[127.12374,37.70499],[127.12358,37.70502],[127.12358,37.70506],[127.12349,37.70505],[127.12349,37.70511],[127.12342,37.70511]]]}},{"type":"Feature","properties":{"valleyId":"suraksan","layer":"shadow","date":"2026-08-01","timeLocal":"18:00"},"geometry":{"type":"Polygon","coordinates":[[[127.1234,37.7048],[127.12341,37.70471],[127.12347,37.70471],[127.12347,37.7048],[127.1234,37.7048]]]}},{"type":"Feature","properties":{"valleyId":"suraksan","layer":"shadow","date":"2026-08-01","timeLocal":"18:00"},"geometry":{"type":"Polygon","coordinates":[[[127.11814,37.70641],[127.11819,37.70629],[127.11828,37.70623],[127.11829,37.70612],[127.11838,37.70611],[127.11843,37.70602],[127.11852,37.70595],[127.11856,37.70595],[127.11859,37.70589],[127.11859,37.70584],[127.11848,37.70577],[127.11848,37.70569],[127.1185,37.70566],[127.11862,37.70566],[127.11862,37.70559],[127.11855,37.70559],[127.11855,37.70562],[127.11844,37.7056],[127.11844,37.70553],[127.11851,37.70552],[127.11851,37.70548],[127.11855,37.70546],[127.11856,37.70539],[127.11835,37.70531],[127.11831,37.70522],[127.11824,37.70519],[127.11822,37.70511],[127.11816,37.70508],[127.11814,37.70495],[127.11809,37.70491],[127.11798,37.70493],[127.11795,37.705],[127.11782,37.70504],[127.11777,37.70511],[127.11768,37.70512],[127.11768,37.70516],[127.11747,37.70512],[127.11743,37.70501],[127.11732,37.70501],[127.1173,37.70497],[127.11721,37.70495],[127.11721,37.7049],[127.11728,37.70483],[127.11734,37.70483],[127.11735,37.70479],[127.11755,37.70472],[127.11762,37.70467],[127.11801,37.70457],[127.11812,37.70457],[127.11812,37.70468],[127.11819,37.70468],[127.11823,37.70465],[127.11824,37.70454],[127.11835,37.70454],[127.11837,37.70458],[127.11842,37.70458],[127.11844,37.70463],[127.11848,37.70463],[127.1185,37.70485],[127.11843,37.70501],[127.11868,37.70505],[127.1187,37.7051],[127.11883,37.70518],[127.11883,37.70525],[127.11899,37.70531],[127.11899,37.7054],[127.11864,37.7055],[127.11864,37.70555],[127.1188,37.70557],[127.1188,37.70563],[127.11875,37.70565],[127.11879,37.70586],[127.11877,37.7059],[127.11868,37.70591],[127.11868,37.70597],[127.11856,37.706],[127.11851,37.70618],[127.11847,37.70618],[127.11847,37.70622],[127.1184,37.70623],[127.1184,37.70627],[127.11833,37.70627],[127.1183,37.70636],[127.11824,37.70636],[127.11821,37.70641],[127.11814,37.70641]],[[127.11741,37.70496],[127.1175,37.70496],[127.11748,37.70485],[127.11734,37.70485],[127.11734,37.70492],[127.11741,37.70496]]]}},{"type":"Feature","properties":{"valleyId":"suraksan","layer":"shadow","date":"2026-08-01","timeLocal":"18:00"},"geometry":{"type":"Polygon","coordinates":[[[127.12509,37.70465],[127.12509,37.70459],[127.12515,37.70459],[127.12515,37.70465],[127.12509,37.70465]]]}},{"type":"Feature","properties":{"valleyId":"suraksan","layer":"shadow","date":"2026-08-01","timeLocal":"18:00"},"geometry":{"type":"Polygon","coordinates":[[[127.12495,37.70459],[127.12495,37.70452],[127.12502,37.70452],[127.12502,37.70459],[127.12495,37.70459]]]}},{"type":"Feature","properties":{"valleyId":"suraksan","layer":"shadow","date":"2026-08-01","timeLocal":"18:00"},"geometry":{"type":"Polygon","coordinates":[[[127.1253,37.70434],[127.1253,37.70429],[127.12537,37.70429],[127.12537,37.70434],[127.1253,37.70434]]]}},{"type":"Feature","properties":{"valleyId":"suraksan","layer":"shadow","date":"2026-08-01","timeLocal":"18:00"},"geometry":{"type":"Polygon","coordinates":[[[127.10464,37.70497],[127.10462,37.70486],[127.10455,37.70486],[127.10455,37.70491],[127.10428,37.70491],[127.1043,37.70478],[127.10435,37.70477],[127.1044,37.70451],[127.10447,37.70452],[127.10447,37.70444],[127.10442,37.70444],[127.10443,37.70439],[127.10456,37.70437],[127.10463,37.70432],[127.10463,37.70427],[127.1045,37.70425],[127.10448,37.70415],[127.10441,37.70412],[127.10441,37.70408],[127.10432,37.70406],[127.10428,37.7039],[127.10435,37.70386],[127.10435,37.70376],[127.10442,37.70376],[127.10444,37.70383],[127.10448,37.70383],[127.10448,37.70392],[127.10453,37.70392],[127.10453,37.70396],[127.10457,37.70396],[127.10459,37.70399],[127.10468,37.704],[127.10477,37.70411],[127.10484,37.70411],[127.10486,37.70427],[127.10481,37.7043],[127.10481,37.70436],[127.10488,37.70441],[127.10497,37.70442],[127.10497,37.70451],[127.10481,37.7045],[127.10467,37.70454],[127.10471,37.70468],[127.10464,37.70484],[127.10471,37.70484],[127.10471,37.70497],[127.10464,37.70497]],[[127.10444,37.70471],[127.10451,37.70471],[127.10453,37.70464],[127.10444,37.70464],[127.10444,37.70471]]]}},{"type":"Feature","properties":{"valleyId":"suraksan","layer":"shadow","date":"2026-08-01","timeLocal":"18:00"},"geometry":{"type":"Polygon","coordinates":[[[127.12945,37.70504],[127.12934,37.70497],[127.12923,37.70496],[127.12928,37.70482],[127.12917,37.7048],[127.12908,37.70473],[127.12903,37.70462],[127.12885,37.70463],[127.12881,37.70445],[127.12872,37.70445],[127.12865,37.70438],[127.12859,37.70436],[127.12847,37.70436],[127.12845,37.70439],[127.12838,37.70439],[127.12832,37.70428],[127.12825,37.70428],[127.1282,37.70435],[127.12811,37.70435],[127.12814,37.70423],[127.12795,37.70422],[127.12796,37.70417],[127.12782,37.70411],[127.12773,37.70404],[127.12773,37.70399],[127.12837,37.70398],[127.12837,37.70405],[127.12846,37.70411],[127.12855,37.70411],[127.12859,37.70418],[127.12866,37.70418],[127.12868,37.70424],[127.12904,37.70426],[127.12904,37.70435],[127.12922,37.70437],[127.12924,37.70446],[127.12931,37.70453],[127.12938,37.70453],[127.12937,37.70457],[127.12944,37.70459],[127.12958,37.70459],[127.12958,37.70465],[127.12953,37.70468],[127.12955,37.70484],[127.1295,37.70486],[127.1295,37.7049],[127.12941,37.7049],[127.12941,37.70495],[127.12964,37.70497],[127.12966,37.70504],[127.12945,37.70504]]]}},{"type":"Feature","properties":{"valleyId":"suraksan","layer":"shadow","date":"2026-08-01","timeLocal":"18:00"},"geometry":{"type":"Polygon","coordinates":[[[127.12744,37.70404],[127.12733,37.70375],[127.12717,37.70374],[127.12718,37.70363],[127.12729,37.70365],[127.12729,37.70369],[127.12733,37.70369],[127.12733,37.70373],[127.1274,37.70373],[127.12742,37.70376],[127.12751,37.70377],[127.12753,37.70402],[127.12744,37.70404]]]}},{"type":"Feature","properties":{"valleyId":"suraksan","layer":"shadow","date":"2026-08-01","timeLocal":"18:00"},"geometry":{"type":"Polygon","coordinates":[[[127.1289,37.70379],[127.1289,37.70373],[127.12883,37.7037],[127.12883,37.70364],[127.12899,37.70365],[127.12901,37.70379],[127.1289,37.70379]]]}},{"type":"Feature","properties":{"valleyId":"suraksan","layer":"shadow","date":"2026-08-01","timeLocal":"18:00"},"geometry":{"type":"Polygon","coordinates":[[[127.12069,37.70366],[127.12071,37.7035],[127.12078,37.7035],[127.12078,37.70366],[127.12069,37.70366]]]}},{"type":"Feature","properties":{"valleyId":"suraksan","layer":"shadow","date":"2026-08-01","timeLocal":"18:00"},"geometry":{"type":"Polygon","coordinates":[[[127.13089,37.70375],[127.1309,37.70366],[127.13099,37.70366],[127.13098,37.70373],[127.13089,37.70375]]]}},{"type":"Feature","properties":{"valleyId":"suraksan","layer":"shadow","date":"2026-08-01","timeLocal":"18:00"},"geometry":{"type":"Polygon","coordinates":[[[127.12865,37.70364],[127.12865,37.70359],[127.12872,37.70359],[127.12872,37.70364],[127.12865,37.70364]]]}},{"type":"Feature","properties":{"valleyId":"suraksan","layer":"shadow","date":"2026-08-01","timeLocal":"18:00"},"geometry":{"type":"Polygon","coordinates":[[[127.13046,37.70367],[127.13047,37.70361],[127.13053,37.70362],[127.13053,37.70367],[127.13046,37.70367]]]}},{"type":"Feature","properties":{"valleyId":"suraksan","layer":"shadow","date":"2026-08-01","timeLocal":"18:00"},"geometry":{"type":"Polygon","coordinates":[[[127.12108,37.70327],[127.12108,37.7032],[127.12115,37.7032],[127.12117,37.70327],[127.12108,37.70327]]]}},{"type":"Feature","properties":{"valleyId":"suraksan","layer":"shadow","date":"2026-08-01","timeLocal":"18:00"},"geometry":{"type":"Polygon","coordinates":[[[127.12766,37.70335],[127.12766,37.70326],[127.12777,37.70327],[127.12777,37.70334],[127.12766,37.70335]]]}},{"type":"Feature","properties":{"valleyId":"suraksan","layer":"shadow","date":"2026-08-01","timeLocal":"18:00"},"geometry":{"type":"Polygon","coordinates":[[[127.1221,37.70323],[127.12211,37.70318],[127.1222,37.70318],[127.12219,37.70323],[127.1221,37.70323]]]}},{"type":"Feature","properties":{"valleyId":"suraksan","layer":"shadow","date":"2026-08-01","timeLocal":"18:00"},"geometry":{"type":"Polygon","coordinates":[[[127.12911,37.70325],[127.12912,37.70318],[127.12918,37.70318],[127.12918,37.70325],[127.12911,37.70325]]]}},{"type":"Feature","properties":{"valleyId":"suraksan","layer":"shadow","date":"2026-08-01","timeLocal":"18:00"},"geometry":{"type":"Polygon","coordinates":[[[127.12864,37.70321],[127.12864,37.70315],[127.12871,37.70315],[127.12871,37.70321],[127.12864,37.70321]]]}},{"type":"Feature","properties":{"valleyId":"suraksan","layer":"shadow","date":"2026-08-01","timeLocal":"18:00"},"geometry":{"type":"Polygon","coordinates":[[[127.12438,37.70312],[127.12438,37.70305],[127.12447,37.70305],[127.12447,37.70312],[127.12438,37.70312]]]}},{"type":"Feature","properties":{"valleyId":"suraksan","layer":"shadow","date":"2026-08-01","timeLocal":"18:00"},"geometry":{"type":"Polygon","coordinates":[[[127.1251,37.70313],[127.12508,37.7031],[127.12503,37.7031],[127.12504,37.70304],[127.12533,37.70305],[127.12533,37.70312],[127.1251,37.70313]]]}},{"type":"Feature","properties":{"valleyId":"suraksan","layer":"shadow","date":"2026-08-01","timeLocal":"18:00"},"geometry":{"type":"Polygon","coordinates":[[[127.12478,37.70309],[127.12479,37.70302],[127.12499,37.70302],[127.12499,37.70308],[127.12478,37.70309]]]}},{"type":"Feature","properties":{"valleyId":"suraksan","layer":"shadow","date":"2026-08-01","timeLocal":"18:00"},"geometry":{"type":"Polygon","coordinates":[[[127.10689,37.70578],[127.10668,37.70569],[127.10669,37.70561],[127.10662,37.70558],[127.10653,37.70558],[127.1065,37.70561],[127.10637,37.70561],[127.10626,37.70552],[127.1061,37.70551],[127.10605,37.70546],[127.10601,37.70546],[127.10596,37.7054],[127.10583,37.70535],[127.10581,37.70524],[127.10574,37.70524],[127.10561,37.70515],[127.10547,37.70511],[127.10548,37.70486],[127.10557,37.70482],[127.10557,37.7047],[127.10544,37.70466],[127.10531,37.70456],[127.10531,37.70438],[127.10538,37.70439],[127.10538,37.70433],[127.10527,37.70433],[127.10527,37.70437],[127.10515,37.70438],[127.10518,37.70431],[127.10527,37.70431],[127.10527,37.70426],[127.1052,37.70422],[127.1052,37.70418],[127.10513,37.70418],[127.10509,37.70407],[127.10486,37.70411],[127.10487,37.704],[127.1048,37.70394],[127.1048,37.70391],[127.10464,37.70385],[127.10467,37.70376],[127.10474,37.70374],[127.1048,37.70375],[127.10482,37.70384],[127.10501,37.70386],[127.10501,37.70373],[127.10496,37.70373],[127.10497,37.70368],[127.10508,37.70364],[127.10508,37.70357],[127.10504,37.7035],[127.10495,37.70344],[127.10491,37.70317],[127.10462,37.70306],[127.1046,37.703],[127.10448,37.703],[127.10433,37.70289],[127.10415,37.70285],[127.10399,37.70274],[127.10374,37.70268],[127.10374,37.70263],[127.10402,37.70262],[127.10402,37.70267],[127.10406,37.70269],[127.10431,37.70271],[127.10433,37.70275],[127.10458,37.70279],[127.10462,37.7029],[127.10485,37.70294],[127.10489,37.70297],[127.10491,37.70306],[127.10509,37.7031],[127.10518,37.70325],[127.10527,37.70325],[127.10529,37.70334],[127.1054,37.70341],[127.1054,37.70359],[127.10535,37.70359],[127.10535,37.70365],[127.10531,37.70365],[127.10531,37.70368],[127.10524,37.70368],[127.10523,37.70377],[127.10512,37.70379],[127.10512,37.70384],[127.10523,37.70386],[127.10523,37.7039],[127.1053,37.7039],[127.1053,37.70401],[127.10534,37.70401],[127.10534,37.70404],[127.10543,37.70404],[127.10543,37.7041],[127.10548,37.70413],[127.10554,37.70414],[127.10554,37.70417],[127.10561,37.70423],[127.10568,37.70423],[127.10568,37.70428],[127.10561,37.7043],[127.1056,37.70439],[127.10556,37.70439],[127.10556,37.70448],[127.10574,37.7045],[127.10574,37.70454],[127.10578,37.70454],[127.10578,37.70466],[127.10582,37.70468],[127.10582,37.70479],[127.10578,37.70481],[127.10577,37.70486],[127.10586,37.70488],[127.10589,37.70492],[127.10595,37.70492],[127.10602,37.70497],[127.10623,37.70498],[127.10622,37.70532],[127.10628,37.70532],[127.10628,37.70539],[127.10633,37.70541],[127.10633,37.70545],[127.10639,37.70545],[127.10642,37.70534],[127.10635,37.70534],[127.10635,37.7053],[127.10631,37.7053],[127.10631,37.70525],[127.1064,37.70523],[127.10642,37.7053],[127.10653,37.70532],[127.10653,37.70538],[127.10646,37.70541],[127.10646,37.70547],[127.10651,37.70547],[127.10651,37.7055],[127.10687,37.70558],[127.10689,37.70564],[127.10698,37.70566],[127.107,37.70569],[127.10709,37.70569],[127.10711,37.70573],[127.10711,37.70578],[127.10689,37.70578]]]}},{"type":"Feature","properties":{"valleyId":"suraksan","layer":"shadow","date":"2026-08-01","timeLocal":"18:00"},"geometry":{"type":"Polygon","coordinates":[[[127.12175,37.7054],[127.12176,37.70535],[127.12182,37.70533],[127.12182,37.7053],[127.12187,37.70528],[127.12192,37.70516],[127.12201,37.7051],[127.12201,37.70499],[127.12206,37.70498],[127.12212,37.70456],[127.12219,37.70444],[127.12219,37.70437],[127.1221,37.70427],[127.1221,37.70413],[127.12206,37.70409],[127.12188,37.70402],[127.12177,37.70402],[127.12161,37.70392],[127.12147,37.7039],[127.12148,37.70383],[127.12154,37.70383],[127.12171,37.70375],[127.12171,37.70367],[127.12157,37.7036],[127.12157,37.70355],[127.12164,37.70349],[127.12165,37.70342],[127.12162,37.70335],[127.12158,37.70335],[127.12156,37.70331],[127.12156,37.70326],[127.12172,37.70313],[127.12172,37.70304],[127.12163,37.70301],[127.12161,37.7029],[127.12168,37.7029],[127.12172,37.70297],[127.12186,37.70299],[127.12186,37.70305],[127.12195,37.70305],[127.12195,37.70301],[127.12206,37.70301],[127.12207,37.70292],[127.12213,37.70292],[127.12213,37.70303],[127.12206,37.70303],[127.12206,37.70308],[127.12202,37.70308],[127.12202,37.70312],[127.12192,37.70314],[127.1219,37.70317],[127.12176,37.70319],[127.12174,37.70324],[127.12167,37.70328],[127.12167,37.70333],[127.12181,37.70337],[127.12208,37.70337],[127.12212,37.70355],[127.12235,37.70356],[127.12244,37.7036],[127.12243,37.70365],[127.12239,37.70367],[127.12239,37.70376],[127.12241,37.70379],[127.1225,37.70379],[127.1225,37.70383],[127.12257,37.70383],[127.12256,37.70396],[127.12265,37.70403],[127.12265,37.70412],[127.12269,37.70418],[127.12276,37.70418],[127.12274,37.70392],[127.12268,37.70382],[127.12261,37.7038],[127.12259,37.70369],[127.12277,37.70369],[127.12279,37.70378],[127.12293,37.70378],[127.12293,37.70382],[127.12306,37.70386],[127.12306,37.70393],[127.12292,37.70398],[127.12292,37.70404],[127.12301,37.70405],[127.12301,37.70409],[127.12306,37.70409],[127.12308,37.70413],[127.12344,37.70422],[127.12344,37.7043],[127.12337,37.70435],[127.12325,37.70437],[127.12325,37.70471],[127.12302,37.7047],[127.12297,37.70479],[127.1229,37.70483],[127.1229,37.70497],[127.1226,37.70497],[127.12256,37.70504],[127.12244,37.70504],[127.1224,37.70511],[127.12228,37.70511],[127.12228,37.70514],[127.12217,37.70516],[127.12212,37.70525],[127.12201,37.70526],[127.12201,37.70532],[127.12196,37.70532],[127.12194,37.70535],[127.12185,37.70535],[127.12182,37.70541],[127.12175,37.7054]],[[127.12261,37.70488],[127.12279,37.70486],[127.12279,37.70481],[127.12275,37.70477],[127.12273,37.70456],[127.12266,37.70455],[127.12261,37.70488]],[[127.12314,37.70433],[127.12323,37.70433],[127.12323,37.70427],[127.12317,37.70422],[127.12308,37.70422],[127.12308,37.70427],[127.12314,37.70433]]]}},{"type":"Feature","properties":{"valleyId":"suraksan","layer":"shadow","date":"2026-08-01","timeLocal":"18:00"},"geometry":{"type":"Polygon","coordinates":[[[127.1303,37.70307],[127.1303,37.70302],[127.13041,37.70302],[127.13041,37.70307],[127.1303,37.70307]]]}},{"type":"Feature","properties":{"valleyId":"suraksan","layer":"shadow","date":"2026-08-01","timeLocal":"18:00"},"geometry":{"type":"Polygon","coordinates":[[[127.12436,37.70294],[127.12436,37.70287],[127.12443,37.70287],[127.12443,37.70294],[127.12436,37.70294]]]}},{"type":"Feature","properties":{"valleyId":"suraksan","layer":"shadow","date":"2026-08-01","timeLocal":"18:00"},"geometry":{"type":"Polygon","coordinates":[[[127.12474,37.70291],[127.12474,37.70286],[127.12481,37.70286],[127.12481,37.70291],[127.12474,37.70291]]]}},{"type":"Feature","properties":{"valleyId":"suraksan","layer":"shadow","date":"2026-08-01","timeLocal":"18:00"},"geometry":{"type":"Polygon","coordinates":[[[127.10313,37.70257],[127.10314,37.70249],[127.1032,37.70249],[127.1032,37.70257],[127.10313,37.70257]]]}},{"type":"Feature","properties":{"valleyId":"suraksan","layer":"shadow","date":"2026-08-01","timeLocal":"18:00"},"geometry":{"type":"Polygon","coordinates":[[[127.10352,37.70263],[127.10352,37.70257],[127.10341,37.70255],[127.10341,37.7025],[127.10357,37.70252],[127.10365,37.70257],[127.10365,37.70263],[127.10352,37.70263]]]}},{"type":"Feature","properties":{"valleyId":"suraksan","layer":"shadow","date":"2026-08-01","timeLocal":"18:00"},"geometry":{"type":"Polygon","coordinates":[[[127.1047,37.70257],[127.1047,37.70252],[127.10477,37.70252],[127.10477,37.70257],[127.1047,37.70257]]]}},{"type":"Feature","properties":{"valleyId":"suraksan","layer":"shadow","date":"2026-08-01","timeLocal":"18:00"},"geometry":{"type":"Polygon","coordinates":[[[127.13012,37.703],[127.13005,37.70298],[127.13005,37.70292],[127.13019,37.70293],[127.13019,37.703],[127.13012,37.703]]]}},{"type":"Feature","properties":{"valleyId":"suraksan","layer":"shadow","date":"2026-08-01","timeLocal":"18:00"},"geometry":{"type":"Polygon","coordinates":[[[127.10404,37.70256],[127.10404,37.70247],[127.10413,37.70247],[127.10413,37.70255],[127.10404,37.70256]]]}},{"type":"Feature","properties":{"valleyId":"suraksan","layer":"shadow","date":"2026-08-01","timeLocal":"18:00"},"geometry":{"type":"Polygon","coordinates":[[[127.12352,37.70284],[127.1235,37.70276],[127.12368,37.70279],[127.12368,37.70284],[127.12352,37.70284]]]}},{"type":"Feature","properties":{"valleyId":"suraksan","layer":"shadow","date":"2026-08-01","timeLocal":"18:00"},"geometry":{"type":"Polygon","coordinates":[[[127.10454,37.70248],[127.10454,37.70243],[127.10461,37.70243],[127.10461,37.70248],[127.10454,37.70248]]]}},{"type":"Feature","properties":{"valleyId":"suraksan","layer":"shadow","date":"2026-08-01","timeLocal":"18:00"},"geometry":{"type":"Polygon","coordinates":[[[127.122,37.70271],[127.12201,37.70265],[127.12207,37.70265],[127.12207,37.70271],[127.122,37.70271]]]}},{"type":"Feature","properties":{"valleyId":"suraksan","layer":"shadow","date":"2026-08-01","timeLocal":"18:00"},"geometry":{"type":"Polygon","coordinates":[[[127.1321,37.70281],[127.13208,37.70274],[127.13217,37.70272],[127.13216,37.70281],[127.1321,37.70281]]]}},{"type":"Feature","properties":{"valleyId":"suraksan","layer":"shadow","date":"2026-08-01","timeLocal":"18:00"},"geometry":{"type":"Polygon","coordinates":[[[127.12205,37.70263],[127.12208,37.70251],[127.12214,37.70251],[127.12219,37.70255],[127.12219,37.70262],[127.12205,37.70263]]]}},{"type":"Feature","properties":{"valleyId":"suraksan","layer":"shadow","date":"2026-08-01","timeLocal":"18:00"},"geometry":{"type":"Polygon","coordinates":[[[127.12383,37.70241],[127.12383,37.70236],[127.1239,37.70236],[127.12389,37.70241],[127.12383,37.70241]]]}},{"type":"Feature","properties":{"valleyId":"suraksan","layer":"shadow","date":"2026-08-01","timeLocal":"18:00"},"geometry":{"type":"Polygon","coordinates":[[[127.1315,37.70293],[127.1315,37.70287],[127.13144,37.70282],[127.13144,37.7026],[127.13142,37.70257],[127.13138,37.70257],[127.13136,37.70248],[127.13142,37.70248],[127.13151,37.70255],[127.13151,37.70266],[127.13158,37.70266],[127.13155,37.70282],[127.13162,37.70286],[127.13162,37.70293],[127.1315,37.70293]]]}},{"type":"Feature","properties":{"valleyId":"suraksan","layer":"shadow","date":"2026-08-01","timeLocal":"18:00"},"geometry":{"type":"Polygon","coordinates":[[[127.10333,37.70201],[127.10333,37.70196],[127.1034,37.70196],[127.1034,37.70201],[127.10333,37.70201]]]}},{"type":"Feature","properties":{"valleyId":"suraksan","layer":"shadow","date":"2026-08-01","timeLocal":"18:00"},"geometry":{"type":"Polygon","coordinates":[[[127.10395,37.70247],[127.10387,37.70223],[127.10373,37.70214],[127.10358,37.70212],[127.10356,37.70201],[127.10349,37.70199],[127.10349,37.70194],[127.1036,37.70194],[127.10365,37.702],[127.10374,37.702],[127.1038,37.70213],[127.10387,37.70213],[127.10396,37.7022],[127.10405,37.7022],[127.10402,37.70247],[127.10395,37.70247]]]}},{"type":"Feature","properties":{"valleyId":"suraksan","layer":"shadow","date":"2026-08-01","timeLocal":"18:00"},"geometry":{"type":"Polygon","coordinates":[[[127.13195,37.70241],[127.13193,37.70234],[127.13199,37.70234],[127.13202,37.70241],[127.13195,37.70241]]]}},{"type":"Feature","properties":{"valleyId":"suraksan","layer":"shadow","date":"2026-08-01","timeLocal":"18:00"},"geometry":{"type":"Polygon","coordinates":[[[127.12446,37.70238],[127.12444,37.7022],[127.12453,37.7022],[127.12455,37.70239],[127.12446,37.70238]]]}},{"type":"Feature","properties":{"valleyId":"suraksan","layer":"shadow","date":"2026-08-01","timeLocal":"18:00"},"geometry":{"type":"Polygon","coordinates":[[[127.12992,37.70294],[127.12992,37.7029],[127.12967,37.70272],[127.12958,37.70259],[127.12959,37.7025],[127.12965,37.7025],[127.1297,37.70247],[127.12966,37.70229],[127.13,37.70231],[127.13,37.70238],[127.12993,37.70243],[127.12988,37.70243],[127.12986,37.70251],[127.12979,37.70252],[127.12979,37.70259],[127.12986,37.7026],[127.12988,37.70269],[127.12997,37.70274],[127.12996,37.70283],[127.13003,37.70287],[127.13003,37.70294],[127.12992,37.70294]]]}},{"type":"Feature","properties":{"valleyId":"suraksan","layer":"shadow","date":"2026-08-01","timeLocal":"18:00"},"geometry":{"type":"Polygon","coordinates":[[[127.12381,37.70232],[127.12383,37.70218],[127.1239,37.70218],[127.12387,37.70232],[127.12381,37.70232]]]}},{"type":"Feature","properties":{"valleyId":"suraksan","layer":"shadow","date":"2026-08-01","timeLocal":"18:00"},"geometry":{"type":"Polygon","coordinates":[[[127.12351,37.70221],[127.12352,37.70213],[127.12358,37.70214],[127.12358,37.70221],[127.12351,37.70221]]]}},{"type":"Feature","properties":{"valleyId":"suraksan","layer":"shadow","date":"2026-08-01","timeLocal":"18:00"},"geometry":{"type":"Polygon","coordinates":[[[127.12519,37.70227],[127.12517,37.70216],[127.12544,37.70217],[127.12542,37.70224],[127.12533,37.70227],[127.12519,37.70227]]]}},{"type":"Feature","properties":{"valleyId":"suraksan","layer":"shadow","date":"2026-08-01","timeLocal":"18:00"},"geometry":{"type":"Polygon","coordinates":[[[127.12453,37.7022],[127.12454,37.70213],[127.1246,37.70213],[127.1246,37.70221],[127.12453,37.7022]]]}},{"type":"Feature","properties":{"valleyId":"suraksan","layer":"shadow","date":"2026-08-01","timeLocal":"18:00"},"geometry":{"type":"Polygon","coordinates":[[[127.13186,37.70232],[127.13184,37.70223],[127.13191,37.70223],[127.13193,37.70232],[127.13186,37.70232]]]}},{"type":"Feature","properties":{"valleyId":"suraksan","layer":"shadow","date":"2026-08-01","timeLocal":"18:00"},"geometry":{"type":"Polygon","coordinates":[[[127.12422,37.70215],[127.12422,37.70209],[127.12429,37.70209],[127.12429,37.70215],[127.12422,37.70215]]]}},{"type":"Feature","properties":{"valleyId":"suraksan","layer":"shadow","date":"2026-08-01","timeLocal":"18:00"},"geometry":{"type":"Polygon","coordinates":[[[127.12263,37.70216],[127.12266,37.70205],[127.12279,37.70207],[127.12279,37.70214],[127.12263,37.70216]]]}},{"type":"Feature","properties":{"valleyId":"suraksan","layer":"shadow","date":"2026-08-01","timeLocal":"18:00"},"geometry":{"type":"Polygon","coordinates":[[[127.10352,37.70176],[127.10352,37.70171],[127.10361,37.70171],[127.10361,37.70176],[127.10352,37.70176]]]}},{"type":"Feature","properties":{"valleyId":"suraksan","layer":"shadow","date":"2026-08-01","timeLocal":"18:00"},"geometry":{"type":"Polygon","coordinates":[[[127.12358,37.70208],[127.12359,37.70203],[127.12365,37.70203],[127.12365,37.70208],[127.12358,37.70208]]]}},{"type":"Feature","properties":{"valleyId":"suraksan","layer":"shadow","date":"2026-08-01","timeLocal":"18:00"},"geometry":{"type":"Polygon","coordinates":[[[127.09989,37.70163],[127.09989,37.70159],[127.09973,37.70159],[127.09973,37.7015],[127.09987,37.7015],[127.09989,37.70158],[127.09996,37.70158],[127.09996,37.70163],[127.09989,37.70163]]]}},{"type":"Feature","properties":{"valleyId":"suraksan","layer":"shadow","date":"2026-08-01","timeLocal":"18:00"},"geometry":{"type":"Polygon","coordinates":[[[127.10331,37.70187],[127.10329,37.70179],[127.10324,37.70179],[127.10325,37.70168],[127.1032,37.70168],[127.1032,37.70165],[127.10311,37.70161],[127.10311,37.70156],[127.10334,37.70156],[127.10343,37.70161],[127.10343,37.70167],[127.10338,37.7017],[127.1034,37.70187],[127.10331,37.70187]]]}},{"type":"Feature","properties":{"valleyId":"suraksan","layer":"shadow","date":"2026-08-01","timeLocal":"18:00"},"geometry":{"type":"Polygon","coordinates":[[[127.12941,37.70237],[127.12907,37.70235],[127.12898,37.70231],[127.12896,37.70215],[127.12873,37.70215],[127.12869,37.70211],[127.12869,37.70205],[127.12864,37.70204],[127.12865,37.70196],[127.12876,37.70193],[127.12892,37.70193],[127.12892,37.70197],[127.12928,37.70199],[127.12928,37.70203],[127.12935,37.70203],[127.12935,37.70206],[127.12946,37.70207],[127.12948,37.7021],[127.12964,37.70211],[127.12959,37.70232],[127.1295,37.70232],[127.1295,37.70237],[127.12941,37.70237]]]}},{"type":"Feature","properties":{"valleyId":"suraksan","layer":"shadow","date":"2026-08-01","timeLocal":"18:00"},"geometry":{"type":"Polygon","coordinates":[[[127.12467,37.70204],[127.1247,37.70181],[127.12477,37.70181],[127.12477,37.70201],[127.12474,37.70205],[127.12467,37.70204]]]}},{"type":"Feature","properties":{"valleyId":"suraksan","layer":"shadow","date":"2026-08-01","timeLocal":"18:00"},"geometry":{"type":"Polygon","coordinates":[[[127.1242,37.70189],[127.12421,37.70177],[127.12423,37.70173],[127.12427,37.70173],[127.12428,37.70164],[127.12434,37.70164],[127.12432,37.70189],[127.1242,37.70189]]]}},{"type":"Feature","properties":{"valleyId":"suraksan","layer":"shadow","date":"2026-08-01","timeLocal":"18:00"},"geometry":{"type":"Polygon","coordinates":[[[127.12203,37.70162],[127.12203,37.70155],[127.1221,37.70155],[127.1221,37.70163],[127.12203,37.70162]]]}},{"type":"Feature","properties":{"valleyId":"suraksan","layer":"shadow","date":"2026-08-01","timeLocal":"18:00"},"geometry":{"type":"Polygon","coordinates":[[[127.12122,37.7013],[127.12122,37.70123],[127.12102,37.70121],[127.12102,37.70114],[127.12145,37.70115],[127.12145,37.70124],[127.12138,37.70125],[127.12138,37.70129],[127.12122,37.7013]]]}},{"type":"Feature","properties":{"valleyId":"suraksan","layer":"shadow","date":"2026-08-01","timeLocal":"18:00"},"geometry":{"type":"Polygon","coordinates":[[[127.10322,37.70078],[127.10323,37.70069],[127.10329,37.70069],[127.10329,37.70078],[127.10322,37.70078]]]}},{"type":"Feature","properties":{"valleyId":"suraksan","layer":"shadow","date":"2026-08-01","timeLocal":"18:00"},"geometry":{"type":"Polygon","coordinates":[[[127.1235,37.70093],[127.1235,37.70087],[127.12359,37.70087],[127.12359,37.70093],[127.1235,37.70093]]]}},{"type":"Feature","properties":{"valleyId":"suraksan","layer":"shadow","date":"2026-08-01","timeLocal":"18:00"},"geometry":{"type":"Polygon","coordinates":[[[127.12398,37.70092],[127.12398,37.70084],[127.12409,37.70085],[127.12409,37.7009],[127.12398,37.70092]]]}},{"type":"Feature","properties":{"valleyId":"suraksan","layer":"shadow","date":"2026-08-01","timeLocal":"18:00"},"geometry":{"type":"Polygon","coordinates":[[[127.12201,37.70143],[127.12206,37.70126],[127.12202,37.70121],[127.12191,37.70117],[127.12189,37.70106],[127.12196,37.70079],[127.12207,37.70081],[127.12207,37.70099],[127.12216,37.70109],[127.12216,37.70116],[127.12252,37.70115],[127.12259,37.7012],[127.12258,37.70125],[127.12251,37.70133],[127.12238,37.70132],[127.12238,37.70136],[127.12201,37.70143]]]}},{"type":"Feature","properties":{"valleyId":"suraksan","layer":"shadow","date":"2026-08-01","timeLocal":"18:00"},"geometry":{"type":"Polygon","coordinates":[[[127.10042,37.70036],[127.10038,37.70034],[127.10038,37.70029],[127.10051,37.70029],[127.10051,37.70036],[127.10042,37.70036]]]}},{"type":"Feature","properties":{"valleyId":"suraksan","layer":"shadow","date":"2026-08-01","timeLocal":"18:00"},"geometry":{"type":"Polygon","coordinates":[[[127.10258,37.70038],[127.10258,37.70032],[127.10278,37.70032],[127.10278,37.70038],[127.10258,37.70038]]]}},{"type":"Feature","properties":{"valleyId":"suraksan","layer":"shadow","date":"2026-08-01","timeLocal":"18:00"},"geometry":{"type":"Polygon","coordinates":[[[127.12235,37.70067],[127.12235,37.70058],[127.1226,37.70059],[127.1226,37.70064],[127.12255,37.70066],[127.12235,37.70067]]]}},{"type":"Feature","properties":{"valleyId":"suraksan","layer":"shadow","date":"2026-08-01","timeLocal":"18:00"},"geometry":{"type":"Polygon","coordinates":[[[127.12378,37.7007],[127.12378,37.70059],[127.12385,37.70059],[127.12385,37.7007],[127.12378,37.7007]]]}},{"type":"Feature","properties":{"valleyId":"suraksan","layer":"shadow","date":"2026-08-01","timeLocal":"18:00"},"geometry":{"type":"Polygon","coordinates":[[[127.12432,37.70071],[127.12433,37.7006],[127.12455,37.7006],[127.12453,37.70067],[127.12432,37.70071]]]}},{"type":"Feature","properties":{"valleyId":"suraksan","layer":"shadow","date":"2026-08-01","timeLocal":"18:00"},"geometry":{"type":"Polygon","coordinates":[[[127.10278,37.70032],[127.10278,37.70025],[127.10283,37.70024],[127.10283,37.70007],[127.10291,37.69993],[127.10295,37.69989],[127.10309,37.6999],[127.10304,37.70015],[127.10299,37.70017],[127.10294,37.70025],[127.1029,37.70025],[127.10287,37.70033],[127.10278,37.70032]]]}},{"type":"Feature","properties":{"valleyId":"suraksan","layer":"shadow","date":"2026-08-01","timeLocal":"18:00"},"geometry":{"type":"Polygon","coordinates":[[[127.10116,37.69997],[127.10116,37.69992],[127.10114,37.69988],[127.10109,37.69988],[127.10109,37.69983],[127.10116,37.69983],[127.10116,37.69987],[127.10134,37.6999],[127.10132,37.69998],[127.10116,37.69997]]]}},{"type":"Feature","properties":{"valleyId":"suraksan","layer":"shadow","date":"2026-08-01","timeLocal":"18:00"},"geometry":{"type":"Polygon","coordinates":[[[127.12474,37.70024],[127.12474,37.70017],[127.12481,37.70017],[127.12481,37.70024],[127.12474,37.70024]]]}},{"type":"Feature","properties":{"valleyId":"suraksan","layer":"shadow","date":"2026-08-01","timeLocal":"18:00"},"geometry":{"type":"Polygon","coordinates":[[[127.12422,37.7002],[127.12422,37.70014],[127.12431,37.70015],[127.12431,37.7002],[127.12422,37.7002]]]}},{"type":"Feature","properties":{"valleyId":"suraksan","layer":"shadow","date":"2026-08-01","timeLocal":"18:00"},"geometry":{"type":"Polygon","coordinates":[[[127.10172,37.70382],[127.10145,37.70371],[127.10143,37.70367],[127.10125,37.7036],[127.1012,37.70354],[127.10116,37.70354],[127.1008,37.70325],[127.10055,37.70315],[127.10053,37.70308],[127.10042,37.70308],[127.1004,37.70304],[127.10026,37.70301],[127.10027,37.70293],[127.10049,37.7029],[127.10048,37.70267],[127.10039,37.70257],[127.10041,37.70245],[127.10053,37.70245],[127.10055,37.7024],[127.10064,37.70238],[127.10069,37.70231],[127.10076,37.70227],[127.10083,37.7021],[127.10088,37.7021],[127.10088,37.70184],[127.10084,37.70183],[127.10084,37.70179],[127.10068,37.70177],[127.10064,37.70171],[127.10043,37.70166],[127.10032,37.70165],[127.10027,37.70169],[127.10012,37.70167],[127.10007,37.70156],[127.10003,37.70154],[127.10003,37.70149],[127.10021,37.70147],[127.10026,37.70144],[127.10026,37.70135],[127.1004,37.70131],[127.10038,37.70117],[127.10022,37.70117],[127.1002,37.70104],[127.10011,37.70098],[127.1,37.70098],[127.09991,37.70089],[127.09989,37.70078],[127.09982,37.70078],[127.0998,37.70085],[127.09959,37.70083],[127.09959,37.70078],[127.09966,37.70078],[127.09964,37.70071],[127.09948,37.70072],[127.09946,37.70076],[127.09937,37.70076],[127.09932,37.70074],[127.09932,37.7007],[127.09898,37.70071],[127.09894,37.70075],[127.09887,37.70075],[127.09887,37.70068],[127.09899,37.70048],[127.09906,37.70048],[127.09906,37.70052],[127.09926,37.7005],[127.09922,37.70036],[127.09947,37.70034],[127.09956,37.70029],[127.09956,37.7002],[127.09965,37.7002],[127.09974,37.70026],[127.09974,37.70037],[127.09983,37.70039],[127.0999,37.70044],[127.0999,37.70049],[127.09981,37.70051],[127.09978,37.7006],[127.09971,37.70062],[127.09973,37.70069],[127.0998,37.70069],[127.09982,37.70064],[127.09989,37.70062],[127.09989,37.70058],[127.10008,37.70059],[127.10014,37.70057],[127.10017,37.70052],[127.10035,37.70052],[127.10035,37.70048],[127.10042,37.70048],[127.10041,37.70068],[127.10053,37.7007],[127.10061,37.70079],[127.10089,37.7008],[127.10102,37.70085],[127.10109,37.70093],[127.10125,37.70093],[127.10127,37.70082],[127.10134,37.70079],[127.10152,37.70081],[127.10154,37.70085],[127.10159,37.70085],[127.10168,37.70092],[127.10174,37.70115],[127.10135,37.70122],[127.10135,37.70129],[127.1014,37.70133],[127.10139,37.70138],[127.10135,37.70138],[127.10137,37.70147],[127.1016,37.70149],[127.10162,37.70137],[127.1018,37.70134],[127.10185,37.7013],[127.10201,37.7013],[127.10203,37.70134],[127.10219,37.7014],[127.10239,37.70138],[127.10235,37.70118],[127.10228,37.70115],[127.10229,37.70109],[127.10233,37.70106],[127.10231,37.70097],[127.1022,37.70096],[127.10218,37.70091],[127.10213,37.70091],[127.10211,37.70078],[127.10198,37.70069],[127.10192,37.70049],[127.10171,37.70051],[127.10164,37.70047],[127.10165,37.7004],[127.10176,37.70036],[127.10181,37.70033],[127.10181,37.70027],[127.1017,37.70007],[127.10163,37.70007],[127.10164,37.6998],[127.10153,37.69971],[127.10146,37.69971],[127.10146,37.69965],[127.10169,37.69966],[127.10169,37.69959],[127.10178,37.69959],[127.10178,37.69968],[127.10182,37.69968],[127.10182,37.69982],[127.10189,37.6999],[127.1019,37.70008],[127.10195,37.70008],[127.10197,37.70013],[127.10211,37.70013],[127.1022,37.70017],[127.10217,37.70031],[127.10226,37.70032],[127.10226,37.70041],[127.10244,37.70045],[127.10244,37.7005],[127.10253,37.70054],[127.10253,37.70059],[127.10296,37.7006],[127.10298,37.70072],[127.10293,37.70072],[127.10293,37.70087],[127.10327,37.70087],[127.10325,37.70141],[127.10291,37.70141],[127.10291,37.70168],[127.10257,37.70167],[127.10256,37.70191],[127.1026,37.70194],[127.10276,37.70195],[127.10279,37.70191],[127.10279,37.70184],[127.10277,37.7018],[127.10272,37.7018],[127.10272,37.70175],[127.10318,37.70175],[127.10318,37.70181],[127.10313,37.70181],[127.10313,37.70184],[127.10286,37.70189],[127.10285,37.70195],[127.1029,37.70195],[127.10289,37.7022],[127.10301,37.70222],[127.103,37.70227],[127.10289,37.70227],[127.10288,37.70283],[127.10283,37.70283],[127.10272,37.70292],[127.10269,37.70303],[127.10253,37.70302],[127.10253,37.7031],[127.10241,37.70318],[127.10223,37.70322],[127.10218,37.70332],[127.10214,37.70334],[127.10211,37.70349],[127.10204,37.70352],[127.10204,37.70356],[127.10195,37.70359],[127.10193,37.70365],[127.10183,37.70366],[127.10183,37.70382],[127.10172,37.70382]],[[127.10133,37.70297],[127.10147,37.70297],[127.10149,37.70288],[127.10133,37.70288],[127.10133,37.70297]],[[127.1025,37.70232],[127.10262,37.7023],[127.10262,37.70225],[127.10255,37.70221],[127.10246,37.70221],[127.10246,37.70228],[127.1025,37.70232]],[[127.1,37.70077],[127.10007,37.70077],[127.10007,37.70071],[127.1,37.70071],[127.1,37.70077]],[[127.10172,37.70006],[127.10179,37.70006],[127.10179,37.69997],[127.10172,37.69997],[127.10172,37.70006]]]}},{"type":"Feature","properties":{"valleyId":"suraksan","layer":"shadow","date":"2026-08-01","timeLocal":"18:00"},"geometry":{"type":"Polygon","coordinates":[[[127.10073,37.69973],[127.10067,37.69968],[127.10065,37.69953],[127.10072,37.69953],[127.10071,37.69959],[127.10078,37.69959],[127.10078,37.6995],[127.10101,37.69948],[127.10101,37.69954],[127.10096,37.69954],[127.10096,37.6997],[127.10089,37.6997],[127.10089,37.69974],[127.10073,37.69973]]]}},{"type":"Feature","properties":{"valleyId":"suraksan","layer":"shadow","date":"2026-08-01","timeLocal":"18:00"},"geometry":{"type":"Polygon","coordinates":[[[127.12269,37.69989],[127.12267,37.69978],[127.12283,37.6998],[127.12282,37.69985],[127.12278,37.69989],[127.12269,37.69989]]]}},{"type":"Feature","properties":{"valleyId":"suraksan","layer":"shadow","date":"2026-08-01","timeLocal":"18:00"},"geometry":{"type":"Polygon","coordinates":[[[127.1268,37.69974],[127.1268,37.69966],[127.12687,37.69966],[127.12687,37.69974],[127.1268,37.69974]]]}},{"type":"Feature","properties":{"valleyId":"suraksan","layer":"shadow","date":"2026-08-01","timeLocal":"18:00"},"geometry":{"type":"Polygon","coordinates":[[[127.12626,37.69962],[127.12626,37.69956],[127.12635,37.69957],[127.12635,37.69962],[127.12626,37.69962]]]}},{"type":"Feature","properties":{"valleyId":"suraksan","layer":"shadow","date":"2026-08-01","timeLocal":"18:00"},"geometry":{"type":"Polygon","coordinates":[[[127.12324,37.69961],[127.12324,37.69952],[127.12335,37.6995],[127.12335,37.69959],[127.12324,37.69961]]]}},{"type":"Feature","properties":{"valleyId":"suraksan","layer":"shadow","date":"2026-08-01","timeLocal":"18:00"},"geometry":{"type":"Polygon","coordinates":[[[127.12505,37.69956],[127.12506,37.69944],[127.12519,37.69944],[127.12519,37.69951],[127.12515,37.69953],[127.12515,37.69956],[127.12505,37.69956]]]}},{"type":"Feature","properties":{"valleyId":"suraksan","layer":"shadow","date":"2026-08-01","timeLocal":"18:00"},"geometry":{"type":"Polygon","coordinates":[[[127.12533,37.69957],[127.12531,37.69944],[127.12569,37.69945],[127.12569,37.6995],[127.12544,37.69953],[127.12544,37.69957],[127.12533,37.69957]]]}},{"type":"Feature","properties":{"valleyId":"suraksan","layer":"shadow","date":"2026-08-01","timeLocal":"18:00"},"geometry":{"type":"Polygon","coordinates":[[[127.12654,37.69932],[127.12654,37.69926],[127.1266,37.69926],[127.1266,37.69932],[127.12654,37.69932]]]}},{"type":"Feature","properties":{"valleyId":"suraksan","layer":"shadow","date":"2026-08-01","timeLocal":"18:00"},"geometry":{"type":"Polygon","coordinates":[[[127.12693,37.69912],[127.12693,37.69907],[127.127,37.69907],[127.12699,37.69913],[127.12693,37.69912]]]}},{"type":"Feature","properties":{"valleyId":"suraksan","layer":"shadow","date":"2026-08-01","timeLocal":"18:00"},"geometry":{"type":"Polygon","coordinates":[[[127.12387,37.69895],[127.12387,37.6989],[127.12391,37.6989],[127.12392,37.69879],[127.12399,37.69879],[127.12398,37.69892],[127.12394,37.69891],[127.12394,37.69895],[127.12387,37.69895]]]}},{"type":"Feature","properties":{"valleyId":"suraksan","layer":"shadow","date":"2026-08-01","timeLocal":"18:00"},"geometry":{"type":"Polygon","coordinates":[[[127.12786,37.69889],[127.12786,37.6988],[127.12795,37.6988],[127.12795,37.69887],[127.12786,37.69889]]]}},{"type":"Feature","properties":{"valleyId":"suraksan","layer":"shadow","date":"2026-08-01","timeLocal":"18:00"},"geometry":{"type":"Polygon","coordinates":[[[127.12599,37.69855],[127.12599,37.6985],[127.12606,37.6985],[127.12606,37.69855],[127.12599,37.69855]]]}},{"type":"Feature","properties":{"valleyId":"suraksan","layer":"shadow","date":"2026-08-01","timeLocal":"18:00"},"geometry":{"type":"Polygon","coordinates":[[[127.12565,37.69856],[127.12565,37.69847],[127.12574,37.69847],[127.12574,37.69855],[127.12565,37.69856]]]}},{"type":"Feature","properties":{"valleyId":"suraksan","layer":"shadow","date":"2026-08-01","timeLocal":"18:00"},"geometry":{"type":"Polygon","coordinates":[[[127.12751,37.69829],[127.12752,37.69821],[127.12761,37.69822],[127.12761,37.69827],[127.12751,37.69829]]]}},{"type":"Feature","properties":{"valleyId":"suraksan","layer":"shadow","date":"2026-08-01","timeLocal":"18:00"},"geometry":{"type":"Polygon","coordinates":[[[127.12615,37.69845],[127.12617,37.69836],[127.12629,37.6983],[127.12629,37.69825],[127.12638,37.69818],[127.12636,37.69805],[127.12661,37.69807],[127.12663,37.69815],[127.1265,37.69818],[127.1265,37.69822],[127.12643,37.69823],[127.1264,37.69832],[127.12633,37.69836],[127.12633,37.69839],[127.12629,37.69839],[127.12629,37.69843],[127.12624,37.69845],[127.12615,37.69845]]]}},{"type":"Feature","properties":{"valleyId":"suraksan","layer":"shadow","date":"2026-08-01","timeLocal":"18:00"},"geometry":{"type":"Polygon","coordinates":[[[127.12811,37.69812],[127.12811,37.69797],[127.12818,37.69797],[127.12818,37.69812],[127.12811,37.69812]]]}},{"type":"Feature","properties":{"valleyId":"suraksan","layer":"shadow","date":"2026-08-01","timeLocal":"18:00"},"geometry":{"type":"Polygon","coordinates":[[[127.12519,37.69776],[127.12519,37.69767],[127.12531,37.69766],[127.1253,37.69775],[127.12519,37.69776]]]}},{"type":"Feature","properties":{"valleyId":"suraksan","layer":"shadow","date":"2026-08-01","timeLocal":"18:00"},"geometry":{"type":"Polygon","coordinates":[[[127.12643,37.69795],[127.12649,37.69771],[127.12655,37.69768],[127.12656,37.69762],[127.12665,37.69762],[127.12664,37.69768],[127.1266,37.69768],[127.1266,37.69773],[127.12664,37.69773],[127.12662,37.69784],[127.12657,37.69789],[127.1265,37.69791],[127.1265,37.69795],[127.12643,37.69795]]]}},{"type":"Feature","properties":{"valleyId":"suraksan","layer":"shadow","date":"2026-08-01","timeLocal":"18:00"},"geometry":{"type":"Polygon","coordinates":[[[127.12763,37.69742],[127.12763,37.69737],[127.12772,37.69735],[127.12772,37.69741],[127.12763,37.69742]]]}},{"type":"Feature","properties":{"valleyId":"suraksan","layer":"shadow","date":"2026-08-01","timeLocal":"18:00"},"geometry":{"type":"Polygon","coordinates":[[[127.124,37.69731],[127.124,37.69726],[127.12407,37.69726],[127.12407,37.69731],[127.124,37.69731]]]}},{"type":"Feature","properties":{"valleyId":"suraksan","layer":"shadow","date":"2026-08-01","timeLocal":"18:00"},"geometry":{"type":"Polygon","coordinates":[[[127.12484,37.69828],[127.12486,37.69815],[127.12475,37.69806],[127.12473,37.6979],[127.12467,37.69784],[127.12467,37.69772],[127.12458,37.69756],[127.12459,37.69745],[127.1247,37.69743],[127.12472,37.69738],[127.12484,37.69738],[127.12491,37.69733],[127.125,37.69731],[127.12511,37.69722],[127.12511,37.69719],[127.12523,37.69713],[127.12523,37.69708],[127.12514,37.69702],[127.12514,37.69697],[127.12539,37.69696],[127.12546,37.69701],[127.12546,37.6971],[127.12552,37.69712],[127.1255,37.69725],[127.12522,37.69731],[127.1252,37.69737],[127.12497,37.6974],[127.12497,37.69747],[127.12506,37.69751],[127.12506,37.69756],[127.12495,37.69756],[127.12495,37.69761],[127.12499,37.69762],[127.12499,37.69772],[127.12492,37.69774],[127.12492,37.69779],[127.12505,37.69781],[127.12505,37.69794],[127.1251,37.69796],[127.12509,37.69801],[127.12505,37.69801],[127.12505,37.69809],[127.12511,37.6981],[127.12511,37.69816],[127.12504,37.69818],[127.12504,37.69823],[127.12484,37.69828]]]}},{"type":"Feature","properties":{"valleyId":"suraksan","layer":"shadow","date":"2026-08-01","timeLocal":"18:00"},"geometry":{"type":"Polygon","coordinates":[[[127.12441,37.69732],[127.12434,37.69728],[127.12432,37.69717],[127.12446,37.69712],[127.12457,37.69712],[127.12464,37.69705],[127.12464,37.69694],[127.12458,37.69689],[127.1246,37.6968],[127.12474,37.6968],[127.12474,37.69684],[127.12483,37.69686],[127.12499,37.69686],[127.12499,37.69689],[127.12505,37.69691],[127.12505,37.69699],[127.12501,37.69699],[127.125,37.69704],[127.12494,37.69704],[127.12494,37.69707],[127.12485,37.69707],[127.12484,37.69713],[127.12489,37.69713],[127.12489,37.69718],[127.12484,37.69722],[127.12468,37.69721],[127.12466,37.69716],[127.12457,37.69716],[127.12457,37.69719],[127.1245,37.69719],[127.12452,37.6973],[127.12441,37.69732]]]}},{"type":"Feature","properties":{"valleyId":"suraksan","layer":"shadow","date":"2026-08-01","timeLocal":"18:00"},"geometry":{"type":"Polygon","coordinates":[[[127.12442,37.69694],[127.12435,37.6969],[127.12435,37.69687],[127.12426,37.69687],[127.12424,37.69679],[127.12449,37.69681],[127.12451,37.69691],[127.12449,37.69694],[127.12442,37.69694]]]}},{"type":"Feature","properties":{"valleyId":"suraksan","layer":"shadow","date":"2026-08-01","timeLocal":"18:00"},"geometry":{"type":"Polygon","coordinates":[[[127.12522,37.69641],[127.12523,37.69632],[127.1253,37.69632],[127.12529,37.69641],[127.12522,37.69641]]]}},{"type":"Feature","properties":{"valleyId":"suraksan","layer":"shadow","date":"2026-08-01","timeLocal":"18:00"},"geometry":{"type":"Polygon","coordinates":[[[127.12615,37.69648],[127.12613,37.69639],[127.1262,37.69632],[127.1262,37.69625],[127.12643,37.69625],[127.12643,37.6963],[127.12638,37.6963],[127.12629,37.69643],[127.12622,37.69648],[127.12615,37.69648]]]}}]}
